week,week_start,channel,median,lo,hi,revenue
1,2015-11-23,Baseline,2243360.963910034,,,2754371.66666667
1,2015-11-23,TV,174442.36116501165,76632.05460186831,289119.663197495,2754371.66666667
1,2015-11-23,Out-of-home,0.0,0.0,0.0,2754371.66666667
1,2015-11-23,Print,77078.940271209,14617.061408594973,161764.4335043205,2754371.66666667
1,2015-11-23,Facebook,100578.58519157504,24232.277496057715,194856.1444441164,2754371.66666667
1,2015-11-23,Search,0.0,0.0,0.0,2754371.66666667
2,2015-11-30,Baseline,2191213.5784531785,,,2584276.66666667
2,2015-11-30,TV,226554.01879743912,129400.10323400584,334706.4850442118,2584276.66666667
2,2015-11-30,Out-of-home,0.0,0.0,0.0,2584276.66666667
2,2015-11-30,Print,22266.730786883105,1039.2461648151248,108821.80178217751,2584276.66666667
2,2015-11-30,Facebook,56990.48614808281,9518.916722082298,130396.980770806,2584276.66666667
2,2015-11-30,Search,24665.11743070637,1699.2217297380787,115285.93053819767,2584276.66666667
3,2015-12-07,Baseline,2277134.5818382585,,,2547386.66666667
3,2015-12-07,TV,55683.81879472862,10072.348850326684,155570.0825165207,2547386.66666667
3,2015-12-07,Out-of-home,76173.5914106023,9414.939203832211,187343.87026948293,2547386.66666667
3,2015-12-07,Print,10302.946503409144,196.7674138479484,87491.3663532005,2547386.66666667
3,2015-12-07,Facebook,80982.61714718741,18421.799138957304,164934.9149702281,2547386.66666667
3,2015-12-07,Search,32665.92614189343,2600.742945248876,138638.64498846032,2547386.66666667
4,2015-12-14,Baseline,2227350.319690787,,,2875220.0
4,2015-12-14,TV,376955.03969011584,268559.82706456224,483233.94904058136,2875220.0
4,2015-12-14,Out-of-home,47680.967904029865,2312.650818308756,151866.56290260103,2875220.0
4,2015-12-14,Print,98993.53260177028,20557.52652785038,193628.20444507,2875220.0
4,2015-12-14,Facebook,72007.81956095733,14703.54864900962,151823.27493323147,2875220.0
4,2015-12-14,Search,38856.59583124211,3424.337060481632,154026.2780556373,2875220.0
5,2015-12-21,Baseline,1982619.7485146709,,,2215953.33333333
5,2015-12-21,TV,127392.2048210557,38021.34517681746,252411.7543258945,2215953.33333333
5,2015-12-21,Out-of-home,112070.765199645,17703.915446728486,241274.6048632452,2215953.33333333
5,2015-12-21,Print,31275.637995163437,2084.469856757678,126314.02414021605,2215953.33333333
5,2015-12-21,Facebook,37824.361307261934,4466.10982854131,106692.98937800546,2215953.33333333
5,2015-12-21,Search,37723.67366528009,3131.2282353293863,158607.90310099613,2215953.33333333
6,2015-12-28,Baseline,1966329.9564226568,,,2569921.66666667
6,2015-12-28,TV,244927.24257887024,150033.48002282582,351516.3687519558,2569921.66666667
6,2015-12-28,Out-of-home,78276.3710257962,6443.788144621675,203001.74769646817,2569921.66666667
6,2015-12-28,Print,134404.69160557754,28129.46496809832,275360.56347746844,2569921.66666667
6,2015-12-28,Facebook,88803.37071902436,21242.4730512854,176520.04567486997,2569921.66666667
6,2015-12-28,Search,38743.66778130764,3222.0442245781774,163125.45571847988,2569921.66666667
7,2016-01-04,Baseline,1922450.1145396105,,,2171506.66666667
7,2016-01-04,TV,69260.33241234707,15046.57291102484,175526.17723558846,2171506.66666667
7,2016-01-04,Out-of-home,110535.69897744496,17084.342668827583,240585.03949757252,2171506.66666667
7,2016-01-04,Print,53702.676660609766,5773.41205956259,159824.91035409836,2171506.66666667
7,2016-01-04,Facebook,83314.30616009564,18314.406924049184,169378.88311052872,2171506.66666667
7,2016-01-04,Search,38613.60892941032,3180.9051665012944,165109.03675170467,2171506.66666667
8,2016-01-11,Baseline,2010990.0835601497,,,2464131.66666667
8,2016-01-11,TV,47102.64163747549,7970.380612000919,140756.22557757836,2464131.66666667
8,2016-01-11,Out-of-home,78129.88764813112,5794.6677092732325,204963.44548930277,2464131.66666667
8,2016-01-11,Print,122527.92330973812,25809.280685304417,240113.9167479448,2464131.66666667
8,2016-01-11,Facebook,87368.72971325525,19924.83948327376,176742.39108416656,2464131.66666667
8,2016-01-11,Search,42370.533304638826,3666.239753195409,172434.3334877587,2464131.66666667
9,2016-01-18,Baseline,1824675.345366732,,,2012520.0
9,2016-01-18,TV,8786.78945237221,396.3870541752908,55446.58466789494,2012520.0
9,2016-01-18,Out-of-home,51018.64526739228,1036.1895890929957,175550.44557781285,2012520.0
9,2016-01-18,Print,43918.40529298877,3836.2385121096254,153515.66366754475,2012520.0
9,2016-01-18,Facebook,83591.38624490343,18105.43577747092,172018.3978030577,2012520.0
9,2016-01-18,Search,35696.548488271714,2690.647597233821,165999.24112094886,2012520.0
10,2016-01-25,Baseline,1543773.396500134,,,1738911.66666667
10,2016-01-25,TV,1551.457074895508,15.963050782342892,22357.26206569467,1738911.66666667
10,2016-01-25,Out-of-home,31555.79921644231,162.61149659320677,149976.4948846445,1738911.66666667
10,2016-01-25,Print,82000.9343781858,17546.262476761145,173817.37958207357,1738911.66666667
10,2016-01-25,Facebook,75779.31712837113,15690.885342679534,160958.76113849113,1738911.66666667
10,2016-01-25,Search,33508.683703222254,2438.620056261638,162919.64062031262,1738911.66666667
11,2016-02-01,Baseline,1515697.5211637404,,,1772306.66666667
11,2016-02-01,TV,139798.93363894458,50168.21940856935,256253.3598466464,1772306.66666667
11,2016-02-01,Out-of-home,52678.2821520656,3366.9867993543367,163956.029767032,1772306.66666667
11,2016-02-01,Print,24395.53866423652,1003.443795590508,127513.41659643466,1772306.66666667
11,2016-02-01,Facebook,26683.142832635396,1356.258645444485,102557.806451978,1772306.66666667
11,2016-02-01,Search,30512.867362445948,2072.5533216911576,157661.11128481978,1772306.66666667
12,2016-02-08,Baseline,1590299.7775827684,,,1809058.33333333
12,2016-02-08,TV,29335.645337305374,3362.827203436769,107677.7584163111,1809058.33333333
12,2016-02-08,Out-of-home,30472.224822600467,595.3332397137846,135774.00930351898,1809058.33333333
12,2016-02-08,Print,42618.60528963675,5409.564799669896,133395.29086809378,1809058.33333333
12,2016-02-08,Facebook,67123.51883635313,14042.802890476014,146171.2066427219,1809058.33333333
12,2016-02-08,Search,29184.893604124445,1917.331866124352,154854.38402112946,1809058.33333333
13,2016-02-15,Baseline,1567179.900683538,,,1952740.0
13,2016-02-15,TV,339274.184473353,238849.42696884504,441596.0157001089,1952740.0
13,2016-02-15,Out-of-home,17271.851793081198,92.25580945661544,114964.40624096888,1952740.0
13,2016-02-15,Print,30518.170435207885,2669.794456553978,120471.75989078112,1952740.0
13,2016-02-15,Facebook,47895.31811852067,7657.574284736357,119544.00939822516,1952740.0
13,2016-02-15,Search,10436.485943439107,101.80736463024742,122964.74193295192,1952740.0
14,2016-02-22,Baseline,1379734.293317104,,,1507805.0
14,2016-02-22,TV,104139.57171968884,27613.501649701997,220808.0396176781,1507805.0
14,2016-02-22,Out-of-home,9279.87028717878,12.610563942667548,97391.2909727367,1507805.0
14,2016-02-22,Print,7906.092634146875,68.09147912381188,91107.31170516057,1507805.0
14,2016-02-22,Facebook,14734.947670311249,454.1333442590224,77229.11202843902,1507805.0
14,2016-02-22,Search,3753.7670838086697,2.6835325968109216,98392.76169007826,1507805.0
15,2016-02-29,Baseline,1266931.076127376,,,1510391.66666667
15,2016-02-29,TV,273708.0981198539,177679.99355490462,378836.66843669466,1510391.66666667
15,2016-02-29,Out-of-home,4992.250221926213,1.8064815061425687,81651.99889474342,1510391.66666667
15,2016-02-29,Print,2175.207787981633,1.3095313976368943,71539.5510387861,1510391.66666667
15,2016-02-29,Facebook,47189.85808221084,7939.922017534241,118438.9151741552,1510391.66666667
15,2016-02-29,Search,17147.035690900193,758.7148920127271,117126.7030118138,1510391.66666667
16,2016-03-07,Baseline,1360124.5084723774,,,1588840.0
16,2016-03-07,TV,73294.9254523748,15607.729792914572,183154.11973403345,1588840.0
16,2016-03-07,Out-of-home,2516.300234391212,0.2095164978946847,65334.57272492023,1588840.0
16,2016-03-07,Print,94106.86230949212,19058.981472930514,186281.5991891207,1588840.0
16,2016-03-07,Facebook,14568.987060970803,560.3277364670648,71877.40464494916,1588840.0
16,2016-03-07,Search,24347.20565445333,1488.915071860952,134164.3239232299,1588840.0
17,2016-03-14,Baseline,1345039.9533775868,,,1605990.0
17,2016-03-14,TV,171030.01244101417,80328.59566050638,282994.6037405929,1605990.0
17,2016-03-14,Out-of-home,42101.27567227621,2391.3563611737663,139582.0572301757,1605990.0
17,2016-03-14,Print,28986.20165437648,1796.6118973238326,123557.21894956978,1605990.0
17,2016-03-14,Facebook,4055.626968189248,25.637797248986057,48758.87912178133,1605990.0
17,2016-03-14,Search,24126.667521510462,1392.92085355502,136751.1847456973,1605990.0
18,2016-03-21,Baseline,1249176.2917503845,,,1356010.0
18,2016-03-21,TV,38397.94591367718,5272.804917711205,125643.23881171049,1356010.0
18,2016-03-21,Out-of-home,22991.70513972416,445.2218436130004,109165.39605962268,1356010.0
18,2016-03-21,Print,8243.324024187066,34.35770946563596,92670.9084819936,1356010.0
18,2016-03-21,Facebook,1131.425671462402,1.2578636982911535,34867.352716839385,1356010.0
18,2016-03-21,Search,23652.95536549832,1300.5962889826662,136393.90445177403,1356010.0
19,2016-03-28,Baseline,1244592.8056519183,,,2103936.66666667
19,2016-03-28,TV,7151.470561066977,230.69269848485692,52265.15342855728,2103936.66666667
19,2016-03-28,Out-of-home,57106.91904252958,4951.4028546337495,162334.97613842858,2103936.66666667
19,2016-03-28,Print,84018.98719557427,17076.637344948074,172714.25673087835,2103936.66666667
19,2016-03-28,Facebook,91957.74889893872,21688.3351704965,181678.0401881262,2103936.66666667
19,2016-03-28,Search,25159.69207632458,1506.3977101144112,139113.7850918566,2103936.66666667
20,2016-04-04,Baseline,1070593.7411243366,,,1120835.0
20,2016-04-04,TV,1264.5128256967084,9.473631924480795,21271.069163424843,1120835.0
20,2016-04-04,Out-of-home,33174.22783378138,977.2505341745658,130657.8003672794,1120835.0
20,2016-04-04,Print,25057.32546477091,1243.887632094785,118324.04499104508,1120835.0
20,2016-04-04,Facebook,34381.03693710154,3025.2964161918603,100586.39899490868,1120835.0
20,2016-04-04,Search,21642.01369337557,1073.1804751275938,134157.09180377598,1120835.0
21,2016-04-11,Baseline,1076653.182772897,,,1141140.0
21,2016-04-11,TV,222.125542900276,0.4029576538523142,8452.770141730807,1141140.0
21,2016-04-11,Out-of-home,60583.69868804287,5378.2639838439645,167612.95669430023,1141140.0
21,2016-04-11,Print,7037.079568234992,23.62667263683965,89420.2417158768,1141140.0
21,2016-04-11,Facebook,10172.060593050634,170.8123437031264,64648.1642327437,1141140.0
21,2016-04-11,Search,20120.460664881157,946.8234156996248,130432.4220596818,1141140.0
22,2016-04-18,Baseline,1051545.699607078,,,1166880.0
22,2016-04-18,TV,102100.64056836542,26390.127990317484,217030.02405049573,1166880.0
22,2016-04-18,Out-of-home,35967.46608587421,1049.3037208530588,137111.4083022443,1166880.0
22,2016-04-18,Print,1923.0832293567964,0.3651543616938628,69826.31034978278,1166880.0
22,2016-04-18,Facebook,44611.871082522455,7018.141781090716,114056.45668581549,1166880.0
22,2016-04-18,Search,19158.594192707184,854.5511459061233,127379.76436742712,1166880.0
23,2016-04-25,Baseline,889138.6595638306,,,888806.666666667
23,2016-04-25,TV,19890.23666680677,1794.8046144516902,87283.55255839338,888806.666666667
23,2016-04-25,Out-of-home,20237.69055930419,179.5096003522897,111621.95999246616,888806.666666667
23,2016-04-25,Print,510.1136021554785,0.0057685984158741,53251.15590698757,888806.666666667
23,2016-04-25,Facebook,13674.818886827508,503.9987737505589,67459.45206094015,888806.666666667
23,2016-04-25,Search,18823.1777534313,842.0268526165355,125565.59869787745,888806.666666667
24,2016-05-02,Baseline,862412.3631113935,,,898873.333333333
24,2016-05-02,TV,3643.9965204614937,79.60953202928526,34602.73020945101,898873.333333333
24,2016-05-02,Out-of-home,11265.737682924968,25.936021329864676,90513.3285047074,898873.333333333
24,2016-05-02,Print,77225.43681564077,14504.2098654538,161859.00523702492,898873.333333333
24,2016-05-02,Facebook,3809.725263068821,22.777243555432097,44640.683541202,898873.333333333
24,2016-05-02,Search,15010.44220601493,522.2673266705543,115289.6331713353,898873.333333333
25,2016-05-09,Baseline,873450.7940478567,,,889373.333333334
25,2016-05-09,TV,650.6732091880604,3.1907071141143484,13074.349614217776,889373.333333334
25,2016-05-09,Out-of-home,47644.88515453794,3160.3485887647203,148875.4885135568,889373.333333334
25,2016-05-09,Print,22388.316320562088,998.2618215086376,112353.39560564692,889373.333333334
25,2016-05-09,Facebook,1061.2834504898728,1.0594319942425634,30715.57114114931,889373.333333334
25,2016-05-09,Search,14735.54921220665,527.5553416087794,112949.23232881776,889373.333333334
26,2016-05-16,Baseline,887031.4752593448,,,1915375.0
26,2016-05-16,TV,111.46619706065668,0.1376119575473646,4869.229659132126,1915375.0
26,2016-05-16,Out-of-home,27214.59921485618,610.550246200108,118688.24489799414,1915375.0
26,2016-05-16,Print,6231.460560794388,18.21746326936757,83928.28231216762,1915375.0
26,2016-05-16,Facebook,58862.27506552526,11217.296738406996,137059.3870568866,1915375.0
26,2016-05-16,Search,5002.432481329111,24.104860370815413,89674.97420845236,1915375.0
27,2016-05-23,Baseline,933364.1113152714,,,1006845.0
27,2016-05-23,TV,19.99124049933907,0.0058183219794174,1887.2316858367503,1006845.0
27,2016-05-23,Out-of-home,78726.76983906084,9741.793700138494,193586.4776908825,1006845.0
27,2016-05-23,Print,1658.5555478564156,0.2953928155500318,64338.4630426595,1006845.0
27,2016-05-23,Facebook,19127.057742174264,1053.9062369034757,74825.93392287014,1006845.0
27,2016-05-23,Search,1714.132292420147,0.720153310533045,69562.64397125016,1006845.0
28,2016-05-30,Baseline,831351.759227093,,,869198.333333334
28,2016-05-30,TV,3.5950867170501546,0.0002538691441123,754.7951173437494,869198.333333334
28,2016-05-30,Out-of-home,49699.48412852671,2352.7796244434103,158559.6584512116,869198.333333334
28,2016-05-30,Print,444.3546672385866,0.004755303177167,49346.92817794455,869198.333333334
28,2016-05-30,Facebook,5415.192551347471,50.508164768425154,47322.21345021976,869198.333333334
28,2016-05-30,Search,8999.737845000156,240.02430143278437,88272.27229086707,869198.333333334
29,2016-06-06,Baseline,711445.7803955701,,,727250.0
29,2016-06-06,TV,0.6373003426956045,1.0958511015818385e-05,293.46802953805286,727250.0
29,2016-06-06,Out-of-home,29336.67822914068,394.7268766773245,131991.35839119917,727250.0
29,2016-06-06,Print,109.32966293148478,6.963319585604835e-05,35754.21694685312,727250.0
29,2016-06-06,Facebook,1524.584965672053,2.483861711534231,33627.541518299186,727250.0
29,2016-06-06,Search,10332.628231913955,309.9974915288309,92698.9285988331,727250.0
30,2016-06-13,Baseline,715717.5986758559,,,753730.0
30,2016-06-13,TV,0.1132464469811174,4.565645739156053e-07,114.11992143570237,753730.0
30,2016-06-13,Out-of-home,16885.25941458527,65.27631420498511,108830.7138129458,753730.0
30,2016-06-13,Print,29.17990018327229,1.0876486946705329e-06,25897.388665787927,753730.0
30,2016-06-13,Facebook,413.3323135602852,0.1016962335785328,23047.937405129396,753730.0
30,2016-06-13,Search,13018.704508466111,466.776353619868,100643.44157563994,753730.0
31,2016-06-20,Baseline,814850.7473046108,,,999196.666666667
31,2016-06-20,TV,163638.70615133946,68077.19145538472,279635.8806722853,999196.666666667
31,2016-06-20,Out-of-home,77754.79022125833,9531.729479514008,192117.79213679605,999196.666666667
31,2016-06-20,Print,7.32898152845878,1.6177894921547098e-08,19628.7747469941,999196.666666667
31,2016-06-20,Facebook,42296.284665577565,5929.866442257726,112456.44634150846,999196.666666667
31,2016-06-20,Search,14913.631157781174,584.0310802140855,107018.18381436764,999196.666666667
32,2016-06-27,Baseline,759689.2522135578,,,845843.333333333
32,2016-06-27,TV,35893.89749783329,4646.374778114705,119312.76557448736,845843.333333333
32,2016-06-27,Out-of-home,48785.24244190153,2254.774226700275,157655.510430298,845843.333333333
32,2016-06-27,Print,1.884233947938493,2.4493927768195303e-10,13360.40382377304,845843.333333333
32,2016-06-27,Facebook,12825.104513746724,501.7350558695268,61707.76615727598,845843.333333333
32,2016-06-27,Search,14744.70913315885,554.1694652290644,108139.98391760411,845843.333333333
33,2016-07-04,Baseline,898365.4276493016,,,1126016.66666667
33,2016-07-04,TV,100270.68439955162,27694.86602931376,213281.23053572403,1126016.66666667
33,2016-07-04,Out-of-home,28817.831420428025,378.6594755709722,130774.77128197072,1126016.66666667
33,2016-07-04,Print,36702.85595954013,4210.481857230744,112637.39702774303,1126016.66666667
33,2016-07-04,Facebook,3514.022504013078,23.75598598960386,39428.45676090168,1126016.66666667
33,2016-07-04,Search,16472.784190081795,692.808775875099,112878.1899192918,1126016.66666667
34,2016-07-11,Baseline,961414.0829282438,,,1140978.33333333
34,2016-07-11,TV,19687.59461035844,1746.6843091841731,87239.9565489076,1140978.33333333
34,2016-07-11,Out-of-home,16392.004791133244,61.68232418480412,108038.10956709652,1140978.33333333
34,2016-07-11,Print,9129.124001692868,148.91729136701684,77904.98777698468,1140978.33333333
34,2016-07-11,Facebook,973.1105625683708,1.0922207929049892,26613.78213077889,1140978.33333333
34,2016-07-11,Search,18206.798036107684,820.494785891744,117495.32816103924,1140978.33333333
35,2016-07-18,Baseline,959641.6675187034,,,1242656.66666667
35,2016-07-18,TV,24990.962651821552,2327.639771885149,104181.58053486994,1242656.66666667
35,2016-07-18,Out-of-home,115291.55024601475,18364.546387867977,245409.2901093708,1242656.66666667
35,2016-07-18,Print,37149.239296486456,4406.74135799063,115641.48851967225,1242656.66666667
35,2016-07-18,Facebook,56812.615123706426,10411.848799227531,133755.3045582676,1242656.66666667
35,2016-07-18,Search,15577.255476626644,582.3955692440805,113564.914980157,1242656.66666667
36,2016-07-25,Baseline,1067175.8839676918,,,1293483.33333333
36,2016-07-25,TV,4537.4994558801445,136.25609427080252,38718.08717478858,1293483.33333333
36,2016-07-25,Out-of-home,81058.48973673236,7253.171979521794,206604.48325407825,1293483.33333333
36,2016-07-25,Print,9383.958405346188,144.75185572068744,83155.14375465162,1293483.33333333
36,2016-07-25,Facebook,18326.931249869973,974.817302328445,72914.91993067761,1293483.33333333
36,2016-07-25,Search,18352.16974454037,839.5416320975274,119213.61942073391,1293483.33333333
37,2016-08-01,Baseline,1089439.2465751977,,,1484843.33333333
37,2016-08-01,TV,205836.68884029615,104656.1335116712,316883.8869670581,1484843.33333333
37,2016-08-01,Out-of-home,102033.02949428116,14878.74383370416,228433.6895777053,1484843.33333333
37,2016-08-01,Print,2522.460066101441,2.8502241374431523,61984.4652279118,1484843.33333333
37,2016-08-01,Facebook,81529.06397463055,18847.998509695863,165766.7588602656,1484843.33333333
37,2016-08-01,Search,21289.41808704909,1136.481957320125,126351.85033613168,1484843.33333333
38,2016-08-08,Baseline,1220448.264672523,,,1485698.33333333
38,2016-08-08,TV,48632.00400827393,8134.372172362009,141538.75225072115,1485698.33333333
38,2016-08-08,Out-of-home,69891.76013795528,4282.904600230771,194808.22603363867,1485698.33333333
38,2016-08-08,Print,7455.847034843629,130.69769367174564,68664.37760235133,1485698.33333333
38,2016-08-08,Facebook,28933.251198806407,2211.826566463152,92082.54658817496,1485698.33333333
38,2016-08-08,Search,24078.76067273508,1399.3782025305504,133039.51630690478,1485698.33333333
39,2016-08-15,Baseline,1190073.2006971869,,,1556608.33333333
39,2016-08-15,TV,213316.05795819068,113707.08560650903,322452.12500930205,1556608.33333333
39,2016-08-15,Out-of-home,44437.31689020453,710.5069582148883,166304.34043557418,1556608.33333333
39,2016-08-15,Print,1798.2654098010016,3.2528397763400965,49744.61067953965,1556608.33333333
39,2016-08-15,Facebook,28628.39089871466,2849.3461834172786,89446.18917727891,1556608.33333333
39,2016-08-15,Search,8162.471057645951,79.06731804109228,100676.85555987412,1556608.33333333
40,2016-08-22,Baseline,1124123.0201967594,,,1391206.66666667
40,2016-08-22,TV,51083.11725476398,8711.46411764654,146921.17465454238,1391206.66666667
40,2016-08-22,Out-of-home,26638.3500720664,108.08154505285088,140335.3859506244,1391206.66666667
40,2016-08-22,Print,83227.81151314004,16366.642065549402,169989.36345245363,1391206.66666667
40,2016-08-22,Facebook,20822.25072670737,1505.2775790112562,77991.08175009962,1391206.66666667
40,2016-08-22,Search,2944.2185358180013,2.132531559390323,81276.15120487714,1391206.66666667
41,2016-08-29,Baseline,1521277.2584206655,,,2018783.33333333
41,2016-08-29,TV,190556.54208958105,95053.97792372406,302170.3537400456,2018783.33333333
41,2016-08-29,Out-of-home,89742.16654960331,12484.929859058122,209966.95343309364,2018783.33333333
41,2016-08-29,Print,24653.84042551937,1278.2370411387526,113644.4623383048,2018783.33333333
41,2016-08-29,Facebook,5821.721538811458,81.11900717119819,48485.33341923546,2018783.33333333
41,2016-08-29,Search,21220.38050748081,1212.7424659976166,120703.29913115525,2018783.33333333
42,2016-09-05,Baseline,1645048.3852394577,,,2170721.66666667
42,2016-09-05,TV,194115.2311488448,100302.03312832925,304392.19556355,2170721.66666667
42,2016-09-05,Out-of-home,88026.97587037337,11271.496660231292,209954.560260398,2170721.66666667
42,2016-09-05,Print,30713.57761928316,2851.339220188905,115530.31830612668,2170721.66666667
42,2016-09-05,Facebook,2971.558883229194,27.017158187940986,38023.60437739213,2170721.66666667
42,2016-09-05,Search,27816.65790601834,1955.564889101752,136462.45165938674,2170721.66666667
43,2016-09-12,Baseline,1850047.6277248613,,,2247670.0
43,2016-09-12,TV,45448.87247557661,7001.164943792313,138774.6769569339,2247670.0
43,2016-09-12,Out-of-home,102335.5743262332,15240.372048800273,229214.37734196623,2247670.0
43,2016-09-12,Print,7935.868105376678,75.56068729244872,85397.7390623669,2247670.0
43,2016-09-12,Facebook,807.7399648133584,1.2083061114137466,26273.111976573706,2247670.0
43,2016-09-12,Search,31930.04314904743,2401.4839735872283,146513.36570752205,2247670.0
44,2016-09-19,Baseline,1728739.1971741023,,,2192026.66666667
44,2016-09-19,TV,8444.811171529134,309.7226677492129,59595.27157130125,2192026.66666667
44,2016-09-19,Out-of-home,81254.44679192116,8055.269273321842,206129.69177581216,2192026.66666667
44,2016-09-19,Print,121037.2248158705,25218.34308002085,238250.1481387434,2192026.66666667
44,2016-09-19,Facebook,70025.55774724683,14606.900758979062,151209.04594995585,2192026.66666667
44,2016-09-19,Search,33703.88988652418,2672.493279315766,151582.50977244618,2192026.66666667
45,2016-09-26,Baseline,1647745.2996416278,,,1895213.33333333
45,2016-09-26,TV,1508.723123180503,12.450206940503149,24085.40268383248,1895213.33333333
45,2016-09-26,Out-of-home,101609.196410724,14772.785484178075,227278.21553132468,1895213.33333333
45,2016-09-26,Print,42737.516594355686,4015.199233378121,144018.83598789206,1895213.33333333
45,2016-09-26,Facebook,23612.303836276897,1570.4404937775787,81672.73806314095,1895213.33333333
45,2016-09-26,Search,31562.240586406144,2301.030774664652,152940.92342133418,1895213.33333333
46,2016-10-03,Baseline,1727594.4426137717,,,2232910.0
46,2016-10-03,TV,454691.3308998974,319759.90504081966,591606.7523534534,2232910.0
46,2016-10-03,Out-of-home,101432.38109557531,14317.424582644291,227779.6693307952,2232910.0
46,2016-10-03,Print,75053.72306746768,15270.136495961218,164046.66519216247,2232910.0
46,2016-10-03,Facebook,58800.14828380272,11531.562439965932,134386.93910793922,2232910.0
46,2016-10-03,Search,33890.80933745229,2616.6831201622385,156459.8202726411,2232910.0
47,2016-10-10,Baseline,2053182.72629446,,,2406035.0
47,2016-10-10,TV,191699.35644298745,70019.67160735733,331509.16942700354,2406035.0
47,2016-10-10,Out-of-home,69304.79970352974,3844.713320893028,197203.31805772815,2406035.0
47,2016-10-10,Print,83846.77104336077,18011.89949756086,174623.89183654028,2406035.0
47,2016-10-10,Facebook,73723.5678344192,16158.355715123836,153902.41323926306,2406035.0
47,2016-10-10,Search,38670.85673838967,3228.399559485201,163307.34824853978,2406035.0
48,2016-10-17,Baseline,1857570.4340108945,,,2252445.0
48,2016-10-17,TV,382134.727354915,271708.3746786991,492904.7901893848,2252445.0
48,2016-10-17,Out-of-home,61578.10889567986,3869.5093509802414,183310.660766516,2252445.0
48,2016-10-17,Print,25161.30549023256,1070.8099670652996,126115.68635635584,2252445.0
48,2016-10-17,Facebook,96095.77745956856,23029.75782588131,187106.8888073724,2252445.0
48,2016-10-17,Search,38700.10728507525,3199.042582488628,166284.78109730402,2252445.0
49,2016-10-24,Baseline,2248446.092586511,,,2663125.0
49,2016-10-24,TV,131544.00413662306,37758.10699742171,267976.8346145886,2663125.0
49,2016-10-24,Out-of-home,96076.96931755362,13724.909235667525,219082.7149849251,2663125.0
49,2016-10-24,Print,69094.24827654783,13110.158134533607,156857.12907090012,2663125.0
49,2016-10-24,Facebook,106317.15405493524,26532.485734790946,206648.77514523844,2663125.0
49,2016-10-24,Search,41313.06324935399,3469.998530460176,171736.92742390142,2663125.0
50,2016-10-31,Baseline,2398776.901490498,,,2974771.66666667
50,2016-10-31,TV,399333.53804630425,284285.6496243662,514462.6192035919,2974771.66666667
50,2016-10-31,Out-of-home,64526.10229452033,3734.125540777512,186949.379900975,2974771.66666667
50,2016-10-31,Print,19410.45240045685,623.4299217860126,113159.14831467778,2974771.66666667
50,2016-10-31,Facebook,113993.61785688916,28700.304468469432,217888.62293995192,2974771.66666667
50,2016-10-31,Search,47298.48866809034,4535.467280461573,180993.8053781438,2974771.66666667
51,2016-11-07,Baseline,2389298.75866963,,,2826128.33333333
51,2016-11-07,TV,143485.0491734253,44556.01649129085,279314.4163019273,2826128.33333333
51,2016-11-07,Out-of-home,93445.71344303196,12883.660554039834,215600.5083264912,2826128.33333333
51,2016-11-07,Print,77748.0683800505,15605.699098595434,165275.8359956063,2826128.33333333
51,2016-11-07,Facebook,120120.40291404858,30347.771395815045,231256.15445445437,2826128.33333333
51,2016-11-07,Search,44883.32364687769,3927.377102284978,179454.78878866535,2826128.33333333
52,2016-11-14,Baseline,2569639.610338373,,,3182900.0
52,2016-11-14,TV,312364.68742799654,215504.1383573517,415837.2095922841,3182900.0
52,2016-11-14,Out-of-home,62374.96395888784,3377.503817907579,184411.0837699056,3182900.0
52,2016-11-14,Print,22505.686165778094,901.4870573168876,116862.51106863872,3182900.0
52,2016-11-14,Facebook,110647.12443630796,26858.20597983735,218091.6152101362,3182900.0
52,2016-11-14,Search,16460.59217988674,230.56362776440844,143402.40539543473,3182900.0
53,2016-11-21,Baseline,2449249.137403205,,,2964696.66666667
53,2016-11-21,TV,145039.91939921802,59092.09316318225,260938.13620564868,2964696.66666667
53,2016-11-21,Out-of-home,93557.59233905772,13035.713318273083,215126.0471284148,2964696.66666667
53,2016-11-21,Print,56474.02380137183,9669.860257815457,142700.54220918665,2964696.66666667
53,2016-11-21,Facebook,117841.69288763808,29377.81462400048,230064.39248448776,2964696.66666667
53,2016-11-21,Search,6074.38555052407,7.027976987754976,115010.81304264598,2964696.66666667
54,2016-11-28,Baseline,2518420.109352149,,,2848525.0
54,2016-11-28,TV,30966.925541690813,3221.5714654115204,120388.8631317244,2848525.0
54,2016-11-28,Out-of-home,62357.86096093404,3411.664959959433,183707.5450795835,2848525.0
54,2016-11-28,Print,44476.63947242964,6096.3337117266165,132845.96881634943,2848525.0
54,2016-11-28,Facebook,105177.13603747128,24814.94476520413,211210.85054124484,2848525.0
54,2016-11-28,Search,64466.22575197446,6841.7818853726,198753.8795816689,2848525.0
55,2016-12-05,Baseline,2263474.2728177006,,,2740160.0
55,2016-12-05,TV,130781.93216198833,46818.3358856917,244547.6597740868,2740160.0
55,2016-12-05,Out-of-home,109521.41347109184,17025.41800528644,238632.76385035264,2740160.0
55,2016-12-05,Print,12070.766992368392,185.2917743605157,98592.92804788664,2740160.0
55,2016-12-05,Facebook,68717.2453382764,11940.94771914622,159781.12651295247,2740160.0
55,2016-12-05,Search,75576.49500850668,7791.8699603616915,219641.48109007985,2740160.0
56,2016-12-12,Baseline,2181001.965663274,,,2380508.33333333
56,2016-12-12,TV,27377.560079576448,2960.6928482321305,103541.97515668692,2380508.33333333
56,2016-12-12,Out-of-home,76924.43769394026,5733.990843764169,202243.71938512416,2380508.33333333
56,2016-12-12,Print,3326.632939004935,3.379605762881535,75991.65848483074,2380508.33333333
56,2016-12-12,Facebook,72521.37316768957,14474.81075007882,159372.46428103087,2380508.33333333
56,2016-12-12,Search,73732.61590877394,7625.012564737223,223911.6493785496,2380508.33333333
57,2016-12-19,Baseline,1993805.5640436967,,,2230915.0
57,2016-12-19,TV,5062.805321287808,132.13918187668477,42610.77053479556,2230915.0
57,2016-12-19,Out-of-home,122673.4955620497,19480.937873236147,262374.8272229684,2230915.0
57,2016-12-19,Print,882.8296573246503,0.0577261172019312,58475.34490678546,2230915.0
57,2016-12-19,Facebook,43890.892971111054,5884.724236410302,121193.80564938045,2230915.0
57,2016-12-19,Search,71209.39180375311,7347.390882632701,223423.9413717278,2230915.0
58,2016-12-26,Baseline,2115860.397826085,,,3659425.0
58,2016-12-26,TV,413582.493941724,293716.96254989126,529649.6111850631,3659425.0
58,2016-12-26,Out-of-home,89935.14323816013,8189.489192515068,219524.03618853283,3659425.0
58,2016-12-26,Print,224.55952310735057,0.000842350872116,44133.30441304579,3659425.0
58,2016-12-26,Facebook,107765.45735376696,27360.398516179663,205929.19480862303,3659425.0
58,2016-12-26,Search,75747.96637127652,7781.362864377884,232438.8768661137,3659425.0
59,2017-01-02,Baseline,2046743.8499657176,,,2827008.33333333
59,2017-01-02,TV,322964.54045196035,220971.116808708,433928.4746130127,2827008.33333333
59,2017-01-02,Out-of-home,133671.4212761192,21727.54921945912,284042.3134423746,2827008.33333333
59,2017-01-02,Print,124860.79431023433,25850.807539547288,250190.81004602232,2827008.33333333
59,2017-01-02,Facebook,96511.99821402934,22556.73162506441,192871.28860351496,2827008.33333333
59,2017-01-02,Search,74989.10756043383,7650.070424657642,233141.20518420465,2827008.33333333
60,2017-01-09,Baseline,1875245.720358923,,,2042143.33333333
60,2017-01-09,TV,97900.49418503384,21354.39397659428,228566.00275248848,2042143.33333333
60,2017-01-09,Out-of-home,102986.35291040243,10671.530297840422,237696.01272264385,2042143.33333333
60,2017-01-09,Print,45562.00413780835,4581.010054611399,145912.24990008978,2042143.33333333
60,2017-01-09,Facebook,104117.09143869588,25436.05706320715,205344.0038597796,2042143.33333333
60,2017-01-09,Search,73255.50719216878,7470.049055124685,231510.3858939841,2042143.33333333
61,2017-01-16,Baseline,1830471.900862821,,,2113358.33333333
61,2017-01-16,TV,82611.88555510195,21976.726602486742,188241.43185078705,2113358.33333333
61,2017-01-16,Out-of-home,71397.35925812257,2660.783082545771,206846.71646481843,2113358.33333333
61,2017-01-16,Print,26510.88221788391,1727.6233603043115,122123.19086480116,2113358.33333333
61,2017-01-16,Facebook,110661.49892480364,27489.08570741462,214511.51416753192,2113358.33333333
61,2017-01-16,Search,70086.26130047244,7181.495285593561,229634.69852765137,2113358.33333333
62,2017-01-23,Baseline,1881122.9127690948,,,2179918.33333333
62,2017-01-23,TV,16096.05182296297,1061.8550511650194,80276.96350587744,2179918.33333333
62,2017-01-23,Out-of-home,46669.14528787081,392.068419887761,183063.1105000997,2179918.33333333
62,2017-01-23,Print,75554.17491108394,15166.29142511725,162905.93333344677,2179918.33333333
62,2017-01-23,Facebook,116001.54343081816,29099.158565556903,225194.1904235017,2179918.33333333
62,2017-01-23,Search,71147.12799781203,7333.009652649461,229820.53235376911,2179918.33333333
63,2017-01-30,Baseline,1886096.9895465395,,,2370613.33333333
63,2017-01-30,TV,259658.80002484407,160672.36420782006,365933.4668999558,2370613.33333333
63,2017-01-30,Out-of-home,29126.071977218555,57.24162485948661,157791.73959123823,2370613.33333333
63,2017-01-30,Print,21660.280437702364,823.2358839990604,115802.49389985352,2370613.33333333
63,2017-01-30,Facebook,100659.87586581302,23139.014078028467,202801.91521625337,2370613.33333333
63,2017-01-30,Search,72653.65169796183,7495.697242512144,231956.8405122868,2370613.33333333
64,2017-02-06,Baseline,1635389.3195462583,,,1814556.66666667
64,2017-02-06,TV,67454.19906152331,14181.979664535022,172157.7530147669,1814556.66666667
64,2017-02-06,Out-of-home,16368.660240916935,8.18118622056065,136803.2644014781,1814556.66666667
64,2017-02-06,Print,6130.021935397315,15.199107544781878,88121.29607846048,1814556.66666667
64,2017-02-06,Facebook,40036.85725486296,2745.2048376195185,129461.94560995548,1814556.66666667
64,2017-02-06,Search,63219.444809641245,6222.474980257832,221651.5584227771,1814556.66666667
65,2017-02-13,Baseline,1677971.82837247,,,1951668.33333333
65,2017-02-13,TV,12971.411964278228,650.9519123066195,75138.79524665457,1951668.33333333
65,2017-02-13,Out-of-home,81387.79044385803,9957.455059359245,199203.1925258648,1951668.33333333
65,2017-02-13,Print,1656.058265915949,0.244362971562529,69052.84541554902,1951668.33333333
65,2017-02-13,Facebook,115516.01945324049,29448.05445002205,219337.834897276,1951668.33333333
65,2017-02-13,Search,24482.97164975455,451.3248557144243,178792.55049418626,1951668.33333333
66,2017-02-20,Baseline,1633879.728004099,,,1918238.33333333
66,2017-02-20,TV,2359.340920458095,27.660319605769928,30998.649974613683,1918238.33333333
66,2017-02-20,Out-of-home,51739.88702662814,2478.9253141334366,168240.6409466502,1918238.33333333
66,2017-02-20,Print,69366.65476953698,12634.179065695502,153298.70671021353,1918238.33333333
66,2017-02-20,Facebook,48394.65754501107,5062.392596469673,134115.0091051452,1918238.33333333
66,2017-02-20,Search,9476.706602144084,13.554970731800818,145706.8137717437,1918238.33333333
67,2017-02-27,Baseline,1324288.1947379862,,,1472390.0
67,2017-02-27,TV,415.2046611181364,1.132277543835936,12376.171547494225,1472390.0
67,2017-02-27,Out-of-home,31089.70565317913,399.2826230611177,138448.43430820951,1472390.0
67,2017-02-27,Print,19496.344297876934,715.5586847859217,107995.54328058568,1472390.0
67,2017-02-27,Facebook,144944.16923048277,37009.78884541759,276357.9359303354,1472390.0
67,2017-02-27,Search,35327.64291046717,2811.795230844279,165553.9208677817,1472390.0
68,2017-03-06,Baseline,1293143.7572747697,,,1477865.0
68,2017-03-06,TV,72.55638140711926,0.0486134776438862,4842.251634530405,1477865.0
68,2017-03-06,Out-of-home,17524.917090677503,64.33962634679602,116935.41808221344,1477865.0
68,2017-03-06,Print,87528.96255084084,18002.393528163095,176166.5869520978,1477865.0
68,2017-03-06,Facebook,71407.16597459091,9606.919390422378,173524.0043306107,1477865.0
68,2017-03-06,Search,43770.53368438999,3917.017436235616,175822.4917523064,1477865.0
69,2017-03-13,Baseline,1161802.962590109,,,1300166.66666667
69,2017-03-13,TV,96198.96030799617,23249.640073384373,211018.01097141329,1300166.66666667
69,2017-03-13,Out-of-home,9642.384124146613,8.430646830856688,99220.9636827251,1300166.66666667
69,2017-03-13,Print,26398.480921182498,1381.7972525794546,120726.51606279596,1300166.66666667
69,2017-03-13,Facebook,25834.60660252781,680.1088353504433,116068.76034325392,1300166.66666667
69,2017-03-13,Search,43831.76911983406,3823.778197846584,177707.89556515837,1300166.66666667
70,2017-03-20,Baseline,1047392.7388966226,,,1160205.0
70,2017-03-20,TV,18566.697662991864,1596.3843051914423,84010.58842703087,1160205.0
70,2017-03-20,Out-of-home,4958.3547117202925,0.9961742162555434,79321.62680599173,1160205.0
70,2017-03-20,Print,108939.38979647166,23201.46656225575,210384.5763534179,1160205.0
70,2017-03-20,Facebook,7832.460606529647,35.374035843817204,81935.51593214255,1160205.0
70,2017-03-20,Search,41169.814872686125,3339.0013900547547,175815.77356007474,1160205.0
71,2017-03-27,Baseline,1239923.9384737602,,,1356871.66666667
71,2017-03-27,TV,3395.420176993168,70.38617459955782,33005.72996644688,1356871.66666667
71,2017-03-27,Out-of-home,30378.963738404105,1069.764065048842,121301.19133847988,1356871.66666667
71,2017-03-27,Print,36386.37610678214,2661.0523213475026,136917.35761585122,1356871.66666667
71,2017-03-27,Facebook,49758.74885383237,8571.455982270085,124200.66266989212,1356871.66666667
71,2017-03-27,Search,47016.40780011244,4422.890501403164,182244.92388371637,1356871.66666667
72,2017-04-03,Baseline,1250320.432007952,,,1355833.33333333
72,2017-04-03,TV,600.973125338028,2.845225020539364,12428.293724740191,1355833.33333333
72,2017-04-03,Out-of-home,15463.05208327264,190.3162493701079,91631.10947232127,1355833.33333333
72,2017-04-03,Print,10370.14499183934,50.66118062379637,104149.55820289714,1355833.33333333
72,2017-04-03,Facebook,15481.254447504009,615.3260827687612,75533.08790263697,1355833.33333333
72,2017-04-03,Search,47377.42319267021,4415.44054423119,183853.93841989228,1355833.33333333
73,2017-04-10,Baseline,1065508.3147812802,,,1176266.66666667
73,2017-04-10,TV,103.44254541758076,0.1204885877909588,4630.926625845665,1176266.66666667
73,2017-04-10,Out-of-home,131043.35610403586,21337.48879325968,273897.69832273584,1176266.66666667
73,2017-04-10,Print,3001.0957036091136,0.7820568275571252,81767.54709881276,1176266.66666667
73,2017-04-10,Facebook,4260.4002100428825,29.43179775704113,53956.83671817027,1176266.66666667
73,2017-04-10,Search,41778.113590672525,3477.8417028970644,178859.85104509353,1176266.66666667
74,2017-04-17,Baseline,917139.9527593524,,,1955281.66666667
74,2017-04-17,TV,72673.29924770739,13691.114758834938,183658.7185976176,1955281.66666667
74,2017-04-17,Out-of-home,98677.01028201108,10786.990450339394,226873.1620581052,1955281.66666667
74,2017-04-17,Print,808.1195179494334,0.0114652804635457,64536.98532754931,1955281.66666667
74,2017-04-17,Facebook,1193.8740343232994,1.3963275598875942,37615.500990699045,1955281.66666667
74,2017-04-17,Search,39200.17412026915,3086.1055795899665,174177.7920356563,1955281.66666667
75,2017-04-24,Baseline,970770.8190073972,,,1029928.33333333
75,2017-04-24,TV,13466.762877383151,913.4571339102783,71143.76647092165,1029928.33333333
75,2017-04-24,Out-of-home,123109.85867289858,19143.51577849905,263954.9870749568,1029928.33333333
75,2017-04-24,Print,206.9994881833396,0.0001910152923433,48562.725423600736,1029928.33333333
75,2017-04-24,Facebook,316.3328175318668,0.0567252882564318,26617.92795798242,1029928.33333333
75,2017-04-24,Search,36440.60990502797,2737.6172668603845,169715.91401848305,1029928.33333333
76,2017-05-01,Baseline,856679.5352342622,,,2263143.33333333
76,2017-05-01,TV,244185.3490628452,143066.65030300632,351430.89714827127,2263143.33333333
76,2017-05-01,Out-of-home,90661.42229177532,7891.3666547448975,221884.4810532249,2263143.33333333
76,2017-05-01,Print,53.06328999299487,2.568681393778934e-06,36397.66371953589,2263143.33333333
76,2017-05-01,Facebook,88.12451317469547,0.0025515224110063,18566.7669666113,2263143.33333333
76,2017-05-01,Search,30557.69058534528,2002.7631302115587,160347.1005847525,2263143.33333333
77,2017-05-08,Baseline,800212.9597245061,,,813771.666666667
77,2017-05-08,TV,61788.59096525502,12309.9637363564,164033.06094161878,813771.666666667
77,2017-05-08,Out-of-home,123026.89698682052,19167.08909470496,263874.35885381204,813771.666666667
77,2017-05-08,Print,13.16351878191162,3.628978121789985e-08,27611.978553393878,813771.666666667
77,2017-05-08,Facebook,23.81148473009342,0.0001040395941157,12605.785365191276,813771.666666667
77,2017-05-08,Search,29232.58501402536,1903.3709159167524,156155.10052222767,813771.666666667
78,2017-05-15,Baseline,866731.325590766,,,880871.666666667
78,2017-05-15,TV,11821.023620948434,570.4322894479212,71135.02375258444,880871.666666667
78,2017-05-15,Out-of-home,90486.3989267415,7859.8537696789,222240.82418815407,880871.666666667
78,2017-05-15,Print,3.4023166089535306,5.774036538615759e-10,20809.39006622423,880871.666666667
78,2017-05-15,Facebook,6.474344852230853,4.202633814470517e-06,8216.546034600771,880871.666666667
78,2017-05-15,Search,10510.04470134382,101.55301399258708,124894.38465364253,880871.666666667
79,2017-05-22,Baseline,876482.1681994793,,,919185.0
79,2017-05-22,TV,2130.9533535690207,23.537392739886425,28745.39765412498,919185.0
79,2017-05-22,Out-of-home,78100.35373902394,6414.051577229595,207687.93877892176,919185.0
79,2017-05-22,Print,0.8651712693408764,9.860873278680255e-12,15139.208388882456,919185.0
79,2017-05-22,Facebook,61894.89355741398,11854.97925538576,141324.39695846877,919185.0
79,2017-05-22,Search,3776.160593225237,2.6272710554737486,100011.25630082488,919185.0
80,2017-05-29,Baseline,785036.9902676955,,,826321.666666667
80,2017-05-29,TV,375.0824813261193,0.9646589720102552,11421.76404068761,826321.666666667
80,2017-05-29,Out-of-home,50451.5215110821,1298.2306741782525,181494.97191103944,826321.666666667
80,2017-05-29,Print,49120.997096024046,7148.56470980928,127888.32924626132,826321.666666667
80,2017-05-29,Facebook,20173.14842106925,1191.3074243035553,74735.38573220187,826321.666666667
80,2017-05-29,Search,16320.136847018084,683.711042047578,116644.93486483148,826321.666666667
81,2017-06-05,Baseline,756200.3850470256,,,833798.333333333
81,2017-06-05,TV,86487.91146974001,19439.18510240051,199668.855338287,833798.333333333
81,2017-06-05,Out-of-home,59692.556557490345,4212.900074279943,179874.19907867952,833798.333333333
81,2017-06-05,Print,12839.64621052075,304.7537028706014,87924.69893036255,833798.333333333
81,2017-06-05,Facebook,56747.689237024926,10870.827783307926,131216.98937328675,833798.333333333
81,2017-06-05,Search,23257.864403331463,1336.7808361523214,132481.7751759988,833798.333333333
82,2017-06-12,Baseline,714475.5802932392,,,746271.666666667
82,2017-06-12,TV,16523.01914474317,1324.3960634090922,78029.88892806758,746271.666666667
82,2017-06-12,Out-of-home,36082.53441038217,727.2868885954406,155430.45491692662,746271.666666667
82,2017-06-12,Print,3387.598076994626,5.839029089578485,66126.94949523528,746271.666666667
82,2017-06-12,Facebook,18371.098695289613,910.1929442874822,75128.01841082322,746271.666666667
82,2017-06-12,Search,22690.86551099275,1233.7099413965163,134074.15207857877,746271.666666667
83,2017-06-19,Baseline,849836.7084896644,,,1036406.66666667
83,2017-06-19,TV,243034.56258366263,142303.45732314768,350254.4493169138,1036406.66666667
83,2017-06-19,Out-of-home,20665.11588960404,105.7128272725415,132651.52269599534,1036406.66666667
83,2017-06-19,Print,883.7145659470893,0.0959629471763981,48917.75553060115,1036406.66666667
83,2017-06-19,Facebook,5997.913148844799,82.9580281785394,49574.98495355851,1036406.66666667
83,2017-06-19,Search,29111.29930311886,2006.1697650282688,144370.10911765907,1036406.66666667
84,2017-06-26,Baseline,795346.8243665772,,,927931.666666667
84,2017-06-26,TV,61322.28852422653,12134.284023743034,163311.20747824197,927931.666666667
84,2017-06-26,Out-of-home,88671.88261702491,12314.65969657276,207311.31116133227,927931.666666667
84,2017-06-26,Print,34374.547705933786,3610.187227781187,109930.90562710926,927931.666666667
84,2017-06-26,Facebook,1674.660828426637,3.745905997408891,34536.13353300749,927931.666666667
84,2017-06-26,Search,27882.37541692641,1825.427211810107,144403.90082604167,927931.666666667
85,2017-07-03,Baseline,900377.129219026,,,1126943.33333333
85,2017-07-03,TV,60043.46830384678,11862.061695497248,160361.72743187007,1126943.33333333
85,2017-07-03,Out-of-home,57956.392003174136,3277.064036741757,176405.9797650297,1126943.33333333
85,2017-07-03,Print,68918.91544675357,12671.715799913034,152112.2845513181,1126943.33333333
85,2017-07-03,Facebook,93814.5474736791,22169.26734216669,183464.81006813172,1126943.33333333
85,2017-07-03,Search,35089.04593668452,2871.790701551292,154606.15929746823,1126943.33333333
86,2017-07-10,Baseline,995241.2770843497,,,1184220.0
86,2017-07-10,TV,11270.99922476258,656.2159448068447,63813.54321007376,1184220.0
86,2017-07-10,Out-of-home,35093.963760440696,588.264926291684,143782.37169487984,1184220.0
86,2017-07-10,Print,19277.82158925697,667.3463671221946,107410.7779576352,1184220.0
86,2017-07-10,Facebook,35059.02216379174,3089.611586052412,101099.06932040132,1184220.0
86,2017-07-10,Search,37033.65251134447,3024.6128249328426,159938.51526583332,1184220.0
87,2017-07-17,Baseline,955624.0525065168,,,1315508.33333333
87,2017-07-17,TV,94213.57145454404,23245.21617793942,207979.80922712307,1315508.33333333
87,2017-07-17,Out-of-home,77502.29249086998,8965.235507304178,194032.68907012147,1315508.33333333
87,2017-07-17,Print,120946.78684549277,25220.58688535084,236583.20786979896,1315508.33333333
87,2017-07-17,Facebook,10332.288911580725,171.5809078881562,64878.143341332754,1315508.33333333
87,2017-07-17,Search,38889.95797838362,3247.7778750317884,164503.0255860291,1315508.33333333
88,2017-07-24,Baseline,1057648.4303255784,,,1279360.0
88,2017-07-24,TV,18327.09011740429,1557.9299321926148,83390.37834504631,1279360.0
88,2017-07-24,Out-of-home,48493.309367571725,2130.106241861314,160987.85404555302,1279360.0
88,2017-07-24,Print,42758.90100166488,3905.46160912686,144641.61144300352,1279360.0
88,2017-07-24,Facebook,2988.554973105296,7.736273983276556,46265.44068634958,1279360.0
88,2017-07-24,Search,39799.21378643205,3313.263734534203,168259.33450888173,1279360.0
89,2017-07-31,Baseline,1095991.4787826585,,,1455811.66666667
89,2017-07-31,TV,107206.81198494708,29532.535995866645,221146.20926206675,1455811.66666667
89,2017-07-31,Out-of-home,100849.80440480771,15439.987175078602,226078.49374341752,1455811.66666667
89,2017-07-31,Print,25226.904877983783,1539.1864954282862,120875.8532724221,1455811.66666667
89,2017-07-31,Facebook,835.6052985880779,0.3516478770383817,32287.973733986328,1455811.66666667
89,2017-07-31,Search,44600.68017151924,4013.690827435689,175910.00997498544,1455811.66666667
90,2017-08-07,Baseline,1211729.8789952118,,,1553355.0
90,2017-08-07,TV,21125.722189073917,1956.484041022417,90238.72582483596,1553355.0
90,2017-08-07,Out-of-home,96860.93772626577,13288.4534654029,221235.23938425828,1553355.0
90,2017-08-07,Print,68872.31568238646,13027.78179944887,155456.86527948125,1553355.0
90,2017-08-07,Facebook,223.66154709881775,0.014565470872219,23368.466048950588,1553355.0
90,2017-08-07,Search,51328.87623249972,5018.663062052772,186735.05860832572,1553355.0
91,2017-08-14,Baseline,1059559.744297561,,,1374855.0
91,2017-08-14,TV,234415.8148551691,133511.4515090611,341697.66447928065,1374855.0
91,2017-08-14,Out-of-home,66124.61757578744,3469.636348177653,189254.82336687687,1374855.0
91,2017-08-14,Print,19234.026751437654,618.3592686532643,111807.8375697436,1374855.0
91,2017-08-14,Facebook,61.06549016869877,0.0005897081812693,16126.276390460564,1374855.0
91,2017-08-14,Search,18926.28051164895,345.30644617121646,148991.8136243785,1374855.0
92,2017-08-21,Baseline,1544716.7488382342,,,1970110.0
92,2017-08-21,TV,58233.05690177505,11013.629631118303,158307.3396459866,1970110.0
92,2017-08-21,Out-of-home,41322.043789167175,577.9163946202891,160897.82195459987,1970110.0
92,2017-08-21,Print,76731.85627714044,15342.77842219817,163295.24449523873,1970110.0
92,2017-08-21,Facebook,22287.644894730503,1755.0093075705674,78703.393228627,1970110.0
92,2017-08-21,Search,6974.643248848341,10.458179633311378,118531.15694748526,1970110.0
93,2017-08-28,Baseline,1728863.569425357,,,2336431.66666667
93,2017-08-28,TV,427817.9456052261,304492.93292588164,551654.1234087882,2336431.66666667
93,2017-08-28,Out-of-home,24755.01174341875,85.93505685990945,135727.88925371144,2336431.66666667
93,2017-08-28,Print,22108.714459958443,865.0710795565135,115816.13597879135,2336431.66666667
93,2017-08-28,Facebook,22124.776521194537,1774.94047005093,77118.62326612641,2336431.66666667
93,2017-08-28,Search,49890.89976841057,4954.506053958179,173846.91457745968,2336431.66666667
94,2017-09-04,Baseline,1679446.3559316527,,,2002065.0
94,2017-09-04,TV,166944.50525965722,56958.61342781192,302090.69553467364,2002065.0
94,2017-09-04,Out-of-home,14083.322090388683,11.714686441715356,116207.44282950585,2002065.0
94,2017-09-04,Print,6225.356001911992,16.11446726307099,88206.85273726964,2002065.0
94,2017-09-04,Facebook,6245.023662997131,111.63107040208072,46519.36066508386,2002065.0
94,2017-09-04,Search,58980.07280995739,6169.708000447673,193730.22678077413,2002065.0
95,2017-09-11,Baseline,1525671.1531304596,,,2027418.33333333
95,2017-09-11,TV,304685.9189645892,208704.564515232,409149.8326558808,2027418.33333333
95,2017-09-11,Out-of-home,85363.60889843252,11734.852159077362,202887.9100308814,2027418.33333333
95,2017-09-11,Print,36446.84211398417,4221.07683940529,119284.10769871034,2027418.33333333
95,2017-09-11,Facebook,12731.390070374073,588.3506988616141,60489.975489359,2027418.33333333
95,2017-09-11,Search,57331.55223423725,5641.16141363455,197620.6522438448,2027418.33333333
96,2017-09-18,Baseline,1643560.5961588498,,,1886570.0
96,2017-09-18,TV,87482.69667117168,19667.416544559605,206032.7988192177,1886570.0
96,2017-09-18,Out-of-home,54992.40002656366,2988.001745805315,170792.27366139938,1886570.0
96,2017-09-18,Print,9210.226334149556,130.46364968555176,86969.28597870286,1886570.0
96,2017-09-18,Facebook,3465.328576518373,35.86689298037106,36583.3312763864,1886570.0
96,2017-09-18,Search,62647.839338270685,6484.004564105905,206815.16334411892,1886570.0
97,2017-09-25,Baseline,1925238.9724998816,,,2529721.66666667
97,2017-09-25,TV,379772.0425553571,270445.4092105574,486519.25829350535,2529721.66666667
97,2017-09-25,Out-of-home,90025.326535092,12280.411702824718,211107.4792760323,2529721.66666667
97,2017-09-25,Print,2505.257192633405,2.634717863845872,67057.84065086696,2529721.66666667
97,2017-09-25,Facebook,42888.00355773026,6150.95642125119,112848.9178548546,2529721.66666667
97,2017-09-25,Search,72109.71619971325,7506.068233268521,220800.1925886296,2529721.66666667
98,2017-10-02,Baseline,2042263.1020972864,,,2357930.0
98,2017-10-02,TV,436873.7827767455,308444.8452080841,569379.1866400688,2357930.0
98,2017-10-02,Out-of-home,80879.55600420274,8867.447742498582,202566.2583179853,2357930.0
98,2017-10-02,Print,640.8854150288098,0.0411707946268271,50641.43487448331,2357930.0
98,2017-10-02,Facebook,13091.556259020206,515.2439646304816,62054.24645055032,2357930.0
98,2017-10-02,Search,73380.18677072591,7611.386165342023,226161.0207979417,2357930.0
99,2017-10-09,Baseline,2149503.222348487,,,3003391.66666667
99,2017-10-09,TV,342478.4701562544,234402.3475977413,462039.6187454685,3003391.66666667
99,2017-10-09,Out-of-home,122143.75234771664,19470.1957505498,260257.5257360224,3003391.66666667
99,2017-10-09,Print,100398.00405471543,20469.579189907166,196370.3968659944,3003391.66666667
99,2017-10-09,Facebook,82376.92314935935,19191.91197934612,167882.83131003208,3003391.66666667
99,2017-10-09,Search,77647.96016770485,7998.728956876867,235016.2376460534,3003391.66666667
100,2017-10-16,Baseline,2054339.226564046,,,2283685.0
100,2017-10-16,TV,108775.30146377138,24073.65680758044,253445.51565331992,2283685.0
100,2017-10-16,Out-of-home,89067.12582394271,8192.30712696381,218599.2879286401,2283685.0
100,2017-10-16,Print,31794.918669950133,2235.02962061576,125777.38164730104,2283685.0
100,2017-10-16,Facebook,86254.27963279674,20000.612697303863,173295.19176574197,2283685.0
100,2017-10-16,Search,76886.35771865986,7838.599798198666,236327.43280755696,2283685.0
101,2017-10-23,Baseline,2110022.185448836,,,2584721.66666667
101,2017-10-23,TV,285389.0354431218,190176.52442566777,389226.1068216829,2584721.66666667
101,2017-10-23,Out-of-home,78672.69913644489,7068.281808674158,204857.7918208944,2584721.66666667
101,2017-10-23,Print,9045.71539264461,41.43267994107136,94955.64158687566,2584721.66666667
101,2017-10-23,Facebook,93866.51937763742,22152.939284364853,186227.0749501328,2584721.66666667
101,2017-10-23,Search,78903.93325977604,7989.040228796666,239935.3537799131,2584721.66666667
102,2017-10-30,Baseline,2255758.535148829,,,2565400.0
102,2017-10-30,TV,117462.49104292633,40900.987516139336,232636.94876769528,2565400.0
102,2017-10-30,Out-of-home,50809.11651847649,1452.1989853250134,176767.38534849766,2565400.0
102,2017-10-30,Print,2552.319053766152,0.6777352060425216,73003.90964439878,2565400.0
102,2017-10-30,Facebook,100726.40846994182,24789.2750458223,198787.3543807192,2565400.0
102,2017-10-30,Search,81862.9150006092,8322.005526567425,246678.4771743413,2565400.0
103,2017-11-06,Baseline,2491186.473991401,,,3407085.0
103,2017-11-06,TV,184691.9981293298,93143.67599052405,295202.01319627697,3407085.0
103,2017-11-06,Out-of-home,118608.03802912313,18948.175277509003,252497.67892479556,3407085.0
103,2017-11-06,Print,114737.98696132092,23914.710320847786,222762.81956839992,3407085.0
103,2017-11-06,Facebook,87749.02246114354,18996.378747727467,179325.14641234017,3407085.0
103,2017-11-06,Search,89988.63276601974,8942.20447495772,261196.22816697133,3407085.0
104,2017-11-13,Baseline,2518421.0186471296,,,2803291.66666667
104,2017-11-13,TV,42519.98051691117,6164.932816710412,133814.12205431965,2803291.66666667
104,2017-11-13,Out-of-home,85145.44663552963,7544.711128974654,213572.51373236175,2803291.66666667
104,2017-11-13,Print,39130.16035941099,3352.2179342617987,137640.8358927261,2803291.66666667
104,2017-11-13,Facebook,118407.08591723062,30007.81376492702,224175.5626282952,2803291.66666667
104,2017-11-13,Search,35738.05943118335,1052.2373771904624,203205.58309177804,2803291.66666667
105,2017-11-20,Baseline,2594101.574479681,,,3303155.0
105,2017-11-20,TV,311585.66638429265,211964.81566150783,414353.5769517567,3303155.0
105,2017-11-20,Out-of-home,92096.96071509123,11891.340047341317,218079.12446942632,3303155.0
105,2017-11-20,Print,22918.081767186894,1259.022519212152,116319.7062208663,3303155.0
105,2017-11-20,Facebook,92020.21781886896,19885.32961906568,188220.527292132,3303155.0
105,2017-11-20,Search,14463.381822923826,34.700608241865844,164545.44841454193,3303155.0
106,2017-11-27,Baseline,2668245.134803342,,,3103743.33333333
106,2017-11-27,TV,90064.16761976633,21759.320276821887,204449.35172719613,3103743.33333333
106,2017-11-27,Out-of-home,61880.61886867079,2873.053787866394,188910.3020989783,3103743.33333333
106,2017-11-27,Print,68925.8435080152,12937.7460208373,154782.09036125496,3103743.33333333
106,2017-11-27,Facebook,73024.9816321861,14278.67969291938,161818.99880892044,3103743.33333333
106,2017-11-27,Search,96635.7905795978,9835.682323667772,256462.50656040868,3103743.33333333
107,2017-12-04,Baseline,2312140.3455214743,,,2793875.0
107,2017-12-04,TV,220324.51775675212,124244.53860943888,329137.060218444,2793875.0
107,2017-12-04,Out-of-home,79438.6927554029,8611.423035804268,200294.8017763562,2793875.0
107,2017-12-04,Print,19285.06947072465,621.426631901008,111194.07275474208,2793875.0
107,2017-12-04,Facebook,54560.29678651165,9061.971332810128,134415.3833512285,2793875.0
107,2017-12-04,Search,105863.35454938022,10699.58164459188,285004.2263984195,2793875.0
108,2017-12-11,Baseline,2104217.26473557,,,2260396.66666667
108,2017-12-11,TV,53719.332131505085,9546.663310748392,152097.84739489414,2260396.66666667
108,2017-12-11,Out-of-home,50792.59463232552,1938.28464752226,170635.7736536923,2260396.66666667
108,2017-12-11,Print,5426.611928154194,11.973686350209098,84657.56946894813,2260396.66666667
108,2017-12-11,Facebook,67110.38986343361,13530.287015008991,148154.5398628901,2260396.66666667
108,2017-12-11,Search,102681.51983020874,10083.647219928713,284320.38848165114,2260396.66666667
109,2017-12-18,Baseline,2029730.535160661,,,2399176.66666667
109,2017-12-18,TV,335082.62180108984,235962.2756882913,436489.45776976,2399176.66666667
109,2017-12-18,Out-of-home,77268.21880831264,8361.535457243786,194660.81538848876,2399176.66666667
109,2017-12-18,Print,1449.3348700595216,0.1933523403231082,66120.01716976336,2399176.66666667
109,2017-12-18,Facebook,41076.912159663,5650.594199244496,112733.38978258664,2399176.66666667
109,2017-12-18,Search,105003.41757086018,10276.86215730158,291528.0487794499,2399176.66666667
110,2017-12-25,Baseline,1917689.0243148007,,,3827520.0
110,2017-12-25,TV,405871.68237361073,288015.4563102849,523644.3228392765,3827520.0
110,2017-12-25,Out-of-home,48721.62792591628,1856.9408993941183,165293.47578575215,3827520.0
110,2017-12-25,Print,88422.06578988075,17828.858176947437,177536.69565170704,3827520.0
110,2017-12-25,Facebook,106878.24588208694,27264.286107079683,203628.754151955,3827520.0
110,2017-12-25,Search,98615.98054530594,9897.24524429034,283423.80764709524,3827520.0
111,2018-01-01,Baseline,1914923.873980245,,,3109461.66666667
111,2018-01-01,TV,149091.4441819369,45669.31440567061,289525.2577590824,3109461.66666667
111,2018-01-01,Out-of-home,28869.5427515568,297.7495465110188,137426.06502929484,3109461.66666667
111,2018-01-01,Print,59969.24142940367,10472.703125672926,149049.00757599078,3109461.66666667
111,2018-01-01,Facebook,96033.38407546985,22555.019736364724,191993.2819497292,3109461.66666667
111,2018-01-01,Search,99497.87484884754,9898.84910039826,284697.5458703091,3109461.66666667
112,2018-01-08,Baseline,2002378.349101708,,,2228128.33333333
112,2018-01-08,TV,32468.08430140465,2285.5276351484595,139772.47419192435,2228128.33333333
112,2018-01-08,Out-of-home,21567.14503595171,274.11303557446445,121331.59309828164,2228128.33333333
112,2018-01-08,Print,17022.600200476743,412.2086025986266,109389.96326770655,2228128.33333333
112,2018-01-08,Facebook,103735.9711506112,25408.01348589604,204758.00253625945,2228128.33333333
112,2018-01-08,Search,100341.56663337653,9911.80170810134,286621.27207082126,2228128.33333333
113,2018-01-15,Baseline,1758755.7894227123,,,2202593.33333333
113,2018-01-15,TV,258387.80861403368,160500.00638958812,364060.0378632276,2202593.33333333
113,2018-01-15,Out-of-home,11864.127014744176,37.7297695617965,101130.58700642022,2202593.33333333
113,2018-01-15,Print,93376.23035653251,19709.92167410973,185118.2140491884,2202593.33333333
113,2018-01-15,Facebook,41417.80720877231,3308.7846531308883,125330.74647825552,2202593.33333333
113,2018-01-15,Search,97023.52774776371,9720.714830312318,283919.1053370939,2202593.33333333
114,2018-01-22,Baseline,1644298.8945906106,,,1918293.33333333
114,2018-01-22,TV,66997.25829082115,13702.183312231133,172784.35989121182,1918293.33333333
114,2018-01-22,Out-of-home,52024.08584869954,3839.456260427261,158109.08137414767,1918293.33333333
114,2018-01-22,Print,115800.93540254084,24686.3917345762,224769.85307261144,1918293.33333333
114,2018-01-22,Facebook,13178.85207970198,181.24531099112616,85945.43083385589,1918293.33333333
114,2018-01-22,Search,92495.40563087948,9021.232208076215,275637.5215050826,1918293.33333333
115,2018-01-29,Baseline,1578500.9449272132,,,1862458.33333333
115,2018-01-29,TV,198863.3370027012,102313.6841762032,309522.27676532,1862458.33333333
115,2018-01-29,Out-of-home,30327.411125911152,737.1885310321353,128659.4272659854,1862458.33333333
115,2018-01-29,Print,40391.01368616612,3062.8092164755526,145938.78552387317,1862458.33333333
115,2018-01-29,Facebook,3759.000746444527,8.875700269064682,61570.21747749135,1862458.33333333
115,2018-01-29,Search,89827.77350519743,8760.895468798857,271142.49105878605,1862458.33333333
116,2018-02-05,Baseline,1734506.5588590582,,,1975951.66666667
116,2018-02-05,TV,46823.14458589048,7411.815193154112,139642.1768923901,1975951.66666667
116,2018-02-05,Out-of-home,16464.126995152146,121.72319599651414,100997.2713426912,1975951.66666667
116,2018-02-05,Print,47016.11089679776,6504.480699956187,140598.80564021578,1975951.66666667
116,2018-02-05,Facebook,10821.720459847122,420.0793957931256,63817.05786283768,1975951.66666667
116,2018-02-05,Search,96687.9182766511,9622.102529099762,278203.84548161423,1975951.66666667
117,2018-02-12,Baseline,1558603.4918855233,,,1827318.33333333
117,2018-02-12,TV,95407.8688866748,26299.395685176674,207224.71153101063,1827318.33333333
117,2018-02-12,Out-of-home,50807.43224543872,3690.544486867915,154353.5354484158,1827318.33333333
117,2018-02-12,Print,12853.11281428055,200.811202153544,106450.52155172634,1827318.33333333
117,2018-02-12,Facebook,2912.6631810012104,21.52067206995673,42480.09118356703,1827318.33333333
117,2018-02-12,Search,39135.93055554934,1139.9733325980844,220533.6675057152,1827318.33333333
118,2018-02-19,Baseline,1466990.9091159457,,,1656268.33333333
118,2018-02-19,TV,18959.97714301293,1569.7453512785285,84744.5972626563,1656268.33333333
118,2018-02-19,Out-of-home,29308.89325067827,706.8141478101379,123773.7884642769,1656268.33333333
118,2018-02-19,Print,48977.67930483542,7511.753055153992,135011.1149130215,1656268.33333333
118,2018-02-19,Facebook,772.849022018348,0.9767061196729642,29765.501423951788,1656268.33333333
118,2018-02-19,Search,16114.824138292148,40.04985935288415,177387.26027441557,1656268.33333333
119,2018-02-26,Baseline,1398030.2417737886,,,1703790.0
119,2018-02-26,TV,114362.48731739564,34053.38000265903,228900.64481212624,1703790.0
119,2018-02-26,Out-of-home,54949.85514128407,4310.217077146512,160450.675760501,1703790.0
119,2018-02-26,Print,75080.72417058589,14822.179924435422,161438.52929296377,1703790.0
119,2018-02-26,Facebook,209.61970893388235,0.0395248792925668,20925.199133778915,1703790.0
119,2018-02-26,Search,57402.53866495886,5770.083204811144,206262.65386596703,1703790.0
120,2018-03-05,Baseline,1357787.0638071229,,,1488115.0
120,2018-03-05,TV,22891.897708417822,2255.160647979659,94655.41609358504,1488115.0
120,2018-03-05,Out-of-home,32244.330278572048,802.6569623893146,129519.65428613656,1488115.0
120,2018-03-05,Print,21556.06536545765,807.8060791097629,115273.79382163066,1488115.0
120,2018-03-05,Facebook,56.294510855048415,0.0018331141335142,14393.521690401314,1488115.0
120,2018-03-05,Search,67935.47246998713,7189.505830810147,219360.45058316903,1488115.0
121,2018-03-12,Baseline,1323225.1019120235,,,1727330.0
121,2018-03-12,TV,303690.56206523284,204271.81072943303,407244.5746700656,1727330.0
121,2018-03-12,Out-of-home,69538.98695361929,7466.75181582609,180948.7512738,1727330.0
121,2018-03-12,Print,110124.795014805,23466.589092583803,213313.7840317359,1727330.0
121,2018-03-12,Facebook,15.246247958381597,7.638411975829083e-05,9580.874692178462,1727330.0
121,2018-03-12,Search,70540.09232248856,7344.286686736477,222930.5152605951,1727330.0
122,2018-03-19,Baseline,1143276.1624987829,,,1208246.66666667
122,2018-03-19,TV,85983.2817430807,20566.173421372503,198662.98334665436,1208246.66666667
122,2018-03-19,Out-of-home,42814.229484721,1627.1498546638743,147751.34427093389,1208246.66666667
122,2018-03-19,Print,36988.55485392056,2808.7136389053903,137287.42203717527,1208246.66666667
122,2018-03-19,Facebook,4.128395937765848,2.924629172130942e-06,6601.541939839438,1208246.66666667
122,2018-03-19,Search,64134.811405878056,6502.420214645164,218408.3085156193,1208246.66666667
123,2018-03-26,Baseline,1178209.7097636028,,,1388960.0
123,2018-03-26,TV,172759.97123846132,81972.73792532775,283972.1469132967,1388960.0
123,2018-03-26,Out-of-home,69300.21086633285,7281.2133141209615,180938.49250343413,1388960.0
123,2018-03-26,Print,34626.9422714992,3334.3175398494013,126886.0135462723,1388960.0
123,2018-03-26,Facebook,1.0742547454982023,1.212584340400317e-07,3889.147562775256,1388960.0
123,2018-03-26,Search,65036.83261713044,6651.032034573755,218392.10890240024,1388960.0
124,2018-04-02,Baseline,1039332.9373788084,,,2408331.66666667
124,2018-04-02,TV,38876.722143677776,5338.489808890474,126246.49162439248,2408331.66666667
124,2018-04-02,Out-of-home,43064.40716207774,1517.7040463393823,148546.27619113048,2408331.66666667
124,2018-04-02,Print,9198.233569272425,88.03513827073981,95658.54367864844,2408331.66666667
124,2018-04-02,Facebook,0.2720005113272746,5.428433637605591e-09,2207.240862052921,2408331.66666667
124,2018-04-02,Search,59944.83226072288,5916.09389458793,214555.324547537,2408331.66666667
125,2018-04-09,Baseline,1081954.9673176776,,,1131721.66666667
125,2018-04-09,TV,7203.844390181846,239.6661753365441,53077.65497198778,1131721.66666667
125,2018-04-09,Out-of-home,35026.286583307185,1033.9377878489377,137148.33925139782,1131721.66666667
125,2018-04-09,Print,2503.7423146243787,1.6258370363219223,75171.22567060014,1131721.66666667
125,2018-04-09,Facebook,0.0535626514614833,1.561732049851632e-10,754.989891746446,1131721.66666667
125,2018-04-09,Search,60806.2741299107,6132.701926509286,214536.30309902484,1131721.66666667
126,2018-04-16,Baseline,943993.0045247364,,,950015.0
126,2018-04-16,TV,1275.1302288390943,9.717566457155147,21489.115962693824,950015.0
126,2018-04-16,Out-of-home,19567.17493497502,171.30387662883834,112955.50868268745,950015.0
126,2018-04-16,Print,660.7074708349564,0.0250569441670324,58233.2643217619,950015.0
126,2018-04-16,Facebook,34039.8572683517,3674.849912652908,98744.18950275327,950015.0
126,2018-04-16,Search,55345.32552637623,5276.228833323945,207650.0730232453,950015.0
127,2018-04-23,Baseline,812921.8267717187,,,801298.333333333
127,2018-04-23,TV,225.34538200310152,0.4033581667824314,8595.128368138694,801298.333333333
127,2018-04-23,Out-of-home,86850.54766590417,12068.356260497836,204198.9459493189,801298.333333333
127,2018-04-23,Print,167.87011234667912,0.0004132480614055,43648.47076982714,801298.333333333
127,2018-04-23,Facebook,9972.241618527896,315.4772901662393,53740.660928618,801298.333333333
127,2018-04-23,Search,45829.67266127237,3894.8521201350127,196571.602255724,801298.333333333
128,2018-04-30,Baseline,796375.1681368743,,,779838.333333334
128,2018-04-30,TV,39.75406583516778,0.0175179666182553,3290.3984158727767,779838.333333334
128,2018-04-30,Out-of-home,56740.37189528327,3166.820937501148,170332.10322017054,779838.333333334
128,2018-04-30,Print,42.84214372899289,6.065480364919206e-06,31994.931245591717,779838.333333334
128,2018-04-30,Facebook,134780.8957535751,34670.45286044738,254952.44782374043,779838.333333334
128,2018-04-30,Search,38850.486932592656,2884.3802954509406,182755.9735359931,779838.333333334
129,2018-05-07,Baseline,879290.1933830658,,,889546.666666667
129,2018-05-07,TV,7.0454415571549625,0.0007871084847386,1255.8925033512885,889546.666666667
129,2018-05-07,Out-of-home,66677.13959457545,6016.165863179066,180481.81691182256,889546.666666667
129,2018-05-07,Print,10.963621685482762,9.11384288025856e-08,23607.954265220746,889546.666666667
129,2018-05-07,Facebook,63627.21188916837,8349.788697371792,149994.7262909155,889546.666666667
129,2018-05-07,Search,46143.42641926661,4154.796955977001,187364.8644275676,889546.666666667
130,2018-05-14,Baseline,828578.1069421702,,,862850.0
130,2018-05-14,TV,1.2600333737435232,3.2875532971650686e-05,496.0796153112127,862850.0
130,2018-05-14,Out-of-home,40570.14716286065,1155.5593162526156,150293.13724933506,862850.0
130,2018-05-14,Print,47142.25400956694,6702.34765844291,125668.91628314868,862850.0
130,2018-05-14,Facebook,142437.9193768829,36448.18306002238,270162.78802715824,862850.0
130,2018-05-14,Search,16854.997036594556,252.2529428854397,149481.6858424398,862850.0
131,2018-05-21,Baseline,892253.225012984,,,2601601.66666667
131,2018-05-21,TV,10476.188428187776,387.71542975047566,70130.86398178131,2601601.66666667
131,2018-05-21,Out-of-home,44877.84633416378,2241.337823933155,150258.4674368441,2601601.66666667
131,2018-05-21,Print,12205.641298451035,275.4875209302503,87563.37443910343,2601601.66666667
131,2018-05-21,Facebook,69646.71360154459,8911.062223978144,169197.5277243924,2601601.66666667
131,2018-05-21,Search,6205.780674022284,7.855290855118965,120211.86029223118,2601601.66666667
132,2018-05-28,Baseline,852295.8180112487,,,905008.333333334
132,2018-05-28,TV,1725.1608906869435,25.295116815086303,24415.138070533885,905008.333333334
132,2018-05-28,Out-of-home,25461.978038965928,378.0530882635124,123681.30713989456,905008.333333334
132,2018-05-28,Print,34321.38165266311,3673.7499237534353,113522.33078535416,905008.333333334
132,2018-05-28,Facebook,45269.461447237256,5382.107743748,127571.42830016524,905008.333333334
132,2018-05-28,Search,34393.076991349546,2812.2660294789475,155323.7537960859,905008.333333334
133,2018-06-04,Baseline,856831.5468455174,,,910551.666666667
133,2018-06-04,TV,308.7183912025305,1.215630714919583,8498.984727922203,910551.666666667
133,2018-06-04,Out-of-home,14216.834607491615,58.082506139019344,102651.50465549386,910551.666666667
133,2018-06-04,Print,8715.18726264808,116.39709742341374,82607.54992005695,910551.666666667
133,2018-06-04,Facebook,14246.9217394177,294.02663299163635,87320.14141840654,910551.666666667
133,2018-06-04,Search,43090.18890346598,3955.544605718753,169508.86367610274,910551.666666667
134,2018-06-11,Baseline,809358.830664438,,,923853.333333333
134,2018-06-11,TV,79833.0452590812,16258.891745765684,191907.3629415671,923853.333333333
134,2018-06-11,Out-of-home,7489.010971332324,7.666851339137272,84157.89047423884,923853.333333333
134,2018-06-11,Print,41558.51115541005,5423.767554598624,121815.872180608,923853.333333333
134,2018-06-11,Facebook,4105.375461454235,13.66553695468231,64026.96221342032,923853.333333333
134,2018-06-11,Search,45205.39155913731,4213.811129599129,176173.6407618604,923853.333333333
135,2018-06-18,Baseline,880823.9045313087,,,982420.0
135,2018-06-18,TV,15030.893546152292,1110.2336659358966,75044.50835386947,982420.0
135,2018-06-18,Out-of-home,25097.891616122328,684.9319774064576,111880.97167561889,982420.0
135,2018-06-18,Print,10578.390335811566,186.8478642175,86682.49709219497,982420.0
135,2018-06-18,Facebook,1137.2709814806158,0.6164924371844792,45726.75524060318,982420.0
135,2018-06-18,Search,51923.11061563918,5102.479599660606,188145.56771908115,982420.0
136,2018-06-25,Baseline,890281.5071860679,,,1056811.66666667
136,2018-06-25,TV,2705.7391611700687,48.36535209341491,28915.617924709168,1056811.66666667
136,2018-06-25,Out-of-home,13091.090535168762,114.34742332216676,87613.1959870473,1056811.66666667
136,2018-06-25,Print,69312.35329719666,12727.182006386229,152614.73432160376,1056811.66666667
136,2018-06-25,Facebook,61434.63850315807,11970.90166477655,139899.10470910268,1056811.66666667
136,2018-06-25,Search,52739.09205646749,5095.821807386594,191079.00314773983,1056811.66666667
137,2018-07-02,Baseline,757712.3168980551,,,932326.666666667
137,2018-07-02,TV,127336.07332866229,41352.0736684519,244048.80105555613,932326.666666667
137,2018-07-02,Out-of-home,87721.06703898987,12280.248709445908,205287.7349282372,932326.666666667
137,2018-07-02,Print,19527.0943641377,696.8915158976922,108480.99028508276,932326.666666667
137,2018-07-02,Facebook,19993.57006421365,1123.7324663303211,79721.53585117335,932326.666666667
137,2018-07-02,Search,45495.19608683718,3918.1837433651567,184266.05612407075,932326.666666667
138,2018-07-09,Baseline,909479.9418698977,,,1126221.66666667
138,2018-07-09,TV,26060.88531681049,2790.752383253615,100758.7648020533,1126221.66666667
138,2018-07-09,Out-of-home,57484.7301339988,3347.932929660157,169184.4123224961,1126221.66666667
138,2018-07-09,Print,76686.69638359337,15119.30237928444,162692.49038926896,1126221.66666667
138,2018-07-09,Facebook,108927.92009215316,26896.856160069783,207683.41753539897,1126221.66666667
138,2018-07-09,Search,51354.3836163675,4902.4107612229855,190769.751707083,1126221.66666667
139,2018-07-16,Baseline,909512.3551467962,,,1140006.66666667
139,2018-07-16,TV,88405.06392601356,21521.208637665663,200288.94019831895,1140006.66666667
139,2018-07-16,Out-of-home,66617.59841553603,6045.210051598129,179828.39476513324,1140006.66666667
139,2018-07-16,Print,22179.57114892379,894.2677672888143,115122.57738615712,1140006.66666667
139,2018-07-16,Facebook,44558.00796077125,4552.963358803816,119821.60777906491,1140006.66666667
139,2018-07-16,Search,52680.03156779036,5047.437991968006,194151.2983409965,1140006.66666667
140,2018-07-23,Baseline,1135414.5598541736,,,1479303.33333333
140,2018-07-23,TV,104530.15910645964,30443.20083674582,216413.2356036805,1479303.33333333
140,2018-07-23,Out-of-home,40255.40331766405,1158.9835061917602,148161.98791074954,1479303.33333333
140,2018-07-23,Print,44033.17268363418,5940.667778003804,128544.39452807972,1479303.33333333
140,2018-07-23,Facebook,13914.672602230265,265.187050260168,78825.7122755625,1479303.33333333
140,2018-07-23,Search,63997.07029391736,6738.006316821575,208490.54028444388,1479303.33333333
141,2018-07-30,Baseline,1337610.2167740893,,,1647193.33333333
141,2018-07-30,TV,20831.60032863912,1883.3187347916971,89142.46939937628,1647193.33333333
141,2018-07-30,Out-of-home,23514.53967628631,192.2342870490545,121600.7466298884,1647193.33333333
141,2018-07-30,Print,11633.984037797643,192.6213271274384,94974.14706726308,1647193.33333333
141,2018-07-30,Facebook,4014.4844109639807,12.002980130138424,54703.22219433848,1647193.33333333
141,2018-07-30,Search,72944.9837244,7565.271635799908,222479.11031953484,1647193.33333333
142,2018-08-06,Baseline,1466350.231895897,,,2009478.33333333
142,2018-08-06,TV,119431.28373490708,36963.12221164879,234461.85169538792,2009478.33333333
142,2018-08-06,Out-of-home,69422.00621737752,7313.819001580005,179848.00655334216,2009478.33333333
142,2018-08-06,Print,53040.49671743999,8605.766119474403,136625.28561105722,2009478.33333333
142,2018-08-06,Facebook,1122.2833556387118,0.5389564953572076,39578.36736245336,2009478.33333333
142,2018-08-06,Search,81044.80639609731,8265.053288666868,238126.54171203225,2009478.33333333
143,2018-08-13,Baseline,1247428.511470593,,,1523443.33333333
143,2018-08-13,TV,24211.225813775804,2450.120434979189,97265.05178132892,1523443.33333333
143,2018-08-13,Out-of-home,42719.33385123959,1598.619436070082,148126.25348935707,1523443.33333333
143,2018-08-13,Print,14317.000562388535,342.84380669736447,98810.85440650568,1523443.33333333
143,2018-08-13,Facebook,69806.42328806157,14747.856968978907,150909.0839371952,1523443.33333333
143,2018-08-13,Search,31359.834205869607,825.446821201991,187797.30635915248,1523443.33333333
144,2018-08-20,Baseline,1074765.5506277783,,,1420118.33333333
144,2018-08-20,TV,327105.6439549469,227424.06590338892,428902.20966864575,1420118.33333333
144,2018-08-20,Out-of-home,77302.9383520087,9204.184490376192,192854.8663319595,1420118.33333333
144,2018-08-20,Print,3857.8497218669054,6.3645339651541,75262.24407692067,1420118.33333333
144,2018-08-20,Facebook,23586.20458456002,1556.3252718046956,82212.35108909206,1420118.33333333
144,2018-08-20,Search,12458.658321544928,26.44573617575557,151207.92050027763,1420118.33333333
145,2018-08-27,Baseline,1395448.8859763134,,,1673551.66666667
145,2018-08-27,TV,97395.59710214369,25007.97305026569,212910.59787248736,1673551.66666667
145,2018-08-27,Out-of-home,48819.1133480942,2170.469670682981,160173.92216534627,1673551.66666667
145,2018-08-27,Print,1024.9265693629177,0.1015555712848685,57438.713923611256,1673551.66666667
145,2018-08-27,Facebook,75906.18288405638,17327.83275992472,157853.20542254817,1673551.66666667
145,2018-08-27,Search,62374.0553508516,6599.525305340458,200976.4006929313,1673551.66666667
146,2018-09-03,Baseline,1610989.5491472688,,,2061091.66666667
146,2018-09-03,TV,124805.2867645528,45937.77289425773,236105.684139361,2061091.66666667
146,2018-09-03,Out-of-home,67143.74978863807,6350.425836582819,180927.0570648316,2061091.66666667
146,2018-09-03,Print,6859.868086940793,107.17339684701211,67359.77568514243,2061091.66666667
146,2018-09-03,Facebook,26558.053361144837,1823.082962991867,89926.03310237294,2061091.66666667
146,2018-09-03,Search,82154.88850171452,8395.956159508547,233664.11226649143,2061091.66666667
147,2018-09-10,Baseline,1804171.704783435,,,2144110.0
147,2018-09-10,TV,26019.374645220203,2557.870821520454,101682.73974297904,2144110.0
147,2018-09-10,Out-of-home,40876.83512615278,1264.2401560502387,150487.93773064224,2144110.0
147,2018-09-10,Print,5923.640527774734,83.1147123881288,64212.37413538336,2144110.0
147,2018-09-10,Facebook,7763.409352768645,91.54361920901394,60184.734059798895,2144110.0
147,2018-09-10,Search,92476.9535015266,9282.95976047766,257114.9378690106,2144110.0
148,2018-09-17,Baseline,1696754.477116392,,,2058653.33333333
148,2018-09-17,TV,4752.998793679839,111.15160983192072,41845.53657866562,2058653.33333333
148,2018-09-17,Out-of-home,55414.822261790825,4031.1285500952536,164370.71104556505,2058653.33333333
148,2018-09-17,Print,64204.76759161889,11382.015694452286,146325.89361018833,2058653.33333333
148,2018-09-17,Facebook,58373.55429416784,11416.92275046781,134286.87990771886,2058653.33333333
148,2018-09-17,Search,90823.41892908052,9001.339612301757,261274.1942938201,2058653.33333333
149,2018-09-24,Baseline,1894984.5720565524,,,2208345.0
149,2018-09-24,TV,11738.827004949468,576.3814678488118,70933.5960309914,2208345.0
149,2018-09-24,Out-of-home,51990.27606184466,3184.5038967855708,159653.9967667892,2208345.0
149,2018-09-24,Print,17678.6444178232,576.1120809361034,101725.34438083584,2208345.0
149,2018-09-24,Facebook,18955.810787962662,995.0502533513892,77239.72494324169,2208345.0
149,2018-09-24,Search,97620.84368283136,9726.656566763251,273500.1931658524,2208345.0
150,2018-10-01,Baseline,2059465.493398292,,,2603008.33333333
150,2018-10-01,TV,465545.2832924273,324402.0140739074,607576.6973700308,2603008.33333333
150,2018-10-01,Out-of-home,48208.54240826071,2674.918961288057,154491.19706290032,2603008.33333333
150,2018-10-01,Print,25815.868605311716,2099.232295568972,106949.57701635608,2603008.33333333
150,2018-10-01,Facebook,23130.847482582387,1920.2632618720788,81716.10070086506,2603008.33333333
150,2018-10-01,Search,105368.21561949866,10485.792591508303,290003.43103448907,2603008.33333333
151,2018-10-08,Baseline,2026761.7043408852,,,2313193.33333333
151,2018-10-08,TV,202585.7644471181,76223.82767781842,346698.67195385665,2313193.33333333
151,2018-10-08,Out-of-home,27697.34600515204,467.1752289510918,127009.8817369872,2313193.33333333
151,2018-10-08,Print,26257.369285389723,2160.121966835451,106434.9211287828,2313193.33333333
151,2018-10-08,Facebook,41925.04321366937,6216.179953234395,109993.84136694032,2313193.33333333
151,2018-10-08,Search,105290.38252500365,10280.397019373486,293191.3085319329,2313193.33333333
152,2018-10-15,Baseline,2223612.038790291,,,2813106.66666667
152,2018-10-15,TV,296574.62889350974,200387.24873567728,403204.97990971647,2813106.66666667
152,2018-10-15,Out-of-home,58904.80806824083,4952.71575737933,166093.5701315695,2813106.66666667
152,2018-10-15,Print,15214.382577035369,616.5242094549662,92504.80898185016,2813106.66666667
152,2018-10-15,Facebook,53210.69913833933,9775.437637160563,125161.84309058511,2813106.66666667
152,2018-10-15,Search,109644.5994080332,10744.548082857453,302844.06314220297,2813106.66666667
153,2018-10-22,Baseline,2367932.6461173883,,,2665110.0
153,2018-10-22,TV,83449.24758336204,17912.075568092696,203989.25650864627,2665110.0
153,2018-10-22,Out-of-home,34801.32358649686,940.7761537543836,136796.966887268,2665110.0
153,2018-10-22,Print,3909.841855151609,13.86972420808139,69066.63410501911,2665110.0
153,2018-10-22,Facebook,17097.877413222915,719.426378280195,75117.08423880725,2665110.0
153,2018-10-22,Search,113629.92611732874,11172.96971117792,311806.8518309625,2665110.0
154,2018-10-29,Baseline,2385071.8690900635,,,2947875.0
154,2018-10-29,TV,203032.95403954425,108876.68604992169,313469.6924453044,2947875.0
154,2018-10-29,Out-of-home,19432.480814157905,156.73377719216194,111574.2122214675,2947875.0
154,2018-10-29,Print,17854.349662975346,940.0320527655252,90303.60169080418,2947875.0
154,2018-10-29,Facebook,107561.67578294816,26348.396543380364,205402.53705609383,2947875.0
154,2018-10-29,Search,116054.95430825456,11428.183065520756,317491.04190405173,2947875.0
155,2018-11-05,Baseline,2422867.974169567,,,2768941.66666667
155,2018-11-05,TV,48039.75969176725,7706.550047473366,143562.05791626876,2768941.66666667
155,2018-11-05,Out-of-home,83561.24599893347,11225.727120698672,200154.4925039204,2768941.66666667
155,2018-11-05,Print,15673.9920026028,720.0711339347431,88166.56429041509,2768941.66666667
155,2018-11-05,Facebook,43507.98332714147,4389.585026249892,118182.95483572748,2768941.66666667
155,2018-11-05,Search,117918.81954395102,11519.73867738157,323211.50128130056,2768941.66666667
156,2018-11-12,Baseline,2202908.9882792663,,,2666240.0
156,2018-11-12,TV,318134.098732117,219247.9981661122,420505.2607763135,2666240.0
156,2018-11-12,Out-of-home,53884.34391213978,2856.05923357004,166488.6280345316,2666240.0
156,2018-11-12,Print,3913.967087518489,17.430701004053887,64375.82375846092,2666240.0
156,2018-11-12,Facebook,117703.6474359998,29860.221285268988,222427.8359401686,2666240.0
156,2018-11-12,Search,51357.24851165144,1958.020789090884,248317.60194811545,2666240.0
157,2018-11-19,Baseline,2324299.020118101,,,2559550.0
157,2018-11-19,TV,92984.0621413848,22927.12672335168,207977.67602964625,2559550.0
157,2018-11-19,Out-of-home,60157.66332446107,4784.96310463474,171422.16745216103,2559550.0
157,2018-11-19,Print,997.7120928864252,0.3531010159225942,48003.780778339984,2559550.0
157,2018-11-19,Facebook,50527.83402514813,5350.072769285207,134111.16674488725,2559550.0
157,2018-11-19,Search,21918.455064837923,74.9679799216448,202319.36403787677,2559550.0
158,2018-11-26,Baseline,2114995.481760052,,,2653766.66666667
158,2018-11-26,TV,310806.0435699477,213637.41250967697,413642.24529183866,2653766.66666667
158,2018-11-26,Out-of-home,36108.85188348757,889.5967768496924,141994.66796331984,2653766.66666667
158,2018-11-26,Print,87954.88758099248,17749.18883154944,176152.3321375545,2653766.66666667
158,2018-11-26,Facebook,107196.9179292327,27314.482419363183,206239.41381450245,2653766.66666667
158,2018-11-26,Search,103541.68009923313,10580.972373452869,279743.20581370353,2653766.66666667
159,2018-12-03,Baseline,2012660.7640296295,,,2144703.33333333
159,2018-12-03,TV,89957.07528558193,21266.79987857463,205252.93102079205,2144703.33333333
159,2018-12-03,Out-of-home,57231.64237446588,4532.529257720383,165669.27359188866,2144703.33333333
159,2018-12-03,Print,26439.95778809596,1495.8474435575474,116933.76111342428,2144703.33333333
159,2018-12-03,Facebook,43171.00800666166,3999.8834881613097,123910.25284179916,2144703.33333333
159,2018-12-03,Search,112356.34794099844,11193.96900129,302172.29021846555,2144703.33333333
160,2018-12-10,Baseline,2209672.5388304456,,,2451681.66666667
160,2018-12-10,TV,17944.533726001013,1007.8962887979926,92559.61009285126,2451681.66666667
160,2018-12-10,Out-of-home,33690.86098821158,834.2869827427863,136013.10758429224,2451681.66666667
160,2018-12-10,Print,51809.53249409402,8225.152730475269,135035.90125162745,2451681.66666667
160,2018-12-10,Facebook,13640.78675814805,218.03352375351872,84339.0083719086,2451681.66666667
160,2018-12-10,Search,121158.06170397,11985.76924685188,323983.84191461065,2451681.66666667
161,2018-12-17,Baseline,2251599.165895853,,,2469486.66666667
161,2018-12-17,TV,3221.8411452770238,42.31330827781032,39448.12139509322,2469486.66666667
161,2018-12-17,Out-of-home,33874.62867870132,1089.0027378655616,132955.97185289607,2469486.66666667
161,2018-12-17,Print,13948.407024734151,288.61521620893376,100371.56641481211,2469486.66666667
161,2018-12-17,Facebook,3928.5161791083046,10.279011319615291,61085.4354190922,2469486.66666667
161,2018-12-17,Search,123231.20457759744,12067.993440586368,332496.8318794808,2469486.66666667
162,2018-12-24,Baseline,2217838.951404689,,,3208150.0
162,2018-12-24,TV,466499.1610384637,324966.5520753856,609205.3531687272,3208150.0
162,2018-12-24,Out-of-home,18570.223600148114,187.6913592088398,107917.99524977288,3208150.0
162,2018-12-24,Print,55043.62539649151,9062.03548152087,140111.32000861756,3208150.0
162,2018-12-24,Facebook,114607.59348996836,28936.9720798778,215711.88114170017,3208150.0
162,2018-12-24,Search,128517.90015582854,12416.435357175378,344142.4078488183,3208150.0
163,2018-12-31,Baseline,2015636.268985524,,,2746851.66666667
163,2018-12-31,TV,367971.45727064006,253407.53202405083,489553.9741518527,2746851.66666667
163,2018-12-31,Out-of-home,10100.41734801165,27.156995547333445,88909.00400944175,2746851.66666667
163,2018-12-31,Print,14973.538558812725,371.1481146768943,100628.9956024852,2746851.66666667
163,2018-12-31,Facebook,48152.11695585446,5287.869269174673,125863.413071918,2746851.66666667
163,2018-12-31,Search,123607.1569064782,11978.541024728069,337524.51240182284,2746851.66666667
164,2019-01-07,Baseline,2265917.979489526,,,2566165.0
164,2019-01-07,TV,124389.69313683888,29942.20643685632,271932.48592857487,2566165.0
164,2019-01-07,Out-of-home,6265.80273004658,13.587393344844552,73817.85526467899,2566165.0
164,2019-01-07,Print,12069.528672050696,346.0824905829321,88653.1940569574,2566165.0
164,2019-01-07,Facebook,42906.575144664894,6399.846254562489,114086.72277380804,2566165.0
164,2019-01-07,Search,128856.58484714164,12442.83289476237,346000.3458083756,2566165.0
165,2019-01-14,Baseline,2141246.301366801,,,2554828.33333333
165,2019-01-14,TV,131540.3266496889,51713.92350629352,244164.0900807083,2554828.33333333
165,2019-01-14,Out-of-home,3128.830662943094,1.737808210527288,59933.01645433778,2554828.33333333
165,2019-01-14,Print,9309.135739407306,203.7469133872748,80604.30895584094,2554828.33333333
165,2019-01-14,Facebook,13005.030947785322,354.1153743099247,74817.74819836953,2554828.33333333
165,2019-01-14,Search,128433.69039853042,12439.458629157489,347107.2258355874,2554828.33333333
166,2019-01-21,Baseline,1753906.1045791907,,,1959706.66666667
166,2019-01-21,TV,27901.495960475844,2851.530659577028,108635.66669002936,1959706.66666667
166,2019-01-21,Out-of-home,30617.31898315984,1155.6974913647075,117910.23833436564,1959706.66666667
166,2019-01-21,Print,24877.265245270937,1876.5402983098224,101737.7323839318,1959706.66666667
166,2019-01-21,Facebook,53127.75626955307,9731.978647441392,126858.32579044143,1959706.66666667
166,2019-01-21,Search,121306.9176358929,11802.56530277748,335718.5141634653,1959706.66666667
167,2019-01-28,Baseline,1967792.9430149663,,,2424486.66666667
167,2019-01-28,TV,225798.5047349463,125658.07867056932,333495.4436774651,2424486.66666667
167,2019-01-28,Out-of-home,16298.171635535824,214.98527094978945,93446.67437230978,2424486.66666667
167,2019-01-28,Print,6055.345243669944,55.13106385445759,74285.05648546694,2424486.66666667
167,2019-01-28,Facebook,16871.272305170085,747.2560375498854,75337.93294869005,2424486.66666667
167,2019-01-28,Search,123803.01647226236,12010.422348856242,338414.35936009494,2424486.66666667
168,2019-02-04,Baseline,1723324.125661341,,,1953060.0
168,2019-02-04,TV,55289.64757831014,10008.525028451948,153531.45589089437,1953060.0
168,2019-02-04,Out-of-home,8410.423944401435,32.28469958727392,72769.85752547183,1953060.0
168,2019-02-04,Print,33351.96558054713,3398.980409864357,110559.06883594509,1953060.0
168,2019-02-04,Facebook,4732.0996134952,36.536243273017526,51373.5720893638,1953060.0
168,2019-02-04,Search,120246.30181933891,11686.917944747893,332609.113568434,1953060.0
169,2019-02-11,Baseline,1731610.9577718938,,,2086935.0
169,2019-02-11,TV,123293.21098588729,42439.48441554233,235736.89597789364,2086935.0
169,2019-02-11,Out-of-home,4327.050857239754,4.585363630985127,58675.39271631019,2086935.0
169,2019-02-11,Print,17966.75580840202,908.4513403025356,95093.53462165307,2086935.0
169,2019-02-11,Facebook,38414.56402077727,5161.529975374899,105181.5180269359,2086935.0
169,2019-02-11,Search,53256.86441297154,2003.59796756847,261147.8956481604,2086935.0
170,2019-02-18,Baseline,1517224.0626794389,,,1675816.66666667
170,2019-02-18,TV,25525.18234918608,2608.7640388057603,99786.4959950504,1675816.66666667
170,2019-02-18,Out-of-home,2203.2068025212902,0.6091923234052752,46136.38791945341,1675816.66666667
170,2019-02-18,Print,8812.906706857435,173.96829844946785,78882.56652250624,1675816.66666667
170,2019-02-18,Facebook,11386.119166313156,372.427764024129,62311.198834706775,1675816.66666667
170,2019-02-18,Search,23012.31457402177,78.64083634582549,210872.5130862135,1675816.66666667
171,2019-02-25,Baseline,1619016.5330774004,,,1976413.33333333
171,2019-02-25,TV,153587.08776472113,62609.56097442104,268134.6652423736,1976413.33333333
171,2019-02-25,Out-of-home,31785.48011741373,1276.9762487666376,117945.24574630214,1976413.33333333
171,2019-02-25,Print,7581.661501145667,135.452424484779,72281.67891319761,1976413.33333333
171,2019-02-25,Facebook,3127.5117184525934,17.050312507576987,39949.28386771091,1976413.33333333
171,2019-02-25,Search,87233.66585194763,8976.274345839962,257068.43244793988,1976413.33333333
172,2019-03-04,Baseline,1355494.109841947,,,1480760.0
172,2019-03-04,TV,33214.89680530183,4064.1164775300417,115484.51403373622,1480760.0
172,2019-03-04,Out-of-home,16836.767043739994,245.08594200137247,92906.81833559948,1480760.0
172,2019-03-04,Print,1886.824509263176,3.2988488889647707,54089.36173455405,1480760.0
172,2019-03-04,Facebook,873.8351516693162,0.8139373346274853,28090.46039993406,1480760.0
172,2019-03-04,Search,91724.71679424708,9132.680657693008,267571.5371848951,1480760.0
173,2019-03-11,Baseline,1275043.9030709793,,,1425500.0
173,2019-03-11,TV,61869.51380588513,11782.41781742105,165471.55085282295,1425500.0
173,2019-03-11,Out-of-home,9042.85810728444,38.82301993869535,73945.69835247632,1425500.0
173,2019-03-11,Print,476.9192370201554,0.0636120211152399,38977.20094014496,1425500.0
173,2019-03-11,Facebook,236.220928820601,0.0328806367949011,19089.90561720922,1425500.0
173,2019-03-11,Search,89122.58725749188,8769.356772833611,266024.92788273335,1425500.0
174,2019-03-18,Baseline,1096650.171488056,,,1156860.0
174,2019-03-18,TV,11700.662471461368,705.1563108039219,65103.84556519042,1156860.0
174,2019-03-18,Out-of-home,4630.109177684817,5.722214559879969,58308.83199804949,1156860.0
174,2019-03-18,Print,117.45187926045976,0.0010236603786341,28506.52779598717,1156860.0
174,2019-03-18,Facebook,87498.51947032398,20493.42921770385,175515.98478757907,1156860.0
174,2019-03-18,Search,79026.22750105963,7861.350130643147,250642.27401180912,1156860.0
175,2019-03-25,Baseline,1155607.0632519051,,,1252230.0
175,2019-03-25,TV,39136.50382882271,4683.657436201364,133718.82824615127,1252230.0
175,2019-03-25,Out-of-home,10994.317973454694,122.00082409676118,72909.60714368105,1252230.0
175,2019-03-25,Print,29.87320796235176,1.6730911176011928e-05,20236.125830116085,1252230.0
175,2019-03-25,Facebook,31695.16466781817,2637.6272951097635,94952.48316537873,1252230.0
175,2019-03-25,Search,80268.85656503438,8004.814426730015,249018.2401449317,1252230.0
176,2019-04-01,Baseline,1139750.7775311442,,,1209373.33333333
176,2019-04-01,TV,7056.984410386973,302.8318820192822,49974.8961896741,1209373.33333333
176,2019-04-01,Out-of-home,5486.027744322935,19.5011015617298,57559.31965260501,1209373.33333333
176,2019-04-01,Print,7.926629311724674,2.602214943547574e-07,14591.674177683915,1209373.33333333
176,2019-04-01,Facebook,63357.219878478885,13039.629620479573,140078.22531556283,1209373.33333333
176,2019-04-01,Search,79905.00364616702,7983.681625206134,246779.49309810868,1209373.33333333
177,2019-04-08,Baseline,1042622.058429298,,,1183801.66666667
177,2019-04-08,TV,285697.45001714816,186548.6979380144,389588.2457231521,1183801.66666667
177,2019-04-08,Out-of-home,6156.906074758314,32.513555635148144,58023.84336677319,1183801.66666667
177,2019-04-08,Print,2.065652492756613,4.667901640969912e-09,10463.421487509073,1183801.66666667
177,2019-04-08,Facebook,21147.348983953125,1108.2574537494224,81373.46383961126,1183801.66666667
177,2019-04-08,Search,77114.43635436488,7810.298588837697,243220.97367828304,1183801.66666667
178,2019-04-15,Baseline,914177.33809581,,,918593.333333333
178,2019-04-15,TV,77935.04753645934,17773.493069927958,187717.334004344,918593.333333333
178,2019-04-15,Out-of-home,3055.469797430638,5.44353065916494,46177.80175618962,918593.333333333
178,2019-04-15,Print,21808.896053788616,1471.969055813424,92561.60250667873,918593.333333333
178,2019-04-15,Facebook,6049.112453857785,54.30243694759599,53872.07289480262,918593.333333333
178,2019-04-15,Search,70156.77252626786,7022.706722637397,235205.4291073282,918593.333333333
179,2019-04-22,Baseline,938647.0081759588,,,2303595.0
179,2019-04-22,TV,66791.53847494585,14608.605124099986,169290.70566961,2303595.0
179,2019-04-22,Out-of-home,1476.242819951412,0.7204125635493941,35309.74276232699,2303595.0
179,2019-04-22,Print,5178.364194318703,48.455085555834,62261.29150317632,2303595.0
179,2019-04-22,Facebook,31103.89463677427,3408.94825053578,93179.28873509908,2303595.0
179,2019-04-22,Search,66969.20498134565,6670.39047427709,228032.9266408876,2303595.0
180,2019-04-29,Baseline,863861.2487678188,,,890675.0
180,2019-04-29,TV,12736.355625888791,764.5344900374337,68125.7278094317,890675.0
180,2019-04-29,Out-of-home,755.5659881685599,0.090438486900346,28040.160055308825,890675.0
180,2019-04-29,Print,77111.6597380658,14588.670447780743,162218.19497548704,890675.0
180,2019-04-29,Facebook,50874.0965120555,9033.05451023891,122521.21485014843,890675.0
180,2019-04-29,Search,61691.32360217151,6092.666121072002,220912.1169898274,890675.0
181,2019-05-06,Baseline,946705.8079139262,,,989913.333333334
181,2019-05-06,TV,41530.48644871879,5421.76048278443,137460.1286632207,989913.333333334
181,2019-05-06,Out-of-home,379.179112053401,0.0138545374729481,22618.088688277363,989913.333333334
181,2019-05-06,Print,22463.923695685407,1005.6628959469527,110578.64380744813,989913.333333334
181,2019-05-06,Facebook,16027.886915323586,678.6288506281958,71972.64438985828,989913.333333334
181,2019-05-06,Search,70192.93846366141,7306.294541754215,226606.24447072597,989913.333333334
182,2019-05-13,Baseline,887259.9572253784,,,915791.666666667
182,2019-05-13,TV,7549.774453144064,337.0920434550891,51810.03115776854,915791.666666667
182,2019-05-13,Out-of-home,199.0007665834229,0.0019242491993713,18116.03420739709,915791.666666667
182,2019-05-13,Print,23502.199613047094,1579.7992768495417,105192.7211602424,915791.666666667
182,2019-05-13,Facebook,95234.8862878343,22779.977782665384,184866.9201873284,915791.666666667
182,2019-05-13,Search,26600.117344402028,588.0082299376381,183328.7574964181,915791.666666667
183,2019-05-20,Baseline,707405.5860216696,,,746205.0
183,2019-05-20,TV,211097.41958528128,109715.6929123014,321479.19569103786,746205.0
183,2019-05-20,Out-of-home,8257.410365875232,79.17526729903744,63143.75123069951,746205.0
183,2019-05-20,Print,34186.83115402059,3677.232358772402,116038.6958772393,746205.0
183,2019-05-20,Facebook,35811.6793937483,3066.332488664393,104588.17818170694,746205.0
183,2019-05-20,Search,10361.581425134527,18.765769063752938,148316.11854023742,746205.0
184,2019-05-27,Baseline,732936.2920697462,,,723785.0
184,2019-05-27,TV,50387.10778425411,8631.752503678461,144799.7807352722,723785.0
184,2019-05-27,Out-of-home,8667.73871205693,79.23827146905394,64807.05402733338,723785.0
184,2019-05-27,Print,8690.883077603992,106.73874848475906,84966.8359063792,723785.0
184,2019-05-27,Facebook,10679.30552963405,171.47640150806302,69876.39937089881,723785.0
184,2019-05-27,Search,40849.26407731217,3524.236699832028,173741.91355037282,723785.0
185,2019-06-03,Baseline,851240.1650870679,,,903125.0
185,2019-06-03,TV,9496.4523529067,399.7337440083538,61041.94600212512,903125.0
185,2019-06-03,Out-of-home,4378.134361688879,13.382364353329606,50262.99070091965,903125.0
185,2019-06-03,Print,13988.795467335394,531.447522554321,87082.89637959692,903125.0
185,2019-06-03,Facebook,3055.7140332116933,7.658359193230693,48707.306831656926,903125.0
185,2019-06-03,Search,55038.22774332517,5569.146028467545,192386.13811344685,903125.0
186,2019-06-10,Baseline,665613.6408675858,,,672250.0
186,2019-06-10,TV,1675.9969057907265,16.422777047332126,24767.04590297259,672250.0
186,2019-06-10,Out-of-home,2171.662008556817,2.067719253887872,39220.68856130402,672250.0
186,2019-06-10,Print,3445.96193027743,12.659567008922116,65884.71129294229,672250.0
186,2019-06-10,Facebook,2196.788088545023,12.609735507597538,38105.43235519885,672250.0
186,2019-06-10,Search,47191.16054649088,4245.87816097724,187049.51002894915,672250.0
187,2019-06-17,Baseline,702744.7144409943,,,739783.333333334
187,2019-06-17,TV,297.833314712953,0.6762631388318712,9876.24026219452,739783.333333334
187,2019-06-17,Out-of-home,1088.7505037845212,0.2734462270850693,29987.51881905125,739783.333333334
187,2019-06-17,Print,879.0506225113804,0.2418465334573661,48662.95071297452,739783.333333334
187,2019-06-17,Facebook,584.0765713256186,0.531415363473999,26049.259118901413,739783.333333334
187,2019-06-17,Search,49481.16772731416,4658.721682497546,188483.5354844088,739783.333333334
188,2019-06-24,Baseline,735805.2223704641,,,831833.333333334
188,2019-06-24,TV,61602.47822696723,10039.205028416627,169859.1464367095,831833.333333334
188,2019-06-24,Out-of-home,536.5427232061302,0.0367339227599218,23033.06039108681,831833.333333334
188,2019-06-24,Print,219.0961019974764,0.0041407268363285,35663.372148605595,831833.333333334
188,2019-06-24,Facebook,156.5477179739878,0.0216663207135728,18420.32480764713,831833.333333334
188,2019-06-24,Search,50877.18926221662,4776.266362194087,191342.31381125303,831833.333333334
189,2019-07-01,Baseline,827922.2148633148,,,939896.666666667
189,2019-07-01,TV,11247.974160704996,659.1897144965935,64636.655464969954,939896.666666667
189,2019-07-01,Out-of-home,277.9463494959806,0.0048168028317902,18621.78708941854,939896.666666667
189,2019-07-01,Print,56.58048637557913,6.440434491389257e-05,25208.899105702727,939896.666666667
189,2019-07-01,Facebook,42.75988753550524,0.0008769713663725,12215.504929174813,939896.666666667
189,2019-07-01,Search,60028.91394985,6155.531210770663,203671.82511754695,939896.666666667
190,2019-07-08,Baseline,800755.3653107521,,,946510.0
190,2019-07-08,TV,55362.035319040966,8688.836317130928,159375.05617453417,946510.0
190,2019-07-08,Out-of-home,141.85406600655529,0.000593275105639,14399.133039845068,946510.0
190,2019-07-08,Print,14.934133038443814,1.129832433063812e-06,18792.88841034677,946510.0
190,2019-07-08,Facebook,11.33891218784383,4.314775585391277e-05,8591.17152535348,946510.0
190,2019-07-08,Search,61572.91755888047,6280.899367033665,207176.07124723587,946510.0
191,2019-07-15,Baseline,893133.0708481856,,,1063913.33333333
191,2019-07-15,TV,10101.642667224798,566.170765740617,61039.30889343133,1063913.33333333
191,2019-07-15,Out-of-home,51721.85529006165,3983.087380986289,151783.94113462622,1063913.33333333
191,2019-07-15,Print,3.892905645377376,1.8381920372249533e-08,13534.586809078652,1063913.33333333
191,2019-07-15,Facebook,2.9759185483787505,1.7330273936018397e-06,5974.350374974699,1063913.33333333
191,2019-07-15,Search,72423.71005891883,7508.728482011043,221992.45618077996,1063913.33333333
192,2019-07-22,Baseline,1002091.069746966,,,1278223.33333333
192,2019-07-22,TV,110410.0558680449,31103.5656710653,225450.2485028652,1278223.33333333
192,2019-07-22,Out-of-home,29644.935982347022,832.4843946313076,119956.2587831026,1278223.33333333
192,2019-07-22,Print,0.9834891302704706,2.76486258145221e-10,10065.625275968998,1278223.33333333
192,2019-07-22,Facebook,45885.25601859126,6595.932323759189,118836.34781110298,1278223.33333333
192,2019-07-22,Search,79345.56946943441,8152.12699230395,236038.57032406668,1278223.33333333
193,2019-07-29,Baseline,1222633.6675265457,,,1500828.33333333
193,2019-07-29,TV,21921.24408361721,2097.3982993442205,91708.72903075682,1500828.33333333
193,2019-07-29,Out-of-home,45880.24342570332,2728.951007647602,144543.84816248552,1500828.33333333
193,2019-07-29,Print,0.2392983547628908,4.02834256849514e-12,6389.378813362066,1500828.33333333
193,2019-07-29,Facebook,14065.628935262852,620.7957533668397,63532.72551526813,1500828.33333333
193,2019-07-29,Search,87316.73248769902,8722.037968671226,252241.11919962763,1500828.33333333
194,2019-08-05,Baseline,1381597.459683221,,,1843118.33333333
194,2019-08-05,TV,119277.44873341148,36683.93541654512,234279.2367905824,1843118.33333333
194,2019-08-05,Out-of-home,25842.698875855414,486.9143431839977,116047.39269288856,1843118.33333333
194,2019-08-05,Print,0.0601220502563187,6.728297143964102e-14,4647.7996864451925,1843118.33333333
194,2019-08-05,Facebook,146226.73619809526,37347.024767624775,278843.8860575066,1843118.33333333
194,2019-08-05,Search,96125.99920784064,9449.148656110763,268963.1767465756,1843118.33333333
195,2019-08-12,Baseline,1190271.671323683,,,1443773.33333333
195,2019-08-12,TV,24163.191649870656,2443.606159547214,96924.66314656955,1443773.33333333
195,2019-08-12,Out-of-home,42448.26479887435,2276.0116575673865,141105.3038843514,1443773.33333333
195,2019-08-12,Print,0.0143508177094671,9.58471569965656e-16,3067.337299593384,1443773.33333333
195,2019-08-12,Facebook,73491.0149419796,10660.582539352075,167163.63953651563,1443773.33333333
195,2019-08-12,Search,38733.14719818493,1181.8161387999485,207015.0553252312,1443773.33333333
196,2019-08-19,Baseline,1144641.585778512,,,1397435.0
196,2019-08-19,TV,4501.6232613167895,110.34633116341718,38387.48102493568,1397435.0
196,2019-08-19,Out-of-home,23590.216175010297,403.1894595361382,112379.77457310236,1397435.0
196,2019-08-19,Print,23465.17496541996,1661.7255560519195,94654.91352731732,1397435.0
196,2019-08-19,Facebook,129356.3192499284,32541.48891315827,244411.3368227485,1397435.0
196,2019-08-19,Search,15858.172955566091,41.300798471275606,167674.84231084242,1397435.0
197,2019-08-26,Baseline,1586324.796450305,,,1930413.33333333
197,2019-08-26,TV,786.7580061731167,4.439584109817766,14613.387338126957,1930413.33333333
197,2019-08-26,Out-of-home,44325.61511933418,2571.090572216275,144183.97799889496,1930413.33333333
197,2019-08-26,Print,5568.794919028662,56.91670513558402,63325.015108667845,1930413.33333333
197,2019-08-26,Facebook,58243.5671434446,6393.391315053833,153183.41340643796,1930413.33333333
197,2019-08-26,Search,87867.74666600468,9020.307329603604,241929.622398194,1930413.33333333
198,2019-09-02,Baseline,1663784.9645661225,,,2106968.33333333
198,2019-09-02,TV,2988.893250793498,53.60806017869232,35494.79301091679,2106968.33333333
198,2019-09-02,Out-of-home,24928.060879370176,446.1709507012981,115151.88561478713,2106968.33333333
198,2019-09-02,Print,82684.69623304444,16323.759083635709,169417.84652443914,2106968.33333333
198,2019-09-02,Facebook,81975.98698272352,17675.56524307645,171487.769499698,2106968.33333333
198,2019-09-02,Search,103645.416027076,10498.638978116318,280188.4855274703,2106968.33333333
199,2019-09-09,Baseline,1719644.174934108,,,2233758.33333333
199,2019-09-09,TV,289959.0406579231,190542.72844456616,393879.5046997948,2233758.33333333
199,2019-09-09,Out-of-home,18670.614716492528,286.5507914359304,102181.24086854325,2233758.33333333
199,2019-09-09,Print,24538.144864133443,1247.1978811505746,113282.21540142714,2233758.33333333
199,2019-09-09,Facebook,29610.10383268319,1770.7611135012482,109206.971123361,2233758.33333333
199,2019-09-09,Search,111817.01207964277,11159.02625920086,300895.38391348947,2233758.33333333
200,2019-09-16,Baseline,2049245.0801811847,,,2575148.33333333
200,2019-09-16,TV,79780.67980090469,18470.573318867708,189985.99404195911,2575148.33333333
200,2019-09-16,Out-of-home,22758.55529306494,534.1776554827835,106824.58054628588,2575148.33333333
200,2019-09-16,Print,90848.66498910994,18936.696140351283,180949.0274251451,2575148.33333333
200,2019-09-16,Facebook,35391.386026217566,4490.016092799696,105468.44899619868,2575148.33333333
200,2019-09-16,Search,121777.50067802754,11948.502538749675,324295.69596699,2575148.33333333
201,2019-09-23,Baseline,1987042.51968404,,,2510951.66666667
201,2019-09-23,TV,213200.0468352648,116271.3382435797,322427.9870822141,2510951.66666667
201,2019-09-23,Out-of-home,12024.28889134433,89.49669179065462,84558.6872679276,2510951.66666667
201,2019-09-23,Print,27686.08971490973,1528.046485026809,123447.65473782312,2510951.66666667
201,2019-09-23,Facebook,10389.06280579049,254.56530383188468,69845.6392323984,2510951.66666667
201,2019-09-23,Search,123104.01069833664,12025.031213746004,332559.3835404333,2510951.66666667
202,2019-09-30,Baseline,1869507.3626750305,,,2275620.0
202,2019-09-30,TV,51411.90817146941,8635.810190903578,147674.61158146814,2275620.0
202,2019-09-30,Out-of-home,35898.08670183418,1577.8321447229755,128556.2582795286,2275620.0
202,2019-09-30,Print,108165.16542111304,23045.952232302672,209179.90221999664,2275620.0
202,2019-09-30,Facebook,2912.6501188333505,12.195764295842352,50347.66650778483,2275620.0
202,2019-09-30,Search,121773.34991282532,11903.782389309255,331276.55731693696,2275620.0
203,2019-10-07,Baseline,2022355.6255743564,,,2505161.66666667
203,2019-10-07,TV,164285.81160251403,73278.11076415291,277171.0000515921,2505161.66666667
203,2019-10-07,Out-of-home,19417.577952032934,300.1942722869955,102135.95254724036,2505161.66666667
203,2019-10-07,Print,36103.17587502966,2621.7905542023595,136764.75556659373,2505161.66666667
203,2019-10-07,Facebook,139600.2224081156,35711.62573049423,264419.891512951,2505161.66666667
203,2019-10-07,Search,123622.42958551546,12020.813650421076,336389.75483374455,2505161.66666667
204,2019-10-14,Baseline,2051125.753695736,,,2456240.0
204,2019-10-14,TV,36275.750361895945,4830.5826205189705,121756.89564315676,2456240.0
204,2019-10-14,Out-of-home,38466.634938887786,1888.9901700273715,132543.52424590368,2456240.0
204,2019-10-14,Print,112140.92269588946,24286.27130260147,217387.8604235376,2456240.0
204,2019-10-14,Facebook,67362.51519064509,9226.733479224313,157539.92278052127,2456240.0
204,2019-10-14,Search,123426.2071011326,11987.469458136802,336541.79690874164,2456240.0
205,2019-10-21,Baseline,1868514.8205551547,,,2182825.0
205,2019-10-21,TV,169689.560806623,76707.4735213191,283030.1055531439,2182825.0
205,2019-10-21,Out-of-home,21183.760961397173,339.39041710456263,105594.86682756396,2182825.0
205,2019-10-21,Print,38185.79582304196,2880.0307588642263,143037.5644114646,2182825.0
205,2019-10-21,Facebook,88055.53596286409,19897.865476825264,178659.68663489254,2182825.0
205,2019-10-21,Search,119783.72520807217,11654.823850738794,330666.3345669147,2182825.0
206,2019-10-28,Baseline,2112859.4166458845,,,2377706.66666667
206,2019-10-28,TV,66799.28184421224,15309.91900523742,167760.6941166429,2377706.66666667
206,2019-10-28,Out-of-home,20113.94631219965,371.4356909961272,101513.94612345113,2377706.66666667
206,2019-10-28,Print,30312.823377586225,2438.3904289643497,125703.62124382883,2377706.66666667
206,2019-10-28,Facebook,32901.683370736755,2169.639931959038,112696.56863573071,2377706.66666667
206,2019-10-28,Search,123200.41253968798,11939.23573533716,335663.81718641927,2377706.66666667
207,2019-11-04,Baseline,2387894.1797858262,,,2732825.0
207,2019-11-04,TV,44934.48866582114,7098.946618361897,138130.34085486789,2732825.0
207,2019-11-04,Out-of-home,10567.029379109024,62.82550491509042,80604.99547163463,2732825.0
207,2019-11-04,Print,33097.16255108673,3197.7734381404857,121032.7857682304,2732825.0
207,2019-11-04,Facebook,10048.01680768112,115.3159153555102,75878.14347642461,2732825.0
207,2019-11-04,Search,130246.82375408385,12540.799270589236,349722.82663464674,2732825.0
208,2019-11-11,Baseline,2456781.3743608645,,,2767788.33333333
208,2019-11-11,TV,8255.304620080493,386.8356057117175,53970.12220279868,2767788.33333333
208,2019-11-11,Out-of-home,5547.211959016937,8.56715882124621,64409.34457806266,2767788.33333333
208,2019-11-11,Print,8617.613256271661,85.94247226368753,92156.41912990244,2767788.33333333
208,2019-11-11,Facebook,133422.724668712,34248.72752802091,252369.7363513667,2767788.33333333
208,2019-11-11,Search,60328.746820603934,2674.5584933594064,269711.9095380881,2767788.33333333
