intercept,trend,control,noise,decay__TV,half_saturation__TV,slope__TV,effect__TV,decay__Radio,half_saturation__Radio,slope__Radio,effect__Radio,decay__Print,half_saturation__Print,slope__Print,effect__Print,decay__Paid Search,half_saturation__Paid Search,slope__Paid Search,effect__Paid Search,decay__Paid Social,half_saturation__Paid Social,slope__Paid Social,effect__Paid Social
0.6522769354292939,0.11977812564901437,-0.02189878204840948,0.028594466795908748,0.5971180089043292,1.0008448970873314,1.6766951270073098,0.2902935757153781,0.5247958303658306,1.5739526042600602,1.6079299227024895,0.12896706772452365,0.6017753182130181,1.509541177088576,1.1439951944963043,0.13274455102455454,0.33268566936175475,0.5877469598978605,1.0353802463243271,0.16948957806970794,0.24878185015092935,5.07060828016589,1.2808614166408714,0.08594404418230786
0.257227799965449,0.0899241045754447,-0.031591757019648996,0.02248444722888393,0.5676447088931469,2.2674841671428734,0.8646732811007652,0.48312463498860614,0.37207132550997307,0.9201167541128805,1.8342409915131512,0.06658398744091858,0.5276646361310492,0.5547756222293243,2.0989347921910793,0.0673021427139843,0.35072474156652744,4.162277063119131,1.4456099377301952,0.36646208167518735,0.4059300946976874,0.28109637180054986,1.4305799685130454,0.5264746572410578
0.24372900855182086,0.09631246242466257,-0.02845148351409697,0.028822142011286175,0.5872900778831895,1.5035616402803504,1.0462772402602538,0.3705240501140202,0.27026802471987993,6.447181231615913,0.7142332036115212,0.210425988274748,0.5884248317260362,5.678815271872049,0.9609639647711525,0.2753383217838906,0.27037783323439746,2.8779884362474455,0.7266076872170426,0.32361931400108673,0.30243960865818537,0.16994716175159327,1.161050872437765,0.4884496440143801
0.252982449758911,0.11850413763989999,-0.03844077459180212,0.027109032228390326,0.5645908521154216,1.3390164065736367,0.9498732163170793,0.3937878122970891,0.18172700921591234,1.1580559948990807,0.8000314146144926,0.09050545568738973,0.5308484971623556,1.6738736687740121,0.9915515424090854,0.13871486812260628,0.4470033933340862,1.0598527876727304,0.7477160461403229,0.3075462790503552,0.47256887202328657,0.24064409251292998,1.2763510131024989,0.38175182850398953
0.4349119432516646,0.10976346865636782,-0.03495234042109283,0.025781324353738803,0.5953551230122776,1.983635291007598,0.9066006262608659,0.43940579558091203,0.4325890365283793,1.7980612427766547,1.724780493906687,0.12665479629864515,0.44553311262587536,6.6195691975177615,0.8490774561197801,0.2908752185358828,0.4202073860666685,0.7390747944228595,0.6989978782472703,0.29081918070246093,0.46613606741457647,0.5427752340111186,0.9154982414564352,0.2418827406201871
0.5778395643015203,0.1058974604639182,-0.026291882571195687,0.026688154077001123,0.5693243725126707,1.2001863975961413,1.177328982523285,0.3440393454024462,0.3517478918623238,0.7111971391227883,1.8170354390077752,0.0682206180144279,0.6154575968123571,0.8207404584980821,2.7291802772168055,0.0645108304863124,0.3773940239147588,4.238503109074451,0.7613293578399734,0.32859016558564413,0.49869261434237244,3.3402034982083872,0.6718888779334746,0.31540193202223366
0.692929785335769,0.11341337505495874,-0.028277493817950083,0.027602891282098734,0.6003525846637887,1.1826908935351454,1.041978860444448,0.3650176856386299,0.16737576551897826,5.836168426772455,0.8026291974435649,0.27803581636628527,0.45695102637298135,7.8296125441645,0.697383946026522,0.24486392761803108,0.1405258455934329,1.2083166668502159,2.0383652311076363,0.07509202591422048,0.3629484713049997,1.2680401585284422,1.0359446072647691,0.11170033539905952
0.7356746276292027,0.10307591390018093,-0.024110029529988895,0.030544443974178978,0.5636805836208661,1.0127220263899652,1.1735974226721482,0.323432717059047,0.46040926828487355,4.940913851141461,1.36534288216759,0.32029524958150923,0.6522307594733073,4.588913232495902,1.362099147462539,0.33965849653754493,0.17766423898070605,1.6290847645803974,1.9293482907690986,0.07986839616999623,0.4327343660652452,3.088435508688274,1.5318519349124833,0.12270266894700675
0.6622750731845224,0.11478687593019868,-0.029519554465550022,0.02678916245809743,0.5993264581266543,1.5891366382008039,0.9596308184936979,0.4049891390318466,0.2118160942069635,4.472964734547965,0.8021314917698564,0.22766046831792933,0.41397445624216134,3.3561498960947853,0.7789952486984013,0.17961717023758808,0.31941034446188366,1.666393154553746,2.3044002254138642,0.10257974054387409,0.3161607645498205,1.1159989590821815,0.7507538060221101,0.16463093301887283
0.6505128665971736,0.10616375482424285,-0.020715617268480684,0.02578767507823644,0.5780800115704323,1.0370132485948589,1.2714319357652692,0.31995388500654043,0.36258563597684856,1.2858503991215569,1.2381217724571105,0.1073112756744887,0.5273196066430103,0.993174661600866,1.6027559564846767,0.09836246733894839,0.3852640102351373,1.973942808587075,1.6683711484143704,0.19279703085820943,0.5028573375585219,1.2689615101430312,1.3250961266000634,0.11306693472270626
0.7492539213030169,0.10255944376433544,-0.026291370748111612,0.02776548626346773,0.565382066948047,1.3040675428181254,1.0655632298129478,0.3544562271899268,0.405312312645854,3.2279339189571714,0.8397151463782938,0.19529753545299966,0.5841759176359086,1.4954159529073605,1.6668323588913805,0.12893230483562487,0.24883576379577504,1.871813885736858,1.568996137716994,0.07450081722916821,0.45060894822904657,1.400392485348601,2.160071088466252,0.036627845927150175
0.661175593984968,0.11402921623998975,-0.024194833334797897,0.026165424160228924,0.594067257167013,1.2530245525541008,1.0933682346511147,0.3576317694052231,0.46252534775145765,2.6306118174532203,1.0452748724018017,0.1733274824383724,0.6025245120628956,1.6004426182784628,1.4898206849162066,0.12863638271797712,0.4834385263775607,2.4190806476772915,1.9985529986720636,0.11634948711827227,0.33592099587467167,1.8862274942044628,0.6231209782645436,0.17825774756686694
0.5757526470804012,0.10370506923116357,-0.03244023167563806,0.026387147208975576,0.5916127914046111,1.9512081520269882,0.8924539143544157,0.44674463637744577,0.305862824684217,1.9935165875057947,1.1578641417160291,0.14098164673766198,0.5060190176031505,2.293363050181384,0.8817237665927243,0.16792685416625944,0.30310783708258954,2.779166631001157,0.8022852877409666,0.34526638996988995,0.29263024378152463,0.9323813345939339,1.2327458135183704,0.16368105744349745
0.5567263316591594,0.11326393698993234,-0.027011946266923173,0.030077413340294838,0.5768468482378895,2.2949861164395697,0.8438541751847317,0.47946628498918054,0.4308764663178916,2.1072719502649635,0.9315983951990544,0.12669581568449662,0.5683246845070411,2.9567824791166215,1.6129450415117004,0.20380806736687468,0.32515965040690137,4.077151654731562,0.7969566248899633,0.299106718884788,0.6462195029775344,0.8306678347070653,1.0370707990088694,0.18772776279342046
0.5397637113535712,0.1176518780527642,-0.02818602351165749,0.025938598181723668,0.5670209982898895,2.1692809274023435,0.9011784790056228,0.4538976421064875,0.2786878913396113,2.3084155369761916,1.0716219493160553,0.17417776214418354,0.6094869274304875,2.8423921256668203,0.9307639199709485,0.16905188831548873,0.5431417624591262,4.169316594380888,0.9175502507437413,0.29312717554639584,0.6090284686456112,0.7692062445202278,0.7446449780679111,0.22178179070259862
0.5321455646642314,0.10039011670809647,-0.033759080289816265,0.028531302816934823,0.5583148898190029,2.1312343591391865,0.8974732617061042,0.4699493329325595,0.22171996945052297,5.966755536000228,0.6299592554587373,0.1950104633347507,0.5416893543208837,2.236739119359515,0.9214692776196365,0.15416076324065753,0.49819935413945404,6.5393442427341295,0.927749742367537,0.34522731935344203,0.38939484470972996,0.4206271721951564,1.5141078980986804,0.21798962922085302
0.5091241681971762,0.117675482778172,-0.0315585112677299,0.02966090596035852,0.5495427258523928,2.5060213476144035,0.7306916838411891,0.4964673842617745,0.4274152601151428,1.0310372942119954,1.4650247870000908,0.10187365563897713,0.6267073707468782,0.9099535492972991,1.753151235290161,0.08816037127029712,0.26610991844076864,1.708602946967256,0.8130221240963351,0.30473063281643414,0.4339468333465508,0.6803119111489012,0.860587494443127,0.1969053574091759
0.541778622324539,0.10271943504591569,-0.027783851198507944,0.025710094650449256,0.5503356089074437,2.0305892593983823,0.8000727916575531,0.4783179022721815,0.11985261499837739,1.289511391053068,0.9298330623606424,0.11723224065790885,0.4280718019030931,1.3574264995820977,1.0155646084661876,0.0921562624999998,0.39442881206290875,4.664364826533003,0.6787318102716129,0.2396188687068468,0.476652569131781,0.591733529454135,0.7639964370682204,0.26206104935024577
0.5434803071884166,0.09802740438567424,-0.031007513586382717,0.02583765934592818,0.541177617852333,1.9969607814678252,0.7643590775847844,0.4425956560888049,0.18585379936964805,1.2240175985836115,0.8404334283232553,0.10925129839019336,0.4764153371672226,1.0969656708734439,1.0072227024797211,0.0840934433443909,0.4342220862860949,2.781371084723725,0.7807479943044331,0.25042991649618607,0.38159904371197406,0.4871254925866127,0.6299016277498397,0.24958282971162288
0.47068482715636073,0.10315713304802027,-0.025226217654507874,0.03026703788237632,0.5131008416800305,1.9035526194119994,0.7760843296760944,0.47470931611387585,0.5363357085788989,2.5102880818764906,1.441937019375429,0.17491540779503736,0.4547308994473685,1.8526269257511983,0.9223321460022498,0.1643477412046673,0.5183894098586803,2.615493215987885,0.7775659456796095,0.27922490429680363,0.2875741763712454,0.23082074717432305,1.0308205552365604,0.22757513042482946
0.4810944167287161,0.11941210672085004,-0.032658625785568156,0.02584406474876203,0.5850432970560533,1.6407816671633593,0.9809330495468491,0.395873728806546,0.1855996330829018,7.976127099170563,0.6532792106198984,0.253898989575407,0.6343792007922412,1.5690486045577186,1.3434533480634119,0.12909752401004,0.29801254440515984,3.501607954022019,0.6303143019734377,0.4060776162326572,0.5534613367378679,0.8525005130784827,1.4167895451909598,0.21117295588763307
0.46003582628204837,0.10966230063843353,-0.018107601960424626,0.02761740961300061,0.5985649026722603,1.348628029781005,1.0934407301746039,0.37866260375940186,0.3038641196023809,3.3009928237032615,1.0798569903413502,0.20943991474112283,0.5204973348103478,1.1981749493610936,1.3925061935327725,0.10441690103718919,0.5376207301658351,2.9244248357242024,0.5656974921357203,0.4533985049631746,0.3316475756627709,0.4714340701775716,1.552560297371363,0.15410237144134004
0.5866718870941381,0.11204930069416152,-0.019942759177813487,0.027242839049329903,0.5824561289653275,1.3486310455722237,1.0461443895371985,0.3643582239909836,0.312685432554572,2.1189078236868735,1.0641536017377315,0.16845321244695088,0.6418525441881278,1.6391241318041971,1.467196940875365,0.10788406320920367,0.22712478403788622,3.979271204408252,1.5259088367848963,0.26177477519779535,0.5458280010462633,0.8273115224383467,0.7194120542508055,0.25570971950696525
0.5601850816408637,0.12393518874775053,-0.03619812440933417,0.0269158047221153,0.5779907176177715,1.2769311864921673,0.9920982046956843,0.3900360563774099,0.32251409211984766,2.8412497058349,1.032232175797752,0.19260881008515449,0.5357040306543853,2.714743958091633,1.0104325566077719,0.20499786089079133,0.22944103651956782,1.0382623616048658,0.5374442381453256,0.3397570369130641,0.3843747650189128,2.714597281571223,0.9892959329995517,0.10809946788170953
0.5916016722312258,0.12008977453506575,-0.03246363710689325,0.026238785774680137,0.6104589080707261,1.3567010708123024,1.0277947411976542,0.3888220709778554,0.40843015732274973,2.37970697123395,1.0627946408354125,0.129150688756715,0.5578344219065269,1.659735657785682,1.1106066654675892,0.1297132396284107,0.303693426937656,1.976577195445433,0.6798833355010497,0.36743280170880477,0.29980354694128464,4.794380729603887,0.9610330717235814,0.139267652257282
0.6110671378658503,0.09451377288190052,-0.025573141831792035,0.029450678699151193,0.59300020102956,1.3013654799627559,1.0046804559125386,0.3417804223552429,0.3955447914081943,4.441286448269891,0.6944118778769018,0.15383843931908997,0.49312041418301344,0.6476586187209323,1.7126428453111524,0.06830534746215056,0.5383653822915927,2.7285541031553793,1.150723362824142,0.29286557839532495,0.10072672013173109,1.6615115621403218,0.6496756125649674,0.1898868096974129
0.6123935214639431,0.12005137096425172,-0.0318032819785322,0.02693987874222059,0.5714383797262389,2.452895462167832,0.7359925510819911,0.5383458821547763,0.20361147551870837,0.4265317550619177,0.7257551898178537,0.07114807508316394,0.5022274794377846,2.553348897411827,0.8216705781466302,0.18818597685422112,0.2737293189221293,1.7726638703658975,0.6011547172415265,0.26730553060944323,0.4117850092103326,2.8183628941298022,1.236906060782167,0.11099999082820908
0.6580744181688902,0.0932434340640371,-0.020755137510506855,0.027436514118733917,0.5796777047088446,1.399817396874204,1.2743738626700474,0.3432410399484013,0.43501345978290135,5.528562239520996,0.8950734003849816,0.23235254115798942,0.56135894343706,1.8721753411209152,1.3061891660250093,0.10558585642192803,0.463777503753117,6.313660127374014,1.6073583530073656,0.2478257221394925,0.31323963663636367,0.8738986917174842,0.7978891356833393,0.22484642082898962
0.5989140211696277,0.12934561682237447,-0.0373005224244573,0.03080992489153389,0.594926177555841,1.6920537471883685,1.153913017041164,0.4204619887684515,0.2855228639193742,2.547712344666315,1.3210912634280743,0.16629212977636385,0.5448014679563615,2.502687655104189,1.065150365973422,0.16289548106362622,0.2538634278929458,2.3434227419601306,0.6454781458091773,0.2205758285980629,0.4605414650725362,1.4765836924329923,0.8361302833805604,0.2004780521454502
0.5044475611024304,0.09636304913040951,-0.03387862682206022,0.0322779769949522,0.532060546688426,1.0586492374632077,0.8615497475882031,0.3557215489340638,0.14736379717751882,2.091075983599118,0.626697575788339,0.15300031090180635,0.48737364764300833,2.542219103992163,0.9713313242678175,0.160414564749652,0.5268999202295891,1.8241144727603027,0.8779543223474889,0.33181296488563267,0.3797894561382415,2.08308910815516,0.7109782943723224,0.2815950917786204
0.3792660761663299,0.10694081192237452,-0.021301536532320798,0.027194497735621652,0.6475618912680812,1.5108228700015753,1.1551417439892149,0.3774190238933764,0.2171122472932887,3.227581005657601,1.0207783046864218,0.15588031468799987,0.3649502831674975,3.956053478208207,0.6517194012372283,0.1788083447977075,0.2844794827316958,2.0001117281468312,0.7019121824551138,0.31198999734678107,0.42530433945810947,3.178286972207473,0.29041791064154077,0.6339102441550502
0.41194424784020056,0.11491598753437328,-0.02706494306094347,0.027698878212206172,0.5613023728052035,1.0246915018155396,1.2938536994620164,0.314764720409583,0.4504660240186857,1.849978459534543,1.0340664249551714,0.14270914436356175,0.5818458077863714,4.842840343939756,0.9886256102454191,0.26254502680776115,0.3263727758795294,1.7939413362567462,0.7653342480052368,0.2787064814319723,0.5135861484980084,3.6630938095699976,0.3079913034379576,0.5619816923382519
0.39429380608100967,0.10221206050063782,-0.01326814633019581,0.0261622691329693,0.6061144819388824,1.011136575811071,1.2496570756501788,0.30656401942565886,0.3839533114313955,1.3179560429232164,1.3602757686431493,0.13739118094011338,0.48493229228264806,4.220955254940282,1.0581683852828607,0.28377583294099507,0.3693530619524033,1.9297819580754896,1.1281492521262804,0.24233267408557704,0.5263286275993732,2.752775634250098,0.2809038222388014,0.611792913508529
0.6940947187294817,0.11057753591492793,-0.02698650941709964,0.030276212335215238,0.565237248592867,2.908507386329608,0.9010714632727175,0.5743125793614264,0.33418739445772605,3.473710116890403,0.880076094335948,0.1796856944261163,0.29280002056516174,0.5024929459612998,1.0478693014017053,0.08037633789467583,0.4626086139913811,2.680264442145954,1.225660339931442,0.24229664373738533,0.2411877501729987,1.1917593308349403,1.1395891728276348,0.021722854498421866
0.7040401666661208,0.12159871840578249,-0.02439470879718773,0.025154520582060212,0.6089537251706127,2.925437309826351,0.8385642411754941,0.5487699165628386,0.4309260381802777,2.8618085884157853,1.1073484153103672,0.18691791472512406,0.4031402881811313,0.6172886483647497,0.9830050855674912,0.09014101546125404,0.5042323983248709,4.41532106552695,1.2715460013208613,0.23368783851671043,0.28237265722284094,1.5667890392517747,1.0405279679082406,0.02360447227675633
0.6417222505783852,0.1101488846079582,-0.026760190081056075,0.028306915264903938,0.5616267496634508,2.053911509026653,0.8186597181875309,0.4578789931796338,0.24729337085526065,2.0479869702550673,0.7060184270024513,0.11304993580108558,0.5818445660068483,1.8974136666323986,0.7581760159189627,0.1448585786958498,0.21948123034550582,1.483581810437625,0.7805257159009256,0.2725823147519556,0.341735998414869,1.605843891665702,1.3753068981851175,0.04307310531756646
0.6412929916542366,0.10025796081014508,-0.025280897987511458,0.02440472467977871,0.5344443867716357,2.270911689574042,0.7483844824373145,0.4865498483329916,0.17887718797763916,2.272730672511337,0.5282321305217819,0.14545815459940686,0.5878812654148518,2.029681772107031,1.041459984857454,0.15355550517633149,0.24469525600059683,1.2628154003373393,1.0146454740377633,0.24983482912484692,0.23403983883392065,1.6055303813584494,1.4239150909595364,0.06285598482219769
0.5528473608206056,0.11655899288301222,-0.02330831738413385,0.024851205433483476,0.5901395100416393,2.1176457284054573,0.9322909456694576,0.4552517720987207,0.38640744445413866,2.1909308858310808,1.5583277188253504,0.14034497783429567,0.5777772587789353,1.1336882574461653,1.089069333464705,0.11766454563104549,0.4013071548456667,1.390009250739542,0.6356855557346,0.3197428957214611,0.3815757440166145,1.2379509476458972,1.3546052023032877,0.1238319512904009
0.5240367452265485,0.10559956341744368,-0.027171335221774413,0.029473859961982884,0.5853188864012931,1.1823265893084582,1.119930686821426,0.32186387880356715,0.3709110804847042,2.4818828543146796,1.2138727061815577,0.18806853948665192,0.5806562122092468,3.0239542638728967,0.9967032315980408,0.18438680344288297,0.4044982157805761,2.9564613917223426,0.49361987738259794,0.3664524752212047,0.5950258938884939,1.1990011901573407,1.2975857702312217,0.17249007067705913
0.555966673550671,0.1072402238461941,-0.03194095167659521,0.029202092593947113,0.581437833981722,1.7127122618134079,0.9650771486969013,0.4378471984502824,0.20499256321526244,2.4816265481611706,0.8148158070073505,0.16581528452647515,0.48448594121757627,3.7016912613434316,0.8960976492667079,0.2023725671072575,0.434570161188369,4.684687307087065,1.083278199179545,0.3154135230534408,0.18707399620936607,0.37878071163444466,1.421595144931057,0.19101351685749138
0.5594305802721614,0.11472192746232664,-0.028248459327964,0.029320818911937073,0.579192860703199,1.8530334741836962,0.9827225430664532,0.42709233813053,0.15238485657817924,2.897029839250069,0.8035259837903121,0.17763454949621574,0.5147454661052668,3.157091021229008,0.9304108469976172,0.1879054205280463,0.41727900223020764,5.650180270230518,1.047726852810808,0.3475604955043703,0.16876672537162338,0.36291263311332084,1.578153294475171,0.1927603724966213
0.40254777544438425,0.11188080844436565,-0.024308451305236838,0.027359369212367386,0.596085044759618,0.929331373854817,1.1180075614586806,0.3099779254838351,0.22725439650141527,1.4301403147933571,1.0860317760725555,0.13481091961558542,0.5971910600303404,1.4541253549436737,0.9039293488131627,0.1333992345172319,0.10049872556669617,0.2295978539788072,0.856143255111706,0.2702722229466069,0.48048527771256666,2.486236385051022,0.5105901271598969,0.3682503015283465
0.18780497409541175,0.11847693122728842,-0.023637372930534244,0.028938884637726436,0.576429259947075,2.8781038386608837,1.0039680675144218,0.5613187318020175,0.4310608456094811,3.798354790143664,1.0760128661172077,0.20987433287268809,0.6225971334239335,3.41453312497302,1.0859020309253538,0.17519521856728057,0.498559830741981,0.33991713126584644,1.475812499843003,0.5864581168556876,0.17501748954958168,0.5652033668751838,2.559326754009079,0.07904183388453383
0.42751269632418915,0.11994161592219674,-0.026183701515446963,0.028915197903460612,0.5254666969675822,2.948361632986552,0.7390012433799479,0.5569595368570212,0.3871832729841901,2.5439980565402203,0.8936736124601053,0.16761146839089422,0.449752044476397,2.3615237428929143,0.7565940564494689,0.17693418113242385,0.2691042203227667,0.33046139404676733,0.280155272323666,0.5124540370997012,0.3789630676224408,1.4393814526572282,0.6102237341509661,0.09428900247789652
0.4173908004495621,0.11260311173993204,-0.033625886210180096,0.02813282181989348,0.5706444103409298,2.385858573201539,0.7140611430655966,0.49702639851606434,0.38336406337104023,1.6312926861487114,1.2673972908454298,0.12101087040182398,0.37617090621059074,2.2905176427677465,0.598208129390396,0.13655406026618708,0.24933273071552078,0.4383707784773341,0.4127601788573115,0.48943704670918253,0.5289192207308979,1.5120364281443446,0.9771572594474037,0.12490917189610258
0.4575605030589696,0.12770023387188964,-0.04078142749275457,0.026912830338849204,0.5996455928794481,1.2432954412044488,1.05443019822227,0.37610211019238265,0.2953836294356594,1.1820850295662868,1.0141740112951891,0.10274133458236426,0.6298157810062227,1.3370151659808818,2.353015754075486,0.09678192306859221,0.5351688236525787,1.011448088899387,0.7903550716493531,0.46052257507624006,0.41474263934914835,2.2674366061510076,1.5653000843971174,0.08887403845235253
0.3883286928794165,0.09493565317038304,-0.029941766157326643,0.025696036499892858,0.5635165140920547,1.3020154097265282,0.9546878890211608,0.3680192028353946,0.4700647091215733,1.9905155762390492,1.127245155112642,0.1229839833598683,0.4700214656469209,0.7529630549930798,0.8753556691167615,0.09775966073465725,0.2533283748503585,0.671068004295618,0.36621331335875734,0.5765779928576032,0.35052498342444294,0.9574872384424276,0.6960855869943143,0.16536810521626916
0.36815463156584777,0.1323771655808248,-0.020511439551614368,0.027912828568693128,0.6133245704734762,1.1914001881995329,1.3038292211060472,0.3365106776691125,0.3458712318913482,2.196855291601471,1.1605178902017026,0.16630451179722325,0.6379880919107161,1.2713554712813722,1.4788149305814517,0.09466889893074976,0.32016665510448983,0.49462645489112944,0.533232912684743,0.4859040825654853,0.44384703557921734,1.6992986807322772,0.8483068785857929,0.20934177572038007
0.38401527625878495,0.09489560276841996,-0.03932450841271122,0.027769073738039496,0.607454716449344,1.3308538492154742,1.133967896707363,0.3458942791484413,0.41543082049571745,3.1909256811774567,1.0800024608650702,0.1957656758553856,0.44423788725171615,1.0906159381898393,1.407704757623036,0.0921147513474079,0.432046635528818,0.44358213007672403,0.38821865860185706,0.4759621993921583,0.5101554658917038,1.107260230101447,0.7877494911127824,0.2172947102985048
0.5016549645766316,0.12319394669274113,-0.021832500975954565,0.02972007862818684,0.5870481887378739,1.3200473080290007,1.1573761954705257,0.38237724976897786,0.32472173011202243,2.3476204227248596,0.7984466646907525,0.12757150422916372,0.4520074193166099,3.1983645369852973,1.2359888689809284,0.17848601815190776,0.07691741819339856,0.4624439558374321,0.5788981556343497,0.4128569118004725,0.2338120318426607,4.580744111593222,0.4319417782243746,0.11853142902018993
0.5587665440190214,0.11408835228733684,-0.02306548553494057,0.02615851779438764,0.5378908793060242,2.001630883583301,0.7520018226622719,0.4656258628659168,0.12528349670720024,2.6215535315416783,0.8743631729514163,0.18505740071249752,0.4821008740471699,1.6285335095374758,0.8946691373590888,0.1693132324223837,0.4828802884995313,3.924132711411127,2.1592146398220833,0.1295690097536794,0.34710527680766895,0.4868672820774605,0.39962786083506496,0.3318584764755613
0.47186787894756044,0.10495146236926428,-0.020656182860452083,0.02755042000424218,0.5993543785335982,1.697155204495355,1.1988802682736035,0.4050366320050356,0.4075539535503418,2.705473713285264,1.2983389073571114,0.20857070878989753,0.5897607797232857,1.3548766591885655,1.5577712759826488,0.11676187452262364,0.23437239020007875,1.0744178491953347,1.1377002991581227,0.05850541157775179,0.3234020187548658,2.125597606795007,0.2961139389625681,0.6301266971100565
0.4314072000431009,0.11732035109648942,-0.034406148223227566,0.027733996475317553,0.539659580294737,0.678780804533304,1.074671923548569,0.30212894332557644,0.13364396289607147,2.5768509711459555,0.7287995452002922,0.15432086702197895,0.4210121718925612,4.065254038641418,0.7622410924089671,0.21843336467021057,0.31383247329128766,2.052392928155048,3.7884408905309135,0.05204527084976392,0.6663705831200046,3.44458891699299,0.36262625128703696,0.718574592042032
0.4447712181413572,0.07312556477746182,-0.01427513530831126,0.02819588429793777,0.5960155373199876,1.0631634433175077,1.2063660637619522,0.2913038269680578,0.36643101002180634,3.3740604536956496,0.7133144495822465,0.19178166625988327,0.3995352942554638,2.9849014431533405,0.5215407351213004,0.17358564310520333,0.3183841216480482,1.7391154707946486,3.548414653778234,0.07712517419678186,0.33565060990805623,1.1068435160137575,0.26812486140678254,0.6542429663015162
0.44914445694658384,0.06787789203174789,-0.012299816120991288,0.028900633856219698,0.5927052827050707,1.007107607460409,1.268533366680809,0.2983141112029351,0.3377760425593502,2.7431990419024386,0.6019179972680502,0.16971163471495138,0.3811141095560135,2.759012746829722,0.5206296090457114,0.16285437239794168,0.3524312770407754,1.979978246645492,3.526495747624982,0.07581766345299494,0.31476027857730077,1.0008109107060092,0.2648663324380103,0.6422113368328868
0.4937632860260157,0.1104278303811482,-0.04698598783547282,0.02620370006939591,0.5242089167853605,2.928923834138688,0.6886698123174064,0.5446183989996147,0.3623710702910914,1.7969003944867359,0.9520185186793816,0.12797976592490953,0.7041535408438235,1.2856165691942854,2.3715688798555,0.09800415870362048,0.18557561838740758,0.9844036832276816,0.43087576482709544,0.4239921014404383,0.31284201931361283,2.337277348167083,0.841427113689191,0.19205691789339588
0.4851754328887782,0.1013625028543599,-0.040521031195887056,0.02844802511869993,0.5970453730960356,1.5385442431844474,1.0535509922985213,0.375662016955834,0.34943297028285913,0.7990303569874715,1.2629939343354883,0.08480652043532055,0.31759276095196276,0.4684396335202634,0.6717506209558802,0.07986954162166245,0.43149181837711065,0.4824524810450295,1.3562699924569146,0.32011171858541126,0.35778813933116693,2.9134824974561617,1.1653873990641244,0.18144863058743302
0.3745153822745028,0.11845834281888205,-0.033890806877812665,0.02811858050521321,0.5494115455186049,2.9425949062113994,0.7424319904041763,0.5352686348748517,0.19588714085855652,5.562813928825686,0.8771087806042659,0.2533015854302861,0.5212693010380953,0.8865042173285627,1.4988133908202255,0.08462253523267307,0.39949822403492413,0.3319065617537815,0.8295614955383888,0.37482866850140073,0.2674562446679325,1.1206028502330778,0.7651886846486787,0.24734506336516504
0.5837912002228482,0.11536629227268319,-0.0189256518351978,0.026594788601618555,0.5463148838937452,2.0163152837057976,0.8200303918954698,0.47615757243686685,0.28896381749649924,1.584204857717294,1.1619675397604372,0.11123847280624136,0.4580450528575409,4.895448595098003,1.0539343755808326,0.27136710839874933,0.33724895131886173,1.8608039911502288,0.7484761842351546,0.3830303886244887,0.5223927300794129,1.4114689940172427,1.5017741063184329,0.06160662956562196
0.613339579801664,0.12180239197104466,-0.033451985582590875,0.0280058588501948,0.570260127471654,1.716184630166817,0.9667302627926186,0.4457201569522456,0.5215439578304741,1.0702000623994887,2.6667962719246314,0.0606975333866482,0.5944829363488552,3.7336325598371,1.1107129980005654,0.21217445439063592,0.2511691230342537,1.4518795472768007,0.8040448827051205,0.3132800676036526,0.2772215128025863,2.0964839761626304,1.6499471958462806,0.08783903340010586
0.5805988811970447,0.10681192017766862,-0.017033448962048524,0.030750450598267885,0.5535272496495289,2.2243296944677082,0.7848518815168635,0.4743346150362265,0.0913854016041869,1.4679334922234946,0.33605498018292596,0.12439047806542097,0.43005476005828874,2.670901281283164,0.8756229667961725,0.16780627999211153,0.4622138369668139,5.065837633297372,0.4680363833620111,0.4548310787558225,0.402435054288641,0.7802481793060403,1.1724293343808427,0.05618594824822791
0.6951291488120779,0.10646066712247391,-0.024163351873052175,0.03158790156666045,0.5735061166832333,2.536593569594563,0.9700528409471182,0.5069410880193128,0.5222632066850975,1.6204636804137833,2.387329365674454,0.1109176603733168,0.6059660132514176,2.963465259830988,1.3633647052766171,0.19962133272285848,0.3228423272321169,3.315487290712292,1.4228865228572354,0.23428445671805426,0.3654538930043393,2.043868441966725,0.7515741338983195,0.12229111903810926
0.6653664900700796,0.11213265487002119,-0.03543334480906883,0.025439722863151142,0.5411412917989006,1.2120975617810001,1.0655520866749715,0.3594447782440147,0.19109931335007663,3.3424807829703758,0.5426126800083731,0.1473280496863063,0.5478551031207167,7.425906603104082,0.585493982701884,0.22190163110689926,0.4242494461335064,3.154026020704797,1.1462951862579582,0.1829977035522662,0.40377976883944616,0.6368873899894604,1.1797637121257822,0.09748079595286639
0.6926922152780549,0.1166360925525885,-0.0315803408602692,0.026564960348456866,0.5867668682740074,1.5865806188000529,1.0184455070128886,0.39888474065062673,0.41441151704985474,1.450281657929612,2.041970566483642,0.08752560142519691,0.4980108656957035,1.8080788132050545,1.195498317391003,0.1511524824092375,0.3708959266673829,4.582798164020732,1.5767868923208033,0.3651785198011142,0.2299295166039231,4.2362189603455995,0.9905800257436216,0.22716723237731024
0.7077884444400523,0.09363803638360002,-0.017561311064361585,0.031062484974110245,0.577904335982248,1.8779266868805788,0.8786375954791715,0.43579261506002454,0.07888889360355894,0.24840734772342424,0.48469693843827305,0.08725039894555953,0.4176946994128917,1.3282771649701615,1.1191007072842853,0.12275344686566936,0.14528413639991228,4.925417172941663,1.6096971926435675,0.26936984291419624,0.5367638578979936,4.742915260210789,0.5221244243379516,0.1778560842481594
0.7054833890283935,0.11434243939945621,-0.02980807475858862,0.02509336248979232,0.5468974467489774,1.7848439825604991,0.849713503671849,0.4349250801115486,0.149551692062638,0.41694136073560756,0.7831486896559311,0.06961044532615414,0.5107957749853149,1.3843748654877646,0.643899018851691,0.1325562311161237,0.25831703460636496,3.8926068909596134,1.519308288799085,0.23533891802282766,0.2855560097298697,3.0597388792917357,1.1372429921211364,0.1627773609552261
0.6836757975966716,0.11428916838327144,-0.02940573930109136,0.029315578269460366,0.563863834570452,1.4910536080276595,0.9109671484258124,0.41214297522219423,0.27582424610096484,1.0066090419303517,1.2594648232671821,0.12057628530993893,0.6294473452537201,4.313239768248808,1.0045452244197666,0.2526392905718273,0.37846049052590297,3.3559413564637017,1.2447762015818766,0.16546778142109714,0.5342149373200296,3.364286709400674,0.7542668523276624,0.12192408238562301
0.5760826543131754,0.11272400384289473,-0.024959474719671453,0.026427202641095517,0.5812937424724952,1.2111611759320582,0.982134187943684,0.354095639894238,0.25152553871340266,4.4835489827410795,1.0425316989053273,0.2804152673089973,0.5867514793381412,1.3677814022765467,1.5139847619610498,0.10919625658300215,0.4388395203900994,2.587959595759207,0.5857663008404156,0.25092677852487383,0.3758146391316986,0.8392478155005999,1.3501708920337017,0.15801856950335247
0.5645563623391766,0.0940853440754727,-0.02788509810681193,0.026590880934085924,0.5723433412586696,1.4850260015361196,0.9820450161124561,0.3926876160910404,0.3524332886715325,6.442797674871962,0.5722183931607503,0.2056352846956745,0.5554010387891094,1.0788239190877982,1.7078911526496847,0.101574641722328,0.28596959601631755,2.8267620262951647,0.8927610855657474,0.31285906313673545,0.36497363974601094,0.4451732101237955,1.7005531381039427,0.1455434240202412
0.5666172012604845,0.11616497063894994,-0.025425776747653277,0.02705335880871139,0.5808732619773008,1.340272045287919,0.9359144075144119,0.3847564823801378,0.3327662253485279,4.539902875516369,0.9911898187657135,0.23052629354314066,0.5452834874837764,1.1804901416941231,1.6535321577946462,0.10557647063798702,0.3339125144556406,3.1369220166152343,0.7627386107257502,0.32777073598088863,0.38200673110537015,0.6477057815539576,1.0762069098748168,0.15240118848490047
0.5498203439078796,0.11259743782320511,-0.02426076125866671,0.02515583557345692,0.5628697620999181,1.9255653732642621,0.8527283628954431,0.4459212368834919,0.30124783285085216,1.4078906301443637,1.4266704072803913,0.1123332619637005,0.4622878575223932,4.205144788963301,1.0193159471334605,0.25447392567952476,0.42870825566625287,1.0460466419683179,0.9788081277799291,0.2613980388510688,0.41660893553622325,2.7670882375735015,0.7981264570018153,0.2237942209388142
0.5311865670623336,0.11009745743376133,-0.026150581138485004,0.027398735042637325,0.5177899970179721,1.0056557989647594,0.8821573165326758,0.35939367430409813,0.37434261056547097,3.746060541760059,0.9460511706982869,0.16676331341992295,0.5692312207573347,1.1560424726914096,1.9030694622206201,0.09991002154803309,0.32706794781825094,0.895483232444744,0.883334408170167,0.2282018673149976,0.4890867358361639,0.9604115600951324,0.9920602758946689,0.19905818030092573
0.5102901545792317,0.11215314649201669,-0.0271016345628052,0.025847402847265992,0.562162598823597,1.5291365711821034,0.9208356086976812,0.3976309431950362,0.32190248126624704,2.3813828618787913,0.9001449133201015,0.18606515188828274,0.5858183076525847,2.0622379089498684,0.9646570170458387,0.1584639463188493,0.4563598001586981,5.814493971958943,1.102432983510042,0.21443073256079817,0.4659989830043982,0.4511158890180273,0.9878243097189331,0.2872571076741855
0.5452464426687972,0.10290456314505561,-0.02381982906570921,0.02513094926276736,0.5883033322260165,1.7940504723597765,0.8684891071018062,0.44024936611099946,0.3089703645692768,3.6719840414925993,0.7458445366318314,0.20405074215074712,0.5785214267883473,5.502591899864951,0.7578784113213726,0.2862643920591118,0.29779295822569046,1.7414497675209069,1.3101396657389892,0.21969968964477454,0.4286906685728172,0.7541307422733947,1.1533502533482596,0.19043448363310497
0.5521266272960951,0.09958123332240833,-0.024423981499812286,0.025059968022020318,0.5761361098228085,1.8681459737529222,0.869283696655537,0.41938611275258214,0.2988534701268921,3.963360077828038,0.8027460598787185,0.20726816407855966,0.5457533439182239,5.745862320859838,0.9067366637813472,0.29795990601851086,0.35459757306666845,1.8421232826036638,1.3022265127545016,0.21141979079149495,0.43071273364174006,0.668369308711836,1.180462238168792,0.20694740115443888
0.6116692797119216,0.11202491834228252,-0.018895248355562545,0.025501598510382962,0.60896303714964,1.234990623636903,1.1903673646247042,0.3418741005575865,0.09945649386854437,1.7229194933588314,0.5964071152914898,0.13669949563705325,0.5985901585852218,2.7469938173110267,0.8604122158761902,0.15051931710173475,0.39297877238526047,1.6722805574817166,1.1479195510310538,0.17187128323122433,0.25266867620134187,0.667694349836888,0.6332697065935287,0.1626969244436287
0.6299149558933731,0.11990444823474251,-0.022134634027733937,0.02793096863406541,0.5961664637538182,1.2514245600631695,1.104206224956301,0.35832418174427905,0.1424700406108348,1.6220341693041385,0.469389047061963,0.0967225184363272,0.5828500007476899,3.0958599525365216,0.9155852486635658,0.18632743697715473,0.2586566231669922,1.7109591714836996,1.2089304347662209,0.17386308952585133,0.2532060370833611,0.9792624662695556,0.5454818769942031,0.1634248539244027
0.5844289535895452,0.09663559559216436,-0.020703044361910363,0.029366214046151945,0.573029930419532,1.47230215637825,0.9370026775679595,0.3863511940099318,0.543998383517116,4.1673457423456,1.2185620346612527,0.25954023502029905,0.5209860282799345,2.301016389117842,1.0239050663690772,0.1654849253018818,0.3272419618532483,1.1781830891747005,2.280619803365436,0.0781994262155881,0.6228421090968357,0.877943411671353,1.70906552106198,0.1939354294515102
0.593632269558862,0.1219815380221753,-0.027622788436553865,0.029132265314137432,0.5892615199251432,1.4463938960488327,0.9487321488384793,0.39964188205714285,0.1846764499349212,1.3611868525125124,0.603851969225162,0.13247508447023987,0.627760737229643,3.792244372476332,0.9779968856202511,0.19956080503429782,0.24681916750324312,1.8908322962448647,1.1810263921469486,0.15510924495596473,0.23813905388534096,0.34458724983176187,0.6744392944343865,0.1754209895534002
0.6195515537605586,0.0969914570934413,-0.030176588751854323,0.02849287931710954,0.5388657384156432,1.0530597999650309,0.9637202111292122,0.33571731238227026,0.36638392481869864,1.634270190237371,1.1244455847017865,0.13309499602089833,0.42255609500638597,1.6483188203904777,0.8467861494026535,0.1532010306779936,0.4583263579753885,3.345558775327941,1.1696919655712725,0.3639248233636772,0.5889072161982235,2.7499259686534514,0.6840814768536788,0.13442912827723114
0.6240940369875454,0.09498999788798664,-0.023532554499254826,0.030347691241753297,0.5537794108373888,0.9481042963238153,1.0008077228304966,0.33762685419499144,0.2682163763980584,2.286340421301288,1.101782844661012,0.15045627795069205,0.3983960373114133,1.9548292028478391,0.7961886053187528,0.16437708394286543,0.4395240573671545,3.1393970759963494,1.2618585863655312,0.36553262863474134,0.48560950427598654,2.141701105441228,0.9540209292407226,0.12137026441065878
0.6552891506988374,0.09997126388205632,-0.03465833310414843,0.026850705327774123,0.5708655412953669,1.0252965335631934,1.1738104222394612,0.3290750638962505,0.45034278612331824,2.267792451504847,1.1223414903318494,0.11604202368953508,0.4376053146002864,3.4489632722027106,0.833397697127103,0.19542537283200936,0.3931452779160505,5.146037620559211,0.7062236785173948,0.3048718855470429,0.3627686015932242,2.482461180262753,1.2411975578883452,0.17804131934817907
0.6426748443065218,0.09035206440908648,-0.017810710842085003,0.027689681930302523,0.571726062495459,1.115570404432354,1.1193348298407142,0.34129931844855027,0.24042856867049514,2.488924189683231,0.9997439988099259,0.142129042505514,0.5111720723471255,2.4429852923768323,0.932238431521426,0.16257464795585855,0.46339897825431137,4.217887243510882,1.1766920270252261,0.3435819398032312,0.39802739478994836,2.654963496204108,0.6455152160480315,0.17673157329156639
0.6255419562244998,0.09967309908144843,-0.01865874318543543,0.02680740509984537,0.5743744084867535,1.0058535621554767,1.0524178773930437,0.32157891610840317,0.3072438649934348,1.5046208135846082,0.9049110032627155,0.1347932749572038,0.5909226640832852,2.66993648567095,0.9102397962769689,0.17772780353258794,0.4137064145059308,4.416434168243412,1.0268664201466564,0.34860630630009,0.4103021853617934,2.818362151781928,0.7667806354014385,0.18450091710180092
0.6260688128415947,0.0973290091162357,-0.01618441361492877,0.02608148479134668,0.5657597788668443,0.9366312468109202,0.9618723842546425,0.3134586510664056,0.29624934602035563,1.7902013206303342,0.9009689442645797,0.1144307885876471,0.6061471937298617,2.8256175609065255,1.0347566230098075,0.1815271875762522,0.3726685186407638,4.261228642687777,0.9910560048603084,0.35698473534968267,0.4103741334150813,2.2659173491175952,0.6996360494601873,0.18068912022003408
0.649313583435585,0.10549332973477529,-0.028989757001986846,0.028439276125918112,0.5970485775702016,1.047747170367435,1.3412054864501946,0.30524525821655457,0.20873999084381875,4.606331652370575,0.5782314631030175,0.16068523316699249,0.47590652066397476,1.9270897492656263,1.2170396986728351,0.14819259471697532,0.2633336566318512,4.468529117880408,0.8952211147584097,0.3216024643686521,0.4458328149223477,2.165479126958053,0.8926279559962129,0.17103474138095281
0.5509166954104816,0.10110069158940972,-0.03336761979104643,0.027234785265928818,0.5707322705281274,1.0850105906354126,1.1972828029933373,0.32479708680223235,0.37184591560389707,1.4012554272297515,1.509093129385893,0.12642328035872402,0.5323358716946346,3.514340059636784,1.0372927992054959,0.2297613528611672,0.4730061038881708,2.144877663299869,0.8395902435098958,0.3186720320675423,0.3955376936516675,1.904807488342973,0.5920836997048058,0.21897764700668618
0.4722742776538701,0.10553755679401054,-0.023861030557879814,0.02747553581399937,0.593248508275824,1.1498542806597034,1.2803144935967679,0.31853267824176823,0.28271587555009814,2.831624240100779,0.9305599078247812,0.17658328957860764,0.5695814951399217,2.1859732848663116,1.1956916958474155,0.14410619186246948,0.25366473047876875,3.0912365742702863,0.7237421285082162,0.3400733742484893,0.44624524007859784,0.3794035204118649,0.8159071295554063,0.2830064462090559
0.547600297408252,0.09389969590992847,-0.02938575026422606,0.030085661593865068,0.5887541519956964,1.1975573458397204,1.1803104287792434,0.32388134031635546,0.40237389921314715,2.3216297196911233,0.8685046077719516,0.15502422253836565,0.5872853182601088,2.3694852136467714,1.3542087370208753,0.14550324054767494,0.392545479134098,0.7347750306301005,1.564709518397925,0.1404871237739362,0.5252939632791713,0.7816469216059246,2.1548167651468035,0.1774599173757993
0.591232811536338,0.10765723740029036,-0.024457227925392427,0.02914277503830394,0.5840139724411565,1.0236371297515445,1.1032220162608368,0.3098762803410924,0.36483644831955003,3.9266438880513554,0.7087166083742499,0.18848666939189673,0.4862145357938918,4.525602287269599,0.7559214706719346,0.2361964908937533,0.570365587305515,0.9589961332508964,0.7662848348691647,0.15785208772271322,0.3860578736163314,0.8370339256524707,0.6307428082787707,0.1693625162898631
0.5833626565512032,0.1096998366299869,-0.02764639892013537,0.028482331909324015,0.579455184485878,2.1616417659163725,0.9417769329171009,0.47589959401081533,0.40965413159639286,2.5070585546582898,1.0962478229073684,0.16184332198679743,0.6467942589584562,1.0995333520849122,1.639515927667479,0.09063411664764984,0.17873865106233963,2.4746382877740447,0.5652687365332438,0.268766417480048,0.45776826543377636,3.9446145312342114,0.6558254691047639,0.27036784366264743
0.7079481297490104,0.11415392366028429,-0.027490874079068583,0.028787049429688943,0.5544500650156348,1.3752358531708848,0.9766656518125625,0.3929026424316815,0.29991300850053,2.8536381429622137,0.8789326769186139,0.1334829531044359,0.5947355041988518,4.508861155504741,1.0263483109073492,0.22254627743936561,0.3401955097406875,3.0193605449430168,1.2430356022940992,0.15784423908366516,0.4095015706673304,1.2065249737830768,2.3496023875156533,0.06890580421840685
0.6080584411423611,0.10772493515786263,-0.01612093485603357,0.02860110371648707,0.5993904002062744,1.9326105100678201,0.8351129094295692,0.4384089014337348,0.3121228477766107,3.1755294217143457,1.2133025043125165,0.23813836387117676,0.5537267366484837,1.4368596044409496,0.826534784590943,0.17385783445805916,0.4386617653155527,3.327363056747865,1.003095384394839,0.3334472714739205,0.32444001775077924,1.985052681955547,0.9600285979085803,0.1315643993299277
0.6157348731503093,0.10063246308022095,-0.04428027738485488,0.028127226266344587,0.53207873273653,1.7030122557045428,0.7888165422303605,0.4218408208213868,0.4536385607713953,5.923386223159854,0.9298184923480721,0.2948302467541617,0.5129910856643171,1.977309599378372,1.5239208097124424,0.15280004908913328,0.3992806258859186,3.8371549751565643,0.7113389506928667,0.3536592272150465,0.39065058492273097,1.609849473345075,1.0320729305659289,0.12388009961043128
0.6261399021817279,0.09581220743560474,-0.0209080192016089,0.031204589755135362,0.5483075755214172,2.918240260551098,0.8423161639538377,0.5589675647899975,0.388812828576833,0.8972087133944842,1.15298886644821,0.0822108986258281,0.4711004652104854,1.8154870289348917,0.5409437927373331,0.12721118877836599,0.4369943583919998,1.6369564317475385,2.071963543058766,0.15074286317170624,0.4379006535995065,1.7682953365658796,0.6951662199137586,0.19727042507764006
0.6130438155317908,0.11427198244206403,-0.030603166381364226,0.023211302304104096,0.6088187372437821,3.7185648770157225,0.7706692438931123,0.6004800036913811,0.3546482631309019,1.1324839479209237,1.2387501757879205,0.09607181171918476,0.4074362429940522,1.3818372451606666,0.852156361984569,0.12448393413847966,0.344295644787022,1.2775737559815816,1.3467589499837616,0.1520284234754698,0.3820043545199794,1.1781813806398966,0.71919642399261,0.16786100644944826
0.6440367380738521,0.10957333329494046,-0.03017891261322625,0.034184402804316574,0.5885285135304588,4.121957360778794,0.7948479632342648,0.6076105552388928,0.35914557067469727,2.08739249575785,1.209426081640949,0.16031347464766088,0.5625990593751142,2.023540617677097,1.3030834655173869,0.1325635651265183,0.3841431163588464,1.7904939206428874,1.2907114123019356,0.14575759083148188,0.2985253362802169,0.9411986901003893,0.5187737167198964,0.1698731837623195
0.6400379594857528,0.10790315471745976,-0.036425146437842705,0.03381995399533505,0.5829432960890724,4.534835328521322,0.7965517550821488,0.6447227457405651,0.3615122712473124,2.5275600010439687,1.2657844109825698,0.14229566892406637,0.5704121590117234,1.6217241723262394,1.3906208187970888,0.1291340045333799,0.3585607490629023,1.9233275888133299,1.3811104955982412,0.15508763059772834,0.34064448970937944,0.8011174038253418,0.6079548921272835,0.17349023371984493
0.42568347362048997,0.10161606515186812,-0.028958288335200425,0.03244557193848591,0.6211551403700266,1.3086730269152447,1.2037898445350563,0.34464608783943695,0.325360306350348,3.4621881434364763,1.0701319975738692,0.23389489315640777,0.5720617949349645,2.694123838015046,1.4622432757768746,0.1877923444445602,0.34249679825046153,1.7603510991307318,0.5745351068081662,0.5023082637187181,0.42610032553009025,2.129401543806887,0.5534424422795224,0.28837307351487157
0.4522361370690219,0.1030383265840664,-0.023313196083952055,0.024149750621956047,0.613146483496231,1.0217584047934352,1.1839731257171433,0.3042137929648235,0.4327118872370075,0.71735502733761,1.3856784547078318,0.07139626892259478,0.5751733357778243,1.7861389766230076,0.9678376067960979,0.14872078402446862,0.4550356345567837,2.5294754062797566,0.5736321545613257,0.4552642529585115,0.44639718903110115,1.812285717817877,0.7631822298435766,0.2855715634768563
0.4743319430508957,0.09965784793552006,-0.031352262407971045,0.03128509979113888,0.5589728397285066,0.9582793718857938,1.3023526365225861,0.30562861995646445,0.28835208433897463,2.2326572679070207,1.2245662709820777,0.1312976710759254,0.535232713545082,3.921322321337717,1.0624253833440245,0.23606557595321553,0.406862633761153,2.1733021061998157,0.5152883255911416,0.4803933462579483,0.5697402145022105,1.0132671300386384,0.5228366599494539,0.20429240840004856
0.5276602536380465,0.09585124847113576,-0.026193551815147865,0.03043043680789334,0.5967303801563061,1.191907691205169,1.1906888342557884,0.33861402444941335,0.17199423068733097,4.024187402651367,0.6289256321028115,0.17124187761127005,0.5680959309597341,3.0507385528004387,1.044458564751257,0.19954408161948708,0.25299111061056334,0.6423241499848484,1.0290820755581476,0.27878113795814524,0.3166753201773903,1.2289862625299777,0.6361438557957472,0.1771325408465324
0.45752990807805166,0.11005714076724461,-0.02675489336904063,0.025843710873330636,0.5855973357750571,3.0858724521728584,0.848160649358758,0.5409769049381831,0.26826983119478015,2.6375468376498965,0.7639077150056935,0.13791991284537972,0.5891958070662335,1.103531800381396,1.272258879036605,0.09337600346730278,0.4735500979395583,0.7192419806792658,0.6414175099334933,0.43687235045975786,0.3236334694781047,0.8161116775939933,1.001027209678036,0.09152967309673748
0.46954197578638807,0.11894857327776412,-0.036560421546676755,0.0260078322973533,0.4807079901383896,2.693261442391544,0.5799242382284536,0.5209458725217272,0.38267338772339565,0.9564735224409142,1.6023364155734028,0.07987344520755799,0.5638514310939633,2.3263312514128214,1.1811750890893824,0.15936770654340768,0.32929122579940245,0.5881965285416567,0.631061978028419,0.41847553785538005,0.41136583777915214,2.0463634805343904,1.1922788982617258,0.12217600996107995
0.5109523530421933,0.0988392149270429,-0.02501069229133119,0.02765807689208779,0.6035510841138351,3.672496014923919,0.9371201270212424,0.5996154528715278,0.42405125829793705,3.1947774032200056,0.9119286109385247,0.17852072760517118,0.5880131187147329,4.464427677589024,0.8435551802616418,0.19857677297344653,0.4786042770253187,0.6598091884754611,0.8966355913355846,0.3437871760948015,0.3300453255938542,0.7899605631627412,1.8696024515868126,0.05986226557723502
0.496165144315828,0.1321288926465676,-0.0268590700545975,0.02920321043280746,0.5032118892126101,3.264821951943801,0.5711669907146066,0.586889969918037,0.31019348478961545,1.1982969250356186,0.9983010728186235,0.11596532902667052,0.4952238018761973,1.1566397146007315,1.5346761379084737,0.11002281422722958,0.27025087270414994,0.8672132229304387,0.6596965768367247,0.35537224389232286,0.2888698916020415,2.2407056761701107,0.73646571518493,0.17395157309636836
0.4796284132156169,0.13659050940100922,-0.028261973829672302,0.02920885319279435,0.4973688469823895,3.387094221611718,0.5812369403840512,0.606290093618155,0.25219609757074934,0.9410748565906825,0.8127946472193044,0.1271273987820882,0.48993218986274434,0.8221644533858231,1.4238628639545545,0.1122373548157625,0.3310313930298996,0.9643961638145727,0.7132177920758792,0.3663235353379926,0.34590778884025347,2.363308382648285,0.7764085802421851,0.1656690402585149
0.4694052922777008,0.1406655441941917,-0.019376366768734925,0.029976450814978302,0.4691477277953858,3.396871461422966,0.5841254335612034,0.6034442668782609,0.22722383657304507,1.0591997086740934,0.9178272321286477,0.0911376931312074,0.5312109220788038,0.894303517335658,1.4752405540912572,0.10422337567715949,0.29502666401526484,1.0612389741956598,0.8885848594832558,0.40274254444469043,0.3523689475967226,2.0989200772178442,0.7308352110102425,0.17107711280723964
0.4853451112603015,0.1116921199011994,-0.022798520401478638,0.027940839637155147,0.4819836939004175,3.9157996123610928,0.5302102210337081,0.5586457224981368,0.1861486166079999,0.8306488239386544,0.846238011892921,0.10251327091202853,0.6137038165936869,1.0048164698469562,1.5514368554001452,0.09908050877945401,0.395455282659963,1.2063452610210073,0.6064527031112318,0.37549687335477827,0.28705440879322125,1.7820493863318685,0.9281350052170424,0.22379530168376485
0.6406480754781219,0.10622933680031231,-0.023948636136392424,0.030660843431047233,0.6017293028256607,1.9080080158117083,1.0993298836210486,0.42869748518652834,0.44193387774420867,2.780589557235351,1.228805417935235,0.18214980966847033,0.3792613890938899,0.9602478773046239,1.1339457586337436,0.10654272981030662,0.3623496285473352,1.3524255432228713,1.022979410742524,0.24529930348904128,0.269547685985983,2.468195763049645,1.5584769899961377,0.1232511275933516
0.6178175367483175,0.12167986909770431,-0.018735195571177046,0.027671649830875597,0.5226101216566318,1.2499572670827008,0.7359381278696356,0.39902530902065625,0.2796798584545904,2.09394873267376,0.7783116838428724,0.14412872613738512,0.6290654026797166,1.7606854176369793,1.7004729455119276,0.13165876906396032,0.4745376792533864,1.5106469907924311,0.8643358062543428,0.15703287866311727,0.2412633525354476,1.1229715928308295,1.123428990744115,0.1393150607250936
0.6195260562216218,0.10158235446660611,-0.027925475947951722,0.027697200660344905,0.634261119766514,1.4882918825167526,1.1596388146083234,0.3678253059899894,0.36529489809953347,1.8623423515965283,1.3736206018670984,0.1554428261677074,0.49427677272499565,1.4145702160945366,1.030089366285447,0.13576295029461116,0.4122562856524944,2.337744162902183,0.5671066760638088,0.28580759538354483,0.3002937097031914,4.186701420225445,1.1350212279518237,0.22848857872800737
0.6215475337429817,0.11013404668569235,-0.03228302721253381,0.0270130939451521,0.6140119982691731,1.6136412868701548,1.2477760594429441,0.3707676176868312,0.41930978517473777,1.8857078106987266,1.38999740737763,0.14466932748423206,0.5531042589648554,1.6839781771949238,0.9790717893859125,0.13048451564540253,0.38015727828084017,1.916752465858772,0.5279216068745722,0.28157734167691073,0.3234176073613561,4.350616884077706,1.0724125562239688,0.21477220023103952
0.6210656407752604,0.0953191968373589,-0.04245975671162622,0.027863187497696392,0.5835837886209679,1.3993168386007178,0.9927301026535618,0.3814650463183825,0.2971355469729038,1.6057616243027977,0.7658375125845291,0.1388858932093226,0.6544729458515478,2.3626400140653527,1.2725387745461474,0.1454498375896262,0.47320404704584107,5.197785985465498,0.9595406032370006,0.28186407718650885,0.52118601786641,0.5069236223775235,1.0091654200878748,0.1282811872025267
0.6602137257421105,0.1249350282412052,-0.019041856759496097,0.02677932696966476,0.5749042867993648,1.1960709100007336,1.0153082823676352,0.3621805146246792,0.16057691340761585,1.330921665038521,0.6748251035954432,0.10027273905500653,0.542109810962727,1.626975829576824,1.1286034018465059,0.13360763589232644,0.1691623320782033,5.039681887370582,2.3935389925709005,0.41678948520499426,0.3101392607286112,0.7594705894365318,2.6432765049406792,0.13870314799933678
0.6836217996951197,0.09023082238543131,-0.027298536325013122,0.025149672962801007,0.5755441211768788,1.1872476040701818,1.2642863017735166,0.3208427351587707,0.4501028966102659,2.7251628565160253,1.3990803962580731,0.17607463568051626,0.5858460418095905,2.774559163390896,0.9731059184300108,0.18240027938423706,0.549941686452689,4.795364366385838,0.8089962976376172,0.24432546763487475,0.34922679039659194,2.1536286012075787,0.6361602748094461,0.11283820590662635
0.6894617116889296,0.09816980588355667,-0.03552613257457394,0.03140314240334481,0.6396335606242114,1.3282767027181088,1.4142855035630728,0.32188440114813105,0.36673082061429674,3.896104686747478,1.0078529896684727,0.25616371634125557,0.40546379876794103,4.22149400604398,0.7588775665150307,0.16868801110632545,0.44489348529900047,4.071221524880792,1.5051323047500296,0.32472397560024796,0.2866057296705856,4.437953524248088,0.6912867803185095,0.16556761506962978
0.6334826755672843,0.09874773755593806,-0.032093315337753295,0.02606813004252157,0.5587198051045024,0.8295083845237444,1.0821852515317605,0.3056342984042041,0.28839987000501055,2.0600060744822675,0.8311963886919855,0.15447904853590683,0.6553768435534134,2.6019437956334395,1.4213104179931202,0.16125874137610277,0.3140437974975475,4.6013028331180434,0.9734920629764972,0.2779611751960732,0.5613055656937398,2.1633920135949998,1.0363190217950953,0.20004453235001154
0.6525962282013512,0.1079320925072236,-0.026238826797343535,0.02633182421015416,0.5957674017393121,1.4270478994657307,1.0593763269306815,0.3827621086666276,0.3417812981648835,1.3139400201457014,1.3735523413383075,0.10985134645012443,0.48330291537265296,5.015061719629798,0.7124652536833834,0.20161422076188526,0.26687365939760027,1.8339603884953461,1.1174713443372322,0.22061369256712243,0.38123075048896504,3.570462579635675,0.8219203699768294,0.16190969899876856
0.6550169626925069,0.10934525572059775,-0.02746884611930508,0.025121951829770634,0.5908330067580987,1.5173829567397106,1.0962161457679496,0.3722262631528124,0.38435001452418366,1.3433107866891782,1.2598935002517306,0.09448761902907891,0.4847771003654848,4.658400310480386,0.7815856883406433,0.22698214572081638,0.2899649627197301,1.7770989421387255,0.9961116905933343,0.2192280623873403,0.3671272011827078,3.3438214601904703,0.8422834403774715,0.1602032263216153
0.624538827737734,0.10216280406231537,-0.0252983294632281,0.024898279575845554,0.623802085882901,1.3531722202512217,1.066111151884469,0.3735393873937829,0.4149415809190078,0.8421183952186129,1.3822202710867,0.09918576907048396,0.5349484700454297,5.1137302898306505,0.8119143544019888,0.20825510947722337,0.2924409391245812,2.0505845496121524,0.9204418859998216,0.23150815597407473,0.43153539057282575,3.142630081037031,0.8246982408544146,0.17449151131411628
0.6389691508405164,0.10551483985941945,-0.0259182991577672,0.029033919440258314,0.6126006437232302,1.5808774992646963,1.1984177994749552,0.39202516700223144,0.4851687486195197,1.6417790331058362,1.668928809884663,0.07904888191987357,0.41953100024121753,2.3500973694257525,0.7690042204583977,0.16834835436916057,0.29477937036445745,2.314910249927229,0.8653920369792513,0.26465274284145,0.4778308227135986,3.3340450585465824,1.1652262887329545,0.19802538677701806
0.6496781368694011,0.09749016334557489,-0.026494567284633345,0.02634289076606067,0.5846551602536209,1.6128056797992751,0.9840315844053574,0.40597526156153735,0.25761177232954097,1.1153436554460634,0.8120105167703296,0.11156781244097909,0.4915121539787435,2.8290058272363763,0.7394126866893561,0.17968764433205564,0.3871237565568082,2.918285644157136,1.2422645999633781,0.24142267604245388,0.47723934722264544,2.519179084961279,0.9738533768707288,0.15481869063274084
0.5379635467111319,0.10100030052383133,-0.03502135796338064,0.028352635688736402,0.6139437603365593,1.1877922541092516,1.2149224924317306,0.33642566494357307,0.409954659434567,4.693528289102064,0.8386283385337063,0.27975340683891,0.5753490227441679,1.1628758387354203,1.6247211391030705,0.09374433697648936,0.3771265566239652,1.498099172848429,1.2674429551285207,0.15633501811807846,0.3614237068095648,0.6253508348106144,1.1051678642454659,0.24354413037204306
0.5208560396117604,0.1127487467853715,-0.016020507087745224,0.026615119800257638,0.6092565913014619,1.434231559473705,1.0264490006887121,0.3649812682783732,0.3871387161139276,3.480488513816738,1.4655360371194173,0.30335770093762127,0.4679318066559598,0.8674496372843807,1.4555698356069824,0.09460383279746375,0.3549154052531289,3.014046152218817,0.9607013948832444,0.2536509744931983,0.47358010492107333,0.4183037275267426,1.0183381699587992,0.2321040622015417
0.5610742317477413,0.10452147530893359,-0.026467655391810105,0.02764697028096772,0.5708791943122038,1.9897087341120503,0.8765614649146538,0.4545111767457247,0.11589578522317824,0.8540619470555076,0.46857716662337523,0.10835953818215882,0.6012900713327225,3.36071062846292,1.0771998870096073,0.2033346882416578,0.4295046195690786,1.456654559507989,0.7582589848211444,0.3525850970195025,0.26439017818555793,2.0295697149108753,0.8769177688120328,0.11353595859701937
0.5695941857103615,0.11571602410079722,-0.030524496166867403,0.02882576459701054,0.5955793653996412,2.372182229009592,0.8494593487905215,0.5069359862656686,0.4036890867860355,1.2226037457187853,1.702343082700211,0.08521443230459184,0.4812010492243913,2.395110997383791,0.9055248143980269,0.174173941176256,0.3500248530264705,2.1642572800459776,0.7011203620224098,0.359872898980441,0.3377851695694771,1.9150916546254964,0.9599348408321805,0.139568752278239
0.727805954194835,0.11374705666573792,-0.028880196778865306,0.029220955174582983,0.5644495835273804,1.667354443104711,0.8113962118200031,0.4205809919440812,0.22726111226844958,4.940489946812425,0.7667426152771615,0.22919704684358122,0.5031728729551188,3.5713152604446807,0.8734538533884303,0.18706054561380325,0.36850416189391927,2.8956364139834174,1.6185512790907508,0.17412151749552557,0.3204514145727398,1.5339797109819249,2.9982107513217082,0.04430402351096092
0.6555583116965498,0.12108781696952585,-0.019431247153477323,0.024853564792464467,0.582903945421456,1.4849263309814544,1.0561525717982252,0.41088425747370005,0.30655977600990114,0.9017796006114955,1.5111218757010036,0.07492385702149654,0.46932634352796576,1.0712155737194131,1.340933811142974,0.11364998762192371,0.28485489015943677,5.385835845217579,0.7657268620941798,0.29526116844229644,0.23129370542486216,2.9078533836753198,0.965878962130168,0.17776432554242938
0.5591591970209009,0.09487856686446866,-0.02082339866964592,0.02569193631113356,0.5346217040486907,2.1375136944382787,0.7707894113231564,0.4617132714109124,0.389910561459351,1.796594297312554,0.8886648769305828,0.13170631641681557,0.6094193448576047,1.9804248210558228,1.526964473129949,0.1370084551254728,0.38439810374244904,1.7036214283397257,0.7633191065405017,0.2545172996635511,0.48102325293880566,1.6159301863296378,1.224640047577507,0.22271021659391813
0.6335887448614366,0.10705191320498555,-0.02405825211586173,0.024639566764406224,0.6034032149023383,1.1302287634460269,1.1740406363957658,0.34106719113095263,0.27047100799536095,3.3598617648837905,1.0269240999367895,0.1910283611500255,0.48362110476205494,1.4426033141107812,1.079363011876698,0.11270002796413495,0.3634733261906444,2.0504359896010307,0.9629106768581394,0.20580001990621544,0.1758704229320827,0.6352521195156552,1.5303861491370137,0.11571223398684424
0.6314920920339905,0.1220785879886929,-0.028496893655179666,0.02969112781568098,0.5884639819596502,1.223016936920907,1.2104253687565734,0.3401249493484223,0.4699526327702834,3.0560987803475808,0.9054259036184659,0.16738859441624218,0.5782891944461523,3.124025855299751,1.2887739309841406,0.1862821399314311,0.20810148270404094,2.781678018267769,1.4073423037085748,0.16354891861053766,0.19941092700001578,0.24074566542488057,2.183046690025817,0.12858624676290406
0.6087886698388064,0.11335476929862227,-0.02500097793929108,0.026022682253482858,0.5203997467545319,0.7957979818777555,0.9446496084746628,0.32363886433174543,0.23446119996499257,2.5532641789296857,1.1879829022729942,0.21246951405544934,0.5296227333587931,3.6431306941938217,0.7693679765395806,0.21417196888365495,0.4510908867467893,1.4567806508270287,0.775856917172216,0.22603898797981423,0.23608521814899575,1.1038571314243182,0.9360992933727463,0.11386390600573795
0.5965843174226437,0.11773478406172791,-0.023708439396003558,0.029295790253214663,0.566124802964883,2.152312151951914,0.9274036417357298,0.47515602947638425,0.4583700559246915,1.2021101659345037,1.5088613693790003,0.1096701923510744,0.5185463881166896,1.760294269002704,0.8027296370453654,0.12846568588209503,0.42315887714217737,0.8974730531514178,0.8720371758448351,0.25744731236499513,0.40489974355237257,2.4048422913227245,1.7258344173928477,0.07823823552361402
0.6661796678125401,0.11152069926997597,-0.03518275465375526,0.027457736587253104,0.5833185258918463,1.2755642677850927,1.0984182077532423,0.3731163184447502,0.31368771244997934,1.9743126197313419,0.7647899174000007,0.12066209271578598,0.5260426365393147,0.8560855130546415,1.1729455346219482,0.0869446057370474,0.2458136632644229,1.0950499650674343,1.0775967500477706,0.14894788317793234,0.491948422861204,3.3738988848109743,0.9489115910559817,0.13114554448919066
0.6525405007043312,0.12059161615514744,-0.03433952925443685,0.028193361728406346,0.5894970039736153,2.1576175827844835,0.9049142755075532,0.47071371865331285,0.26953214340578124,0.8902427744740661,1.0431211730562853,0.08211994499866103,0.6414668967104183,1.3609843160858728,1.2434031845898903,0.10194250405637373,0.331596178736094,1.2359282191078567,1.2080373609772226,0.21161892985826913,0.2745667417583824,4.268666948728456,1.5486184633346387,0.17666546674891817
0.627984175144052,0.10938132755238371,-0.02409265224008149,0.03082005180380502,0.5544713602327133,1.3699638122141753,0.930810684948152,0.39810087095604374,0.31239684412930885,0.6621603239622743,1.6876610262272,0.07502458833120969,0.5102134665617376,3.4194997973353365,0.7059014090751329,0.18855598498559534,0.3721622798118706,0.7822033770533257,0.8086731091385146,0.23009398196095848,0.46346061461980925,5.875128867125867,1.909296097824823,0.16229174541635752
0.6449889174591701,0.1016766677035125,-0.028281287510802673,0.023226616907192826,0.5763228262221851,1.5979622391154968,0.9428772598721958,0.4033644524787197,0.41770070219354416,2.1640364239151615,0.812986622157372,0.12659386092580308,0.49873661232584104,0.9370101955777812,1.0222635856014266,0.1189046493329923,0.44363232530364205,2.8870479844985972,1.2042374735183328,0.276381730870765,0.15770874135277657,1.8518447714003088,0.5114784332134507,0.12599047231960905
0.6433376035831224,0.1082029389044713,-0.03595153065542258,0.023477508712468984,0.5652776413955912,1.4354287874233387,0.9122839010718848,0.3977234106118121,0.2465502831173611,1.7514563994526462,0.8809393257967255,0.1514912263132034,0.5188914021526426,1.42057614393386,0.9786787562255767,0.12656444192571845,0.4880770781299238,3.6262925483750963,1.1788805481521167,0.2789961985186494,0.15975575477792628,1.898589312725942,0.5264636750645134,0.13015175763158437
0.6593556583035537,0.11361612391884979,-0.016727679231726703,0.027947444734349354,0.5766295275210673,1.459371641214945,0.8814437343427338,0.40662487311617235,0.29873825241312546,2.2643558020774606,1.0887059453807428,0.16835535447213426,0.6290176229884595,3.2243957074728717,1.1152548505143378,0.22125241450612465,0.21064670257642454,1.581037729692724,0.8556893844002206,0.19539197733646263,0.13555137223246158,0.8476326934093171,0.9854190767317021,0.06429798579634682
0.6573423670765679,0.11556515822999935,-0.024983993952199118,0.02797224507407241,0.5774614828345702,1.4301953782087218,1.0080908676291827,0.40680332425053645,0.3172154838627453,2.8409185278555653,0.8263972753409127,0.15992102256473498,0.46288426470364047,3.5677782440335704,0.8669084837737808,0.1822263109821913,0.378364349782481,1.873415227796221,1.2629238092686916,0.23317323652202587,0.232924494365268,1.0357834681552203,1.0693976567758585,0.0580680110867777
0.6523218718977486,0.11287847874516742,-0.023476414850012697,0.027677951808300516,0.5615895017249856,1.57164099089617,1.0101619935430557,0.39886232585959436,0.3905945222334943,1.592432828209438,1.1782107448801327,0.09651777454167021,0.5149086282373094,1.662039763499758,1.0601686462910644,0.15587836774020072,0.44593980210527856,1.8963202814892615,0.8378304387690226,0.25401815874133266,0.07919528350057693,1.374150244722529,1.8762902033820243,0.0692828683754508
0.6116001923386835,0.12100677914059679,-0.031125819251132288,0.02648868123151581,0.576421331574117,1.6369281059430059,1.0830719259978425,0.4137955432263725,0.1892840832199087,0.9156531999302839,0.7471348174882619,0.10065203415018809,0.5888303664507254,2.343687854726497,1.047250066857418,0.14880078566913796,0.35377622146865334,2.1898090676571864,0.7812581586794128,0.2984370979943254,0.035634161155927366,0.2273527314958471,0.541351193985368,0.08270689664442943
0.6247684153642594,0.10869136053711734,-0.027313039445688782,0.027397088472882813,0.5633877647042539,1.668969753175008,0.9282221011353156,0.41361541838372473,0.2658046159245956,4.155936319245157,0.6611963416091095,0.16201777234492915,0.5400173436185265,1.896323180264673,1.3390634020453216,0.1475795308346065,0.4636686367959703,4.784291360442606,1.1828150562468585,0.18411034200290025,0.02981136848164399,0.34065995223351725,1.5584746816566373,0.15979194032297708
0.5263490226092437,0.1182060950495341,-0.026906963142258242,0.02722211271961019,0.5795386536502328,1.7452102932629527,0.9525103696317389,0.4436064494905354,0.20203930327378467,1.408598877592524,0.9601477611813367,0.10958675501231335,0.578854314388186,1.1463640672431976,0.8639586237512268,0.12906040341084246,0.37186875091379723,1.968496223562432,0.8259073422595832,0.3267910342767601,0.19359100064554083,0.07567369201089486,0.2475673076649766,0.15973055523177515
0.4807073282836969,0.11009368475860067,-0.03252516580569016,0.02805805543080291,0.5943609262848365,1.6448533831753396,1.1023165926972485,0.3848137399532754,0.305250742639259,2.1683220897473996,0.7637613864767563,0.1388525566644308,0.45966314929789237,4.701976650174271,0.8698271635213959,0.2422082039266855,0.496653549365782,3.535051532487286,1.330200956869227,0.33882225228627716,0.2233342269641106,0.05099989688565343,1.6242991303390497,0.22030992665833635
0.5517290612146244,0.11561342984506968,-0.03476866610360211,0.02766282536091822,0.5666508269513736,2.5059442032541974,0.8728109395230146,0.5191599145180698,0.30124968766466037,1.8549991696239165,0.8468169589552557,0.13920577215582033,0.4814223568119048,2.6201306488624985,0.8429173318153657,0.15378216939915001,0.29930210831149456,5.02203489282722,0.7103805427166934,0.28873866005594817,0.02645498132776422,0.03627289208716833,0.2429530671189408,0.22893359974169195
0.5198833709337636,0.09543508855238465,-0.02460481708973952,0.025978757401380344,0.5441899152309155,3.184256805285442,0.7337155962168915,0.558452301276945,0.21231828343707906,1.926780271192625,0.8268594173382094,0.1243679039171192,0.5920569769276968,2.8277872233836217,1.0476886710700866,0.14681113385412423,0.5406577401574845,3.2892739619644624,1.5105730180785029,0.24154171576042308,0.2355932117821275,0.09347553837622326,0.9680369749278449,0.22066187694742032
0.49379262222661446,0.11772678375308597,-0.027450258989096917,0.029422859232135584,0.5495505002320036,2.7017596521680582,0.6989924641350762,0.5190822585543986,0.28677090462721466,0.3618648248202875,1.224641631605305,0.05904803728382882,0.5193505184752091,5.394185525006456,0.7372968121875625,0.24337681349185783,0.3332970646323291,4.1140042159126375,1.15146353946625,0.16116326311147092,0.3016752806196648,0.12307748338455521,0.7200481598449526,0.29996960388859883
0.4950972622421483,0.10836355222468531,-0.029624477093072532,0.027547901288811433,0.6167340790644263,2.6436628474179993,0.8564391373659319,0.4912422791297861,0.15009428647093892,0.608366159048861,0.7478934687264978,0.0757529281463886,0.5046564255558628,2.258181173865666,1.1950046669348386,0.18180904637965895,0.42943823356772365,2.4699762591323484,1.8427341380285056,0.21610423340390278,0.30250459607238495,0.23101214861330546,0.7895171631885469,0.28518008736970885
0.5519653288184371,0.10157793562659705,-0.03018192083777761,0.027125105377178525,0.5455634908332128,1.7501189686355607,0.8872384160761391,0.4367772043430192,0.3050897413077417,0.892818434748082,1.1534629533122618,0.0824295116121396,0.49925198267455806,1.6090248360949149,1.0037758153397682,0.10139049650694747,0.3355209250328404,2.4329036498731167,0.5575671652030538,0.35273709772240197,0.64628709449891,1.5215211790764578,1.23045607662061,0.15936002376228423
0.5181129574034511,0.11402811214098685,-0.032795024014465476,0.02967993844181323,0.5852409787846994,2.727245281043021,0.9187726053268007,0.5260925583749655,0.37983587917383627,6.696436278979993,0.9323393193053979,0.32406985053481996,0.591246088306003,2.3876762703582584,1.2194939840732628,0.1756011296686202,0.3407917217995627,2.397818572078897,0.7013040652872923,0.43259368518755337,0.05385551513068779,0.3092328315104342,1.5025060895746165,0.11410907690327435
0.5069800951091589,0.12264589736737565,-0.026874171523335776,0.027562943298923847,0.5447868559587851,3.463383370760204,0.7345590216445178,0.589756644967751,0.297750870814007,1.3177797768505668,1.0529678972247511,0.09682999657596536,0.4344142566281135,4.525990127263245,0.7012611330313581,0.1867091520732482,0.42146562192411624,1.0290426862865496,0.6272120427317436,0.2535588196803167,0.4174234858150529,0.5214383880361921,1.15575890221966,0.17898451666106463
0.5140207608711255,0.11589841979138608,-0.02849002589798188,0.028508293868330398,0.5574025281987406,3.09671197372634,0.7281212049690582,0.5578204232116166,0.30174070090131716,1.5898794099331337,0.921223731484704,0.09125548252205642,0.47458103744084473,2.9545516973710955,0.7755386121234406,0.20149588584431444,0.4583494115679927,1.3341006090043401,0.867722186856226,0.25689521351448685,0.34914675103720905,0.582942072333179,1.2038835776686554,0.17038746007806982
0.4965485129360225,0.10467625450815676,-0.021486482180975014,0.027459943347969064,0.5293098495586074,2.267027407240041,0.7618176623189049,0.5137054206781977,0.26314534153585556,1.1900107687592896,0.7551079291739007,0.1172478654538644,0.490006059786093,3.322851290175738,0.792319823386942,0.20783678352411533,0.3853751958207459,0.8335716998391068,0.8452140300232983,0.34700641650282305,0.25999371381547554,0.5057466456178284,0.595937415417752,0.11345466489375722
0.42803763548584267,0.08715037627238333,-0.026908126297078946,0.029015167583690913,0.5375307646170411,1.779950767436385,0.9508874751599788,0.4334848376734401,0.2918495704427505,3.9204501145564747,0.8616159095685136,0.22477972701240767,0.5141430108137426,1.058269161627917,1.247246577806374,0.0959604783290046,0.37978572865260396,2.3901699451585334,0.5856297930347307,0.3361106127406752,0.562054057963271,0.728971923649056,1.1419212265147063,0.3009896682091022
0.43483649204769365,0.07893912724856451,-0.02815265058041514,0.02752300898455045,0.5985055593267391,1.268432741328064,1.0383048839062345,0.33165360970706925,0.4914944431130756,5.210834171269458,1.270530875458792,0.32989887110380006,0.5199697680960891,1.0144603613425078,0.8950497908522527,0.10246909551716048,0.42540140541940996,2.295413705564345,0.8060149996637572,0.46615877732456157,0.5650300901096019,1.1498404998083511,0.9126625847613714,0.279618697729325
0.6225395944639779,0.12393231213713053,-0.03699172770312856,0.026725167110562265,0.6031890266184753,1.0214141727831323,1.18744175333516,0.31768123163654954,0.09178451566370437,0.6769622716296493,0.45420048844600874,0.10039811599654612,0.704306059597389,1.5301727761643178,1.3547716560874699,0.09625418305574977,0.2791183297274744,3.1739332524529793,0.7765949853363568,0.25407539432226,0.39223909660739603,2.2979338319483995,0.5310917013228377,0.17198730308597196
0.6428331943209791,0.0792367499222465,-0.023716413109722733,0.030571472582310997,0.5447432138123327,1.9129531054105717,0.813049427442177,0.4374135832359609,0.3844507353547558,1.6120106385055564,1.1133499171364578,0.118461264504643,0.504597963103816,0.5019077204628213,1.374281507959993,0.0674772607454154,0.3778655263277243,2.081261295364629,1.1186699376961702,0.2523780963960216,0.5898565646244689,2.487323713274692,2.097532076460197,0.13634748140850705
0.6092283442471561,0.1076780761765582,-0.024834312934186094,0.02610550851611713,0.5428808110758414,2.384664400384238,0.7429363605822495,0.5087084010275483,0.20658087099048292,1.9954207869646048,1.476181438384984,0.1545772218770996,0.5129288926049985,1.415713174959792,1.0094284199858765,0.10892647312526878,0.4215377482859047,3.9822455089360305,1.1422685916015116,0.32122841632640936,0.4449860225378947,0.8167294540455122,1.1444714773968412,0.14538166948865328
0.6438498632535892,0.11173159445496626,-0.031627095692207556,0.02726788198280435,0.6060746403751276,1.6675303973256972,1.078683898812781,0.4024370821004214,0.20664073547896747,1.69802431602663,0.7005014760603546,0.12983727961351563,0.5767640188288283,1.87559276993117,1.5142176670457286,0.13328833520854705,0.3778851585364529,2.8460611033356673,1.2492160588259555,0.18754551037410488,0.2946203139021591,0.45057753146197943,1.4458024474935667,0.11526243396098623
0.6462391024290437,0.11251885683903959,-0.020005217611820305,0.0257385855577601,0.5436743126987352,2.160129900089733,0.7587713413974488,0.46143237324115766,0.27991625458740954,2.642695935344588,1.0007706373883283,0.13965337778667997,0.5795622154318493,1.843577236243428,0.9622556724822486,0.1352478362362563,0.4284010300039002,2.4201851057410213,1.6826722337118902,0.19216466111676592,0.2873328872063343,0.9114173122206001,1.2069431926046001,0.12885966674602733
0.6388282129808494,0.09360687570609297,-0.02679287592452196,0.025791615816290837,0.5878197832850832,0.8699807616879123,1.4050722716699056,0.2755215485481908,0.20696478145257033,0.9955416948637787,0.6559856392412584,0.10024935831906884,0.5120415431168602,6.1426193936278795,0.6937289583010767,0.21849730758315425,0.22967710774129727,4.156177199884287,1.0979953576347428,0.27014067014666315,0.35553548474667096,0.5695930844937032,0.9142713523245458,0.16769514579762657
0.6352281466336924,0.12434182463013686,-0.0337696885109794,0.02789244317609407,0.5555416094806833,1.728554612976058,0.8723771649215187,0.43846847487228113,0.3995309120761714,1.4744998434660166,1.3292608322615247,0.12229269853782934,0.5643507593579103,1.8585253765616072,1.7824713396271277,0.14792835835343596,0.38536557695170726,2.3134962569948776,0.7391073421024548,0.26470061444575327,0.3981022808421076,3.0120282756662573,1.0479544981559026,0.11888805672880493
0.6470307170857529,0.10135984396722982,-0.030911119825691974,0.026731435875824966,0.5565344624531983,2.998232831367878,0.8117443838776509,0.5093403993501556,0.15303286295421836,6.753250213964044,0.6091697514752491,0.20749284949622387,0.5293192938244979,1.7685318460061301,0.901045832743914,0.13822955091619687,0.33961085623317,3.4376241816689688,0.7426501851946616,0.3365838669130224,0.4190507991105642,2.163744294889664,1.3545614012451046,0.11008014658115406
0.6439454023906382,0.09950466113267331,-0.029828110841433775,0.025955567473397074,0.5608990598261516,2.9827734150360694,0.8464655494119624,0.5208571741000351,0.16972520035205496,7.091203876699531,0.5214681554484164,0.21629268275218685,0.5268708857811826,1.9046628160824084,0.8276847145485419,0.15541874601700176,0.36256570046737546,3.635365536858918,0.7642300776731138,0.32743298209318994,0.4500438964147603,2.2538753257606507,1.180113737066147,0.10422736423282343
0.7204616637080916,0.12210811717916738,-0.028896470927953253,0.0280302203354591,0.5725309897506192,2.973514837922602,0.7704377630439391,0.5260868649106202,0.31817592889025903,1.6789840971698635,0.9766105550825165,0.12579229148177914,0.6381859241793886,1.5845809972276301,1.1821004501682426,0.12915442631815563,0.42638726847928765,5.507350591623313,1.7700147726521072,0.26224739652574214,0.28058271548151886,2.0198121007860257,1.422999527680029,0.08725330609954376
0.5835183463593611,0.10480522481862618,-0.03363289080129073,0.028020163586726033,0.5638458034073897,1.5273209624462527,0.8517847646935561,0.41279583322896707,0.5115528241190123,6.88793446112857,0.9566285869083266,0.2940336944049958,0.4317924374675228,1.4239567354088087,1.0216683093185426,0.12868056695083854,0.3154102487130007,1.3587590552759043,0.8255420002425374,0.27840373121843753,0.3956289380208012,1.370345686901249,0.8246123088933917,0.13518037772990743
0.609756520482443,0.10223362981050842,-0.03239908991295397,0.025026616740294307,0.5360578361640185,1.5612804473054906,0.8393816483122678,0.4153334592589524,0.3662496429020785,5.680973088618888,1.1560580130752467,0.3416282040272454,0.44537190889919553,1.5816320923354406,1.0644730485042497,0.11514343506600397,0.25185848193526716,1.924343618013299,0.9994676674782594,0.271549538333654,0.4955100180346258,0.9202775161677847,0.9280645604435795,0.135032487685432
0.6390737777436404,0.10316239914939494,-0.025388923145934342,0.028448395906129527,0.6110592977527213,1.3850115556391285,1.15376889598114,0.36168587112587813,0.2846139756158637,2.7035669600023446,0.8168970495363438,0.15855618773030947,0.6476641032011656,3.552993562037038,1.1730914237072436,0.24078613704305615,0.522032723202238,2.785624516340491,1.6253921176926878,0.13267372110514153,0.44202877693894843,1.994451562522825,0.6881876946612643,0.21548535869341814
0.6697349888678761,0.11393546543343297,-0.026870430579715464,0.029589904497453145,0.5469520573082537,0.934973741990812,0.7794714796140733,0.3632019830307178,0.28591266808468774,0.7645914082032084,1.5171681598397606,0.0726968115305371,0.4431709625759093,1.3622888383438896,0.7155126058277486,0.11853285042965923,0.2519680552457763,5.816506529653606,1.3714984644910333,0.4339389265831175,0.3137888080749941,2.9701650453793174,0.9250894447414405,0.19782615855882366
0.7250268809067065,0.10159749473668006,-0.031421662933633694,0.028068713496331926,0.6410756410997547,1.5465582870832608,1.502289860394808,0.33607699333924157,0.4367383220896893,1.572561492560327,1.3122385383745594,0.13696701794670227,0.19728235888558937,1.2679088733595882,0.5816479290250394,0.12188266347676248,0.19044938602217404,3.6711911248204756,0.9577020329832331,0.22402234138189378,0.3041307968145442,1.5487269993381108,1.0550338546155977,0.06700398795454698
0.6991706131758226,0.1102477107026197,-0.024677209822015166,0.028160033185693337,0.5868444677352261,1.0816713992086604,1.076694675400116,0.3481343449093702,0.24070116234606798,2.071602877798025,0.6934539853238268,0.12486297874781875,0.35778446269194997,1.4224262631742495,0.4998936805632887,0.13767192702314685,0.4363037308322287,8.515395154548926,1.0938424002092584,0.23896246299617288,0.32551857403199735,1.1851026282379666,1.6338037292941519,0.09254980523741742
0.6537904175263304,0.08817704184055423,-0.035734614045012714,0.027876219672929324,0.6138060691871392,1.4854721784690474,1.1161643440296802,0.35111928948678767,0.41083564009553475,2.0651383485902515,1.436656046349719,0.15619276967036297,0.5812776703556742,2.2361060003687867,1.0925105699607698,0.17561318023268782,0.31138306155714374,1.306409250305275,1.1274069394191975,0.2451060628735135,0.3560584565881744,2.858718593391975,1.368882073937278,0.10688773382094008
0.5599221958168042,0.12220102963871958,-0.03064312020129837,0.02688799294300914,0.5539753021906821,1.843959015819955,0.800749227522458,0.4638649751644029,0.2123782245816548,0.8116573211450594,1.0057918138500876,0.08815844425582271,0.5606766034590615,1.041481268175958,1.321062945165424,0.08720867776939026,0.2511842672267946,4.759110545482774,0.543776597927634,0.3243711060580276,0.4450288929724436,1.0745800224813498,0.5464511331408566,0.22076668592991616
0.5921948093568028,0.0876639016127739,-0.037066076616393794,0.027692005045696664,0.5724011868245823,2.952714501564719,0.9226074016977983,0.5253192335549374,0.4347735790543798,1.4703335392034584,1.470847948344338,0.12634515889935477,0.5826956596319025,1.94431253621675,1.1982600209438976,0.13564471966527666,0.4173571888473917,3.7301010918687547,1.325981465805125,0.3573497018013144,0.4591384280839336,2.031898908073587,0.6021556885403289,0.2655263973752331
0.4942288546398281,0.11315890382807961,-0.023578845457714045,0.02719034650058732,0.5477346631256548,2.484083823414289,0.7096996273723024,0.500655492757211,0.2568168300843087,1.8379900919212893,0.79630449766312,0.1191203529907124,0.5701053573335664,2.693046724958722,0.8323013985073737,0.16814693711639925,0.37170578699499596,4.352662363114999,0.5066232859332391,0.2909916766579702,0.37262444958467156,1.305487397211236,0.47582813524165896,0.34304938863978074
0.7070618948855466,0.095685156635035,-0.03453172277634518,0.02768987904159118,0.5936354001377565,2.044088836555042,1.0327736220560715,0.44003800255034586,0.41679241060120437,2.7598977482207725,1.4218104651519792,0.2047311333122923,0.48165976247757375,0.8202841735141274,1.1758365430751434,0.09458438047537496,0.5211560188723879,1.7304745794522567,1.2024966046072885,0.11424891486380405,0.34608732314066315,1.1729021598768794,3.907285757705669,0.05982929835171231
0.7044144529076819,0.10079813688715424,-0.0217915582523999,0.029343931410949552,0.6231294343237904,2.1732581831250077,1.0510803838050087,0.46851623677528503,0.5249674605876362,1.9139275865834198,1.3186307174494132,0.146448084046594,0.45086154612721635,0.5627134987236417,1.2309711750594288,0.08490450886476808,0.612679183515814,1.5448825220661617,0.8189670337791143,0.09346164090403088,0.5501475726706727,1.6097126658242655,2.4778453539264125,0.05156454503709506
0.6984504004189986,0.10693751724417029,-0.03759151079384074,0.028082480481556,0.6034604905094031,2.135425722234849,1.116032230144029,0.4488049673779867,0.2602256936093685,2.269016338889176,0.7992407692557838,0.17131865145190353,0.5048579786505805,1.3151869750501635,1.0812027418109558,0.10598090637777376,0.713368414378063,1.0445970230776096,0.8005495183784,0.12051565959177049,0.32202432349161586,2.14584069628916,1.9262697216182945,0.05400448412289178
0.7303513117306082,0.11485111951844632,-0.02327314445497209,0.027993067635312223,0.5181551605310108,2.3544682366830365,0.7427963790987483,0.4986644269323478,0.34406792478524817,2.801515808958015,1.0210980048811122,0.18019855835784865,0.5745280736632415,1.3397803110835993,2.009451703833246,0.09879514924800802,0.08245204513726151,2.700643985635659,2.171033235175623,0.10169173308549535,0.31432301473676644,0.984990190022438,1.3822062410467535,0.08835544776799492
0.7277398491929747,0.12440664261604215,-0.03103483967153019,0.027307755525388226,0.547393084020227,3.2510256173837027,0.7602652538732004,0.5894941612740255,0.26858509708677725,1.9079642772019918,1.054800251976794,0.1369998346349802,0.602018375031959,0.9301934216532723,2.7683940894323804,0.07708539116857813,0.1400894217303542,2.161567753355984,3.2974620674815314,0.11498526589250706,0.1780852209951742,0.5822955638383581,1.4901669482163165,0.06407517450318277
0.6317537660530403,0.11527981115792649,-0.030512658696654253,0.028839022642357003,0.5777894384855844,3.4842394517421416,0.7433240327378572,0.5815925451045291,0.23263714879343478,4.1622443170355465,0.7879896203979019,0.20345480697980584,0.5031479022151131,1.5248142011257815,0.7339789332950799,0.15155012125884781,0.4687397767328795,1.6882237098281898,0.44390749390035783,0.21601400944438412,0.21837654799161316,0.5062826407503617,0.7870788033196833,0.05674336683913515
0.6430570104018792,0.11309108319186595,-0.03165608013216619,0.027918374800814917,0.5783107874559799,3.4514786920549385,0.7912988840010197,0.5810421047432773,0.21546873807403263,3.3612787596186045,0.7852259537717268,0.2012890648552173,0.5127619530959175,1.7259748349176982,0.7685070216250014,0.14658069661063663,0.46247858062855995,1.7051709163045723,0.46304252013148284,0.20741170362095068,0.2226769748088249,0.5446962690781597,0.8053532501008778,0.05748129347262353
0.6931657307261523,0.12759206202703827,-0.030546881533662817,0.028051424928378685,0.6004604366003353,5.243000243044344,0.8391781788340894,0.720154941611847,0.42384656309169333,0.7848587504674344,1.8667465773197731,0.07786869681359422,0.5800639416162527,1.405994272129769,1.9949361568804078,0.11459997138754352,0.2976459114097168,1.2654342239915775,0.9324662872972999,0.10899764065712599,0.23532071143827732,1.1828410616220262,1.411826065039589,0.07552440778794514
0.7062731990213061,0.11892733669685086,-0.026804210910556518,0.02628383346512688,0.550184186557614,4.965148729600112,0.623140917762285,0.6660395724659035,0.3899049827373733,1.9154944961063731,1.3297139320068787,0.15373494977493019,0.5935711782526408,1.0722462088636746,1.6369451088844158,0.10544293070280526,0.2068303347108091,1.6346697153176122,1.4751178361368331,0.11238401361130007,0.3015110702512435,2.034949718922695,1.6898026784914346,0.06475377187442834
0.6251102149795568,0.10956462880344306,-0.020357675309262156,0.02875337097061653,0.5978053517439903,1.125996085417526,1.2623986701160284,0.3119042797349397,0.37331510134741475,2.5730775512643507,1.1455864928116177,0.17847126984490758,0.27930591548915606,3.4118004729250373,0.4576580323688002,0.16434684649881895,0.29340313363231096,3.0461289058530534,1.778273972021762,0.11507447155403258,0.43909892648972426,0.8848646565962319,0.586173066977012,0.2547762199607883
0.5448721882869971,0.11452684953838203,-0.024066313379031576,0.02768677553936685,0.5480168127122977,1.8598089252247874,0.9677543381805149,0.4418521931363414,0.2726617699573215,3.2119414812321883,0.7427828048837357,0.17183365053117075,0.6721862731550639,3.109430868122715,1.5701753677040333,0.20525257109812722,0.45001129385598276,1.362709976116993,1.6777013653939865,0.19375453751903363,0.31212762644351855,0.6933648499333214,0.8435324234053811,0.21291376716821428
0.6467658393375434,0.1129686157688307,-0.023829750045762325,0.028290926155165153,0.5955184233498413,2.0862452619448804,0.9167014002524032,0.4598391338137329,0.28151083603082405,1.3539567518422004,1.4084479607183402,0.11048232623651161,0.31117400533379025,1.1188336428969172,0.5955135358696828,0.11696785396878981,0.31474411718809325,2.2337273305119765,0.5849537604486673,0.19523715615522746,0.5150503313764356,3.0649349490733258,0.8843373954343206,0.1592818132506192
0.4592949249773539,0.1037075357949226,-0.028679176419473495,0.026242284336547173,0.58990089432931,1.9992497444357467,0.8662397631209922,0.4601328949760175,0.3787642714197163,4.359813113167571,0.8154587370938865,0.19904015194518193,0.4422808207852528,2.2747813155330694,0.7536784551086952,0.1536423807351014,0.47787960429193366,3.4247290355557922,0.5679698488777324,0.46998205154474465,0.3829483102208714,1.1239993549508618,0.48158976206146,0.25293211155836576
0.36495095461489324,0.11459265570826223,-0.02199422270532371,0.026598216921682336,0.606985699991667,1.5090745018314389,1.0662905560652414,0.402910984275641,0.29902190816936924,1.9121951906762846,0.7569651591237712,0.12392092379460118,0.5991024638411211,1.7581087878365078,1.167756059111367,0.1408599105589479,0.3603859476658633,0.49969390911594236,1.5797254014570041,0.3025023708780544,0.35514905049676815,0.4051827983611324,1.1066523015297027,0.19906324592067792
0.4478110922780783,0.10583164858890591,-0.03349023435760526,0.027681841703155893,0.572369986849491,1.5909185538484356,1.0187288897740987,0.391054354837767,0.2611384575712606,2.3446174318566584,0.92663812985807,0.13801019907362302,0.5497368053795172,1.5751939605536514,1.2631047485891715,0.12612954605883026,0.29521953761514347,3.864885148361077,1.130297773710509,0.34463112821052416,0.5748272488561215,1.7595540648624652,0.34073628540920003,0.5358599763369377
0.6766828827412232,0.10890422224088046,-0.02947593521881497,0.025276342662753595,0.5654327388575865,1.357692571858527,0.9451984993286455,0.3888334351949214,0.3233661888005021,2.3545027053218783,0.6493461160072969,0.14366424258892993,0.516291800089577,2.859709287460103,0.7994096360790336,0.1754454526453543,0.47315837591987503,1.1029537061119556,0.9767048815355891,0.14625257877825382,0.26597215710869415,0.9652508563163341,1.0837993006968294,0.0361695620978441
0.7414845497013046,0.10436580410033477,-0.026782896210013552,0.02807244538730272,0.6044584696417978,1.3449717187526589,0.9688071246476406,0.36543398640549535,0.35560826760620845,3.776009779833949,1.1766150085821525,0.24347504309731396,0.4920848397293072,4.762004528283181,1.0138971355899744,0.3056840661951613,0.36105029123714966,1.5222123066637971,2.6585894880581726,0.06494272477279876,0.4194422600316282,1.9517001563240128,2.361836981529377,0.06209104974559408
0.6981458223174565,0.10031898961837413,-0.02920355491464215,0.026579281082398785,0.5744576559210914,3.3428972539695234,0.7870208395949041,0.5650535904271746,0.2621372772605875,0.636482576013839,0.7557199356626589,0.08674561441058545,0.49423444669262634,0.714865715228879,1.3821366899617589,0.09287935331578656,0.370036739910516,1.7577187404453085,1.3606796416186824,0.1734406368161355,0.18676279759399458,1.3553829299841276,0.9760767703330598,0.03552199010613637
0.6577579521203092,0.09884282779276823,-0.02711797821568678,0.02717137939251224,0.5818135795181806,1.3406913328746377,1.2093422212087543,0.36676164938969746,0.06683191622411998,2.3990968510623394,0.3249164076649575,0.10713134136279293,0.4472776724865679,4.903950525618423,0.7371627199322943,0.22182609340129336,0.24433347240957803,1.4058423433863816,0.869332753853334,0.18654745326863098,0.4229355793485635,3.8418831301433274,0.5664088178017577,0.15150086537070265
0.704929862037528,0.1088599195741922,-0.026440536653113945,0.027486843928373025,0.5425170206654002,1.9148611438020984,0.8733121131874155,0.424941611158063,0.3892093060429151,1.0761532690443623,2.8884366542851616,0.10233673384526283,0.6168851533411933,0.8843923046993,2.145109022838063,0.09874518043133185,0.36474217782982604,2.989404147314926,1.0674563511982347,0.19927548120248684,0.12013514415196656,1.9429984644539446,1.453951621920753,0.09995763079176341
0.6628713336505784,0.10067157051813286,-0.027623707191650335,0.02965626801487348,0.5977125359808594,1.0907051648253179,1.108204412666021,0.3328211498392803,0.07284662030077865,2.320192604376316,0.4253960389748992,0.13811559580897134,0.3841538025828327,2.832405443689455,0.5479649881483766,0.136458693933903,0.37296964553871725,2.395885628108024,0.6027188573064626,0.11325335118580562,0.7786319991459428,2.3882381714666794,0.5462077509723018,0.14658548707325775
0.708348639661635,0.09066811435350271,-0.03307459439710712,0.028237428254578107,0.6106269720146704,0.9477993892474633,1.376975020328864,0.27477910019954005,0.43185320348488754,2.6348603720948276,1.0262760455854274,0.14972687755754335,0.6273046313372479,2.4314352883149644,1.1941816578139226,0.15859680923056454,0.2138013494638358,2.4521928895544223,2.4562552600724312,0.1442002686868202,0.46421509085981066,2.249860948062279,1.2839579938166403,0.17834202917224182
0.5859621260886264,0.11633490942704344,-0.02556649690140331,0.02716680449949811,0.5264761502979016,1.0797394772721813,0.7814044551528376,0.3769638647228459,0.2544951908696245,1.3602645510209725,0.8031214598098722,0.11031662387401893,0.6131170979774762,2.1595445902372368,0.9868714259318351,0.12235812178479216,0.2979683334036525,1.6368805835818163,0.5945438062420768,0.27176252643278453,0.3697537181175568,1.8082105582461834,0.784333142104597,0.15071816299673027
0.6654913904043226,0.08473423592717784,-0.0274003648989383,0.028814439638389276,0.6177929380252078,1.2729727389779582,1.1987366631146215,0.3332789789446425,0.3798205462640415,2.0844046659234245,1.1838695198016826,0.14526280284345933,0.6019528583045015,0.8200612736206638,1.448558924846991,0.08073678640486255,0.40813216348460324,2.4262115987124044,1.8776667102932827,0.16372198004350494,0.37578379156660474,2.5335117495759905,0.5319979121705308,0.2259471387301352
0.5826518475003725,0.11497203750291302,-0.022825543684100016,0.02898453988119089,0.5327563395742343,1.473661708676802,0.7493961800918418,0.43200450743608404,0.21093490988270877,0.7283178129958541,1.2481128830031667,0.06781170984629258,0.5989527361472942,3.542864084333738,0.862635668052214,0.15325367396071773,0.250695806664683,1.9571029324881883,1.0937308557928225,0.1492903017959748,0.48083718889492105,0.6266798491824477,1.0462762174725506,0.195836687968887
0.5884150095610853,0.11691719618143612,-0.028084710663894244,0.030540675697465394,0.5453358708643332,1.707518641913361,0.8164514956068711,0.43837201115906094,0.23509077938857,0.7331528674323831,1.1265452757982761,0.08191326020406363,0.6204153038059342,3.1292565698781516,0.8315480615900834,0.18318681823245564,0.2249462939777253,1.8729476108297518,1.2152514879120748,0.13942311811571687,0.44400516383236105,0.5487465965726057,1.0271905626754612,0.18244525378140747
0.56222215143404,0.11546440614995182,-0.03371544058970589,0.028798255503903695,0.5749682705861925,2.1242674900655114,0.9449178887852709,0.44752074877996756,0.12230124924659216,1.3322971991406483,0.455349750034369,0.09114996566728545,0.5642119747989564,3.7331080311528253,0.8005185107674319,0.22113313927244105,0.4797207817030271,1.7045160327523186,1.5131195120604877,0.1320321126082576,0.29692675037659955,0.5419618598024291,1.714541417646833,0.20351244634732155
0.6196613205588299,0.11795105925990293,-0.029135318191183614,0.027194842667623675,0.6051861281016083,1.4581434925984114,1.1670820787920058,0.3791907501361628,0.2907133585287594,2.411770500272076,1.0429637915344503,0.15578077297712864,0.5691370961685152,1.9571568201396226,1.0446663339819178,0.13893663150165902,0.2944208889936667,1.1341550649477894,1.0859901171636437,0.1448203945142995,0.39428122560783085,0.3371289684097191,0.5364747904573448,0.1432719371220185
0.6719373107658622,0.11850030637807529,-0.025511399367538108,0.027385759583620974,0.571339895811301,1.9711535306608434,0.8831722681056073,0.46093289994226383,0.2937029551730937,2.180871667342359,1.2167060233590672,0.1536387744820075,0.4445776241032001,3.089404758013103,0.9311960164940005,0.18652578796854813,0.31563872338468796,3.2903584957976597,0.9741059790710375,0.3048767864680089,0.06429187430721008,3.1132635445608123,1.0293801518835382,0.13627525093120232
0.6457682753416842,0.1349347206226971,-0.02417958020060664,0.027835209874739697,0.5907730268340431,1.6858939167185096,0.8153657926740773,0.4410378193923266,0.34938402062815377,4.774226580170019,1.0387565314104628,0.264268538229649,0.5952661036143774,2.675710455114413,1.0557412239210318,0.1655807582143307,0.3079749669571297,3.5547750123107686,0.7792402068633564,0.2727901533817678,0.24298765819630755,2.6951821835146457,0.8726832951245522,0.10256249549547286
0.646411487846824,0.09883471559796367,-0.02976552189431158,0.026641901384697887,0.5459640537409974,2.219314306163422,0.8760062623767833,0.48019710702514845,0.4113886102852333,3.6114616348944937,1.1187167101937123,0.24793162456435372,0.5467906646398276,1.7433886642347123,1.0936830139443325,0.1506532068820104,0.21184567463942458,4.798896994236257,0.7669219760686542,0.37118766289333505,0.2755401892798954,4.21609610745278,0.7566278294103144,0.18456579296700576
0.6972819110111379,0.12823636465049051,-0.024341356366738703,0.02804629659116853,0.6104908138567495,1.6646053524770443,1.1366258525527613,0.41900857907026257,0.11634190027455274,1.2964644784076238,0.5800354321073863,0.11299330516034417,0.37239454182833454,0.6944130126411757,0.9478030006432049,0.09368480512165703,0.1411672738827699,5.998601456799115,0.6995577132401635,0.283722079735671,0.2883245052301744,5.336788492186561,1.0685578493376733,0.11375600332680609
0.6998047701881495,0.111806009950215,-0.022495517626480565,0.027037306266113687,0.5981611134844227,1.8338519542491427,0.9136726428775783,0.4446773375894203,0.15265400076435293,1.0332005142945704,0.8398422761215515,0.1096103491609399,0.45701498428206894,0.8515813977473834,0.9048371464982198,0.09791379720781936,0.17640877350419168,4.570259339376206,1.0295711579757647,0.3777873087507137,0.2246536660330414,4.6084755091501295,1.5576143078092068,0.09575488101155188
0.654991641672187,0.11293359940943432,-0.02751475879307144,0.030423321856543294,0.5853888847156291,1.5762573508216475,1.147095445727102,0.4023280524172835,0.3710893786018629,1.0667144844423981,1.2730183501564127,0.10510159264649482,0.3795627951856714,1.0073343323116322,0.7121974320644253,0.10765239181798052,0.3870067127784068,2.4759039140431343,0.7732491002633223,0.3141453492775399,0.1062073394053379,2.5482848902012196,0.7415695879135146,0.039297171517976556
0.6675656830696222,0.11396165677863007,-0.027262646812665575,0.02705126841229001,0.5966128333484432,1.1893710654212635,0.9536092840503004,0.3508769585220852,0.4430689160956225,1.0146238888133396,1.4901065432142886,0.08348405518612476,0.35506210553827017,1.4877353388350105,0.5816345064074729,0.15209216638968778,0.2884458509284195,2.5533967258139523,1.0176749095891258,0.3067860250361507,0.05623886232921181,3.8575279385020274,0.5413956612646703,0.03292111644187558
0.6222717961449653,0.10279619050201859,-0.024567257591503164,0.02989068610126044,0.6065026585480511,1.1442881537597531,1.1215091538394633,0.31914425331817386,0.39312564671390066,0.9726905346141739,1.9437241973900148,0.0780325767946605,0.5099301520701274,1.8561073826282872,1.1233050105637192,0.13501303570570292,0.5558136985695957,4.472213674655086,0.694440894043863,0.43558380203619845,0.37730814724380457,1.2777161286281715,2.7674004998241513,0.03633096865971231
0.7548438866640097,0.11216813297369967,-0.02279845959590031,0.025431559202100263,0.5790155608270378,1.9458918922212936,0.9321707118828741,0.45525877611525956,0.2950036855443876,4.840334246987906,0.9217032743267358,0.2621253888993749,0.6066545789764013,1.4531636523344371,1.4112101356805182,0.1246593455058896,0.2888166882232616,1.6955794527383112,2.647587987680439,0.0702733806767727,0.3282206337621912,2.201549068653498,0.7763347611629361,0.020797431978603554
0.6502563130705041,0.11370616935930321,-0.027538200998169744,0.031095041744406676,0.590115535770459,1.5296033907302709,1.1054567770333148,0.38454122935778995,0.23884675045296888,0.9090287808237635,0.9694598429505399,0.09716865399969216,0.6125378503114034,2.5407298379185015,0.9492455989740798,0.17819275215078514,0.288609453022745,2.334450861471723,1.178118341788801,0.18647256596356646,0.629962322177513,0.9030674762485743,0.3506998978798662,0.1349769945544902
0.6138612109967049,0.11538088886183678,-0.02736933480077856,0.029065477142022796,0.5667435160008031,1.0610957483116104,0.9547938347781239,0.34735066608109744,0.3565470551226034,2.6959794313013274,1.3046588504665915,0.19147586974900085,0.5255418498734404,1.2620131266231955,1.0788322018961836,0.12291856888873436,0.3919024608781361,1.0379980973422147,1.1964603315869946,0.21064317105885094,0.19678740054641194,1.2207463357957027,2.237332356080235,0.1042300533078496
0.5774828640955977,0.10756278703565439,-0.030277137333466497,0.025933325434198844,0.6125251839366137,1.3909792122065443,1.2553491799851837,0.34515433784052596,0.3367660424453094,4.21666598363408,1.0354872502219996,0.23573822254728613,0.6403653050127711,1.6106624584546918,1.315866798704522,0.12241615650110964,0.34419330867472897,1.2502798317252624,0.7475953805911932,0.3666024125126449,0.5575407845766306,1.4494687074075219,0.3787866961822137,0.0617600134440376
0.5724157964604663,0.11932641511177886,-0.023238360074223537,0.02566927875426934,0.5430829706385152,1.1817592027410055,1.0148878200188445,0.3609592581388365,0.16193164054155496,2.1414096865763397,0.9684089087610674,0.1380308751532184,0.550660788738246,0.9781705684995267,1.1783791148103138,0.09738794377194068,0.479504790000099,1.4336220311083747,0.6621136576939477,0.40714770649611914,0.09752421407031639,2.51677774840047,3.087105213717844,0.04898030425294301
0.5462764480833139,0.0922578826929969,-0.030352300898858726,0.028192039468693825,0.6168540467293442,1.0710566749268315,1.5281501138558253,0.2905718337341719,0.4076676031257423,1.474669883651834,1.182591292401972,0.14996784486016862,0.49602178852598927,1.3735064105414538,1.048205999747271,0.12830407380482067,0.41142792692015684,2.5036478420642916,0.4550127520880002,0.5247096758560662,0.18313416678413794,0.5021661957233808,1.0224715414719807,0.028171891696339393
0.5348678505673238,0.10156998845946644,-0.024878108154125868,0.026873560205787583,0.5681511428798987,1.1945508583453872,1.0785179040200943,0.35012229347325047,0.30747646651761623,3.840385669519372,0.6631255575256723,0.1940211927540562,0.63457679959265,2.235190955443001,1.3209796419754771,0.15394655646491182,0.47271858689055046,1.8673844764933976,0.5912145633135556,0.483690147559736,0.15632515049674317,0.4437574678689435,0.8782987329639129,0.03004129803032537
0.5126802391825356,0.11593670209995809,-0.030583803781609395,0.02750461022099793,0.6026853297650597,1.9567307097409437,1.0397031278446596,0.4452728148551257,0.1854170017026756,1.2565783262427128,1.238279544074191,0.12034257543810345,0.38129934862913395,2.86194069666471,0.7339697330255593,0.14715807541214299,0.37489012902971064,1.207832604333693,0.6237982992600043,0.5003301225807988,0.5550450716806029,4.778405236614766,2.1533777399216314,0.1011780261164747
0.5115767622187929,0.11763070644557755,-0.026038430257225926,0.02820956713465143,0.6443019528769048,2.231158445639515,1.1114338760397304,0.4662261466697632,0.3224912457345568,1.838663537688941,1.0562995909655506,0.10412078282458874,0.4631245903432325,3.085781280984231,0.6994893326372551,0.1499249673153164,0.39669840384862015,0.8670761624759346,0.3869208172334,0.4362621210198506,0.6000125491258697,3.578625799291436,1.8834596945203932,0.12075658737983275
0.5035440608405092,0.11318306157329838,-0.026535519520663426,0.026194683010879127,0.5170957569418991,1.2425896453345573,0.8134255067714501,0.38460006396972246,0.4196443483109386,2.601774809473972,0.797796357910105,0.1864514546766205,0.6517440143568335,1.7909342332179616,1.4098000211480635,0.13724918807793596,0.3702478144334848,1.6908676374725589,0.6572000712840146,0.4776058246825109,0.2515200012310299,1.692828855586594,0.7409700342210999,0.10411462596757144
0.5311368848933784,0.10267418359735091,-0.03087262399472039,0.027407646221997227,0.6458129718865459,1.4527640429169157,1.271196742797725,0.34848809896031113,0.2526267215686101,2.6265195646976895,1.0590150575234465,0.19295168353012035,0.4108610945569695,0.46375247909510625,1.0899252116108298,0.06917113581743156,0.4394251135661557,2.6425497894408267,0.6511944200239267,0.28196148926860837,0.4469448921243011,0.822725144577058,2.9308257369117405,0.1725551380489486
0.5360141963735947,0.10325949355126206,-0.023711970136437464,0.028252132838861962,0.630824493411483,1.3757718756553647,1.2324175238791204,0.35170079871510423,0.28811547331731613,2.7439381118370383,1.0837596478025229,0.17511380670793306,0.44408346488749467,0.47586010563787545,0.966393637163417,0.07641847161371755,0.5244998730180522,2.702130266081424,0.658614645383744,0.2565465649698243,0.45545654900275695,0.8232615128141895,2.5531050639267936,0.17424372573281077
0.4630513397600683,0.10811955724972203,-0.02524888269996108,0.027365063136238293,0.5673601139647636,0.9391712612398414,1.0311343442351235,0.3375629649234712,0.44505426641232465,1.8795630268666554,1.207696583854303,0.13482345246369712,0.4855351765395513,1.9969710400951513,0.7674430028759552,0.1495182765582385,0.37474663754221493,3.518263464151276,0.9101797589533339,0.22322381653891332,0.463147372446962,0.6711104505616539,0.5598107297908269,0.4007806267698629
0.4589900674669399,0.09093180651728601,-0.027705273263157464,0.028965452533165896,0.5719399934943289,1.2612830222401645,1.119291972396015,0.34337904142060205,0.2344303746321604,3.739158270895635,0.684233451389547,0.21031050016056524,0.34888292699601664,1.9568216835677905,0.8940207945891628,0.11748980994408217,0.4386749676025476,3.285477664240965,0.8851252603548511,0.20156677848636217,0.546696140537448,0.4221738644238489,0.19923557718207777,0.491259951577191
0.424519035952913,0.11487973354429042,-0.03134174964586348,0.028641426414380725,0.5872174131750134,1.7400024876228308,1.0106540455027686,0.4449796750229426,0.2357775637449172,1.0767547844206684,1.2207160413988445,0.08727813790238798,0.52752629656813,0.9905762510832754,2.6264484724956456,0.06610587215065504,0.21842690455387406,1.43869974214779,1.0670806101683288,0.24811771521540166,0.7353556093029016,0.4862266163993372,0.6487577939601521,0.3350776748687469
0.6829522944739579,0.10723979677536975,-0.026876315669949562,0.02532559698541526,0.5208622830550925,1.2206536009782492,0.8786381508175017,0.36393436031288046,0.21574161711072368,0.91981887933437,0.5938059977273209,0.09507342758059516,0.4577929380416056,4.668399712136897,0.7338256119868083,0.20356755237343202,0.3238017881854887,1.8167536338318957,0.5488264386280776,0.1874630393435131,0.3141116041633441,1.6262281499646445,1.3321957348602473,0.06937153910532848
0.6792990025323901,0.1227847092252954,-0.020788181169640343,0.0254645243092098,0.5911243527588423,1.4084850623870941,1.1288109463446538,0.40092325569549414,0.46809186183869744,3.510795941072204,1.138968090518345,0.24892050840053206,0.6110721131051311,1.4327350987451042,1.394257388054306,0.1332232400320786,0.33217912140593653,1.9720493454593622,1.4727847870298614,0.17861053785497366,0.4911484681598916,3.6371589979245478,1.1251988166094782,0.06986297651805282
0.6935125739379978,0.0925717312919602,-0.03213968501536112,0.028025019596166458,0.593970488803516,1.356965710452092,1.0474866101605098,0.37080728673180086,0.2166687077678814,4.129454737593969,0.9530935038629825,0.24178531019949387,0.5446490188783782,2.111236049476205,1.202187191006083,0.13736922613119443,0.3130507212641266,2.640334364578304,0.9050639386027299,0.2315668807705744,0.2814420038654066,3.48379410306592,1.2927240327678369,0.14192520637364486
0.6838603750010193,0.1140013525732825,-0.02781341276826972,0.028224786224370187,0.5662278909510985,1.4015560359631627,0.9647422221345366,0.38754476118250203,0.3185407069137495,4.4329805466673005,0.7696314236103459,0.23058892976475853,0.4654245091105278,1.8356016247597593,0.9343178556973876,0.1642327036766312,0.15798969028179133,2.7471155943820484,0.7145025447441264,0.2250187262853859,0.39986512983627664,3.3043272276487756,2.1702858756225236,0.15040696323468908
0.6422896484781333,0.10313897505225429,-0.034026775939672446,0.026070610902176963,0.5939476196295663,1.8279451095095363,0.9772375237315679,0.42293296141153924,0.2048654763500864,2.4066473616101063,1.2808125880403674,0.19301747446989032,0.5958148077076137,4.397135703713555,1.0697141197053817,0.23216035455866807,0.5721684327869844,2.6044926373119512,1.0616987069323434,0.27664295349910023,0.4429273444565984,6.1711013379458866,1.0380169341118133,0.18049771300857653
0.6681753854436435,0.10250947239613882,-0.02848690319939504,0.030514944423747466,0.6392367213819742,2.0346493327362754,1.0341171521342813,0.43672552796788805,0.33068034927229656,1.7223909908474073,1.5111628169224989,0.15282060269699954,0.5271804176047703,3.75926996857371,0.7228689904559303,0.16739029638975358,0.267103804149481,3.881032110363599,0.8411284408057896,0.28477605129669653,0.2942142165979032,4.185663164731434,0.8610523302201739,0.16426734857391895
0.674142140094829,0.10651947794658402,-0.022672027271844246,0.029645438992465953,0.6224306599090591,1.9490253444979215,1.0241250547451246,0.4189436731721244,0.3858402586137268,1.7337248844663085,1.3390399436991078,0.1319039998077875,0.5544787729383445,3.8002083251531915,0.6927495001544947,0.1680237807800049,0.27799901941495747,3.566176748393878,0.9868343206941116,0.2963899416979039,0.2968167902931339,4.0890809790942875,1.0636044307546073,0.17826040075933675
0.6711020369720362,0.11367090650963815,-0.031976783736209075,0.02586132228979155,0.5741509405066935,1.678847103695308,1.0271792636075503,0.43557950531070605,0.32258815363629023,1.3633411073890205,1.1757153525424513,0.10782761578709821,0.28876496494584786,3.442159954989009,0.7403834090627228,0.18277008606453474,0.22009813900497033,3.175551127679489,1.2744622191034691,0.21106645633403975,0.2294724413820889,4.429929691792286,0.49467554603176156,0.2326410703119207
0.536372971154283,0.10180789477915501,-0.026865403194344245,0.028287412504869724,0.6105428557482805,1.9319476587744293,1.0464431290187135,0.4401206683806532,0.26342767329768674,2.9968120556318434,0.7934658325044865,0.15271406813007188,0.4913438749097463,4.459781672151064,0.5727919075482375,0.16160526397943564,0.5554155347618801,1.9922979857328444,0.6276562305590908,0.3035003769941987,0.4261493986351019,1.7470616790250622,0.5579840958739234,0.2248453104637268
0.5158183745185247,0.10233404067101531,-0.028770905468103534,0.029200480296542073,0.5495058950294017,1.6570536282844754,0.8781896045577948,0.409947622365399,0.25423528199134215,1.6533093256207076,0.9109804935967287,0.11415012271776451,0.4576497963054342,5.118877884010661,1.0220022769958816,0.2749268592846763,0.31198856903952815,4.118706271596991,0.7106271481466424,0.4087272565392212,0.4570729387322133,0.9270225164612356,0.9026889539598995,0.26452734607527795
0.48919071576242673,0.09026350217212344,-0.028011861411457183,0.026704552281004705,0.5895603081607612,1.669039379954944,1.0541873911609696,0.4045746137919523,0.36131575638843993,2.643391466801854,0.8674676343368899,0.15464244907133665,0.548425512995525,4.223464583027091,0.9573588513870515,0.23057089089831825,0.2646008249057212,2.9333472545610793,0.7830901365007631,0.2830823540283313,0.5424252636512721,0.5524109404016582,1.3395182244028176,0.26089316009095725
0.5264963145278042,0.12994198683626615,-0.03193007517981717,0.02696717539256057,0.5509468526231057,1.5824387906456006,0.7685650178390997,0.4202688884244483,0.2908970278839597,3.4499643524946406,1.2586926057757044,0.24707444945756055,0.6240863693852696,3.198884884336055,1.0928823229779834,0.19569883753996106,0.23336398150161125,3.735312746428356,0.9707430046654957,0.2692730427113255,0.3114618808617738,0.1718143830222887,0.5602618255940279,0.24189919524553816
0.5123207648296157,0.13064673203263083,-0.021726017412845487,0.02495449115983016,0.5248238284551205,1.4291304139191212,0.7966899671708146,0.4242498727444201,0.2804461958285153,2.847376483030866,1.3833833465923413,0.23182340420830164,0.659801207018682,3.1214400771722373,1.708269015510174,0.21135800443693248,0.24486757967115755,3.0493394568329486,0.6181824437193975,0.27762797533923134,0.4561630437616312,0.133221502275087,0.7432301319140375,0.19453399877367245
0.5269077200303561,0.10106860206497481,-0.02740950226905948,0.032537893524990306,0.5252458430847231,1.106966533760756,0.9489569726904095,0.3598145553710356,0.384253292207618,5.4525466951548704,0.5982497174334193,0.17665895131382278,0.4049726027758839,2.4561155343954395,0.6664080459376641,0.15140087127321905,0.08344724044087592,3.349523925505452,0.5838217576167031,0.2504752448644354,0.30338802549103094,0.49035436911769764,1.3947395262089668,0.23555313444331508
0.5900339373552573,0.11601433808974121,-0.03471353266020049,0.030336868292932907,0.5644030456169208,1.7903768551458188,0.9652463277448152,0.44932328980253056,0.17278073495756888,1.8094082767416801,0.8015362439013614,0.1172218707606865,0.6265852061127132,1.3439854119773067,1.512282061064127,0.09741497609969778,0.5714158302737683,4.912933912360693,2.321539295794372,0.26974335589628745,0.3756182330147577,0.6192310360684617,0.6936374128613945,0.26322867284270923
0.5986620433896952,0.12531095619832386,-0.03020611546279734,0.030022696265074877,0.579228792076795,1.742682126687602,1.0016055213127142,0.4349345086243312,0.2847845196915596,4.754423914967916,1.0717498831073289,0.28494102494138757,0.4598126981574902,2.0835470437265737,0.845129870753229,0.1411874591375334,0.11502872607383395,3.035421768504927,0.49774203260084393,0.24740207394843564,0.41671256594414313,0.51358750399026,1.3360884527350836,0.12136331667749138
0.6947582483203428,0.09775672486791633,-0.011450056129914425,0.026926950181552816,0.5605840229092627,1.1467798532302642,1.0578584552685861,0.34236990447571924,0.20131352448063536,0.7960525992556028,1.3034451569087855,0.09991431954315107,0.631781767597166,3.0545423100756373,1.1251424783022717,0.19011200742141707,0.4136391202790207,3.5211293749558945,1.7275170373124784,0.17164049849883792,0.26698412835952917,0.6028278920082757,1.1136724039686685,0.09281329664589119
0.6252767344208202,0.11621050755108246,-0.03871741935158882,0.02839712225639423,0.586500974630206,1.110392253776345,1.2431466161336333,0.3248761757880065,0.3325358128652097,2.131872395932499,1.2842230570183288,0.17600389819852794,0.4685903606485734,3.281107569765007,0.8737950365688265,0.19584019452416043,0.3567998032246897,1.980724640816615,0.921811887418124,0.17718896697157857,0.47924244052464826,1.022960909044043,2.027061224035553,0.12483884219127875
0.6795996984252093,0.10771892296061371,-0.014042185350111964,0.025471794148707178,0.5560953929506077,3.2658865789474767,0.7980057775988355,0.5777041381670098,0.26351716229538913,1.8457892365933368,1.3383858370746997,0.1464273711608231,0.5446744126648743,1.8534627990076462,1.304345571132234,0.13994360932621308,0.3447058569561552,2.2851757178550476,1.6475682185222722,0.12996038858016137,0.4191583960646276,2.482663229318819,0.7759127332501937,0.18408308246295838
0.6781515275102664,0.11150716875107287,-0.01734236321946289,0.023970320719914364,0.560691342656619,3.13740372280439,0.838678601595432,0.5761787472214437,0.2978691740830228,1.517179389622342,1.346260521117529,0.13700429858957816,0.5414130045096793,2.1141581062009314,1.1774151602674583,0.15406013868841742,0.33631407426991256,2.1743266467064153,1.491665678864716,0.13677501099855163,0.358429206609852,3.3862103084885806,0.7371682536217247,0.18393365269407527
0.6620805293177232,0.0957692384339504,-0.0422085836439414,0.03175073868445025,0.5601953061504356,2.615001027557007,0.8143288955359632,0.49433522816218756,0.2810232019572346,2.647430974748772,0.9747641648124058,0.17136621165643548,0.5566713230412964,1.0822614616056945,1.119332457136618,0.11008499502834361,0.23604706213333032,2.402585179064885,0.9076765383556002,0.2481847733337247,0.37625166641645424,3.1198608095232574,0.9781891668183033,0.16896437033316158
0.6482333902998064,0.12353877063835193,-0.012659548247692215,0.02305621603088053,0.5759298413859936,2.6752951502889095,0.7623851219485278,0.522315856174461,0.2946132980572076,7.598289467812526,0.7744630693323158,0.2432395055104778,0.6117173972824063,1.4761326941677069,1.4275022003724256,0.12078388395440638,0.27524322424255426,3.4585105722559533,0.931469478224771,0.3074946093131394,0.3483518351708766,5.165885522976601,1.0302305669839598,0.1953453295594794
0.5673264182555833,0.10094773518216142,-0.030744042305052902,0.02580576647770316,0.5259644449566591,2.577651842626673,0.7602288053300387,0.507682859280922,0.4941322519330318,3.2612991849013957,1.0418401364883378,0.1796076676068414,0.5395598911910974,2.2314207217029627,0.9554180862259443,0.16982569115654458,0.47655960301494515,2.8409865700515935,0.6056367404531942,0.41782453376883466,0.34242648244454843,1.208604183814633,1.131308269304325,0.08850025053957988
0.6005128104311268,0.08138163781833102,-0.024144708934831994,0.02430474543794493,0.5489187163531664,1.0117966929022626,1.0681235155387965,0.3243059429959978,0.3155633076709497,2.3208576718540495,0.8631058669248477,0.16527599506721433,0.5141054890478236,1.5465998079112036,1.2474408080316912,0.1421146998325949,0.35012504524287613,2.1915440237998176,1.6877500828448675,0.17758961884369964,0.5380767027904525,2.9205322812191454,0.7247582513489482,0.3383359034402883
0.636899114218564,0.1284449019518179,-0.028523464709909515,0.027658509146316915,0.5569640900821847,2.527879138154417,0.7704310431122873,0.5275966330254994,0.20896644202186762,1.5040043562641296,1.177956368940515,0.10891332207917752,0.5844137145958096,2.532336171279735,0.9343992948605175,0.14693249734255776,0.11358968028472852,2.1430367939599635,0.45650281150300825,0.2804836175661171,0.4780566907101341,2.427610951122543,1.687481200222465,0.07815450684713542
0.6455454683861505,0.11521994833337779,-0.025638926824367744,0.02780914998286104,0.5716635731423085,2.5901868242198827,0.8674272296864189,0.5132006479252038,0.45319284583655867,0.9065475792879369,0.9633281931866942,0.10389026638919709,0.6315866774021117,2.0995967247132747,1.6150751072835354,0.17174703688975337,0.08989265097888531,1.7206802089977822,0.3311779412970027,0.25116176931277995,0.37967472978718203,2.665900893353794,1.576947509711725,0.06536474589459568
0.6171570635945176,0.12458079739080334,-0.02140603760498988,0.028643951296540793,0.5376200837339663,3.83476912340918,0.7564613480327398,0.6392748808520391,0.4007675601919331,1.1679213223349059,0.829763716189871,0.1025487173450066,0.4288813060083392,1.767117300639223,0.6731525088533429,0.1327635495142468,0.2751481645822326,0.6234703599065059,0.6158482922205212,0.18941993833223142,0.3442086193520899,1.031152427486149,1.0790562927984788,0.07792059673175836
0.6189907668014732,0.12887306035467389,-0.03222560968629027,0.027557543057411517,0.5546688564711122,5.744605737047921,0.5988247503807264,0.7165037413145551,0.2608542692240115,0.754430299312083,1.8392076927720153,0.07164221544445269,0.5234144066289843,3.1579614732128625,0.9248673064414404,0.16103523267221773,0.17881532279685636,0.6733375730642973,1.689782214819736,0.16821038902010121,0.35697912452773656,1.5372201796831357,1.6097388550125769,0.08943969361730497
0.6132503579950379,0.12641464130660862,-0.02254579806648032,0.0272889705673287,0.5562872361029382,6.2442556168248,0.6527218392877684,0.7411872171908181,0.34918264513455044,0.5838942642370737,1.4287193735111579,0.05899273908904594,0.6195961904242376,3.4513114188997385,0.8198636060925986,0.19652020579388566,0.17618843203134457,0.51024791110072,1.730985779881924,0.14655990335133487,0.44041185637340874,2.1255218284229085,1.6374454083485652,0.10143811521062264
0.5650132028874759,0.09600398971263065,-0.02397081352651384,0.029146753753660243,0.5388043989974151,1.3976581603926188,0.7978167916011651,0.3870025956874331,0.10425010772750472,0.19674782880096725,0.5257093674262384,0.07735842343699446,0.5780688774418331,1.609145157053501,1.0939933951833622,0.10664075894725958,0.5236065964285155,2.044909912709407,0.6150233063193012,0.2779213605441525,0.34825912642502843,0.9421916048898982,0.938559858839216,0.16437062272587644
0.629386173463076,0.11103901141516695,-0.03220421169423005,0.02688381119657624,0.5534161347850759,1.2988695091222522,1.005883503355365,0.37051331617637434,0.1297830703548513,0.14174532677838872,0.8398264721583542,0.061523658357733234,0.6268413603858978,1.938490146832537,1.1031139304580768,0.14969660316830768,0.36786515099567013,2.4800220744598054,1.0764940576936297,0.249882653412614,0.4854978921022702,1.1609432638894746,1.2857928905126634,0.10599802437259857
0.641372106355801,0.10207583388539683,-0.028967596197466878,0.03034260129783336,0.5890371165742917,1.2494094019594988,1.1182459658236468,0.3407439632095335,0.1285620745421598,0.5808096326320746,0.8561674626470043,0.07724197677769326,0.5982523855520653,2.985742248912879,1.1606027899083629,0.21896754126321913,0.3319845060280171,1.945021196866391,0.7469182554982794,0.22745627618119324,0.6166463713522174,2.8824713600437586,1.462758675286319,0.13215886422489934
0.6042321426663261,0.1423742180811922,-0.02695083188382627,0.027527442108191823,0.5671635834460027,3.6185018000718627,0.7649760578968142,0.6020827400561253,0.46512173585803895,4.179256103123145,1.2830447134018532,0.24939991058656985,0.5978318906653542,2.2620421110803752,1.1703649489809378,0.16007583455143448,0.4067388344099556,3.0202403318265714,1.1888543528203728,0.23365957850472968,0.18236945401379884,1.26686539941139,0.7433044682110852,0.19507091724846565
0.658090115977553,0.09667167387535369,-0.03190031946966179,0.02732410556889665,0.541312416314228,2.377083166853408,0.7953798732904338,0.4860620076538362,0.350155329359708,3.224260642193881,0.6184792743648279,0.13977512834949665,0.4704211035048492,0.8746376849942562,1.030159716650329,0.11284891988679234,0.4010059444607555,2.746114976991365,0.645680800533455,0.2926992384162077,0.4323517583991968,3.279042667593788,2.346328999103042,0.1042242770508574
0.43769900395183514,0.0909279347612458,-0.040338260853716446,0.028699321548376608,0.6041966871178557,2.9036610512023118,0.9489093473641709,0.5315845490147453,0.191452695518748,2.4332448218095175,0.6780235891646347,0.12866666021520295,0.4420441827135898,3.96531633969285,0.9709391855573754,0.25393927152235046,0.6051409142802683,0.965602123433544,0.6234203649552962,0.3875336566248515,0.2736941847368534,0.6928977654656502,1.1280803142816986,0.18835936463849096
0.41303435634198454,0.11934649886999558,-0.023982915131677787,0.027007876815451415,0.5134533127172795,3.425734888809903,0.6319344316588319,0.5815857566622021,0.15540034180820575,1.573511922718247,0.5982680800578928,0.10923250163230816,0.5805224966322091,2.66978216877085,1.0107284279940432,0.1768054661544879,0.3965664722542843,0.9987780053346254,0.40337160107241293,0.5332580104491158,0.5674255912670054,0.6178529940597931,1.2856873691939543,0.098679542496443
0.5469547351960432,0.11028572332495377,-0.03424652254730694,0.026592481307514678,0.617790437958243,3.1337296009822264,0.9767361634767034,0.5491945225129896,0.4900774532514389,3.5441174748297124,1.4062065143014788,0.18674429682457955,0.5721748054409946,2.8749773003132435,1.104463432324339,0.17935060951769388,0.384977923784715,0.6833667315073525,0.9393076302034211,0.31619501902491703,0.05413729374823135,1.436141376034647,1.1002199140774949,0.09377812576328692
0.5630755252205604,0.1104795406226619,-0.029703238331155332,0.029781390489476207,0.5782922089099992,3.707313702309279,0.7804897429741204,0.6036467382626932,0.26657501965277014,3.06595633439853,0.8129126988139872,0.1488812025066552,0.4368937068772721,1.6233604855623083,0.7461844107193729,0.15066561239527726,0.4627558713357437,0.4179956156465055,0.9465686814424806,0.2708368911807855,0.03973131543830973,2.3578633256977906,1.487208446006024,0.0657531265819784
0.6083930716302078,0.09422840210231992,-0.032121022269902946,0.02830137718810585,0.5923833430979351,0.8106493838467304,1.469767063870304,0.2742732806528208,0.22318296926184933,2.5358859644844185,0.5778224613298946,0.12925825466331084,0.6434656183001983,1.4076242876171274,1.4709683757849197,0.11418197660799138,0.39951284464193987,2.8917720011161085,1.2727706326422072,0.0923833958114835,0.5144419986220643,1.4088298187571626,0.6639364689099319,0.30452605624152623
0.6075283633577965,0.10416841120952881,-0.0226536846901571,0.028744752214816184,0.5522226722807567,1.3699284435475965,0.8646855302117264,0.37401193565233337,0.37033610553174234,2.4087466907411414,0.9507127805272332,0.1721079787277403,0.5887393828174147,0.975302342304125,2.236552146871395,0.0684081631352408,0.22161350321897907,2.774796179668384,1.3092745283252731,0.1526430619220008,0.5944760221433819,1.237229407189891,1.1328621670203032,0.2332490302070719
0.5763099893800039,0.09310915239265581,-0.031954150236914135,0.025917537452077935,0.5097291254520487,1.2040300913304753,0.8619430309081586,0.3751257645476031,0.24134976011753925,2.663916699237291,0.657171441038241,0.17292128471038848,0.627718181879792,1.2183902699524494,1.9597166110380813,0.10856510592472723,0.18853809347201603,4.3807954059222896,1.0782047098696086,0.1276785956756564,0.5222140557939823,1.5123491177733335,0.5119174445499781,0.368913908865551
0.5727703174736626,0.07808829056109381,-0.03443772795454289,0.02719663399701339,0.5375513032772891,1.3406980246387261,0.9426559567846805,0.36510364099237536,0.38168390070076164,4.033836813110483,0.7445591420107335,0.15855597815143824,0.6655494035117004,1.900292985280795,1.463637535640627,0.10641890800168019,0.21698837604188284,3.132502694233937,1.3017024812273132,0.1617956520763225,0.4635388918558158,1.4421063873975237,0.4660597239085036,0.4091281312967561
0.5223867235641759,0.11685107278560018,-0.019284326410248513,0.02723640498243838,0.5367764910122254,1.60523107854121,0.7896478372804366,0.42051970616804113,0.1939674123554987,4.860309125216763,0.7435408982021389,0.20019828907484558,0.5447303982167641,1.197353392923154,1.2325304789470375,0.131427292473688,0.43746365491926514,5.164535453264721,1.284543917139572,0.2448427669362156,0.6072464426712889,0.9386840893647542,0.7687970848014933,0.31786666930039326
0.5302961812835505,0.11542563368058552,-0.024163961995128654,0.024575187495979964,0.542198702099174,1.7074507323770842,0.8612622473710013,0.4326000812026485,0.27916037899821616,3.149225272245177,0.8170378379674316,0.18557351434753072,0.6023869071823884,2.031825399035194,1.4480989772324726,0.13472234478740253,0.3013170194497728,2.9656468242051184,0.9972774830918726,0.23615947887147373,0.4249783320787643,0.8361441272291643,0.8144188573692938,0.29684310386049706
0.6897291268750454,0.10525818286954734,-0.02842405140528648,0.025003620978346474,0.6066405574755124,1.1181411698576313,1.206594155248312,0.3277164589317787,0.30346716135429985,1.6445867172651771,0.9672892813323074,0.15425160675808544,0.5760128601715884,2.2681300495484567,1.2432984114064154,0.16556865352636183,0.31421053697115486,2.679756623502169,0.9507913175217547,0.22672651283356846,0.24123444565182373,3.09998978897,1.4291634976789296,0.10247467041634556
0.7007525302034537,0.11178484155120764,-0.02169783880031715,0.02646539802475757,0.5177635127880179,1.819327538934872,0.8734371120609842,0.4523889363005542,0.21606714197477472,1.7571602379667037,0.9520355629156303,0.12452901718907704,0.5353459367318119,2.702394775865423,0.8954127256472397,0.16320024035362368,0.4219808892343294,5.007338609832544,1.2238318322922148,0.3403388832005268,0.3887161429650506,1.0614274048651036,1.230626934881698,0.045446042000661394
0.6801007815021219,0.11628816818958718,-0.023809125764643557,0.027486372636467277,0.5705935983688742,1.9255035725009142,0.8049915764758332,0.4431121080136927,0.22978356109589207,1.6578032279736885,1.1426657927075654,0.13209108241864992,0.47349755244177316,2.895668549341024,1.2028445353671449,0.19297860280360737,0.4358414310387158,3.7186002332266295,1.2622060159191275,0.300575802800216,0.46844017093140794,1.3514115698267446,1.587615181137606,0.0546904630048232
0.6041845980823222,0.1159079167474759,-0.030187419180073012,0.025958251842164343,0.577342846796754,2.0337682027908928,0.9020710645736045,0.46384305789115743,0.41880209442208144,2.1026397338874556,1.0618618313730606,0.16183127887084733,0.48861496717131664,2.508657701013684,1.124869792938167,0.17132354270228922,0.3269694025550969,4.654613964132434,0.978753665333715,0.24674402571833168,0.4745938010707741,1.7626345708200628,0.46786377068564117,0.24990155858481666
0.691888098857372,0.10532400479891424,-0.025134742016674573,0.02642260396365191,0.56424596028313,2.651878112924097,0.803126166938954,0.5030411186917788,0.25618892764709117,3.4682186949916813,0.7482882692444233,0.1517608423945123,0.5557780643118916,1.2206865814011596,1.5300716427891452,0.10760824954685715,0.4369302179913778,3.81689818552046,1.3653851810766164,0.35555258129319867,0.32182249998636175,4.9839492733671324,1.2641067772971037,0.12503177655116654
0.7242681278999041,0.10285974799776569,-0.025895649972653197,0.029393501909574793,0.5255608736743732,3.3377357263896523,0.6960542961149905,0.5669731349669299,0.3213532310163112,3.716558397419225,1.037739831228517,0.18269075597321233,0.40494107551811004,0.7792797053174242,0.8896454703699205,0.12533739661232887,0.46531464843918807,6.9924810396529855,1.67417262192325,0.40194901174580644,0.4872226591273895,3.3059587920917064,2.101618332992649,0.14133657157869942
0.6812223617793423,0.09576685919200369,-0.027758655527761054,0.02646050552988323,0.5530025378446933,2.258357067822995,0.8226054628788444,0.4668198529327722,0.2504314560461794,2.5644723483866,0.7899505378331432,0.18078237241027778,0.5058394819445582,1.52648679126368,0.8668302961465321,0.12621245278899315,0.38689283990898043,4.126809126936688,1.1443405715627295,0.30034478478985166,0.4949274614181141,3.177973458369763,0.8506535763802284,0.10938272057537297
0.6639431748028874,0.09797322580282414,-0.02506581071812879,0.031294449223462084,0.5022510830609892,2.3665763145541825,0.742217403554337,0.496768504440457,0.49894834653192155,3.2021772144239615,0.7210489120945742,0.15674912475760916,0.43337378319097897,1.9094918643996164,0.6836450499199441,0.16786657426814516,0.34888439269950394,2.6874021125256604,0.8310158225281515,0.2131786802647063,0.22208457287960626,1.7866554896419762,0.8006518355714163,0.10311422382089078
0.6709653121947754,0.10065596863708451,-0.028646216710472096,0.030198306035058603,0.49480932432696856,2.6292963501336817,0.7613375719048108,0.5222477692947933,0.4962383126762375,3.5500196500549563,0.8721290504001196,0.13947548760319478,0.40820749166742915,2.3624966904986624,0.6703627661018375,0.17745573070869997,0.3636307868260605,2.41822931212201,0.8083497750015906,0.2105560311375185,0.23836856610796506,1.6799875291894681,0.9327460911151666,0.10312827787023973
0.5817542188700567,0.12372769974086828,-0.017997458277907722,0.030482888604345584,0.6058186343953788,2.266813925535035,0.9825013985873472,0.47848522718631703,0.2494152026568501,2.3950821404127307,0.7879919638365896,0.10862294100436717,0.5971506742633125,1.2127402577480584,1.7897961759315428,0.11838527321300164,0.4017709492305054,0.6223150903549078,0.9671549302622616,0.2018458973942165,0.4290238468300507,3.4938704768777984,1.217484294656259,0.19570059442280507
0.5529920587674293,0.10410231121983364,-0.02465527205906879,0.02868115998000974,0.556968175020811,2.380097562200165,0.8715231177468427,0.5047711152961788,0.4816358127070519,1.3914032379116623,0.8412378786565843,0.15547105314609663,0.6339219787286869,1.4391020996447144,1.432008708286112,0.11385963172459955,0.3060841386702692,0.6534594989409738,0.9109141716529007,0.21571614651998547,0.45538807447121293,2.588525131006027,0.8381046867072116,0.1862190545287703
0.6291606203568639,0.10621785733710973,-0.028020664248504603,0.029478734024459267,0.5910609701890807,1.0052385637441252,1.249278772277147,0.3060892966957448,0.1887302256505412,1.9646941636085382,1.1177416888413036,0.15776443529912884,0.6433708396657336,1.6966524451692209,0.7972054940550962,0.1301361975792606,0.1542894766587173,4.717678964669849,1.3131246466845437,0.3174920527827129,0.38917946495989,1.5476576221943135,0.7339817141382821,0.23812586691513643
0.5470925991889508,0.10287680648661286,-0.0219964628663801,0.027472930159350838,0.5878626806056862,1.3044440171096705,1.2326652531277906,0.3561835389927644,0.5623959932293903,2.979414074701416,1.089557238288869,0.17238698466613958,0.5519251462283432,1.494324874497003,1.6647949266126785,0.11053675405767005,0.08733561570434302,4.1922047483933405,1.1404640173768392,0.23670398998009004,0.6147604538164079,0.672140790932312,1.1026978564512608,0.2705092213621124
0.6323089632717831,0.11356379119712616,-0.026731721525234516,0.02704258890990192,0.5456693000891856,1.4619594874491537,0.9428010979220609,0.39344939564535136,0.15806314163463353,1.3539329565182672,1.0122985687908668,0.09735381207156761,0.5270178776522598,2.293735836778774,0.9983461123237751,0.1671678696559856,0.6009505824954694,2.246198336483653,0.8823744961197473,0.2813861409694925,0.25041118436570664,4.386556443658516,0.9493563775541335,0.09826680431659435
0.604567425556859,0.11365455531430632,-0.03241752205041044,0.02810817606661513,0.5834972836499074,1.7874836267989862,1.0613322657382083,0.41204196535529386,0.3750126097275261,3.274069001830676,1.1135631118948794,0.2750152942255501,0.6395237174265028,1.602085406086231,1.2878742380142243,0.11001352049090057,0.23315993659152134,4.817476370400937,1.3243304329456362,0.30380332065702914,0.20021836310389338,0.30923949651121807,1.8074950497899342,0.16098289951625386
0.5691128819947943,0.10288875388285698,-0.028812927767976653,0.026063398981309868,0.5673164588305732,1.5379447721433206,0.8861693088632164,0.4053941180463134,0.2962033725890864,1.9879263195987917,0.9847920311938894,0.12052618940038284,0.5193141850962293,1.3937543875014133,1.3577365120422615,0.10320477458173472,0.45769557153493157,2.6938152759861254,0.632635044676881,0.3827299631198748,0.5364657765116866,1.2870100620413727,0.8257543451915206,0.11799584547893266
0.6535248280303982,0.10781261198833023,-0.035731882810000455,0.02645606564049663,0.6145698808957124,1.0752414625045443,1.265480664537562,0.31336381899130816,0.35805232558871664,3.099104193010365,1.0741989943882881,0.17366487185549884,0.5704410901471534,2.4174501341852213,1.2543065704996588,0.15998840529926542,0.2736956191071213,7.114895320487776,0.9247801564520722,0.4387966265394193,0.25872833982519305,3.565768249975393,0.86209776736777,0.25212983622523055
0.6115429450547575,0.10052681051914751,-0.019369205382962457,0.027095714412536765,0.5362724104108159,0.8767174543381261,1.1398070078363947,0.3065889536539352,0.2426171929241767,1.0776492956713328,0.8112803616066862,0.11355247165734968,0.41157109575154927,4.385648320232156,0.6705344808376712,0.20581879001452905,0.5309029109987705,2.2620936793317883,0.709620473085288,0.3317241860846399,0.5933021742470089,6.17642754885089,1.2915496499549268,0.12937771964174039
0.5574286292467531,0.09943758030400686,-0.0315132997776304,0.029598426024390785,0.5163660738654924,0.8182643489187216,0.9416805101851466,0.304546295808757,0.27742898542086314,1.4948369037697686,0.7912455996990343,0.12117322378701859,0.49044516480750494,3.7332516679395455,0.8177152151143555,0.20582916718113428,0.4686336646741055,1.3415195956170511,0.657099614770706,0.3372879430321459,0.5602458447068814,1.9534356232351122,1.3364672017630235,0.11669922197580333
0.6168560213103262,0.10969196164069354,-0.024944218409928297,0.02642254960529119,0.5519733894439592,0.8342446792838979,0.9561525190383569,0.3074658310359592,0.23928632249911264,0.6009427899620706,0.7696532853921257,0.08473388875539616,0.6694757520785722,1.997507758673323,1.3568327143008,0.15993037319321443,0.27096466246034684,0.8267790841815712,1.242047356549647,0.19646979123882652,0.25757835747735885,3.2842542781561845,0.9660323241028006,0.15253056615974595
0.6087216728107451,0.10266253705941276,-0.02652144572551808,0.028747942865429463,0.55296846994469,0.8691469277520696,1.0858337972681638,0.31174092049819385,0.12109616563082479,4.077767855058409,0.4719066712696983,0.15411144583631534,0.5435874003217767,2.6432017561779153,0.8371239067272417,0.1906463785931205,0.5639246979876081,1.075319297888632,1.1256980250287232,0.20209147220674084,0.3396844728782743,3.129761173619079,0.7246327432805098,0.12025462574462473
0.6830556078302897,0.10767649003599972,-0.034832218626130534,0.029026789915306137,0.6177994889074319,1.6476395858931108,1.2159092348820177,0.3805415439689759,0.12114425816270166,2.4275742411665644,0.755956453798818,0.15021809448589674,0.4126532220670701,2.9383478959446836,0.5738050678687804,0.1775782268454395,0.2674406107702173,0.9977047002755051,1.3428434504323477,0.1345299113354686,0.366718735875376,1.5350811375992892,1.5202217816560812,0.07870341648055014
0.7098254489599034,0.10351967134658001,-0.024571831292356957,0.026196668689274928,0.5153903013804105,4.364936554692381,0.6596980676242811,0.5936874132373796,0.31424058020613116,2.7508123497627577,0.9432167270260735,0.16854296848225866,0.6015113297351365,2.452290347386563,1.623508386982132,0.16581925098184472,0.4222811234485952,2.6185354263964755,1.9167727074718564,0.17896661488094967,0.12197853595834553,2.362868772237007,0.42880052983775035,0.1137983458573923
0.680841722337542,0.11256739719847685,-0.033910399578002,0.028589352488465846,0.5233592226337042,3.0491072952199016,0.6322461816424172,0.5498103026886382,0.3936931018062102,2.5542024348131678,0.9862004562835908,0.13963145046764713,0.5401152820920271,1.3928084557533775,1.0323522342326754,0.12200500552107217,0.3803436944740436,2.7140400552570187,1.3254900652364703,0.1873184405797873,0.1381255651435778,2.0061402092314355,0.8106476140147469,0.12266799559363449
0.4481120822586672,0.08151714341535717,-0.027535363162271873,0.027395829717049108,0.5895994156927008,0.8618480146301478,1.4126965838177645,0.25802000409908443,0.4518872710364438,2.7026977922044826,0.8421815254139073,0.18187041733867756,0.531508024224559,2.0700612900888933,1.1389684107699303,0.17233228067739392,0.39812554397460354,0.7042519317027552,0.8259461857835749,0.32847805374217537,0.4918276293146102,0.4806809167185883,1.0418765733542719,0.1809652136513704
0.4879295024257696,0.13101510381653467,-0.03142561076606959,0.026076253375747278,0.5914287965650284,1.433696612195922,0.897332136994145,0.4031701859281736,0.11835141794069894,0.6004888129312351,1.2541457329484405,0.07976712218178217,0.6163033231895471,3.427641677541815,0.9986545809311514,0.15094724923122613,0.32497141994784573,0.85309057248966,0.7836471000750566,0.2121714316750906,0.5263824995920147,0.7598146124797045,0.8826901964884661,0.24055368132642713
0.46910397915507357,0.08935151541506377,-0.03306403007398695,0.027891602402358055,0.5811674867051221,1.8938009456273064,0.9505192396804122,0.4308515002145098,0.18907012380018737,1.0853828174419144,0.3494286011582905,0.11816040279247995,0.5353906364271158,0.4659680838868294,1.838799312109713,0.06954394283278756,0.2791743319345926,2.9192947346335023,1.5050865696819873,0.14000092088114055,0.2621382205677991,0.2513525427993165,1.3988094077997013,0.33070067337073167
0.4756511625628932,0.0791063048813578,-0.02638095298433086,0.02956387893163661,0.5668018372969261,1.8869662895306472,1.0283475659957826,0.4144904345641633,0.11252070825629247,1.3782995295385365,0.5499371300790368,0.13081165923047441,0.3017293058569128,0.2154915235712694,0.9998414743243933,0.07391001667863518,0.4050353669191257,2.263430096646729,1.5032062646210003,0.14792431057421096,0.5143021992821157,0.5717943216847805,2.18219947272575,0.30994507098107443
0.5048046002380375,0.11464544804258368,-0.03568228371707797,0.025503257147055428,0.611093758691178,1.821230229295993,1.0097407318359446,0.4308003623089314,0.39662887870958,3.8979897439162126,0.8443108906273102,0.17557886166891964,0.36558622231970683,0.25441653059179115,1.1015014650469346,0.06949266363635057,0.2608693305333875,2.1469821946433956,1.521076819628917,0.1722637384612937,0.4544413826794027,0.39328696935008833,1.25338602786945,0.2694800533693635
0.572525294568828,0.1124001654872134,-0.02973586201039169,0.026523579896428184,0.5527993006016182,1.745136383812783,0.8916974115254993,0.41202455356459067,0.35132884540602677,1.7148559058444324,1.0218420704438542,0.1531542465720513,0.6310938901900629,2.3149466834393744,1.2898448250708947,0.17426559463333938,0.3603098160368755,1.406721546560065,0.6915124245070633,0.29641955279381876,0.4502937346422289,2.808656107835341,0.6931901211121936,0.1698641265735763
0.5087513628173065,0.10442901804895154,-0.026352573767721675,0.02744247568702513,0.5577302155423003,1.388794510639781,1.0245452321268418,0.3798536781144581,0.32248868002978687,3.3289991696555203,1.0919579577025982,0.20416101288721697,0.47556366288499,3.858047832671609,0.8274168989683427,0.21389207279177933,0.36993465654746704,0.8378477355160955,1.0487935907751238,0.2700686543057413,0.5067134656096347,0.8782387864568518,1.0572758886406928,0.16410069803358707
0.6373619291735151,0.115831722700434,-0.03574638581679638,0.027037823416820372,0.5963403106567923,1.756237707933206,0.9718830992856956,0.4283219462927938,0.2835405604674951,2.35460079012348,0.6918278567867779,0.13673507324998227,0.6117299696211768,2.42836682479986,1.193543531933295,0.1791267937407861,0.3417023083763534,3.435215750288728,1.424321006396496,0.22277411281900705,0.29964942527495864,1.1129119118865698,0.7106838789194938,0.17587487243767985
0.5083582424333707,0.11912325209641253,-0.027496043354162353,0.028667858012932573,0.5710688635421795,1.157382904157947,0.9654878073817826,0.3683925144928404,0.3579280173657917,2.7556335360948734,1.0316972318647513,0.16749729480017053,0.6383587539184381,1.575115197934143,1.3233315297837183,0.1301476504753276,0.15998293118338022,2.1146316022614413,1.167719976292419,0.15455757139006335,0.6667039609350245,1.630918592136354,0.5846418846098401,0.3836017825574438
0.6002349047506321,0.10512208397532873,-0.040167087351767224,0.028490860712839593,0.6052446681173617,1.9577387981242398,1.1187818239870613,0.4291934573144734,0.20659771979861158,1.675391368432016,0.7712017229827473,0.12486617561120801,0.4819081949298711,1.9853712131295542,0.764268314962729,0.11985250126286943,0.40565509000420485,4.804097085768844,0.6354365817776999,0.49186656369614884,0.15663348130969615,2.252921173930588,0.9727761077023719,0.1394213951044402
0.5615103562841203,0.11598925821770945,-0.03108945637140612,0.030786237429059338,0.48557182712983754,2.7502265503981236,0.6074672688872634,0.5361473157083314,0.19765089081086393,1.695607551824145,1.1694344562794325,0.1259352846637745,0.5800263622599495,4.172401365000974,0.9368095140496515,0.1949129090288806,0.3815941785556961,1.7650951103747585,1.532995502048202,0.16189232645083979,0.4384901762205881,1.9842172839099015,0.5590567905221949,0.3208742802655512
0.678834356300687,0.09816781414452701,-0.030617732854811085,0.026187504177587178,0.540293555557696,0.8764510559027386,1.0580238546781093,0.3139150757873868,0.3955174794891164,1.635967393799807,1.2031439273351259,0.1410623031664414,0.6527480105203571,1.095669933959275,1.910328693561835,0.08464629158012266,0.2583839578988842,1.7818240685956226,0.7809046042493957,0.2242383854627789,0.31368535015366633,1.125606324064925,1.5007988103796166,0.03957152910348162
0.5814264005645506,0.10008667716795208,-0.03167789220788025,0.02788376942053237,0.559372711038648,2.3675241970917447,0.8135149053313904,0.49695784375063023,0.4223145987104664,2.3122311035757614,0.8778536708360815,0.13923881163461138,0.3843833819767738,3.671496569268065,0.9220477199757143,0.24273842532628273,0.33563882789024413,2.0775886678907414,0.6491852248493328,0.422300136741841,0.3135402903261322,4.193347154019224,1.2247749236256589,0.14525216503982702
0.5769436744811892,0.10713046620443796,-0.031351019687281566,0.026624692341825372,0.570180797639953,2.4275581504728407,0.8461703500322746,0.4946177380711056,0.44848554444563554,2.2087466554583464,0.9659444345918,0.16080433055310617,0.39924211747484234,4.111506786131783,0.9328216464546629,0.25466726835186493,0.37240097814175016,1.9842719744317183,0.6924862420201325,0.41025685401466877,0.24409613463336746,4.853228124686489,1.0135034872913515,0.14301899190886339
0.6069744965684236,0.12372941485429861,-0.025293871773047115,0.027484669721131803,0.5829538384508179,2.2698996422434887,0.8541970800851774,0.4879666008641242,0.22627974310918603,5.220422924969668,1.180203275093249,0.3392356262846175,0.5755693952006994,3.5821559464810777,0.9153160784121503,0.22526428513164828,0.4659149589278118,2.53597549547153,0.8962102475929836,0.27290540641919425,0.16845034805410944,1.1419172797981005,0.7894284679699478,0.12483785703181957
0.6800357128684438,0.1255838206547419,-0.032683284612584074,0.02829287782905083,0.5576478484008855,3.312421516447106,0.7686094603185248,0.5845499738596663,0.14308932861790302,0.5885660917846799,1.155295261367262,0.07529052279854292,0.5875491242617376,0.9761398492787812,1.2328417982043363,0.11387597760240059,0.42914358752426585,4.464247965249424,1.2089745436871164,0.2059752461203776,0.22794234624888376,2.486411735125037,0.6430112318859054,0.140391828592811
0.6693521402030748,0.11963299791891868,-0.03412192941348627,0.02934688164274515,0.5230108166992842,3.4759771392493795,0.681477707922934,0.5924698210731372,0.16721213418850056,0.7383279821718125,1.0620698370509907,0.0801053998907418,0.5413344842573651,1.1772194603761206,1.0432988811747683,0.10263560434138978,0.40620572688100365,4.680134314599132,0.9868524523574518,0.21785724510569934,0.19038754875304154,2.4273051079947785,0.6381513152612683,0.15931326168289214
0.6659756817549344,0.10320625494962057,-0.025990653223248218,0.027004120728158932,0.5001063457687408,2.3332185745254583,0.6902576288091803,0.49383627085093423,0.5480879793991044,2.0354490509862386,1.3379213583055642,0.10435508690329813,0.47884607566119713,0.9746737300729263,1.1603710921325365,0.07806672238769194,0.4201337259203879,2.359415558307841,1.3601370807722564,0.23871101678751241,0.19878459649617988,4.648891138880223,0.3527606000961374,0.12302817651561213
0.6858312445681005,0.12485283984156921,-0.023516624685664213,0.026352674692827236,0.5982453765366567,2.5777503183920136,1.0595486214041685,0.5195728877022402,0.055743860876972404,1.7414597374905598,0.6478862375059196,0.10506866776068975,0.6050778940283175,4.547442003051333,0.8825062579967603,0.21088073441436195,0.43136659490253154,3.9443593940544717,1.2238001663853342,0.24319965670116156,0.43153943970979575,3.09210691710559,1.2679363039690503,0.12705118081394695
0.7286609647113259,0.08607862203425444,-0.018173610075438898,0.029441824034287318,0.4767234278884146,1.2940992294036435,0.6645377174345122,0.3919026678507871,0.1638218850738879,1.0300709680701656,0.6590087763728534,0.10355460795152316,0.5307710257080326,2.9687303361000024,0.9296712575418937,0.2195918828774567,0.32118285768000626,3.8845417164254075,1.3546133243206193,0.19671911422983482,0.448020762691138,2.2661832300657903,1.373690424038026,0.08367141888282349
0.6738422393008533,0.1113240301917246,-0.03153829190955795,0.027448384833306,0.5299111824756186,1.644185784667785,0.8988591235628745,0.41223014871370917,0.18898939866014622,0.45449859202779214,0.5774472594614222,0.07789244058889717,0.6867946449819613,5.1280824509577885,1.068073230058133,0.23021013725185946,0.23506026582869516,1.6860364022807803,1.0943858671017654,0.2280939926554252,0.34731028970217165,2.3960207051388305,1.8317136700309384,0.09018952516479212
0.6477245756347392,0.11801963557743135,-0.035341987754103334,0.02870622188516179,0.6019609180148154,1.4495390622403515,1.0763367206979202,0.3875160078703655,0.1999982808969118,0.6693563918284953,0.673346616841052,0.0819042706859349,0.46288917968414844,3.851545788467355,0.7835194161488533,0.17640247385630956,0.4244038773868163,3.2533386679527796,0.6603714103953464,0.25655208204060387,0.24330156521539603,1.927258506680688,0.6205875273121426,0.11720568575358241
0.6363650244608884,0.09282684415128584,-0.0353671686058794,0.02938407711087834,0.5806425861233605,1.3987746786079391,1.0407386666687601,0.363631019488408,0.42028513312013577,5.767309003251344,0.9336918883116259,0.2368332206751799,0.5022511089330187,1.3487072032984373,0.9866700699559862,0.12568955864149703,0.35163176867724777,2.3615842291935896,0.9757167356411589,0.36608312575935875,0.5045549733012914,2.017484199602079,2.5169283928583113,0.06876987727836892
0.6514614434741145,0.12137559725483817,-0.02788318871672804,0.029044878991909318,0.5957344352683235,1.4845383384653568,0.9962136683236164,0.39715118245205566,0.35038233725519397,4.100253335203265,0.9812207948467824,0.23809562384723845,0.5087158559215333,1.669904794214717,1.278568543975812,0.13435198625675643,0.46092033446328823,2.04294508930056,0.8711462326227389,0.2125043420571729,0.137618433085878,0.8178888205777306,0.7562333990132502,0.06328277600815504
0.6568875263778668,0.11537976102940833,-0.029216620299575623,0.02514009756380764,0.5556385665971029,1.5603490367836457,0.9221431855748614,0.3969287749521708,0.16908829537739803,8.329947333545562,0.7006792910949503,0.2577918334554228,0.6501318586441786,1.9746882565966235,1.0411349047782983,0.15267008961627226,0.4066909304243107,2.046616353580403,1.025899310111716,0.22731422198837037,0.21550449991891846,1.073637097114252,1.861705609653596,0.06410359172094837
0.5843895672664227,0.11131381790426625,-0.027005053394673857,0.029169929039626702,0.6172985676194165,1.6524922752236617,1.0684652347019814,0.39932769400958285,0.4482784600804537,5.9376538290993075,1.4912087140963994,0.43680075539330365,0.4678600654419691,1.876289003209493,1.1079168189595145,0.14118468920956334,0.4754796349707497,1.3905688092343427,0.9301197777366789,0.2333131330633579,0.4500941538184095,0.632170123060706,2.5045818184901,0.09299743113483736
0.5518155273927904,0.11783641202266965,-0.029752810977254896,0.028010298285207232,0.6073640087821099,1.9892536170363553,0.995650084779767,0.45430743673655627,0.2516473251536732,0.9083690309560614,1.9145582685004319,0.09656566282654715,0.5819084203374534,1.2056692593280176,1.5723546009999374,0.12268997920946799,0.33696407607221757,1.6726774537069469,1.082365319686741,0.3126377009066298,0.4316928912356702,4.845618661482704,0.8766413046593535,0.30448543038376136
0.5706560045632626,0.10755606119401374,-0.025661305286672664,0.027639733125739405,0.5714986103322577,1.8178001870199063,0.9696825585908686,0.44403316269888493,0.5157142883428788,1.320601541624351,1.8167962363772887,0.10191626934257259,0.554338044222205,1.6941219650999626,1.0666914340496603,0.13098961460956973,0.5623374160041744,1.4439370808546004,0.7826032865148113,0.2425196172749142,0.4564511909412339,3.9201845282908194,0.6971377821963471,0.22933347671542867
0.580015535272628,0.10905697104815651,-0.022518405533880032,0.027039207983484394,0.5605500715608097,2.264808554911343,0.7912704301050695,0.49405417311955097,0.09833043736258652,1.0653960562866114,0.6014283540946214,0.10750359231027877,0.4950909199788844,0.7569186212221676,1.4796284242617426,0.09244963280555948,0.3408826059651337,1.0679466994096665,1.0765475842401218,0.1838928721437065,0.5021302778624464,2.2379472074375424,0.8988851683085142,0.21780070035972973
0.5537600416577667,0.12674320288550187,-0.030573446101599525,0.02747026336882448,0.5617130481509225,2.3688547564706965,0.8734937527975482,0.4928362639910605,0.30658624505227533,3.2268177756869707,0.8282524709056531,0.15178050746750243,0.6839601879973559,2.0861543236354834,1.747536239197499,0.1168592750189435,0.1592470718537383,0.5717133800243598,0.591534265008014,0.2940728481436732,0.4155087156219083,4.273642302241636,0.7949366829173858,0.21655223784127384
0.5864000430724613,0.11845708455027715,-0.026649107105382416,0.02703559307191616,0.5856206690191857,2.4020339166040277,0.728756495035422,0.4866570519086862,0.22327266164531673,3.3803626680160646,0.919127851536641,0.1580621251769041,0.614206071767693,1.341155017809023,1.4849628137898534,0.11328486852516567,0.19559796301271645,0.700237916071911,0.6310891234276453,0.2616344674086158,0.28311821893795175,4.129558867535905,0.6485090081849797,0.14107254259452276
0.5951438758733919,0.10571232272578399,-0.023745769239758907,0.02877246145696504,0.5507469918796616,2.580582121043944,0.8283397825457182,0.5080601718373455,0.296387030337809,1.3032550939498155,0.9456058986226193,0.14124397226539936,0.491324972815526,1.4748962426900556,0.8340391583219771,0.12410160481504451,0.5833828082287498,1.5821485768385917,1.4957275490808952,0.17316829080258223,0.45163395106179505,1.3212885316976277,1.2750608117286344,0.1548975294918242
0.5658615926560114,0.10819768744995448,-0.02712320029333231,0.02920732013549361,0.5703674037261571,2.8340328684337233,0.8640763862961929,0.5056587563744451,0.3760795607686395,3.1756022368116215,1.3351289257936847,0.2815397763407691,0.4544223861291253,0.4608099820019214,1.287448623944493,0.085219416147405,0.20751988239684765,0.708762090941786,1.133646452497755,0.18990765226830444,0.44567273854727724,1.062765971620599,1.3919545079624225,0.17049772698462348
0.6346330213499655,0.12410731752664339,-0.02625072437958592,0.029238191890871432,0.5416547059178078,3.139670994505471,0.7436844524598532,0.5652319721123615,0.0859009306067736,2.005689377091134,0.3628380952525451,0.08449694697502196,0.43458769688648896,1.4090003342720734,0.9487142827106524,0.13467540428504843,0.49362732325577935,1.0320321069894112,0.8136817157282218,0.18814454148797866,0.3138412031309663,3.575487626850675,0.8504026803497307,0.116582532347538
0.663616050108568,0.10052895525387258,-0.02411112733564876,0.029386350626909644,0.5857913392541584,1.7939242299874014,0.9654517014446419,0.3948787456645281,0.0972412969100167,1.97454184761112,0.7155565264824634,0.12150098619627833,0.6867878188967,1.2304827337892241,1.516433679589121,0.10653202913387458,0.6766544754714989,3.059603254402266,0.9540442935026942,0.1657663343830273,0.35825486685708907,1.7835700021510088,0.793210411563165,0.1255557286254578
0.6216189110536866,0.10809521581695149,-0.02891258936994047,0.026975965057883775,0.5955337590322536,1.2881473539857944,1.1060926291113595,0.3429499451363656,0.27274694190865484,1.4464661771950031,0.7319795108326068,0.10413248718245056,0.45430535635450675,1.5391967459333158,0.8291631281954096,0.1532534478626008,0.25797824310346046,1.4535787469857502,1.124759809662908,0.1399032924590208,0.4578294421289089,1.3543100556465717,0.765631179993042,0.19534878043544615
0.568067736148034,0.10358059480795796,-0.034057977488203266,0.02632007652005457,0.5838087554493023,1.1198263194646259,1.0846832965940745,0.34953319887664275,0.402956093263201,3.089466209193441,0.7708303151079184,0.17334311014380063,0.5920925479213052,1.048568132618168,1.962923261801053,0.09076835508256009,0.4372737230511513,0.9816014495537833,1.2379043585519274,0.16098871981325816,0.44087287163383543,2.001939287166937,0.7972823979379218,0.2583205239678237
0.623420309785551,0.12903737067262538,-0.025518402184568443,0.029174535464585896,0.5639262860382223,0.9688294312355101,0.9748854401274082,0.3392594234373302,0.32161547326769385,2.0307984991017185,1.3858787631872562,0.16009100146767108,0.6480698501116875,1.6943009304190224,1.849905435116252,0.12178838411931331,0.5588358627506923,0.9259662977381231,0.9985316697334021,0.12372915537364944,0.21360658092255277,0.9678629983955914,0.4562563530086019,0.15209885319012043
0.6655531519637823,0.10897830240450058,-0.02395516044060439,0.030707694694866335,0.5785429752262229,2.6029909270714136,0.955539355569007,0.5391387468014743,0.19059436200537364,2.486025750052319,0.7723404935166547,0.13164196169970993,0.5557059406046863,3.039420823383852,0.7775025200334023,0.15030482436759943,0.3682689377388016,2.326484002203832,1.406622124691559,0.21323494356466563,0.5735373988251997,0.7864299269781322,1.1258195214080582,0.06544565764890024
0.5619746042104863,0.1181529572826457,-0.03542224395340686,0.02710788491729617,0.5809488606218194,2.226873374645438,0.8296198182676838,0.48185624073394373,0.20810750953616106,1.4750263413912543,0.8501798577309364,0.14000461032525527,0.5494346498607116,1.423365427785694,1.2898640087429276,0.12457155129791454,0.3090521142388913,1.2835356441081558,0.8203909572591052,0.1747628241641113,0.3475871676053491,3.6579500855083302,0.5315568316958768,0.35677620269721777
0.5810996940036398,0.10747048639985016,-0.028910586826459,0.02787191024487898,0.5699236030209623,0.8468521560619783,1.2725670368121547,0.30154971342594555,0.39141567796346494,4.693491545407813,0.7346659622520291,0.20294556643413175,0.6010576673072416,1.6648782716682196,1.2955478495982444,0.13104714470239856,0.3052408818136507,2.2398273344762836,0.8995074188092148,0.19830124450899875,0.48081482061763087,0.5289078464838954,0.7645980804518351,0.18873042503495888
0.5845827404212136,0.07659867375466287,-0.0347532784946378,0.028462851069721542,0.587022616850892,1.0342786530390933,1.2127743656279049,0.2892581350077305,0.3435832900265384,5.450356702806238,1.1386445459255734,0.4012240080325351,0.6282198617642041,2.0040628032618533,1.5166138061526986,0.12030281727109192,0.45099628547749004,3.937299642463094,0.8333261485543112,0.21068327645797372,0.49495488096221213,0.7763070021303743,1.1519827676251893,0.2302485226230989
0.4531877249024076,0.12424345744249245,-0.030444236326564993,0.02668265265756012,0.5260556882256473,4.108400731313951,0.5935829951192957,0.6221486073196716,0.31597873606334814,1.4262463213358334,1.0250745431341268,0.12274763367801679,0.4939975381046319,3.618027703834777,0.9188472118535334,0.20855066206842823,0.45632264537221257,0.362547847447621,0.6805094662835005,0.3219060413451658,0.46387730907469155,1.7351981421697342,1.2784162244668849,0.16759649409796265
0.608728370403266,0.11200030054403712,-0.02204885334204763,0.029260478527146434,0.5975343285616911,2.461611097823783,1.0153747680244116,0.515198836131022,0.5022107811450863,1.1675126246508933,1.449719229809923,0.11045206696576838,0.546627849303627,2.9767770473059683,0.8680336108914715,0.19709287007703838,0.39773046920261573,1.4008669620884657,0.9918010544719037,0.23820995079510332,0.29645747001771844,2.725160905857721,0.8147060376072731,0.11855641989735308
0.6417899061707393,0.11763369007941543,-0.03196365119644033,0.026158945447853937,0.5564956726684577,2.2663426688203008,0.8160983917798876,0.5049261707670836,0.1734043482178029,1.1352247430611913,0.8007729471828077,0.10113519052076392,0.5345501005079105,3.304237430238321,0.8700611770349987,0.16318704586945562,0.40804706880976577,1.9061221607458452,1.1354574950450855,0.19771168137055445,0.3639560036775535,0.7367400770352411,1.1308713552164376,0.0869691171536349
0.5716822460134775,0.09754321122050276,-0.027906795145936653,0.026592555903537502,0.5995079398495531,1.2237300537280837,1.2873128847429232,0.3225713149795707,0.24161308835888431,3.116414833879232,0.9918948066634918,0.1779666189771171,0.6216818030790174,1.655634645369131,1.413101226549367,0.11856510914907131,0.32741669167342685,1.5071022993240686,0.5928690949344844,0.2849643098245533,0.3887850774439181,1.8921825427339147,0.7342019789644856,0.2181989494149014
0.5784678302902163,0.12029506879566398,-0.030364425657368375,0.029234618086710237,0.6140776537850421,1.0772424427949985,1.2654230165311,0.32307242337156633,0.40445088430317927,3.7522467226788643,1.100634198017195,0.21365452292988246,0.5495955312617773,3.571176040316842,0.8340444243224272,0.19549365511639916,0.4163818052353472,2.4290207193054014,0.9427998262113354,0.34089512192519494,0.14292596847691766,1.6020024977735026,0.7051379039208532,0.15279111932324813
0.5507888204454542,0.11964709404150986,-0.02384309401912606,0.02360692433349707,0.5819979759901606,0.997361525700464,1.1512481260828993,0.32947779182560133,0.2809716003884002,3.9999070048360594,0.605826909779128,0.17399429174137734,0.4253219911384988,3.497003662241963,0.599398756058683,0.18925010911928927,0.32047467370132926,1.5361533646061325,0.895187459382189,0.3559777635274372,0.21257667640117772,1.1413152438888015,0.7343119284377898,0.10904688621812915
0.574343226326356,0.10533780326157313,-0.03217812090984949,0.030378567595694378,0.6124860721903326,1.5629677463234053,1.113170865740505,0.3747546973600791,0.41222274937556386,3.5092996061658535,1.1670377838144594,0.26500663670817814,0.6200039178636463,2.7165347425241424,1.3508101089973847,0.2060546272308966,0.37672991630687613,1.54643923889636,0.5438943256751492,0.3488038582703305,0.19394219737137924,1.4635085954091187,1.26868788031823,0.11438083823535504
0.6300984405889124,0.11351242888933413,-0.031305493102510185,0.030102398933482346,0.5565402445839429,0.9310971700463082,1.0355766007270701,0.3333138243660374,0.2636997986878485,2.89294351014907,0.9257256429271998,0.16511728810398796,0.3967372619284591,4.818703476779587,0.7281581349913592,0.19183057624208485,0.3906982671063717,1.2124115417769212,1.1435390026240262,0.2250059463358331,0.39423789847807394,1.9952495990392625,1.2442835939493466,0.09073119747360582
0.7120983054055925,0.11303152461220602,-0.027366837255446294,0.024483040218429775,0.5402414013048259,1.7987487683282288,0.7564364764305187,0.44782645922338615,0.3006580285690464,2.7876508337506136,1.0057172714894453,0.17580040272570788,0.4434364457706667,1.124752890162632,0.9055922666039342,0.11968687205072515,0.41145262954670975,3.9652732114403224,1.8216831889194582,0.22851287638636986,0.31117156765382203,1.0326128190273047,1.375968401658055,0.06695567542845299
0.7124587677528268,0.1142673403584082,-0.022721301718109165,0.025347662689778956,0.5899939462416104,4.379526099235877,0.847712831584052,0.6546149363946344,0.4138083520521048,7.220737841551039,1.2181258776571409,0.4143783033738549,0.6700374722561141,1.0960876385370972,2.6800785157796883,0.0744497509395276,0.4335586469781482,4.5705202446052615,1.3840724160149738,0.2937883935298923,0.10817655128252446,1.9740727301280063,1.1074914703263137,0.0861742068952724
0.6947734476399319,0.10563914741741667,-0.030230078915501696,0.027940021665373797,0.5209405569937263,2.3324856109381003,0.7337219748130923,0.5097171313969938,0.1729440208780136,3.3630880898672824,1.3871678051984835,0.23911633621006334,0.45679364409382145,0.9979854715503749,0.9297646700178398,0.08408145901596416,0.4432670887178865,3.043650879413984,2.2582170544590854,0.20595839372693703,0.49975852644466146,3.3897542635901017,0.7154581649493619,0.15737750665584652
0.6607867082316002,0.10190067692724705,-0.02933805332039992,0.02726402641310512,0.6107125713405134,2.2122323687779053,1.0330106527092175,0.471067462687861,0.4459942599364792,4.145237190089803,0.6404218334415082,0.16522297493931698,0.6827874157351986,3.101233932539182,1.1380220246123556,0.16738336709116827,0.366731305069551,5.236619897684983,1.341775539973874,0.32236649915051524,0.1363953861432067,3.1438167562443042,0.6950804146963461,0.23182111292560703
0.6960674774493184,0.12042420332364188,-0.025930507756351185,0.02834309920435408,0.5439199103725681,2.1069280096904586,0.854931756228034,0.47318909448726487,0.07789898523321426,2.955241672796344,1.1703122252133396,0.18543477486189663,0.3290148471083724,4.990939281176197,0.45312872447390623,0.18057706705622556,0.4325714009995683,3.287151917801641,1.8700183662023964,0.2084585615130324,0.28355138609782765,1.4025893163536802,0.6869128302299866,0.11313019046058854
0.700835691966312,0.11623945123106705,-0.022381377566742904,0.028311716952047147,0.5822487617301829,1.6477386314867302,0.9574424049687865,0.4175203920060236,0.29334952771115896,1.889645468205231,0.933780296878135,0.14420179407982442,0.6746257743197146,4.742622527430424,1.1380524949664748,0.2717712058230852,0.39419553155683423,1.108317812359033,0.7801341300681572,0.10652184611925537,0.3936620240240452,4.800662552564355,1.8991137334210837,0.1978420840965965
0.7120197968119071,0.11063790172956636,-0.025490402694958395,0.02937459556540015,0.6061044335536185,2.1412237845867637,1.085353236844866,0.4417032125496039,0.3278490665623038,2.225924415509186,0.9002570089226866,0.12610508507019078,0.5009033573044186,3.831503349104231,1.1461856926981866,0.2188301052728111,0.2391091427563232,1.6922669989746246,0.7695092059917276,0.1070962303374997,0.612638327495416,3.6592414246563876,1.513987164875046,0.14100792033605372
0.6997034790010086,0.11875298689165366,-0.018475783189491175,0.028546085202188338,0.5571756814732245,1.4820569510786221,0.9098744341640733,0.3923316822242743,0.3732927640927136,1.6374812970197739,2.1776711669186435,0.12259662174075818,0.5901774629312417,1.8946765718895742,1.00010307291748,0.14995309152628017,0.08860409110133369,1.6454186421136636,1.2710420793635737,0.10403549791081451,0.26858842674227523,2.909696030410228,0.7717786968757723,0.16445870086394201
0.5872962563659604,0.10904302739450916,-0.02789029974731829,0.02777265826272755,0.5750127659846613,1.2372892482676983,0.9936683716798564,0.36582063523286495,0.0562297226989995,3.9040847174988893,0.5299037500606014,0.15214691282532908,0.47674505396012984,6.304576661748811,0.7621979712822043,0.2474213684286666,0.27970511282835836,2.296284483375616,0.7876497152224429,0.33163690891869646,0.4930934324338324,2.4611553482359985,1.44022262886567,0.19246747861822702
0.496612409151139,0.11949524217956606,-0.01782894586138011,0.028484138841587316,0.5947912208671745,1.4689385480747108,0.9421829954105725,0.39069394918251366,0.3145259659418483,2.0135527854628616,0.9873565658976877,0.14067010924149728,0.645779013901106,2.448469977615385,1.096896490961427,0.17748066325083672,0.340947192557033,2.1023478758298455,0.4828045403904338,0.43557261117400126,0.2378020707267943,1.1778836928029945,0.6377226705499094,0.15990761596813313
0.5173017084185335,0.12022903992415217,-0.03707286750298883,0.02671270569722687,0.5851161037159807,1.4876259397549025,1.0363678621063426,0.3929260644993848,0.30281668673821033,3.2978616521730957,0.8066011078769444,0.15391561884636767,0.477527137837128,3.827012686202295,0.9052016563791466,0.23661933096347687,0.47521628204510225,1.2620808642700974,0.6743151953178144,0.40300612323719215,0.1982305095474148,3.102723210631222,0.9752859752130949,0.16902681753126833
0.4554441905615213,0.11286227190672977,-0.024301014062200803,0.026352274179984626,0.5967458857181562,1.0662511231083192,1.138805005994187,0.3406682137239927,0.2615899170428651,1.5802837693383824,1.1517330076053147,0.13189604632942648,0.4217547118356092,1.5165675299369121,0.6574481596323262,0.12526624099028122,0.34393121982691655,1.2515388175577171,0.7494695568241058,0.27576658593388587,0.5849473547103703,0.7250239503530933,1.4185885879618865,0.22729378847813295
0.7105925189578299,0.11145628056424137,-0.03490478732420479,0.02506002578942096,0.6046514876133684,1.0663374313209244,1.3446012894123043,0.30417129526754577,0.438186859324979,3.926930308948241,1.167932934562791,0.24906269200098713,0.5098883165052531,6.183060683065408,0.979418712097529,0.31617183648118646,0.3232751829839216,2.6991306977649057,2.7746257798379568,0.13920478867968494,0.265965245344352,0.8364844256406725,1.0031612417286464,0.11484113886622
0.6725346497087042,0.11452533522799964,-0.023275935720032045,0.02755827334598309,0.5509595165465595,0.9472921910294715,1.02427157752371,0.32986787283008473,0.40002257013773496,3.5212026041935047,0.7204188361410919,0.20257443524179597,0.6075981023415035,2.820583604729389,1.3120928362844393,0.20536268717758607,0.32740911971159525,1.8817505588142809,0.6519533203579306,0.12042477432583393,0.24382488373554978,0.8856460188130804,0.9425164795706931,0.09244534050469247
0.6794337159277452,0.10668688342871142,-0.02781657066897734,0.027842663790163296,0.5560851214520601,1.051027044155891,1.1254096611266937,0.3384248787009191,0.3899589413074534,2.9210925438002606,1.2858464295603536,0.2404240762254428,0.5425112879234534,4.83576334869055,0.8639036665853187,0.2370728603667084,0.3286169376938409,4.500276027552769,0.8481752879658604,0.1711538656907981,0.37514061310288294,2.372122849736647,0.5468073014746755,0.1618340244056647
0.6565033641952724,0.08963498279484287,-0.022843829114975164,0.0289720549319358,0.4679582518552388,0.5376383460640102,0.8445756390782179,0.2903682310124222,0.12297278843309417,1.4075327236086708,0.6913055414675408,0.11337230344426423,0.4449810209141936,1.3021675711063494,1.1570603308575507,0.11841097829701136,0.4211704500016145,2.6811207639033126,1.9955852843395896,0.1915115213357513,0.5665734242671434,2.4258694927257327,1.0969217118189634,0.21920550206304396
0.646945268800233,0.10916782324034247,-0.024700496693782884,0.029733633706900787,0.523518744927935,2.6250717670510912,0.68958391421614,0.5105592849623672,0.3862023652085975,3.529267365725741,0.9851804918968248,0.20616377763514998,0.4106342818418863,2.418588756407044,1.0440088768865647,0.14986210816748594,0.5570547019353268,1.595435137687717,1.3296216002372265,0.1478703297355537,0.30945532126744946,1.3705787630635586,0.8722535720490271,0.13381905568322375
0.6286198214503651,0.11347214968572389,-0.0296090797626471,0.025389588363336962,0.5580347819477648,3.3605571239187797,0.7165582103451233,0.5926237726970306,0.2640716614249457,3.3389262619971767,0.8012210440744182,0.1836693351133774,0.5591428416666553,1.6418730665685823,0.9288144897078338,0.12497912387964812,0.4595342777252668,0.8442352959265793,0.7277600350814254,0.14598177637597506,0.32021437452379947,0.6658688585980291,1.4635429213230478,0.08375753502744489
0.4008456928845311,0.0940785839850675,-0.027765688285549928,0.02860142701353431,0.5556435166255782,1.0706584222158466,0.9849719061337849,0.33204727169990467,0.3338404241241036,3.568748095040655,0.8398568660945457,0.203119234851049,0.5762682744564251,5.26669170201159,1.5141462882285175,0.39431100666332913,0.2734476818596055,4.602395574135748,0.7348505542833491,0.41841292308505984,0.6057680376730525,0.41326002865589356,0.5737548125924321,0.39561507668998314
0.6872779653180398,0.11050986706478404,-0.031431321924950247,0.026840439554832986,0.545023577862296,5.129396092657702,0.7285408029705719,0.7000303779474446,0.26372992361651976,1.3938849943649456,0.9898249516743469,0.12058241143170743,0.5289789113395278,0.410411992866796,1.4089155011203305,0.06043300887696409,0.2317768764902827,1.1533249871809548,1.3648637381160245,0.17833393405409254,0.4822981653919033,4.435237666104097,2.061944139134615,0.11582127632079196
0.6779366609373463,0.1168045048028402,-0.029301682267843503,0.028971408822639683,0.6228685798557271,5.578248181893182,0.7838879927331103,0.7490887908783175,0.22482582947973917,1.534461748517482,1.0254412939017339,0.10937873368318654,0.556587536520281,0.7178613747148439,2.464837199759802,0.06839343349782205,0.47705166473171057,1.7835644368877868,1.6250144461343248,0.1428460861734339,0.40738687709274735,2.5757051238829547,1.6923128789592918,0.11819836932378307
0.6673746494605194,0.11057179390443522,-0.022824114206961437,0.030199767460216465,0.44654681351367864,2.9258824167597326,0.5454783457953517,0.5150631506171999,0.19176420955078904,2.9128248366687806,0.7510621514002234,0.17358572440276152,0.48099188113601565,3.1274921030593754,0.8545688479375676,0.1876591514375598,0.33152960055055075,1.1964826001427173,2.2837837403385652,0.07261931302843662,0.35410805584219257,2.3112061913774964,0.6555002758099528,0.20380958185263168
0.6139982068284113,0.11453735855754879,-0.024580229703171606,0.02648865730777585,0.4926182580075714,3.026941897059477,0.5891817154869451,0.5721007698210313,0.22605927991155622,3.9474669481914444,0.6237436674018857,0.17248532517606474,0.5811719675439794,0.7489018431627311,1.5375603489157614,0.07002081108030185,0.18787804960746873,2.1034439919934993,2.885593557909524,0.050332004668584236,0.4779509348893799,1.961027352044399,0.5164089360988673,0.32887262759262353
0.5209937851308166,0.11002870487569254,-0.03294625122265687,0.024497688446130955,0.5944752496631025,1.033464108864022,1.1178115831779074,0.3270099783718815,0.2646120558103949,2.0461827545556153,0.7893250195345791,0.12487660305300238,0.6467654018366452,3.416458657164879,1.195672600960763,0.20044906096042772,0.41305275110500306,4.332940861996647,0.4386758684602875,0.5575066491933861,0.4452483395664663,1.4086364464679124,1.1062047895443052,0.10202361842310217
0.49214373510449594,0.11099354654870587,-0.03161023948218483,0.026783511444515063,0.6168804612966236,1.7041431198116792,0.8547519929573811,0.4315919162400204,0.445543107556981,2.0862987504207426,1.5277052866368852,0.17180668104591948,0.45469199616478434,5.486060847652608,0.6608277980065338,0.2397953622594671,0.3877996864117485,3.5727198862489575,0.5381259808973806,0.6377616667476409,0.17721537761776246,2.249556599132778,1.1951706920733889,0.10888097871692083
0.530303013227733,0.10835644236486966,-0.024824838377615725,0.023925938979089345,0.5624857951325738,1.514052244890716,0.962519878946744,0.41320597187548364,0.2556106662518723,1.668497778216676,0.6202923352591369,0.1348460321837084,0.6257485882049681,1.9897192370085317,1.171098709737297,0.11803004861285354,0.45118927474772363,3.545453301454778,0.4800433170303978,0.5011941180403585,0.20266542368903767,2.073411660291535,0.7269166269634745,0.13075282987790446
0.5270866963576936,0.11156558576927426,-0.021426099054755343,0.024411195177336725,0.6095038550053316,1.7635701991155734,0.9601655643959189,0.42430914117033364,0.42176485415616727,1.1338149967493418,1.5914878940133315,0.11511524849644722,0.42860840916742143,4.240939674023102,0.7872522574533964,0.22036330430397508,0.327185554060385,2.708999934476367,0.8143718620375932,0.3556334413353359,0.4730492886630149,1.0803672276786926,0.9525909537453685,0.19700882864321476
0.5363479707151961,0.1172553387353918,-0.029850491017493472,0.024114047537227165,0.6018872185394681,1.7436202602220865,1.0859565690013393,0.4213279756963084,0.2839060118509316,1.5095250867383994,1.5377120668665674,0.10483343905757339,0.43638598122485317,4.166660739715413,0.778977119939176,0.2124242102957731,0.2693624908659623,2.286636871535851,0.8577675349906885,0.3261494634963187,0.5029831240326776,1.087154577620082,1.2005244173431449,0.2107143429328719
0.5371418832506496,0.10550900918648475,-0.032555541828846,0.026882889606475786,0.5174275295922599,1.4287101670145268,0.7410019733611292,0.3928676135973251,0.14484102470938426,3.8943371437332344,0.7569367600547544,0.1830147932699988,0.6941707460498536,3.884103042125093,1.1090950042387158,0.2105590680768719,0.27925673980452814,5.6061169022098225,0.5040605477271825,0.3494537345878157,0.21468724596971953,0.20345536913890544,0.5207558904721541,0.21121742095334442
0.5177176295828468,0.11420992771559688,-0.02513782544777358,0.030040678398747668,0.4939660638555749,1.9790375500569246,0.6043351257390506,0.44293272088885466,0.464463717750871,2.7018191745739517,1.0976528762863238,0.18236958726936087,0.5440887945889981,1.994416954231553,0.974499635342425,0.19694242025206093,0.43855222412970446,1.6831173070326506,0.5413853488586073,0.2766367185790255,0.3737133127791982,0.1713639062330823,0.5226371880340216,0.1605776880868227
0.516976552995306,0.1166845181230733,-0.025436850455104493,0.03161309273619513,0.4711641669249377,1.8509135578999545,0.6311699316443412,0.4323909146500577,0.4910064708934491,2.65089956311272,0.9491652716635676,0.1809724078820847,0.5363334930725817,2.285370156243766,1.2154040369712615,0.19228358875389692,0.4313914044584559,1.634443798262701,0.5365835250401715,0.2793781673864858,0.37626488234452066,0.1550024489313624,0.5293995222504131,0.16093948482647483
0.3551794237377057,0.11140365166879232,-0.03262371155727583,0.028288172151838632,0.6537133368612482,2.1170353791039003,1.0553507061566367,0.44163059699174434,0.35877145699182067,2.3025970983700965,0.6440287982927613,0.1291292786178375,0.4403870200764052,1.243128602935482,1.0723184913263115,0.13038947374589172,0.31898281066758943,0.751508649626585,0.8935388529704664,0.2626806060501704,0.24388936714877818,0.4199476061216581,1.9298057510294182,0.29757131399866454
0.3091591072628633,0.09983412699457377,-0.026763125047421166,0.027216048689189663,0.5742692570845334,2.028025382570694,0.8433196247792939,0.4494516617741371,0.28625847122332787,4.495857624592109,1.032189051853379,0.2023253517285855,0.4940423762729075,1.5726682701663453,0.8982030175369463,0.11156112070608663,0.39653485515349335,0.7710847803167612,0.9850917439667444,0.22760699790575248,0.33605905380438245,0.4848018246176903,2.8834173876955673,0.3703194451355674
0.3265895279626172,0.10876298196791735,-0.030387131133934958,0.028273771144233108,0.564229624833798,2.443836941869299,0.9044291475016631,0.5125175054723273,0.21371710424489984,2.818074506545062,0.9613042297798902,0.19154621464034802,0.470178242257667,1.4004697865738271,0.8895867644535611,0.13801999260290004,0.29162671393035633,2.07527473410539,1.213852846334242,0.2252009188297029,0.38936260068564543,0.31580651088928124,1.439780930362307,0.4184654621552012
0.3218739656912427,0.10680362796935644,-0.035488917976786646,0.02714089798945548,0.5755505867380242,2.4814404880483187,0.7505828598227491,0.5049055134975403,0.3454804614766124,4.399337548479328,0.8417674009233912,0.16981918727407003,0.5313658991411494,1.6688621119207199,0.9207651352833384,0.11931913618341526,0.2107808161449179,1.9685322856170588,1.1669848598456851,0.22197630722743786,0.3142905571991603,0.20505130584481493,1.5268400648441882,0.4201841125102919
0.39520729402475846,0.1057151232145975,-0.03620167713444964,0.02801647430990528,0.6007077811958003,1.1148246344935324,1.1851383461608642,0.3168759796539913,0.2721731078023977,2.7874172065193985,1.2772772851035015,0.19654132716469705,0.5986045460241702,2.324151913798685,0.9745312692748289,0.16553409404633812,0.43703511309889226,0.770526924565751,0.5061833782508081,0.3876951340693315,0.5169713983684643,0.8508093165461696,1.6937738895568704,0.2220581819595861
0.5777630026698619,0.11623828470709596,-0.02623266828076022,0.0278432796886929,0.5702398829700392,2.117014570926067,0.8614532715416615,0.46531457251419306,0.3099582309880316,1.976002962159791,0.7540179595455644,0.1512817744772717,0.593063785762979,1.8497601139457918,1.2224785440077532,0.15610825079276375,0.3916282684674704,2.8242252000874046,0.6533163523143408,0.2862043472417942,0.4406063139398613,2.6296462917898085,0.6133343419128479,0.19729140443526905
0.5394518943603104,0.13030740684379621,-0.026113138364409115,0.03022506073776669,0.5827837674628236,1.8798796801406565,0.8239408145704029,0.4635676743981988,0.2055104697231598,2.0825887211334444,0.5547396208958841,0.09922759875749436,0.5322547752834366,2.4082073294300512,0.9746398252795111,0.14744576842310606,0.287531961352362,3.01020150937911,0.857526128343798,0.31242356727872816,0.4601421530959025,2.5985057121461814,0.5548572634223714,0.3029594926064605
0.5195804594236975,0.12027756670474749,-0.021715993769270765,0.026001761067100167,0.62249714651381,2.018960107667763,1.0241734324326712,0.43325751036177995,0.17892492939881482,1.8897346586352828,0.7467544079170352,0.14505963468639424,0.5674069871845592,2.8339473068062984,1.2902445592286147,0.21360202413461093,0.19390024506475023,2.7801877493425873,0.7248760456542973,0.20807892910415104,0.5386670753560944,0.8839333003996349,0.6454135302510658,0.30782607455707856
0.5453688907167734,0.11268302720106714,-0.019073352964855135,0.029300734740502803,0.5275829638315783,2.549101856705063,0.6394212000670282,0.5132894450575642,0.41806795735063385,1.2369031873060579,1.7427922557850017,0.10446910165823087,0.467847374104505,1.304519639578495,1.0862488764012397,0.14111470126959896,0.5630534058404718,0.774232720702116,1.2257970079621252,0.21361108638988277,0.23789136892250629,0.7691505137769064,1.5926774876138816,0.10184306313832275
0.6813875132577228,0.10494383783107146,-0.020765670480634612,0.028593047663364634,0.6183075905386115,2.9568177255386665,0.8839002592647167,0.5235861233763136,0.2681902228923361,3.0218492227007028,0.7815624012314714,0.17881953749578505,0.4206925744629125,4.959147894725264,0.8608244609025743,0.266007046011068,0.14664460078746794,1.9392791657297874,0.7434947830234957,0.12928584186693154,0.397683855844804,2.7466660783266863,1.0032127371206572,0.16358614305739066
0.6693709177856825,0.11590787581167765,-0.03560381880631054,0.028975548630027225,0.5278211311642554,2.059737275866512,0.6487906703148659,0.4988566300114375,0.3810827395865254,1.4509517661792644,1.1792818172201538,0.10017382341406937,0.47665330772192505,3.319469683149968,0.6581083235219405,0.19194861343563716,0.11134223242680234,2.556554149740017,2.089498468137749,0.1631024736401459,0.43611117665220483,2.9827529710790306,0.6528944530349196,0.20453308278229973
0.6462744019860059,0.11795033650540071,-0.017837656892525394,0.027010360719737152,0.5977886635116716,1.594244426338295,1.036908778843548,0.3958987912638664,0.16599007287110404,0.7242721912340749,0.763742828363618,0.09221859553959869,0.48358569876828195,1.6428463630559431,0.738348621477553,0.14952151185528037,0.09651787703167387,1.8655948743655806,0.5708837504771566,0.17178647023699148,0.356910681285523,1.7800070155618504,1.0182197066382255,0.15099945167942103
0.6364447322086281,0.11671109787664127,-0.04049027307218827,0.026260506328043096,0.5355654099994668,1.550491735180425,0.8531318651573224,0.41872466295055977,0.3125533581786902,0.532205360684419,1.289858232884097,0.08803828454920187,0.6646963078870409,1.652074345739413,1.3127186616297577,0.13619667380587866,0.47192339159554175,2.9644727383073417,0.808014630377923,0.2804111824488773,0.3761512040601973,5.475005310461911,0.9291768996039472,0.1458954056925518
0.501378423530057,0.09844918297866198,-0.039259778919383745,0.02636032018873245,0.6243489405578698,1.0498902174175038,1.3610963620987968,0.3047658087792362,0.4693080540118844,2.7068303517692773,0.9022314435361658,0.18200339301733456,0.3953043942719613,0.7603766694177613,1.184313608132908,0.08501835426787571,0.25151788331689284,2.6628808795500545,0.5460319668890334,0.3030834036977601,0.47131155825651405,0.6828053408300107,0.6650890906618652,0.274890444647062
0.5750231049021144,0.10250155165289723,-0.02167239718740598,0.028342210996797252,0.5771578973427497,0.927015260499386,1.1851828050441227,0.3084375414012158,0.4114075438777024,1.8512567793911312,1.238731952927924,0.1412265894761712,0.5400137018960627,1.219292515701666,1.251602696612988,0.1087368316724057,0.2269829568054091,2.63935407991559,0.5585655186715746,0.26223238126933696,0.2838212182600501,0.43792906661950853,1.130231016583012,0.15830302994654769
0.7259773670625987,0.10373268834609448,-0.032694243595250735,0.02636249284984559,0.5809111983693563,2.064036385262559,0.9618999546183362,0.4457936735093591,0.42053823655854,3.184533990142713,1.2351657908681346,0.2004745284135135,0.4706175901779495,3.6110302130271097,0.9464636220994125,0.1925281774600754,0.4593389662582005,2.1531766825272585,2.449184750953645,0.13504785428116256,0.14671291441546375,3.9652491031245303,0.9884184990437193,0.11735866617727497
0.660972709226398,0.12021707421586408,-0.0360100336819852,0.02694519492925604,0.5461713431603139,3.7153778425387953,0.7186120016699764,0.6080120500674845,0.2877165455190391,3.5724995734403895,0.6632890448676767,0.16132390655541265,0.5871046333010312,1.5247665600122398,1.5586145733009045,0.13809465577300914,0.343069939088144,2.437996950698778,1.4394114920273249,0.1382135732064788,0.44664041955163286,1.0720498708127684,0.9839684118951599,0.12284169858666642
0.671272067871358,0.10840697941639961,-0.03785359756658488,0.028021091247543654,0.5694690812497569,3.1681373492828713,0.8237545231338201,0.5740719111841531,0.504754624957102,2.8258292397329474,1.2514159740112387,0.19133782776688074,0.5069689103963477,1.3624736623761116,1.0975195981174077,0.11246805351009877,0.2920619710649201,1.2698928332487105,4.318341424355058,0.05175341504159728,0.4081589022197791,2.488832249960632,0.5758061760212508,0.2178512538210891
0.5274934818753071,0.1037182371101781,-0.027853699643253814,0.027597486595088507,0.5956700540695445,1.0194575747716073,1.5481012544349055,0.29675143945201116,0.4346407095708263,3.3735607932925986,1.4481152606998433,0.2778338215581042,0.5676775470151413,4.412610827773345,0.8774439907273764,0.19864688244383774,0.4032875407865801,2.5713081725139664,0.41104663964882293,0.45483675671822116,0.4597389715499195,1.8764392672921733,1.4860929774121154,0.15155726534659056
0.5259996478354577,0.118454381499436,-0.02944445300031869,0.02807888426132212,0.5885991178185688,1.3969353966571771,0.9898798831012796,0.3908762936009488,0.14104077227875136,1.7711794473623743,0.7387463912681305,0.11133162756269795,0.6347791992536109,1.3620020801559432,1.6034523752892926,0.09113740331574698,0.3843737111877532,1.4920925728182195,0.6104454063228522,0.3312986658389153,0.3920692057131838,1.7393793419868522,0.764783356915992,0.20975314916438326
0.5149730910407759,0.11167318387337745,-0.03384927574084836,0.028588170583982424,0.5703256176035677,3.7909924297647284,0.7868089815489016,0.6171792313874437,0.48278378798673366,2.7414449103914436,1.387800836210546,0.16692924942014623,0.5193176652619609,1.407123165970598,1.0568017437528074,0.11260248834926946,0.24817286939529853,1.6407831081357314,0.3814608070637605,0.48872553591800866,0.3322528249988397,1.1995675554794307,1.3028035870146786,0.08810067973805075
0.4335855524354998,0.11902855144902715,-0.039584373257937476,0.02643426069872485,0.5695030234619198,1.6608592165793907,0.8861642657166162,0.42013692978497674,0.22090663766632493,2.403149715813883,0.7550420149083377,0.14344749779569135,0.6081068106233184,2.386095590008475,1.0239019952315647,0.17713559871496598,0.5176664965535812,2.5785324934093867,0.5348214620254315,0.6164361000270863,0.2264460019171979,0.7654839335023882,1.1338376609364944,0.10065808718265506
0.35364929973273956,0.09425994262195983,-0.032878700424492424,0.02555177251496499,0.5696891049869655,1.3632376478015276,0.9710516919979136,0.37108201948930297,0.2738268624848853,5.624237426469458,0.844136367896045,0.262187830326402,0.6458682259746519,1.5834853881724296,1.383208135600843,0.12755507713930397,0.2039151487642529,0.4341858215596089,0.66662321265455,0.36216786363837633,0.6352835782658655,0.8469761669758257,0.8488487124219648,0.29127413292437676
0.34927818586891674,0.11772594417862134,-0.02443653936011685,0.03055201952778694,0.6039552737812414,1.6220359822197565,1.085366937133031,0.3938346250573602,0.2976836582997646,2.0359084615694916,1.347332960687872,0.16664936428324456,0.3184233325746771,0.8346027438455937,0.6231794796105679,0.11491296902406992,0.5894716431173624,0.371548791928134,0.9449210564232294,0.2727915306369193,0.3786373314771594,0.2675696138732171,0.9952953860492836,0.2538680300820329
0.7074905171196668,0.09660103444366636,-0.029222939989578024,0.027507114155694783,0.5764290480198259,1.5650484185553886,0.8674501427232205,0.3987890173058114,0.2572833448316318,5.079772008434624,0.9768118530748702,0.24804174613019225,0.43700833810438017,7.682058377885577,1.1142186342126947,0.47864315942820634,0.46836391906639163,3.1844654059082784,1.4805964793697466,0.26757447686678076,0.1608736639114176,4.3275855431674275,0.9359403103446976,0.10125915718168935
0.6552554154876885,0.1140243560480259,-0.028211337510163054,0.02931459814051407,0.5827232739452124,1.0405765498233788,1.3393174148761777,0.3250976659325573,0.4492832605260307,4.808264826377735,0.8260645704873446,0.2546660222545689,0.6700384646364042,6.358556428621754,1.0805276447380405,0.29618075114840287,0.38820636887330306,5.964313185144221,1.3312560177668094,0.32932120772739637,0.0845384865386764,1.4686457299501012,0.6575367862014307,0.18307138667663328
0.635244623316218,0.09678811116259725,-0.030574979568601786,0.02772297954446975,0.6017663439869997,0.9797221400858089,1.4453555209770546,0.2874310586527631,0.27337109579786717,2.745078541820084,1.2165132454813896,0.13898374698275248,0.41049584585288657,2.2945319954472136,0.8767684932940044,0.1418316972039822,0.4065116587863033,4.5179350928238,0.661306055735052,0.2935396307102411,0.3755587948332754,1.1423540765269238,0.7013748139048115,0.16200805549768002
0.6056708791244285,0.10269916029767007,-0.03699121856297266,0.026524484343747982,0.588999265717806,1.260849323834607,1.0372819952007761,0.3652570020580829,0.12790282630776562,2.0504089268193284,0.7631768891674059,0.11886142604206762,0.5637284881559066,1.4955340911659314,1.5455896281748882,0.14139699216157206,0.3940393786641358,1.6537834877279156,1.014750328854078,0.27515829868576247,0.3311132966046748,1.4470386318128556,1.384925252131673,0.12120564490453871
0.5134921384890333,0.11309418892830217,-0.017725933583708147,0.029337237897648985,0.5970557719337727,1.9449693291923924,0.8843023881620512,0.45804567784420097,0.5014109330720233,2.104999485080131,1.32073182991722,0.1653341888147056,0.5355124622328787,0.8260189593616796,1.5037300118655972,0.1041452693836111,0.27614372419138167,1.513460701528975,0.7608990014906033,0.24072134104170365,0.5201189805723058,0.5475174632484973,1.0147875806149425,0.18585241589074525
0.38504015822230475,0.1213809588459111,-0.02962428892886264,0.02898799389992601,0.5528554460517486,1.013804782655656,0.9586877185806456,0.3428207294335349,0.23169029868596083,2.141807201041693,0.6091820868404668,0.12005213747244237,0.565256909654667,1.2722214373373728,0.944912997545446,0.12712600376151614,0.46852535482321434,0.9451133228422699,0.9598079465230294,0.27311106936848173,0.4768300463804921,0.29975401730153606,1.0454032044312545,0.25589836831103463
0.37765827183901024,0.08795894082989018,-0.027012887556543103,0.027971821686379916,0.6204159974845088,1.2964851480761561,1.3335216034901929,0.304121819172447,0.31782333442253735,2.609037557445582,1.5658693640330998,0.24794508478580146,0.5340493598866274,2.4733214022406065,1.1664284189589735,0.1968027083392843,0.35529440066141316,0.6823456545171339,0.6053923131814654,0.31667935036069195,0.3619192615866218,0.5396152261097038,1.0989174151788748,0.328329438598508
0.414146818790335,0.10944245535808768,-0.02039022639733203,0.030245110545695217,0.5932033175189536,1.4882790514303186,1.2975005409038383,0.3509087620335905,0.3116607717573328,2.756035457385697,1.7904687495426514,0.19482516328827348,0.6068216208720207,2.6253375702790844,1.0787415482757616,0.17899888073091313,0.37730433787891204,0.6712179030285614,0.7045119626159466,0.2983011298077734,0.5039842226183294,0.5539246956328122,1.0408030948496658,0.262528571935706
0.6973419939229327,0.11767369297347616,-0.02968198525414857,0.028865383338749086,0.5775562303201678,2.6293105601559885,0.9318656786568907,0.503577980878166,0.4510284339343388,2.302293030169998,1.09325043485846,0.1298292572069645,0.602731232038916,1.6334194239374524,1.404234081317252,0.12447327459214656,0.4278032943556221,3.5709849343200957,1.435287179034544,0.15648669913139007,0.5254751554897145,4.034520869891895,0.7833499970962083,0.1592284085547912
0.6814268613586347,0.12637349536857118,-0.03833224392875658,0.027649058264785177,0.6035181146610643,2.238038752289435,0.8834576104494477,0.4947979243370117,0.40095389192756836,1.844085025993414,1.3193206471178427,0.15664786818232196,0.5334195002619748,1.856588446296904,1.0136805991003985,0.1383254474466512,0.5047411094619468,4.067704260615642,0.9680741397524306,0.13476167281874174,0.35227018020908796,3.158145255814495,0.5917541476518924,0.14023966579651642
0.6600998576498759,0.09541611773307856,-0.031321874126614,0.0266802263286451,0.5633567204357887,1.5754116952922899,0.8146284281069827,0.4125194118567011,0.20826164732597624,3.0325205562809683,0.8245181925430785,0.1580139280038191,0.6376540509448632,0.5946218580181486,2.590404071258629,0.06086670139909077,0.22113457721545157,2.9995610460848514,2.1297024600484846,0.2186937561095631,0.203892716315187,0.37553993247350637,1.0754979736406676,0.14292871063172483
0.6506435732922791,0.10570443036552024,-0.02233493004262074,0.027503840178752945,0.5794429065407014,1.5165224715073424,1.0240743120214744,0.4017513590659158,0.34533010590346125,1.89398402075122,1.081558504521695,0.13432908270289648,0.5896764602956418,1.172952458378267,1.6949355771844201,0.08349929750159597,0.30233645204208837,4.568934520747022,1.489097909568931,0.27963148145863875,0.2848456038478661,0.36846643608504925,1.334368511945449,0.1267155436618983
0.6300561706824493,0.11211337529831637,-0.022133046164946473,0.027905534790630265,0.5780500753039962,1.633651780777418,0.9046528348785945,0.3965581790961139,0.26189998472175274,3.480918638779116,1.0100520222652847,0.17362719598669402,0.5036549110261742,3.749543992757019,0.776651402923272,0.195640905685348,0.4841819380025624,1.6825426175230789,0.9157553087839578,0.2595315999568544,0.6740418169327751,4.538205155344787,0.7167305697348045,0.076465264171522
0.7298491237490844,0.10956868166273759,-0.02634968764903535,0.028225260370007235,0.5702503170699017,0.9410768748487531,1.244601907177624,0.3228252527463447,0.3729969251779179,1.314487267721504,1.0084301182248152,0.13874495983868385,0.5251691845012948,1.4804042380317788,1.4616169089682505,0.11918389658774477,0.34740533367170046,2.581806751754351,2.3510683713753835,0.08217399719473738,0.11368928976652715,0.555831746372755,1.696330084698293,0.053478734238964785
0.7203328640292952,0.10894815717091498,-0.034196008382776755,0.02537109411577126,0.5845407811297253,1.2272200677950802,1.2215102240473228,0.322671950969701,0.4145775456982285,3.0369177877611535,0.8315445242199387,0.1715670602285947,0.48519361491587515,3.806423168552423,1.0742914822081702,0.211316336086933,0.3414953726873001,1.6325320594951862,1.2251152335474877,0.17101252302801115,0.45010516865299066,4.204514047290006,1.1962449412927183,0.037789355415311116
0.6093945229682399,0.10804725112640276,-0.030860549898889932,0.029532659971257775,0.5720321468347285,1.5300126819955409,0.9566581016540787,0.4057052346247404,0.40230466660642644,1.9504612894478255,1.4449048308003907,0.13636704121178245,0.5813888362956342,0.9334436715696374,1.6499421031070294,0.11095940550885186,0.3632809551756896,2.564977039124658,1.8001812785501057,0.16110202037485247,0.3976017241394766,0.5090179742852521,1.758808206035189,0.15344648393058746
0.5132457151726372,0.10934361537347181,-0.027179237351771603,0.029316270671483288,0.5793365064086061,2.929319437505832,0.7572306074844307,0.5593191562043341,0.2661193959984953,5.648100556550765,0.7155467000668846,0.1901210729166619,0.5898967093837344,1.4916386933502437,1.4128843554711699,0.11522633842487316,0.3066116976551014,1.0483158749797936,0.8226788409565483,0.14989980778289497,0.36854544081601637,0.3271075219423903,0.5836664148197971,0.27546918213966043
0.7066755726164516,0.11504816475375582,-0.023899602067199655,0.030186312571474378,0.5833991506332745,0.8997303765601068,1.444604931698349,0.27817685895151506,0.2514091594891032,1.8080886845538142,0.8297272487449286,0.13384848422751794,0.48558645025501945,2.9509243016655398,0.9151578746481206,0.17635664797278897,0.39863145068452366,5.617593008403069,1.0288867474725278,0.20353622702077614,0.33357474557295047,2.164489778566775,0.9701812992702756,0.13549001460404883
0.6643632301842688,0.09301929334968531,-0.02939368104013071,0.026347354598536772,0.5831868055813236,1.2603828543481839,1.2157874569361626,0.3316369600525332,0.37242061566976614,3.387642852684892,0.8285459184019526,0.19196975546608916,0.6007846215258107,1.5968388068516124,1.2252090849452466,0.10112195956992232,0.14834856701536847,1.1010291234085505,0.7732274661261869,0.1926248205258902,0.2920176387359989,2.3066078758158044,0.9740950615781384,0.14932068539920368
0.6531171735457117,0.11884750891795418,-0.031585806873320306,0.0276676451444467,0.5756737524597901,1.7304900524940419,0.9533161415069265,0.437688628087159,0.31343651357923996,1.349342014933336,1.278755892569812,0.1023966110855622,0.6236124630274498,5.84268299229554,1.0739139131450866,0.21868006121003808,0.3773235114454762,2.1292966836093004,1.7156719117038082,0.14975075859521936,0.4578279559553516,2.1053294230672837,0.7956883358147597,0.19804575119252016
0.5223242695088133,0.10318675045616961,-0.02453630878063559,0.02682696189899769,0.5523322961335149,1.5833424075808233,0.9981987191254413,0.37929741062861044,0.4869540564749815,6.473197651789165,0.900742451271726,0.27250033965219356,0.6521677770918312,2.221842123905137,1.0445640380687944,0.13711713713907586,0.3432282307475683,0.6606521871630505,0.6816402596400686,0.25675218417907064,0.3219772346682086,0.8225596855415508,0.7216657804430658,0.199367894205469
0.5156456013857125,0.110715990218849,-0.030000447086253018,0.03166532893990938,0.6024753858511182,1.6869108614185861,1.0291348836239604,0.4121798747699815,0.3075216043954622,1.2790957480543121,0.9105764688034783,0.10868752346353984,0.31353858700445514,2.527567344237238,0.7168118953059366,0.11258408993023893,0.4899270865347642,1.2438422064840402,0.8182605680859729,0.3409747393185911,0.27238214513201,0.6401676573088283,0.9134396283505298,0.13926466759709122
0.526058145949481,0.11358585788609318,-0.022300946529207034,0.02569687599284779,0.5934314315292354,1.4567671261351456,1.0801289438493313,0.37740120912380243,0.20277952900349913,2.2133821872832846,1.3484200240353388,0.14326986766125635,0.4877236676936566,1.5288179008614717,0.739990834144206,0.13317792141300874,0.512211040047291,1.1082128009457135,0.8006836559678604,0.27921922230139434,0.2726136387474838,1.3736729541326536,0.6008450366031526,0.21075440192559158
0.5573087568273183,0.10424213902447443,-0.03178666363179964,0.02839411510065618,0.588482947100817,1.4207319250578687,1.2695804281841265,0.3502929383378589,0.5031581863934157,4.508213566569964,0.9614905808595702,0.20355905181277456,0.6234346760101359,1.7583522603753416,1.4760956898861952,0.14240252198008552,0.3817123376193184,1.4669405391143062,0.8716599108188644,0.33319299339351677,0.18638577313141147,1.1451309648073893,0.6006236765224056,0.1582012928595678
0.5207203406805393,0.11756264541741492,-0.0361648965683945,0.026808621710704,0.5634228229317678,2.1408479668442584,0.904947872434297,0.48867835137758303,0.2815929306253031,1.4503570825764036,1.0469847115603836,0.09127284875537364,0.47996933040171813,2.3908049912077876,0.8733411061639862,0.15065927928621606,0.3288871966315909,2.6975194889716754,0.725361926826504,0.2460619355503926,0.5907657275323569,0.36701001996988986,1.1110010249297417,0.2038973787738541
0.523600609245996,0.12159636849920218,-0.015189658399829241,0.02735689431132024,0.6282028153755351,1.9584363120379475,0.9885974149521337,0.45121716912380994,0.3232460450603854,2.5600299069576025,0.9466395862492337,0.1455042981889104,0.5551767510899883,2.9922826669361062,0.9837851286862588,0.1686912650832835,0.4398461150813507,2.944325609329249,0.8029148391715756,0.22638989452035765,0.4444171457565577,0.6345312501986042,1.5246482133103512,0.21040815915980643
0.3974919258681184,0.09073944156052201,-0.02341065093981303,0.026805286875709378,0.5397991211839428,1.3985563566776191,0.810347038090295,0.39504573274996074,0.4362309368274779,5.498322613822082,0.9666045977278523,0.24831549269999018,0.5955239086655572,2.8062205099572877,1.0523661780400093,0.18323872920366077,0.2859469541814879,2.8921623078221943,0.8798922967452161,0.39403509622348926,0.3988878519948416,0.35121159506029703,1.6758535437018782,0.292118574433092
0.3944857801933041,0.09504580240108661,-0.02324922239193359,0.02575656640329679,0.5287967314168844,1.3897569859985879,0.8352834374791196,0.37105532393853613,0.38180607190892607,4.550497156280692,0.9871564571062298,0.2992724197863421,0.6456300754230654,2.1251176343787757,1.0882658183306764,0.1738724065923538,0.2918736837271531,2.8151489906740412,0.7751571048050259,0.37794226728861097,0.4039726910987165,0.3853540307330695,1.6192879853978397,0.28699982505900773
0.3713186444512107,0.1225273725080171,-0.028154997758897318,0.0258972355261617,0.6208495102157932,1.81989467445174,1.146529408909883,0.4224388169218493,0.19168135695301355,1.395193857207405,0.8734928268957971,0.11657787525600687,0.5130788658771595,4.262336564108458,1.0092475646808226,0.188485150598543,0.45762299951816393,1.9092267391754874,0.6044499652308117,0.43040526636439774,0.34503046543556193,0.14485967272375228,0.5039540704428321,0.28611791433636014
0.4017238044339646,0.11336066727429281,-0.03591162655077781,0.027207258590613955,0.5756876989228027,1.571317975452458,0.8515346278153867,0.4000421818234973,0.23469262840118527,0.8950534605360374,0.6773779411601788,0.0939311854648025,0.5324665389596157,3.0581077061188013,0.9435401714299884,0.20291835092052846,0.34337656523707094,1.4839337533851262,0.7347831600418827,0.3836742613049178,0.32071707113521963,0.24891773200044678,0.6371535489780555,0.2647955292196361
0.3883747119398199,0.1245697951881479,-0.014832371991839809,0.02509411828538701,0.5973279911815597,1.823855243553905,0.9408659530715866,0.45115595001034337,0.1332195389832308,2.009720866139944,0.8411393109337403,0.12374269681355864,0.4548767898714172,2.218184507558595,0.9350931915399693,0.13471639405768876,0.47010005993937976,1.2464205855999007,0.6254204648628177,0.3502196438906823,0.4581419419951283,0.35535150270384563,1.0482636527289078,0.24533425159541863
0.62740472614777,0.08817314322767807,-0.026796252368937457,0.026464014319115443,0.59672291769392,1.3190906125507456,1.1138676644377457,0.3476001152308619,0.2576452525688114,2.0721564074751355,0.6061168322330633,0.1388230500102485,0.5111557327042306,1.824588561307882,0.9448346028431306,0.14889994729529027,0.3097675527246602,2.1761165848283968,1.5839691748701652,0.18570944010172685,0.33196179366704204,0.49461805200599035,0.7818496474610886,0.1685648644798907
0.4901885883135361,0.10106888463131564,-0.01889096059957908,0.02839125356626451,0.5588208320885043,0.959709177283027,1.0972063554358644,0.30993461530356453,0.3765072135597814,2.2164091082795636,1.1012565335671542,0.15259052622621033,0.6164309200234643,6.111992892936344,1.1873524897035472,0.3838484285738568,0.30269478395454985,1.5606457973050663,0.9011653274745576,0.18036915551097085,0.5079133314186629,0.5286553732918429,1.5482560127835434,0.25704951301532536
0.5733634597945655,0.09808231809960555,-0.02870991611888097,0.026464401520602157,0.5907426353190611,1.485182219051979,0.9576198921410357,0.3910149480361489,0.3348049562983042,3.21620198833331,0.890082752368451,0.15269815245032306,0.2876965641208316,0.9974333957936536,0.761704638857379,0.1203595303070233,0.30122592548361343,2.1374816192198645,1.855740592474022,0.16982211734447242,0.21501593383019957,1.4349971968361943,0.3658677701183286,0.36221696828087613
0.5706794689823889,0.10471798568831925,-0.02810542594499812,0.027138312868794954,0.5712996983971048,1.97761768270229,0.945321299413702,0.46633560056860807,0.32890845720273443,0.9287964442202927,0.8909879300640448,0.08322885168870077,0.48951367083821473,3.3455635705809357,1.212380099911045,0.18287974653770764,0.5157506636643568,3.2987207315840794,1.1161583624104165,0.16600198245069572,0.6708221985583243,0.6259353537218375,1.052790531830955,0.20994537518980946
0.581830903329157,0.10219474700153386,-0.02793192595596911,0.026546570341118667,0.5322157816827329,1.9735483030865384,0.7962822907782315,0.4531339521020546,0.23494508643578602,2.635222582457361,0.669581356295738,0.1283198433421234,0.618123818482454,2.57548514214071,1.0812409143053991,0.18224612550398925,0.2997046664816404,2.0064388174574965,1.6096530446409476,0.1919856831246762,0.27139648398696264,0.5827378366779776,1.3442502410542732,0.19892561681648407
0.5852924385221416,0.10362593238114694,-0.03546957854217578,0.027586021918512168,0.5454067829656823,1.7436052924809498,0.7502988265290024,0.4349562920165411,0.28341382006798577,1.4335142499772675,0.9514270780958994,0.12258977322870557,0.6264115447180997,2.771941483415167,1.1010231662569243,0.18085822902326884,0.49266030393309684,2.17535728932903,1.2666793023972889,0.15904381580459773,0.3378777911487706,0.2744927267602512,0.8374984496959579,0.16924384759725186
0.6446167283375416,0.1215975220117044,-0.02320460936141533,0.026584736818829738,0.5925508597044574,1.6496181601397657,0.9545334983932604,0.4240928476632903,0.36438575031445813,1.3702881638613287,1.3144271904255092,0.10331107991063061,0.49814020877044946,2.9733211639222272,0.9781352138542984,0.19526612183368863,0.14364441112950097,1.4689629715885195,2.494100977938137,0.08581279333202904,0.6487742860931841,1.5330290225330636,1.053227626112373,0.17211813311001772
0.6848329097834039,0.11481618412517412,-0.02488129884891152,0.027420710671722484,0.5133301993808053,0.8469557154660139,0.8822052713272426,0.3343488922500576,0.2555438089590132,4.073233336120535,0.7644090716453251,0.195642435195716,0.5532849289115527,1.3718328761440424,1.044415615439517,0.11146725533924101,0.49622941654870933,6.880204018467217,1.1986121035650559,0.3855585347885111,0.06393765842949015,2.282185299912816,0.936724603968221,0.12103113063493229
0.6564983854543461,0.10349801563770626,-0.018881647732332977,0.027969043414861547,0.5763247882716116,2.71234573478688,0.8917970480434679,0.4851198064382777,0.2877688089955059,1.3175391726206054,1.327461190347618,0.13496461486039005,0.3652749398738598,0.8395833978172667,0.6368204176631589,0.12135210183509652,0.3085334828961299,3.705764799627121,1.320996524772979,0.142105364943049,0.658101917495825,2.690742224260569,1.0062410599179636,0.21997432970515718
0.6643730063419289,0.09935113298852616,-0.01780465576981829,0.027195606632931055,0.5782592614162658,2.208756376130197,0.9484319416413083,0.47626339503426474,0.4324297541430967,1.7921552176866222,1.2257952865965753,0.1152911144557855,0.42773405588860197,0.8574210588586225,1.0111135687003618,0.1072529468969974,0.356559105089435,3.753431467576172,1.4503907236032336,0.13620149133299583,0.6707764299194972,2.5314581928159443,1.0271942618675736,0.20447787287126643
0.6503910687485348,0.10519015181765329,-0.03537772218522111,0.028001429354903972,0.5489234642869347,2.7268870345651153,0.6648014611355144,0.5271346330149225,0.20856875117532242,2.7575423776242047,0.8689048444008491,0.17983921331061872,0.5983030481307727,1.772756718282268,1.2008381252529428,0.14964507919213887,0.39058136937375465,2.4742040520260096,1.253056581443515,0.24632694596707458,0.21591897485012698,2.5286814669522073,0.803097405753064,0.13920963426776561
0.6315193349289151,0.09782929986615231,-0.018456626733260505,0.02903552070178267,0.5060302212941298,1.8683043338908656,0.761338122236416,0.46182926481341635,0.365149913225767,2.627071020486303,1.1078038366557472,0.18010299339754732,0.5946803265476196,3.1854418577567696,0.9443300292643042,0.18485151869223493,0.40023854892652533,2.6116264712303017,1.0317036328787494,0.241051001492181,0.4205194715523681,1.5964473283479992,1.0510692700543631,0.14201088393615188
0.6980935632549699,0.1265734916536811,-0.03758675064137094,0.025745171939005242,0.596429194068131,1.5122801024799184,0.9877822727579211,0.4134208831253414,0.3163214437010249,3.788308128490413,0.9096671729890465,0.2425068257261963,0.5264388857895453,2.921496869638307,1.090346580551034,0.1757393054093013,0.3167410313814726,4.896369404307014,1.0489628329432756,0.2904880187163037,0.09225099323523252,2.2486955944860316,1.0538418389029127,0.0662797297952142
0.6487847042513903,0.11788284055759003,-0.01598525224257996,0.025741581772922104,0.5666006097543954,1.4150985394903783,0.8789732280848604,0.40059563351726035,0.3509409772097245,0.8959649397635884,0.9195572779580006,0.07844410856677013,0.6062115667509458,1.5751571703993998,1.099498459002966,0.12714659689679528,0.13349791981422748,1.797537836422513,0.8246543568825967,0.18425356386684497,0.13115096574017313,2.739485264039915,0.807757847175763,0.18355755990049044
0.6522916701639069,0.12285675196376197,-0.029300601508859565,0.026936580700792783,0.5230117073890429,1.150476205464954,0.7624451579077267,0.3858860323800342,0.2855859921081389,1.0060308016571955,1.6172218873427833,0.08603384484970572,0.548038118860864,1.489985700543957,0.9793888996609101,0.1448167926720977,0.13413759823149307,1.7500697459126358,0.9137274734815123,0.20272067207047637,0.21634664488783775,3.5276386604698744,0.587280125504102,0.14224346182257022
0.6657631757832198,0.11293336640289801,-0.033665071769090726,0.02813459711840205,0.5938008444303564,1.7985133988310682,0.9409571871499847,0.4383392858983779,0.2066219167904827,3.772504255668088,0.791040540428269,0.20912098936221296,0.5501983876257335,1.0741822375425283,1.4968827970616985,0.09156296170778705,0.4719858189180168,2.443573929807609,1.3030289746439765,0.15545779146562522,0.47432527867333607,0.9957216993214508,2.8823807630588965,0.07533598281333329
0.6184029326854219,0.1230548796863789,-0.024726111621088873,0.025637222451969473,0.6013176705312337,0.9847120638164477,1.2147954383007418,0.3146154393183649,0.3276079912614629,2.2735604348325156,0.9516281682195428,0.14919656932694617,0.5090318081091246,2.0896614959500632,0.9456604199239129,0.15215880210706106,0.4259038927140343,2.9309518906217513,0.6013554731401037,0.3244100956087819,0.26873622062925046,3.7868159189121435,0.7037361896020191,0.08843667611896097
0.585168829083383,0.1265491516034592,-0.03473433324064817,0.02823729595035178,0.6039286258183912,2.6656974284984214,0.8333111105977411,0.5508389693738353,0.21408302826294762,2.7744715377452045,1.2583880545705972,0.19166967486758946,0.5581013662059026,2.458475301586274,0.8905229327615196,0.15120274029108646,0.41523342969690347,2.2678422635627715,1.1807775665430118,0.23424445669809874,0.2991467128744073,0.3343188462505366,0.746645989495378,0.14107287869945573
0.5220148790119208,0.10961948923575374,-0.025183560498808936,0.027473154198336354,0.5757680759615731,3.6401858257617405,0.8228512332065638,0.6377291244728158,0.32741814724159435,1.8394107918314448,0.757561798473444,0.12572245413310262,0.4812431814502667,6.718199746518354,0.910411030113842,0.30832356674031103,0.130714778022216,3.1056948762477976,0.590543327462284,0.1637882760063704,0.25147688966605836,0.3333321989666957,1.7540814114054217,0.23519154379140966
0.6684890917322802,0.10426358262238168,-0.02354241704204424,0.027564603430483087,0.5360415511816413,1.5140562164522218,0.8066064105211258,0.3967724007832692,0.4039315075625214,1.3083473775933345,1.6274023196517278,0.1091967280919003,0.5807403252205857,1.0679628752986892,0.9910531732720296,0.11724595756099757,0.4486556748686976,1.971197020055952,2.0651915213852794,0.1895690288342588,0.45574712731907124,1.941246582624679,0.5967017131120583,0.08729574457806112
0.6940780764471034,0.11587206631260792,-0.03512248006115507,0.0254954133739755,0.5602227169771453,1.7019810508359101,0.8806991353334322,0.4429648400420483,0.2732210552208119,1.4449014329578909,0.7366553484699588,0.11409418292941177,0.5093290615110427,2.664462335792773,1.1840812639945846,0.21055310865519034,0.32933490770062623,1.8315813196219528,1.4643298800613238,0.14688042029488887,0.25432714723935834,2.3014455583114697,1.7350220044502416,0.11291446641571684
0.7160658158220096,0.09222997604220214,-0.021427752196650173,0.029090799777347503,0.5045535931647478,1.6243516638108018,0.82595529599542,0.40653637701351364,0.41171301746315314,2.293090102973862,1.342220037454858,0.1549423414043004,0.6573485458133427,6.260137094405734,1.0328819028377636,0.2668325797702223,0.40729523947358504,1.9688252439526286,1.6806528295073935,0.12751398974030737,0.5256991376221296,2.243835779717144,0.6102479091989621,0.10035623281093618
0.6774565423324759,0.13304254692787457,-0.027348470199242223,0.02825601199825444,0.6212683153897048,2.567019079859614,0.9164714979178311,0.5144816073711509,0.13009503016587207,2.4976130083198753,0.6996738970685357,0.1385075302548441,0.4954607178495001,1.0180309871655235,0.9622452717512748,0.11681947841232564,0.31391183893512153,3.9989206871211462,1.1101649029168383,0.2968191884591719,0.20463835451840248,3.688963789934512,1.638201417039028,0.20550541877732734
0.7516952717061308,0.08618601963485578,-0.033019916501453216,0.026828411437366,0.5237528707869701,0.849748169464652,1.080503507965704,0.3027652928460081,0.5193258247150377,1.6754839762979912,1.3276310223183454,0.1448671832980378,0.5211350192574326,0.9806888763274701,1.2740549245735155,0.1024368433497202,0.49154940368494066,2.6687657711052077,1.8192259105808677,0.1361856399332507,0.4068506825135046,1.090371994361148,0.7903882229515805,0.021838322353051973
0.6811385953219191,0.13110969810203849,-0.02764482713561651,0.023159440857853382,0.6106726046978992,1.9735125119855663,0.9385283371164719,0.4771881375903476,0.35896289294766787,1.48008454664037,0.9492662199280381,0.12505295271225342,0.5608638776492825,1.5770370072302617,1.693135434130347,0.10316788633451777,0.34187639085631216,1.316815469707599,1.1027596890017282,0.14984451861021664,0.26866406991664826,1.297625318724126,2.0794965251565602,0.03909745556630495
0.6825874461785048,0.11395505677388802,-0.024184202570994285,0.030422748315830386,0.5155219628418735,1.5358413114233842,0.8282583235568078,0.40931709074040645,0.4999646058446406,2.616977566192537,1.3669934648380626,0.1773095218253957,0.4946844235296524,2.133928373997842,1.0435753204554958,0.19196233186515224,0.27941505607766376,2.0311795484688684,1.4077835844383282,0.24634905519674385,0.32749676456712107,1.6496013909071767,2.1226665698399527,0.04375642560187054
0.6798650948580917,0.11721419574795568,-0.02640877408830264,0.02714247858093281,0.5559629300289117,1.572119434682612,0.8937373936563373,0.41728390642597213,0.3142189352166414,2.100614720666678,1.5218358356442772,0.1750482132167753,0.5469739553020738,3.142365993899342,0.8488080383033262,0.1768315472166237,0.28936409496651716,2.269162979351138,1.0450752232717828,0.24167599608528872,0.3502482711277628,1.490653208391767,1.9608126161858936,0.04471695613886727
0.6182935080632928,0.10432698452114318,-0.029390693034803406,0.026342028066736745,0.5992977475516706,1.5222839938026427,1.0086430753361602,0.38119051183733127,0.374573303557106,1.2569538447088746,1.2120212388506257,0.11477671850461145,0.5698052141270105,3.8304186423944246,0.9867847101434091,0.23826666046536626,0.3120746711401971,2.5271706921152948,0.7058713750014783,0.2814047889773614,0.2913085052949227,0.818958691293843,1.7258943594197045,0.09164465009493333
0.6089569408633084,0.1004869205943424,-0.02595947813302809,0.025388057927903687,0.5992717605785137,1.4245990014201542,1.0309146068211203,0.37669887776881944,0.37648389333884325,1.0172047494271597,1.1046665245475,0.11240245962953235,0.5337731052223367,4.309978749594623,1.024267867656685,0.2324310476992742,0.28595051755633283,2.627706060407562,0.6471332661793717,0.30526755787166354,0.29917268800348146,0.7890343155161226,1.8497659967085298,0.09147079771628845
0.5850811871371405,0.10144089960076176,-0.027676834927258327,0.025495691736629297,0.5745416383427396,0.9980055139299611,1.0853393584109228,0.32258163820756897,0.29181711062257065,4.842133349341959,0.9270434504395544,0.22967410333963892,0.5373212207877976,1.9796585717611945,0.9211853975619344,0.14955510265660352,0.31132650787317173,4.772709367659029,1.0449920431103705,0.2958148525824779,0.5971938632047964,2.49654418761818,0.42502259628239686,0.3099386921178945
0.6220254434522395,0.11362940838043886,-0.02125313777207454,0.02757204225722845,0.5877739594482473,1.4308602956464735,1.1274903713459814,0.3736986329467916,0.39141637265029194,0.9239322011150829,1.38470690795249,0.09416112929184504,0.6508165384769405,3.0108062820086543,1.2023062716271027,0.20010172162884865,0.38444941559192874,1.3810047516175576,1.1345875474038556,0.216410350597224,0.2279109548360716,2.0376540694006064,1.0446473555045221,0.1381104265538916
0.641186980285351,0.10983572173514534,-0.02141846101062005,0.02710290352782571,0.5524168249253526,2.411192307639812,0.7626005677038288,0.48206528349147665,0.26954331323298586,4.695952666022261,0.47133252397849684,0.17742504114775995,0.49162852724715833,3.071995561203386,0.6957442028504501,0.18564179373548562,0.18783353843900177,2.0642523373414035,1.5158303842312588,0.14022857585623796,0.30904039640667447,0.7768959706037086,1.547290222388895,0.13949166726337237
0.66504373776915,0.10586483826029322,-0.029472581498595034,0.026750879034749382,0.5607543378910169,3.1786614961740187,0.8213862031749805,0.5845506454468911,0.5636367335232702,1.6050547226841294,1.5541353576806742,0.08360908378768764,0.4736517609270659,0.9666936987229618,1.1762008914320183,0.11193900476635653,0.2514309934487841,5.054933532109235,0.7399163443001594,0.2415353074362759,0.36307139106658043,1.551736711307597,0.8965926837363406,0.13447019335731747
0.6491290468728751,0.10969826229508614,-0.03094941271132742,0.025976151418194243,0.5546638987291685,3.4348396583018643,0.7782950326739125,0.5912932893278869,0.4595758572929485,1.186312306522511,1.6451313791625999,0.1147349197703402,0.5337156985839222,1.023953000601162,1.2956666149792997,0.11373329985581751,0.22619536129790582,4.693126536956282,0.7080176492745164,0.2422226250251945,0.5145741610140026,2.1714390415609452,0.834384659555359,0.145252468377503
0.5359974181801654,0.11234305770873808,-0.026330469840430828,0.02580581231658995,0.5796825350300184,1.9997876806500228,0.8665749916736125,0.46871844830738557,0.11061445113730971,5.052034571119612,0.5979293700700036,0.16868279793098728,0.5236890255106899,0.876698823987983,1.0881887384793683,0.10353376347033276,0.42826714333473365,2.000170277749731,1.9051605745350204,0.1758786394121678,0.3698881360259595,2.046466194020626,0.3722948118043786,0.379045891652194
0.5565758060106184,0.09364569492073153,-0.02745555825477939,0.03282022873018458,0.5871935511281461,2.4605548119696676,0.8932163980689997,0.4911504006303894,0.03238559471293386,4.216539196120739,0.8084145187447859,0.1803614205864626,0.46208585517308887,0.8049980581882049,0.9156540780637985,0.11306878952755818,0.4199319506427239,1.257765256651677,1.6687514157112158,0.20750882026302028,0.3196487072096897,1.2786528756882196,0.850748184124434,0.23599955204438333
0.5492128718766848,0.09648884158016321,-0.01988561145144561,0.03208189967677094,0.6007373120575653,2.6793809320147304,0.9083449357162432,0.4967920779699676,0.02702490332668368,2.244840914951606,1.1909247450802931,0.2010894825855491,0.3854934367339137,0.7645553630939396,0.7183389420134509,0.10737903549739422,0.3948038991778838,1.5411676426462424,1.7482930903154856,0.19347160803113703,0.4092071723435116,1.1187100060766506,1.053776181251703,0.264287392562115
0.557959031229778,0.08733893373231659,-0.023769913416443512,0.03180489386665517,0.6238834226937497,2.489949439738347,1.0146661678973434,0.48965899612595704,0.025377516914477156,2.3888724051558423,1.2510868912882245,0.1673798731436888,0.4024880225504912,0.5192574423350153,0.6612630228279138,0.10267058638193262,0.4024484338079775,1.2943064543576344,1.6206587545978643,0.1960364944780598,0.4215024613486323,1.357916049674212,0.8360247449482673,0.25479333482368377
0.43137043933780006,0.1424388312075635,-0.02313552619671647,0.031933328602573946,0.5315658511366488,2.291225124756667,0.6992587106553853,0.5409571264472741,0.319282180518888,7.090442562955542,1.2186867292239028,0.38097757710775726,0.581496497069306,0.9682582926594476,2.4677712583995772,0.08224213043884693,0.3263469869798158,0.9434593356260669,0.5033825361379869,0.3772150584326671,0.2716508683130445,0.3394298294685388,0.9544440244992971,0.168574165941763
0.3673695362120901,0.08995847747392323,-0.03803196420334818,0.031751805237146345,0.5673451693197509,3.3544752992029667,0.7941933222758931,0.5664360029880575,0.4457808277715551,1.1759831157274134,0.729582694319809,0.11420459401047607,0.4788145939597416,3.510298447873294,0.6214131971086178,0.15208125322575874,0.4757652486521025,1.015322697354676,1.1049441975657583,0.3356560996080029,0.42100048208358776,0.6202444925330197,0.9584614390861641,0.2970156614961
0.4776925952348748,0.127548212231558,-0.031031267627887434,0.02674813683022874,0.592065943833316,1.5460912171430348,1.0154636301238178,0.4113746948188309,0.338708482083068,3.4585718585692597,0.97554829391075,0.2027277283483305,0.4314895213034611,0.6605528417083772,1.5024926661470743,0.0874291197769804,0.20900547278343184,1.6587744383046226,0.5627083469658954,0.2821147550806933,0.36510101706579157,0.5250814920054633,1.2563444163156958,0.22589686129442857
0.4644839796101655,0.12890507813646046,-0.028979338942823864,0.02872759695162485,0.5990534972231983,1.5810804153413438,0.882404848265509,0.4232346362113496,0.3990485311205625,2.800751921180588,1.1560480362941359,0.17559260448718378,0.4321409384994826,0.7891985052015495,1.336122904292562,0.10119984121324603,0.20196735634178833,2.001441083470974,0.5964294826195934,0.2889164609919629,0.3796222167298522,0.4699665011079598,1.2310149511899509,0.2372630175086983
0.4594229036843358,0.09491376931861341,-0.027534572832743215,0.027683851774924953,0.5911484673798154,1.476402045639691,1.1055973521008235,0.3648759256106568,0.3007304878662386,2.1678125654084623,0.8954020457967725,0.1605935098432369,0.524065070747826,0.6586125702384085,1.0426707467854752,0.07735059916292089,0.17689998356287034,1.9094709856545802,0.5272081111317993,0.30332998088798413,0.5457263192296679,0.44402905888563504,0.7861403529277797,0.28681603168819847
0.5043711117776688,0.11755649364412385,-0.020664742175194855,0.026799098774928604,0.5863155747221757,2.0315543011434296,0.9177847746955476,0.4791469769392985,0.2035784385525074,3.8655178133109898,1.1588298767418235,0.23253348528074105,0.5961416824025371,6.939616391905731,0.8183867103320823,0.28304278211193923,0.40657831171708775,1.1059296380577415,0.719653380238807,0.30180360349872776,0.4691127555747368,0.7094110353318636,1.6192025720984131,0.13416230913457097
0.5577472191231388,0.09051328009357827,-0.036000683685916385,0.028207194971102224,0.48850498161974537,1.5395875789583247,0.6619507852848457,0.40395290260817523,0.43471144065726436,3.721258097951526,0.8047163208329038,0.17765703908106104,0.5293763432138787,4.627920514043777,1.0796874331395205,0.29294461106714276,0.44539411600443424,1.5703903101689185,0.9460352290931607,0.2511930062131585,0.4230131981516225,0.833189299068146,1.557600973114202,0.16100045928371995
0.6161868831378953,0.10897450056704408,-0.02268326356746369,0.025685071416096182,0.6299953084485438,1.393395639862469,1.2203779515894686,0.362787305170687,0.27608185172593414,1.5615465797284935,0.9394718918112729,0.11672586847304883,0.5878151656418594,4.219953650887467,0.8988507920887615,0.20259686507782568,0.3307678024302583,3.824360386759257,1.3853697768648638,0.24807104342875497,0.45768010421892014,0.9695646554551116,1.1828711066096558,0.18943332882726086
0.5405722996299971,0.10473981527213708,-0.018631465287387714,0.025262768422896206,0.5303102248235824,1.3164371462382554,0.8932261402836383,0.3878078561672404,0.3006633887971666,4.23440472427275,1.1589322834333418,0.29219390663815037,0.6029310503242186,1.3004935943039677,1.6331464225374848,0.09793584138604151,0.3910378016702056,1.3087487624998133,1.3597600137767734,0.1750003694794056,0.39196915652376013,0.5010049606457864,1.172959011538821,0.20675573466413763
0.528140432191057,0.11107536778354662,-0.025360822745175163,0.026345390183589258,0.546902570175047,1.4541520876491338,0.8149387849246076,0.39574647792018713,0.2942886185366343,4.796306952830101,0.7448475059503057,0.23057146551821944,0.6391213584987329,1.2357235760426302,2.3803851856599234,0.09387775155011692,0.30402284091016013,1.64714454326799,0.89661013405189,0.19049363690317903,0.47723537135761274,0.6725699738644254,1.0267465173463382,0.24004715074507574
0.5863441501265045,0.10672137180016864,-0.03315107058961867,0.027549606392693063,0.5984236890740974,2.381064152249866,0.917414434052101,0.47154101983670543,0.10494459769099596,3.224838670543088,0.5806823506088383,0.15374039707674886,0.6280089116377398,0.6770102571175968,1.4125730696890166,0.07548265097347519,0.46801693407566053,1.4668554033242214,1.943066289292883,0.1783024006301815,0.3695894660053958,0.9847980119617064,0.49770878313764166,0.19429618272509688
0.5701628708160613,0.10778608143900842,-0.03206325667246633,0.02625762284261266,0.5137246245348543,0.667509498276731,0.9955923525136195,0.2961664999401435,0.3916960769036316,4.355105406488706,1.2161181744667817,0.25096114880725046,0.6447655685110442,2.512925537859861,1.2116172383000843,0.16143812084154685,0.18174009887098364,2.020382188091684,0.9904646111321754,0.14021704220136894,0.4802230652529032,2.0377417408817977,0.5502162326621268,0.37460769552480716
0.5056767389401426,0.08183483003555185,-0.031060113636406848,0.027062857468260395,0.5659841056879968,0.9826576692896609,1.2089582802162266,0.3041546011788488,0.36150870338134294,3.5936902864619427,0.9161312073476632,0.1875954073410369,0.5462946839759895,1.5752934475724112,1.2100266952703997,0.12348760090762025,0.4304911081796693,1.2541183859080276,2.0557962928537363,0.14692842089301075,0.5071468896997549,1.435534976460207,0.683183249229041,0.40303079082183957
0.5630405002518666,0.10183932025111088,-0.0224119732495657,0.026176949527713916,0.6058380503119316,1.187808366171356,1.2043889120673488,0.33324403091424015,0.3808108927392571,4.143658980611957,1.0085570954617022,0.22347717536786435,0.5762782286209917,1.439842115392682,1.2529151733475032,0.11684483370083283,0.33736410868457634,1.721100492970601,2.022853426308805,0.12247957799704963,0.43361759768853575,1.3602750290616261,0.3943599758084928,0.35516017999701815
0.5518393011582615,0.09900516311214298,-0.03373223865278921,0.026060493971138562,0.5918159548161138,0.9928953931606616,1.1327482010205523,0.32002773725902106,0.17253136609129222,4.1464895295398385,0.7746666370163462,0.19633290047571195,0.5778736611709813,1.830990016988777,1.2831933661795059,0.13137164245319569,0.39170343495227017,1.678587329293782,2.4548215723117677,0.12587868238851127,0.6034988416813092,1.71721938811168,0.9601605867673813,0.3311344910641798
0.5503480192719441,0.09309046574292201,-0.02097159199851803,0.02752106676433897,0.5642908943853076,0.8988116914239618,1.371110554540231,0.2895691031534366,0.10009757614583531,3.2012295867708325,0.8025725929971139,0.2033836078859217,0.5351054602129207,1.5254693712770413,1.0526424862762735,0.12981948461588314,0.41374971426441975,1.5854967265387665,2.081441355877779,0.11239094909007522,0.45442419380113847,1.042396709178963,0.4902676245935902,0.3547348623288297
0.6103327634729682,0.11522524811335591,-0.018044711646505222,0.02651380229419812,0.5743905183069095,1.4221377464507166,0.8935988818571534,0.3904814723878872,0.20601726940422208,6.113359195553162,0.5082968718325768,0.15060048343258153,0.6022659002637853,1.8937208751982502,1.369091323811956,0.13561692069018705,0.3329252052726391,4.0380877486469595,2.7548867646375377,0.21146760296281542,0.47149612295748505,0.8609166127809954,0.7886471139165706,0.2648431182434142
0.6500817595960852,0.10398416281043783,-0.030234702769736096,0.027743671560399166,0.5664602477948052,1.0837843012789223,1.0604769905573805,0.3522337335309666,0.2062317773371799,1.7100645209841256,1.226405752408947,0.12440248206077197,0.4396413798854355,2.0541952931119485,1.0416865112197138,0.16305299304536233,0.2513735177170342,2.8248829042441437,1.4420266800726333,0.24545737296935402,0.4096002567354743,1.1086069090027055,0.8582742856996806,0.1525337528936205
0.5912039674342455,0.09363276622876736,-0.03102661204198418,0.02771072810382283,0.5688441928985289,1.9965813606257563,0.8794108855389546,0.4431398062738957,0.16093222092040227,0.7905359691889432,1.2987088604327666,0.08027119230830049,0.6331072726468856,3.1898085533333105,1.1620318155868339,0.22487487380156487,0.3760164408140229,3.6096230238176616,0.6204036400729199,0.2666430191806255,0.4123873686291302,1.317554655640589,0.6160912522000273,0.2184593033393823
0.5791247377116199,0.10067792022044575,-0.026331503548245642,0.02786325722335772,0.5830629952527339,1.5034168653903368,0.9458394631448445,0.3698505748812714,0.2941272006581766,1.248329612522457,0.7756830914578743,0.10704966378835411,0.5361504573062223,5.899190815604638,0.7814155049946683,0.2571056213195773,0.3321786042742304,1.719412481935214,1.1410055337397946,0.22136840478531655,0.39304943243424967,1.307802156908487,0.7485084778643617,0.22559795443238215
0.6393231270120611,0.10519391848792507,-0.022410631391178305,0.02744308680981946,0.5808601907698293,1.2988760189863668,1.106560481835978,0.3769895675691193,0.45719494423738477,5.415900691284045,1.1574512280981275,0.2809623933647756,0.5536232516538222,0.9820905804890597,1.3148997249875405,0.09447318535328557,0.4767283738048933,4.426610361210425,1.6738614929792714,0.18019815217626492,0.4565573553278257,1.6125083452260507,0.8599805442944439,0.24074210906265328
0.5990948179555214,0.10587522450827959,-0.026414846625694766,0.028590740941052444,0.5328676636752587,1.492744148363593,0.7983774889439196,0.4309473749988042,0.13746735216185993,3.3919290647514075,0.6462070163479728,0.14133975327229392,0.6344448810206026,1.2297214761839785,1.4089697537518986,0.09484077343151935,0.20240175688730774,2.024000351907909,0.9601021149649374,0.21290788518092493,0.4811088050350027,0.7672126350804485,1.7252874818098225,0.14355544931674455
0.7043041670980035,0.10844326643064042,-0.031132968468973683,0.028266984667642846,0.5917239145115326,3.3588370042566065,0.8876576318072961,0.5485138840390449,0.18327021941737368,5.194435884223693,1.0628879282626689,0.29428453006575545,0.5688053833279287,1.224405488268588,1.1482931372039444,0.10380331055373683,0.3711783221147748,3.9450291097880292,1.3807933293507322,0.2938260724642624,0.1653125033886983,3.55164487977877,1.0678178729648469,0.17606360115861708
0.6885647637001419,0.11999937488889555,-0.025206560678995082,0.026032438037457712,0.5674068003797573,2.8717591147584947,0.7882390268128956,0.5205579836855844,0.24170346442910562,7.729591108272592,0.6837757243243626,0.2592270030283565,0.5928535842232991,1.6497585091162394,1.3561543536480123,0.1270062044261806,0.42650958831142255,3.6794201465115224,1.2999091393976936,0.25121005171585187,0.06734385879225602,2.27262332919373,0.9657255879926664,0.10835841397846933
0.6691976052935135,0.10075535481296793,-0.03000331443822263,0.025527780445947314,0.5921389534520612,2.245103939208739,0.8841160392207338,0.4611684357502773,0.457476585634771,1.3614949275525083,1.397116538142391,0.1031187437110149,0.4989498017932953,1.131922998734815,0.88673066567709,0.10893333150844159,0.37009505056986614,3.9822695611185965,1.0672961726041397,0.20616163971788515,0.554651316168231,4.035298438265505,1.0997961385447854,0.22497246874861887
0.652455845180273,0.11692843196334551,-0.02748145339914157,0.028702105073408684,0.5477352530345556,3.1937505072212717,0.7673642840337107,0.5609858180319209,0.24402257178536177,1.6886852473845773,0.813683708492756,0.10913814525328018,0.4383302797359846,1.1431128576950085,1.0543231769575814,0.11297689790592409,0.3631044761483025,3.492014686290904,1.2596465926336595,0.2911523541273971,0.42237742997612876,2.247913746435293,0.6056894741366876,0.15429002659570415
0.6320344730513231,0.12116749542757624,-0.023605692161838582,0.025711001063491803,0.5931872915309351,2.5994191353222074,0.9209100726324684,0.5299003038432627,0.15848681123981628,6.768661298467529,0.5763401359319318,0.22973682319062355,0.6195941256646801,2.677070756462552,1.1912305817313489,0.18072567895360175,0.28763564641803363,5.826715281598862,1.0645101961773815,0.29988807843962334,0.24188246735832464,3.299050588168841,0.6573327340724616,0.27845895638473583
0.6301043683440457,0.09280694987174336,-0.02125928367004583,0.02558667051321238,0.5210238776649135,1.4265608256976126,0.8905561450659695,0.39156076987655297,0.30561667403079695,0.7593113060350349,2.103810595034617,0.058664299973609925,0.46547850715637856,2.459617396008603,0.7201888837095042,0.15013937792021392,0.40080477908121875,1.4374577278716536,2.015905492629166,0.12036647029198345,0.5920688521189803,1.2116953774952046,1.506667822880567,0.16041158035717423
0.6587198068000073,0.1195687716665979,-0.027369025058782,0.02472530630603196,0.6238369380307518,1.4237327670415472,1.1783960845564037,0.36794144326651995,0.1461774159228249,4.144886063893134,0.4927372703815426,0.1627842745080793,0.6374329454832712,1.9933857070839187,1.2943968423065264,0.1368604005052071,0.2134276505974263,1.7547247166496052,1.1665138809776663,0.13181663645373246,0.21688442901644933,1.7789959289470767,0.5912074749844978,0.1665117460170088
0.4896001831863615,0.10411614405620045,-0.028156927591493075,0.029913459663589145,0.5337142584578599,2.38574718901702,0.7690958494888114,0.4935588235690017,0.42526546397347875,1.211211379811992,2.0542523191866877,0.09149915883966044,0.6195798565149004,2.5642388271683965,1.364153766222993,0.18281939634639055,0.41642470595941644,0.8954826375413667,1.37343388786263,0.1854001047021962,0.3851793498786889,0.5464649162723244,1.5090479877683556,0.22536999934669044
0.46907676418462985,0.10607463451773821,-0.02510500077450864,0.025165246119395072,0.5154381849119853,2.605776305067505,0.7491047177818057,0.5139177716292729,0.4044466173270108,0.7647203199913041,2.679232699863828,0.06464605191795258,0.5491286272363562,2.9484928386028066,0.84230226341688,0.17539277491753755,0.34391698543263904,1.4618871216585825,1.2055676845750025,0.16584570181782632,0.5224118109695062,0.47781065320985094,1.487195604220702,0.280355201665438
0.4490085479554977,0.10703061055021497,-0.02944832761404665,0.029465641269468316,0.5937448685456226,3.0431742088554543,0.7928451765037312,0.5342403554407075,0.2864390900456446,0.507531033777023,4.078204356215992,0.046493374269005516,0.6009745069752841,2.5381548951498782,1.1170402350256312,0.17812105642127432,0.46332029048762186,1.7050863717947295,1.3053932832685478,0.27487219564975485,0.42216104144478916,0.5643195647303552,2.099312982335998,0.23076923989503934
0.43506855634150254,0.113544505574269,-0.034261781745942334,0.025363279218413234,0.564706596555402,2.740013708518415,0.8770450595585885,0.5341410241417733,0.45539430714327633,1.243972668623394,1.238591204997344,0.11404034185944123,0.5042198220430614,2.278483872953039,1.0255522837734246,0.17408039982281015,0.37176843395847237,1.310149280202971,0.7559342140165993,0.24951088809352767,0.4052062192546846,0.5755080517197511,2.818161682091826,0.2406319804441615
0.5360354720630832,0.11729593847407184,-0.022450284319466624,0.030904973895855878,0.5191390496509021,2.196392405184591,0.7441844482736392,0.4788029657209091,0.3628407944641894,1.1478555607332999,2.48630964660348,0.08837771466984196,0.6418307702230455,2.61455215189919,1.2114074856813708,0.20608989451310894,0.31587038136198886,1.8070360725801216,1.0167833345124222,0.20665706083820728,0.2754913754275051,0.26936510299859007,1.1708969145447725,0.19016316466341285
0.5830472482363124,0.09925961974647225,-0.023460351087710267,0.02445961393758296,0.5438295215415807,2.0420987415280916,0.8648501751428805,0.4661929524932301,0.19410373161660077,5.054783312627676,0.612141785105756,0.16994302371398948,0.6189390949570279,1.9080056297737016,1.0712613848108556,0.12814543831337988,0.4171990265199961,0.8771248319588024,1.170652027706822,0.2178335786677459,0.5361876303382522,4.304413972577878,0.6344839594206614,0.19078265650350074
0.634636887848607,0.11681621385015475,-0.022462418226366358,0.025892220759175338,0.5628817949130724,1.3090872847755153,0.9622174011684445,0.3714761183107147,0.36738424875049946,1.463058588745551,1.6464934181778865,0.11581816315127628,0.5747128490041766,3.094610796393275,1.0554941397080913,0.2049238948726083,0.2409277305594483,1.411993667580573,0.8977298762680893,0.2281025566455386,0.3143766495458217,2.5813705070638187,0.8679992967745102,0.13080024734505447
0.6297795491533745,0.10694206038379446,-0.028069102098561484,0.02562413706044331,0.5914981436003779,1.6462849149578642,1.086612817245605,0.40701998687211,0.24014161317658492,1.8356474096777906,0.9220020633796244,0.13263342711155188,0.6397694983130935,1.2495352052691917,1.2300702677262445,0.1008010258483873,0.32104323399315504,0.685019715725294,2.0734659050229363,0.15210563160812482,0.43973154125495095,5.063301238613615,0.8199755327396131,0.16425249811077586
0.5779164182799145,0.11437750527605196,-0.024709152956564954,0.03218486705585578,0.5831694623233029,2.093305232473349,0.9076614006878367,0.4707246452121768,0.3465528897780099,2.54869825302091,1.6066770517400968,0.22893954227370608,0.2917627387770924,1.1284219423660877,0.6932217811932019,0.12025694864206876,0.3511423973901537,1.851351343702128,1.0593170532868343,0.1989458003546276,0.42358976318292285,2.0914968995160708,0.6379743180631235,0.27580794009729553
0.5495633999073377,0.11091482391062743,-0.029511165761038967,0.02569488462986902,0.6051061575025132,2.507056018597024,0.8181698777519645,0.4816748487565185,0.3246821478176485,2.4819152528508726,0.9617184972748147,0.1401133914976347,0.45213556402911403,0.44249489097223155,0.8121020362275139,0.08750127076176899,0.3569591221556239,1.135017724988912,1.3112093710857475,0.19782281852751057,0.5238298550537338,1.0263037614360597,0.9050601357333228,0.1934896490419076
0.575873417111785,0.12191192766363443,-0.01677046081312415,0.026561843064092188,0.5849000390349751,2.6811914906805794,0.8432419731427707,0.5237095890392597,0.24142549385618475,2.6237980977854036,0.9439457674047571,0.15326606320983832,0.45298287600851794,0.7535952452931861,1.2316875566945746,0.08145919867245181,0.21990057829618026,1.1547397944559115,1.1229510781161414,0.1532255475012051,0.6860632624718277,1.591135972000691,0.710694353176591,0.21842917073083423
0.5361660587283901,0.12854203941169504,-0.029936016784154147,0.028844918402196874,0.5858325316278423,2.152129566400214,0.9083833318720649,0.47270252798786816,0.24687470743152815,2.5924034703471084,0.9830020199069025,0.15327960019827253,0.3875148410824887,4.898374849571075,0.6541997469159107,0.24226389611026325,0.46798183717133796,1.1202304206296658,0.4842833276753678,0.36449313045595944,0.38558755017751234,1.8365676623908667,1.2872931809306,0.10475090854193013
0.42947684241750345,0.09813790833481209,-0.022431914218034886,0.028444163263247217,0.5588788394216007,1.4842378498230508,1.0636379586210356,0.38217558978425137,0.33712303888319645,4.857219698220131,0.8021104442992696,0.21508624980516788,0.6274599060097419,3.700256996291745,1.259548764182105,0.20409404438309348,0.3884691419453187,0.659071115179811,1.0220822880533251,0.2998122988193152,0.25592996348380775,0.12786186270277647,0.6650625634124845,0.2070201681159502
0.20835212500263084,0.08523551956685003,-0.02317818691434446,0.028200681092850063,0.5354574569423823,2.0976606348695257,0.7967354504033771,0.46274731047481,0.26816698290270186,0.8119567165716852,1.0480472220067425,0.08910144612636965,0.5775471345294644,0.9458812116593937,1.3868744430383866,0.08329004927286386,0.4932220072942855,0.5590755906466427,0.5142491786638715,0.57929703925362,0.4854105973054223,0.8974652851522761,0.7215003832610841,0.357253783670255
0.7097642178367101,0.1046028531138984,-0.026402072082090257,0.028038494373943432,0.5583009147071017,1.1384377397369,1.0991056364538134,0.33633405823248175,0.3639399369074216,2.2172157382139863,0.9697176185733214,0.14666267092105983,0.5313139549214204,4.306016526594122,1.0293137593948276,0.2444180133499759,0.4326280685435707,2.2800101128398462,2.01012191994132,0.1611519354293797,0.5588355748447872,2.5308281556342664,1.5909570563329594,0.08505536724067983
0.6925533286508669,0.11253098439186851,-0.025984484490144972,0.026702074677029584,0.5939771044808145,1.3290547469259602,1.1074135692092442,0.3559425939840762,0.23526645343032926,2.6023692562302077,0.6283685948789709,0.14055872490405258,0.44385142573593356,1.9043271621117923,0.732257560498645,0.15147389313422507,0.32554870833375554,2.656263832047737,1.0315280539212233,0.17952001812887666,0.11812841593671008,0.9594112328232655,0.9308269138028696,0.07477586132038393
0.7483019868648328,0.10621693388539553,-0.022207507706961758,0.026425551778999055,0.5465662642503772,1.8896847158857786,0.8318057010183707,0.42206343455745465,0.37999821391803207,1.907244042777434,1.3134582509948851,0.13904402542288813,0.6397023393386578,1.1559300176388758,2.2959341754480525,0.09307947842828629,0.4291931975588568,2.8684646153385365,1.5684751535486208,0.1483075187789299,0.48934979717343957,3.7459779113261584,2.3863813682812687,0.05616416582223752
0.5262603283940739,0.09567779360509242,-0.02886469381007713,0.02695220633174405,0.582179302515595,0.9820353722492329,1.3233027711550684,0.305816332615207,0.3636689320836665,2.0002659189168175,0.9046731628673743,0.1639441903955291,0.5863236522176337,4.901970127355884,1.0756887675428168,0.2271224782855171,0.5448455720206664,5.308864888739036,0.7486812860888225,0.4037027460014112,0.26560401888726576,0.5165824300136017,0.6379378057060078,0.22781094587304035
0.5469711277021935,0.08799306577582913,-0.0303050020537551,0.02715327625676098,0.5849697388031064,0.8893821050894193,1.572552087614826,0.2676767231107724,0.3178887862771126,2.5330901678024405,0.7889916599233561,0.1817031750694216,0.5731212802355872,7.764478287948793,1.1373848160519366,0.43314729441367705,0.4660911431261188,4.501149624211282,0.6369213430569943,0.2833428865941198,0.5557574379244318,0.7946802243182164,1.5143741796855439,0.20024030820573
0.5797835410997305,0.10623463283056821,-0.028142651765802485,0.0245990573531645,0.5558857882683748,1.1152593256095023,1.0777670822150272,0.3499213372318825,0.4703607217897375,2.9055752422271692,1.2985723112368899,0.19943612618891246,0.4590407442087428,1.9242738811123976,0.860984857854382,0.15771434785404073,0.325237172210723,1.1669709772554755,1.075508487662259,0.27999190649471245,0.30466107981576723,3.326762987487051,0.6456126637235123,0.1713709775512603
0.5722594926859341,0.0962555302468229,-0.03965090152259883,0.028918201993190003,0.5779857669111094,1.1346449563992895,1.0606235197733327,0.3358462750130698,0.428177226754467,3.471866807551504,1.0886634226142442,0.240152515937059,0.5668664314368101,2.555472309041312,1.1518385881661697,0.16990027033347327,0.43302936475251697,1.3761777174824148,0.7611561385772062,0.21916960152491485,0.4647271385410869,2.0374170833666234,0.9051177959320302,0.2466662670468329
0.6478154300932588,0.11585531028573656,-0.04176786150828074,0.026701807541196457,0.6027788477555528,1.0867329274636446,1.165455986069341,0.3309094833787408,0.25795313052965,2.101209216606332,0.6843220259284114,0.1731577870120066,0.5185526024587783,3.5397398979144308,0.8232079485906024,0.20573242910360845,0.2113919532121331,2.8090227843428517,1.2802198866449521,0.2220845227989858,0.26717577684091126,2.6552855352003055,0.734639353744913,0.21142920741223475
0.6464086789533444,0.12403295711805612,-0.030189878770236052,0.02795509651989417,0.5871992809462289,1.1380039442627932,1.161611761107013,0.3523740335658564,0.29274523764497296,4.015410280675411,0.7899988963812419,0.15867625160386767,0.3885339461037381,4.3697385654176335,0.7331838742655558,0.23755538791240677,0.36288957240327324,3.7933706078611125,1.220775239819635,0.20270497916909605,0.34863984139149323,2.6171605351304073,0.6786142673930534,0.2229490734645958
0.6872264395250589,0.09382391229770821,-0.011964385195875447,0.0276732924480881,0.5167030928927991,2.3629932685196304,0.8134081719023313,0.45985136716553443,0.38258915549901684,3.3365057660804487,0.9833140446240016,0.21850789158289594,0.564947077611797,1.8784166115683367,1.6692965409621197,0.15846663087586876,0.33508988827888986,2.9228260988955657,1.052885573621857,0.22461398818569783,0.4195248912568847,2.4167657405121297,1.1687872228749625,0.12810315793537597
0.690226347380507,0.12062627008587526,-0.04142561609296747,0.028254454957791098,0.4567868630310444,1.7739574593937542,0.5994702616308829,0.47176089835083,0.341678747764478,3.2261540706867575,1.287556968710017,0.20480213067331796,0.6664772177277671,1.625433683186169,1.4555469061968584,0.13213683761854772,0.21466508949846688,7.070580661081525,1.8208651910612093,0.5101391623215188,0.3986848871373386,2.1907489801948548,0.9433260565336815,0.16740074692325493
0.5677278364022726,0.11757701730314714,-0.026666809384353184,0.031482306682484994,0.5351073545683195,1.8767125105139395,0.7021623552329391,0.4748572119018131,0.11281357656758154,1.064112729260242,1.4887575980583254,0.09694888739047189,0.648109231552034,1.065507610290928,1.0360049119498558,0.09653880101499507,0.16883900267552543,0.7267590690840002,1.3685035282084155,0.14771132722103694,0.4593425565855974,1.567801749384106,0.7060211546038285,0.22780696866541938
0.5482926223981143,0.1097150778882352,-0.026094816391922408,0.025098796919783877,0.6099951902277286,2.078302250186865,0.990620493486143,0.4489540893827451,0.36832273421320183,4.036974144540989,0.8956063682123935,0.21978129205560473,0.5743325508789585,4.028206534200404,0.8222236878226098,0.2617456081271163,0.48286365239977097,1.7045888523863097,0.9788753113617226,0.20278248341266353,0.36984627711411183,2.960378948511749,0.4928205187744914,0.29227347396330744
0.6834419179869263,0.09285510332029819,-0.03132464809087058,0.026533917113586783,0.538863847348254,1.098095197014807,1.0023681818204537,0.35733668381221434,0.4480172168798223,3.5194404728065476,1.0202968969656654,0.19529351095600359,0.5276196646259422,3.6128043196745048,0.9890039076827813,0.16984682572296084,0.1989139876337072,2.6006917928268,2.2890245680412926,0.14684206062259636,0.40670332387419555,4.180847621745271,0.5996051305900777,0.29522005279730956
0.7022343191299408,0.11638725961419759,-0.03129593226779344,0.027559918448012054,0.6115405479377994,1.3178188343005182,1.0499368089867442,0.3696332207806303,0.31050174990274537,1.7226769138445597,0.9957546254852535,0.1073233497910295,0.5047144530712576,1.8197164654938496,1.1523787416770677,0.11202484275127617,0.44143741208312165,2.498392670874382,1.1699090197136583,0.17725275263553023,0.28938050780797264,2.411977765451492,1.0146048238817438,0.08489375278551899
0.7186646881309348,0.12672421637200332,-0.024176201805344258,0.028164929247300227,0.5774782207531329,1.3305642973043341,1.0094772926786288,0.3911603194037508,0.37952142923296023,2.3549591585479557,1.1349438417962077,0.1413431575037868,0.5783709552032634,0.9989884180226776,1.3002753250878598,0.09526948956876732,0.4282584701550437,1.7668095262674577,1.121102325544712,0.09979962668549734,0.4218524200919681,2.2933619496413264,1.7091626967292894,0.052402723008457205
0.70772395655475,0.11128383949323986,-0.035524968896835936,0.02883645752516825,0.6120905641173261,1.837679398445412,1.1389604567255793,0.4083160648464135,0.418217445217,1.2251560717423524,1.4421256899259192,0.10812775690993236,0.5831979776099777,1.232262092142956,1.9206679686291466,0.09295108835088897,0.6874248017164921,1.2375394416058074,0.9109153534797837,0.1292508421989729,0.27525172912617124,2.4125127024735917,2.2618157723056123,0.05585005452496012
0.7101657697993264,0.11348962385782531,-0.03540408673280846,0.028298083990639013,0.611363136567644,1.8177566307269695,1.1459430913597186,0.4059430438555134,0.42462645753327505,1.151125273816284,1.4510412952137781,0.10487227543028352,0.5638584413987181,1.3287629856601915,1.8323268587764086,0.09248233806936565,0.6719605609181096,1.3082259976146802,0.9049751413360081,0.1298193526923032,0.26335754682881346,2.5186199993119063,2.182260136571458,0.057853577764929526
0.6777293136471042,0.11268888168473161,-0.020198219789426694,0.031636416957378316,0.44704128139427046,1.4296231326209334,0.6519024796790666,0.4098168814006805,0.32831337252346493,1.7037551802634283,1.327252119442317,0.12557548960190376,0.5885950870603499,1.2681846376800787,1.6784865152681894,0.0985721597169946,0.1503374553328727,1.539512732623097,1.2016569132536647,0.2059222125184759,0.2910752975823001,2.0036924246413967,0.631721679113686,0.09405754688116198
0.5690880587417771,0.09443333320501214,-0.028377394523058846,0.02803013352933404,0.6036120011555679,3.4556894115735655,0.9924907083157383,0.5756010963179187,0.36969877057496325,3.311003740162891,1.055202121273671,0.16851051327806024,0.4661803417701544,1.766970355749625,1.0603476491498336,0.11817554501814945,0.41836582478190054,1.760209097963971,2.0998976034929324,0.12938721174084644,0.3398910414501185,0.5416357324649825,1.1987343696707442,0.25222333157577154
0.5700374954750826,0.12261318441866224,-0.029621361333071645,0.02664080848569448,0.5695013736414208,3.0475579828113735,0.8155541548175779,0.5773255311859791,0.24859701101106835,5.004108540778311,0.8760788347590307,0.2526926907160847,0.42273936699176917,1.4100246422884999,0.5980003758113571,0.13069680117785967,0.39080124552359174,1.7808903087344186,2.2411222526125156,0.12342740076737269,0.5186986073428711,0.5717410408999596,0.697337934264215,0.22393946708517462
0.49714368141834153,0.10116757776087583,-0.0364795079202796,0.026499542562309866,0.5382205995570125,2.363134796671518,0.7787381671857562,0.4956193611219107,0.32486225128785984,1.7721338060527565,0.783592984818403,0.11661890617449541,0.5332620057286973,2.4177722980964464,1.2153677810011918,0.2005434315130922,0.29607608755018755,2.126504486306535,1.481182489209527,0.15475389860017344,0.3228133805272723,0.3535259943259927,1.343244961470925,0.2898346316463108
0.4949919247541922,0.10802218250381754,-0.02510096517546171,0.026234122529167264,0.5679500415072907,1.8071182376001,0.9348684990390794,0.4334916196479506,0.15582632231544782,3.2983676419584778,0.6539001907968134,0.12657268452357856,0.5285722221563909,1.6994963316792222,1.3619316393739056,0.12538109096491198,0.48975340359943104,3.6579737063334266,1.4295034622449971,0.1743226193106748,0.5064845775718753,0.8073733630018903,4.147927761416232,0.2705312446576988
0.4573340518798532,0.11462527002412214,-0.025324614894541284,0.031218445554955766,0.5567280398669404,2.2970453892397407,0.8895672429656241,0.4759281859345297,0.26851559788910373,1.9256895431609586,0.6792154301245087,0.1522071228912324,0.6033816276228651,1.7978392574117055,0.9273737492133897,0.13109948353089007,0.518766922947868,3.2859670744594176,1.4122848344275842,0.16476426306654318,0.44721669517924056,0.5144295787054083,2.966823325556406,0.28409587380050244
0.506866865617919,0.11487054137661964,-0.024161642127329862,0.024772213105595055,0.5652970492959074,1.8828372202946553,0.8025743110851319,0.4371095545264095,0.1713532234774647,1.5641143454835613,0.6442022543618159,0.0988888816594037,0.5592657896962916,3.563809260063429,1.410209028361117,0.22233051653708716,0.42875824694575704,2.0873564407683363,0.8618704521431357,0.17009797411223426,0.20270284068010982,0.24701682865525337,1.4585843422336957,0.24076873882656885
0.5418102407644628,0.10883517965815268,-0.0185963279661036,0.029750028256013954,0.5804773441283795,1.508198516907335,1.0983389149808513,0.38440365396907716,0.3074962447914269,0.9904308535541232,0.8833317932621718,0.1026779278063619,0.6506004156737315,1.018690029883848,1.620938065314596,0.0905718182825562,0.2616286989630858,2.2866289503308095,0.6916784807651363,0.33895587339776134,0.20183920243857217,1.7845380154416959,0.5720421994353121,0.25871687235863017
0.574999961746797,0.12208929245708955,-0.03176362633977121,0.028519414942766188,0.5553754939900223,2.2968991876046396,0.7626899942440792,0.498587198314389,0.4357643552596103,2.083021579999048,1.0319697201351798,0.16355640540761568,0.4344408045801577,3.325146181502214,0.7065972202996721,0.21153361444041877,0.32639069018710026,0.3675548361951573,0.8565243055656767,0.21787507133974102,0.4572240707094121,3.3900323012044407,1.4391064746214115,0.1160716784266833
0.4659476376045119,0.09832816439684951,-0.035750831230807106,0.027908940670978204,0.5277149535808955,1.2006180412769198,0.8255513105078826,0.3627730055910156,0.27816153117674164,4.400055885487406,0.7756663618942351,0.20994846368429243,0.557572653058457,3.0314382297490803,1.2909418212590682,0.1996111930174657,0.3364707258825894,6.549870094686269,1.1344802025091267,0.41500756086535867,0.5163862576336057,0.5831773153015911,0.7021210570864881,0.39383475788765576
0.6810113127216215,0.10350255310287793,-0.025823747434360063,0.028939062158585487,0.5565870059949509,1.3549340835221304,0.9562342599766189,0.3811887762829371,0.12062675599629451,2.070807683495641,0.7418618474565057,0.15434381173220862,0.5701802023063212,1.6598497583943357,1.7943914857997416,0.13033552782833052,0.21307467148094178,0.9939124265575476,1.819815672939032,0.14326201329566432,0.5050357755162783,3.6286674342995675,1.1710678058884367,0.11556699489106104
0.703914073145975,0.09918916047362027,-0.016447898087231773,0.030220212055706137,0.548110668464714,1.1924213524924678,1.0664595338730523,0.36100195279003006,0.2245987744599754,3.0730593802191044,1.3144431420452614,0.2057004684775524,0.5331911432671397,2.811931148588856,1.283597055958009,0.18586819682066746,0.4622448724039777,3.852842096267986,1.0496073945637983,0.20930785901920296,0.2608218330719614,0.9574391956249401,1.503639459640844,0.07052253547148676
0.6383777417193099,0.11290879291757826,-0.03048603925528153,0.029206885326372133,0.612041777244616,1.9747392521630696,0.9874102605666695,0.4263083620885519,0.14932325017009962,3.078361634056014,0.5647107084807204,0.14219324172256553,0.5390096863180526,4.750208708422238,0.845657747866812,0.2650612148678415,0.3198937230146527,1.3146308466571293,1.1059305166960536,0.23555637327922,0.17021498808911317,2.6713312719705034,0.8288375228280844,0.0904812021328978
0.6107146358361547,0.1342038608083136,-0.024802031262714453,0.025763129515312844,0.6182007595289755,2.2816821507355365,0.8478480612436121,0.48285805192972714,0.4072799777425696,2.545649616800914,1.2460263900374033,0.19785583515996086,0.46927136059561086,2.1056272880690114,0.7966988970654297,0.17935208177599532,0.42160637441559135,0.9487228677705183,1.3365191325590553,0.2171322546398821,0.18209906787355723,3.294260432844592,2.6401924654871203,0.11348117120142807
0.662982678597264,0.11278140594519144,-0.03264833747897986,0.02639111938642703,0.5622193599393535,2.272447354235071,0.8752822239401216,0.48406813940192334,0.3226773827812425,2.8598124774349363,1.0201002430625692,0.1777924004688869,0.6228758623038508,3.2229280738835677,1.0807217890274592,0.2112402729462582,0.30390747318821343,0.848679749251198,1.1802687018491738,0.15994572022835796,0.28811886965428585,3.0415685157479047,1.0766426072909265,0.08764575878371636
0.5148327699997742,0.09130392510866306,-0.027369332760742028,0.025626645655601462,0.5846528361189166,1.4271283594870556,1.073021258169784,0.35042993515538307,0.3872135283761068,2.7002968670940977,1.0659875173193174,0.16884710093476873,0.5617291643800625,1.0638400238805956,1.2145557461057628,0.09853008104326516,0.3157899637446618,4.3915744837825414,0.4604199602589848,0.6641552125775319,0.2475898812672362,1.782876456161354,1.342570005417594,0.14137935252850223
0.6837915831309405,0.135328403508921,-0.021496943193278533,0.02619427948556342,0.5899076462319369,2.2107014690750537,0.9023597686236997,0.48140617134525765,0.4430693011144441,2.0820313457772,1.1831373515585262,0.1299496723702586,0.5866977758080324,2.9556893202045487,0.9710833098960124,0.20634175235743257,0.36455655893371103,1.4710646806442718,1.507141100919729,0.08797515845145144,0.41570743381134634,2.7598567776648806,0.7415551548750102,0.10628186459709787
0.6376918615960708,0.09276076252534865,-0.024357780703176363,0.025708412533735545,0.5478232094349773,1.3310469354982857,0.8994336831157055,0.3865355854424246,0.24304370177612164,3.5519566253727315,0.45838802639785126,0.16743626822217123,0.546246678671692,1.893395688257342,0.96347142984768,0.14379581796024626,0.33734033750249437,2.2408003800285026,1.0188305243446627,0.29685012688045415,0.3577289146930168,2.0427811781146246,1.8432405209063258,0.10829369567023368
0.6852938636381564,0.1321429027214676,-0.02306943728940367,0.026893701605493377,0.5701858858839665,1.303110846177151,1.0405952841005863,0.3834603662353842,0.39237962510156854,1.6351514848864075,1.6648760402271385,0.12478728336127941,0.540796199631824,2.8799812756493783,0.9184266964875959,0.19483057250146846,0.3969999683412819,5.324179116408856,0.9998833743157255,0.2998810788110311,0.25705178611862894,0.8996968636177094,1.3388719524649735,0.04305771765323068
0.5866492955171089,0.09537728492543421,-0.017812055378580542,0.02639213571196013,0.5911255434826433,1.2611443459076017,1.0284391454596509,0.34879524056606137,0.27905037683631834,2.2124569655036175,0.6592294720670235,0.13627437123993336,0.528191478985715,0.7006932469647011,1.115563206633861,0.08811977591498367,0.4410831402182789,2.1189941000187376,0.646391554887395,0.3341064723930593,0.47128723673531925,3.197666579593714,1.3197897135288532,0.1739130413000918
0.6608025254668132,0.11645907260128786,-0.023686857505718834,0.026794945840971425,0.5961321368983097,2.11171012680613,0.7866874053326589,0.460694976432864,0.23508465431819792,2.556043845908434,0.8426127348188461,0.16353675532405587,0.6094889981361388,3.1716603450459546,1.3053306846452206,0.20408652919770606,0.3264454737728753,2.514373362473751,1.5973391756430007,0.186881275485572,0.3998930803791788,1.9754610882591574,0.9743773643360372,0.15543155907338435
0.6679068301443041,0.11517803110763232,-0.024853847002576434,0.026081860820096524,0.5919069164297194,2.238995805739818,0.9008797243501496,0.46654268607939847,0.2661856485525581,2.4249068824242728,0.9448264203879017,0.1527157102437279,0.57290025320051,2.895153327278448,1.241781283298274,0.17969669673887811,0.34196082038735404,2.7995776594534756,1.5098677294659537,0.1846294320641107,0.3584275652671155,1.7050622490925913,1.136033072429111,0.1657578090851469
0.6623924334423994,0.08198978250687516,-0.027020178404160173,0.02852987295253469,0.564929794725904,2.5239319215243112,0.9253823270538226,0.49862074369932846,0.35707987037552696,6.640710459263142,0.8510342708546603,0.2648579915877618,0.3884721451311191,2.431027485397397,0.5109173195151787,0.147177913433267,0.33648299855210617,2.4639773837225567,1.7143534964829088,0.17684771597089016,0.6393581738683004,1.5064815979209831,1.013131553663281,0.15683192076463684
0.5710714471852729,0.13786814848160042,-0.03144610134826654,0.031048073614373752,0.5549652513603346,1.3010207257950142,1.1911136618242288,0.3696604474050504,0.41427564839882847,0.7894439470193334,1.5394546157151971,0.07075940820770117,0.5187294185150789,0.9364382456048355,1.268449198082213,0.1102506874115954,0.31755971902863867,1.85187889494463,0.5909659701530616,0.3523258407461255,0.20119608831792932,1.8407333986800254,0.5325998146927605,0.11633482044430558
0.5718250921051113,0.11316902005426009,-0.027517394518680342,0.02531743535945386,0.5618162959367017,1.3302148839663925,0.7938282411356261,0.3899450754996909,0.35361049879536577,1.0555103901313228,1.5889523938684262,0.10585733894739967,0.5086854138778117,1.03211927623876,1.1532985064257726,0.10954399307277385,0.407546646726487,2.532102125834111,0.5869535135505181,0.3841356061549097,0.22831166964968325,1.2227945941377882,0.43045597451518336,0.0960064145364602
0.581186215812286,0.1070414060565665,-0.02974551412246141,0.026179582335630655,0.6315184081313192,1.9412573029247624,1.0190842639733262,0.43250609516609684,0.24537612158263228,1.1757502026314146,0.7620739091491542,0.11204945027002558,0.5740874698695532,0.8667367722432412,1.4263477263926099,0.09884489330307028,0.32951581684200126,0.691166739491006,1.0360285675287007,0.28889418683345197,0.3215960623957829,2.4798195477239457,1.7882140455985576,0.03752816273759345
0.5498507305394058,0.11120388025519519,-0.026286722946114723,0.026197951134821155,0.5439438048904313,1.2385766262966893,0.8808410096800611,0.3864857782844032,0.3765619260350836,2.221408773346045,1.1020343708621438,0.16846930034604557,0.5554434205548834,1.579649120485726,1.303036415025514,0.1416971081575476,0.38749242446850685,1.0605521367324409,0.4436889678943599,0.3760527688353516,0.22746976916936965,1.424684587287916,1.4001098038291153,0.07424609164955964
0.5384864207622007,0.09992010725739262,-0.030268057121477506,0.028556008682835685,0.5593226354375493,1.4321732865143384,0.8442405555061379,0.38113193444323495,0.3858962112857881,2.3172673997326307,1.1989258766095847,0.15932605701947838,0.5844474818428516,1.5870682490376802,1.1711125683664194,0.1434981527228586,0.41515467914250054,0.965567686106517,0.43117271871027946,0.4155477299588227,0.16751438629604415,1.449600654662192,1.3714918579114592,0.07717603042670713
0.6091442286374236,0.12007187758926044,-0.02422209917207595,0.030082341977437824,0.6044138153864781,2.1451181003448316,0.9943760196314242,0.4748589565370623,0.2649601335301388,3.3255992004582167,0.7672589741093855,0.20614778353160884,0.5351533211347076,2.481101835050169,1.0273986927781396,0.1582923321107431,0.3770174553899945,1.6858453295145452,1.6040197571970383,0.1252292029999149,0.507094281635126,2.319760271010929,0.8813157523956207,0.255069180708401
0.6196879838973292,0.11263062587767353,-0.03525694856480382,0.02774274328331758,0.6059163676026057,2.0131142641766013,0.9125816509830342,0.42853037479368583,0.24250538341393377,3.2784784042576383,0.792043174723982,0.16692367631210336,0.666610743521892,3.16870136213297,1.2607201435615232,0.19488193292612188,0.25056365833627087,2.043116529907707,1.0159478759671496,0.12834711388578507,0.43790236474669814,1.880519209456897,0.6352527112305526,0.26385092530705245
0.6110446670932284,0.09757969401374657,-0.03129752873271063,0.029318798292180006,0.509848734133518,0.8814145679544816,0.8380024978734453,0.33752879380144424,0.33328109572228626,3.7960285928456403,1.097462218721064,0.24777317860453452,0.4918529910328301,1.134261242107392,1.2275881141627127,0.09012783822618861,0.46881364036815387,1.4865118762264353,0.8287042666507418,0.2694071795679708,0.3894845777461529,1.3712003831592177,1.5774362575941452,0.10237975491136635
0.628830943194325,0.10726366428151533,-0.030019556393143132,0.02942496058989927,0.6456467206465308,2.144927284908086,1.046837593095646,0.44774589612740295,0.28927130412173113,2.2726839523004756,0.931277057520947,0.11529688799510358,0.4972174177291517,0.7774410826226968,0.9524209261973684,0.10514010066142512,0.2575753281339464,1.7574469511562587,1.5083694024162213,0.10606057462597523,0.39466979351273795,2.7385027911400237,0.5995606610938005,0.3003988740717457
0.4595684667901333,0.10190091630984613,-0.027777238173589455,0.027434019406097288,0.5645290756854042,1.695411178975645,0.8536053811090333,0.4381925123949484,0.35561791039796226,3.271597732462267,0.7155988600637929,0.16269439682505432,0.420253723933675,0.4124198132970075,1.0407251103317308,0.06607447046865043,0.3025223402016567,1.5107537291843154,0.43658221272028025,0.41423386126662326,0.45268814754211567,1.07770772564585,0.6564316905462256,0.2248946401971158
0.6333112203943342,0.09991899241736181,-0.029621649905272315,0.028802386079960676,0.5612712337242125,1.165949975354952,1.077751234037687,0.33632396556903943,0.2901708534489446,1.7251812308262215,0.5608635941109582,0.1192440668316246,0.3901799095097358,7.2600708078732765,0.6694463492109347,0.26320464497675594,0.15874867203105886,2.3643814401171723,0.8800450137003509,0.28377490217759,0.5426111066641399,1.238308830639754,1.3750846296089276,0.11401291969088724
0.55174380439055,0.10905239533070145,-0.0318355850692932,0.02493928131419322,0.5746079728844241,0.9799886915681596,1.1833369607088533,0.3117368069659648,0.4234735122147051,2.11533363620697,1.4364459333936146,0.16044266641542687,0.5044421893873808,0.6519340727689842,1.7620893218186016,0.07584291405481784,0.05442612033058349,3.8105195823175477,1.053184299377236,0.19692806227168344,0.3847312778571014,1.0361939471863282,0.5075513860269053,0.3770500832746052
0.5813579167539591,0.11294039227884509,-0.02083756004299235,0.03162386172675568,0.6160407894157962,1.8500815468488967,1.0123537965271137,0.42282108148106606,0.15287507225314245,1.1629941633842227,0.9404922261094856,0.12694106201498254,0.6092203179399185,1.1662419248884106,1.4487129420472642,0.09354447376768392,0.2853215720502231,3.7810745433751203,1.4274323894105447,0.2761749570374987,0.5391470302659289,2.0832541666489828,0.5282437080471333,0.31366308358436923
0.5772670932651764,0.10869157058397015,-0.0402576442899174,0.03252288926844135,0.5089808631187774,1.1835178803407411,0.8755675380585639,0.3797110248371166,0.39848201264056643,1.3952427802954042,1.1184229778343389,0.11139591529619097,0.5193817834274561,3.0815523167538594,0.8282092777362944,0.18688154748267427,0.3968887426843521,1.5149343897373144,0.9185202064496829,0.18250811532047803,0.30548217848095355,0.8329902805205017,0.5382737234819267,0.22492150730566754
0.5341133503239106,0.10800630963209668,-0.013627601298296666,0.027447694451693167,0.5832995763583364,1.4445074289759137,1.070281745024489,0.3723872170397214,0.1843141523378052,3.6952053940806247,0.9703379767652363,0.22571269742590377,0.5706990231835104,4.155673659764331,1.0601180185190862,0.2583170999378327,0.4074000576758347,1.4142456971719624,0.7383068269653295,0.3652115607130022,0.3075064958836817,1.2883681511511174,1.2058893379988604,0.1401985730584536
0.7083842688500256,0.11213261097257682,-0.02916131573278413,0.028939416754485456,0.5406151449333445,1.5178894297443073,0.8523150611414445,0.4004997001021499,0.39753726464207173,1.317389423476169,1.004442034351598,0.11177100686426913,0.6278033937898971,1.0136050696276153,1.901002663023523,0.08154949775646202,0.17541727419822659,2.0713740316837663,1.6389166916860447,0.12082369437854672,0.4005214003969237,2.9031426800789593,1.1001734760493744,0.15878854616675486
0.6987339924529771,0.09874639236920152,-0.025599887622200775,0.028022888682132603,0.5704573757863574,1.6646734493799873,0.905968886657788,0.4251197225501404,0.3850876986423185,5.461267639761751,0.8488868012665906,0.22883281778131984,0.5543047638614844,2.8764628350049355,0.8537368833699063,0.18150923831923801,0.46474667131404296,2.1341797602569534,1.8172459082576777,0.13215458701163027,0.43806305583900523,2.581380631010946,1.3724780261135965,0.11304845951564545
0.6731936131394447,0.1041944938106055,-0.032712990144673354,0.02597579861969753,0.527382392601827,1.592851029002773,0.857702187579286,0.4172203292526729,0.35754210143194765,2.586209602453489,1.0767713329925515,0.17863696761113235,0.5917593454621062,2.2190884372677737,1.5875627500860727,0.15750930509721608,0.3258724407177289,1.5212832967329915,1.172160556356074,0.11963694456260497,0.3544253786513617,3.319392921436386,0.7392632269146868,0.2107198641029754
0.5849624192574422,0.11026581052969983,-0.03104842845025597,0.026507939650122284,0.57833897786376,2.365178473883784,0.7948877225459148,0.5017583682837727,0.2712984283082662,2.4475633978617024,0.8116775129147639,0.16036024397973725,0.45865139796051896,1.6180988819631419,0.9985648905912284,0.12062905550141888,0.4542876495290747,7.007389942207888,0.8228310228481137,0.4362335831359032,0.3297737612327874,1.6720257635890947,0.7823916949484835,0.20711523223864992
0.5897192389894096,0.09424540161091106,-0.029115578485533516,0.027539882554675196,0.590374814941686,2.42231889923342,0.9330666672141366,0.47427955764307217,0.46206607307585856,2.217637499208954,1.1898248130386582,0.1745500239426826,0.43924508204992246,2.052145113639788,0.8243904227635991,0.13818504097753395,0.4122701736945128,4.760523562251201,0.8395529059646338,0.42971054227069744,0.4613187104818112,1.505505273739071,0.6905900664018038,0.16936303824983653
0.5045114045489749,0.11393141428444684,-0.03366136747491392,0.027859054332984374,0.5692171418832864,1.7861265237745994,0.875309580485262,0.42500765062244106,0.24855003882552062,3.0351929104234947,1.0386508726388064,0.2117330330393403,0.6333120521446444,3.2187942016038593,1.0875430138409237,0.17157086186097412,0.39486031577259395,1.487085207465473,1.156306369327291,0.25520777720529,0.40480957534673306,0.6123197237969615,0.6967456340425354,0.24380201757865202
0.49400026057000496,0.11513444596840498,-0.030879143394114364,0.028208315771036614,0.5626968341734307,1.6552039340237952,0.8222391479717273,0.43981045870943114,0.23625149449812727,3.7972576886731457,1.033912310616141,0.19214932283921907,0.6057430109023181,2.580555430402149,1.0998163596793737,0.18820046777549532,0.40869555306775773,1.5722687528820918,1.2503530652369874,0.23951971657368804,0.3729695645019506,0.6893518955057529,0.7696850102829691,0.26073082668073894
0.5445574681363446,0.12585071269664944,-0.02608316742577264,0.0267839610254969,0.5537893281808225,1.5919768749016663,0.8777730865241838,0.416777763213968,0.20954934026320998,2.2224787444034413,0.6485693225280315,0.1387431402822239,0.5881152990393499,1.8027360800444987,1.7037000941775817,0.12503737657578187,0.31545360785018167,2.7003723323284774,0.7131384903380023,0.21732489941108,0.3873384047642701,0.9158571470001651,0.41023407098076276,0.28675050609929875
0.5900984144677414,0.10280685205406459,-0.026152699092752644,0.02665898791919281,0.5915943289431831,1.6297681320517918,1.070686701977184,0.39972189331396146,0.3440349788828804,1.0125070148640938,1.3642799062792654,0.08551907140623519,0.4538098292607147,8.246854722779583,0.7357309761401765,0.2598909947471259,0.3623314474282405,1.2610530430614715,1.063142875219405,0.22665048322683018,0.2853684526377077,7.012464295222423,0.5718570667708153,0.32429093666303493
0.5914564715989121,0.10328322114682247,-0.02920360842197579,0.027239759931043005,0.6171732375339034,1.5067063980296482,1.0446385557334346,0.38564480821036845,0.3437447316699205,1.136550656750114,1.404955776231917,0.08748746830707851,0.5328589502021933,6.537380840599608,0.7471383459611047,0.24022434664037243,0.35183139951539344,1.254586346786785,0.9841676692057459,0.22240511710689378,0.32440723447073727,4.9791221840267665,0.6798757987783592,0.3061354040433031
0.5711291911280824,0.11477773094721791,-0.027228932809137088,0.026940585634516262,0.585574966644739,1.3752105207424266,1.0808972741895084,0.3763446921903159,0.3426972064014907,1.1842167706568099,1.1730156786591686,0.09154561948156274,0.4454377529887466,4.295375737273445,0.9576134347995574,0.22722450124727486,0.4990206051931753,1.1591413308740242,0.9357501099822333,0.2325957082398559,0.5027608464373162,3.752159493464181,0.5203154306981687,0.21589579856933727
0.5726124288959721,0.09667394135463248,-0.019766256285859332,0.029219898568439047,0.5516747974064978,1.185783120610496,0.7881844698160242,0.37117701765937583,0.2835379086676742,0.6699120710941192,1.2725108371036136,0.0723711823771736,0.6491427655680597,7.547616833931442,0.9526216877169607,0.2895625790340874,0.34912120022394943,0.8537529640373736,0.6927653133419525,0.2902240048879748,0.3865917658056227,5.0028881595460275,0.9427089685221638,0.1959280586670677
0.5710312805241242,0.10248857400338943,-0.03377952991704691,0.027329853756216105,0.5309724070155962,0.7959578117811505,1.034745462627958,0.29277958658180353,0.36933082232917774,1.5146956779072351,0.980271209153932,0.1273222485213114,0.4283533981796976,4.265431034957165,1.0348931007404816,0.2382579084454086,0.3159060771116728,1.049574196359364,0.7051692730540313,0.23000022676323698,0.7017738348032977,1.5473739420768022,1.197025704546304,0.17088742766926318
0.6303102905284319,0.08993839421500478,-0.024893035887337555,0.030022761993658685,0.5620820521862788,1.3677011681114328,0.8685659390693434,0.35571304934698406,0.3166598851265823,3.2195316803827883,0.8373601563543269,0.15355338476072852,0.6332390622956711,2.9131118920097476,1.1632885772789126,0.15463215613337722,0.2664264507838272,2.5372205450083976,1.1897263202166344,0.24946401465583884,0.4286869170257666,1.6626341036673795,0.6026123747296582,0.20473030979445164
0.4774397069433491,0.12120246186359672,-0.03508443060369663,0.02897354930386299,0.6085073612455507,2.147447710589472,0.9240901364913716,0.47611384244560917,0.29161379361446077,1.9089075287489519,1.2833484115821856,0.12384282521225541,0.487747084014424,2.1437879499319803,1.0606716386788195,0.15350918226296156,0.2971226973719644,3.50085127793112,0.5105638769728263,0.47252348805392674,0.5043675471614464,1.2996135716868427,0.7074355431484696,0.23313105899287836
0.5986282465504947,0.09302129795899466,-0.02751746273078443,0.02714617458757549,0.522974819853013,1.852696649960253,0.7889483516918,0.4184803642427739,0.35495122912001614,2.071416017784168,0.7811351753989256,0.1424864253346155,0.503591977352927,2.8242626690392947,0.7851707338882761,0.19346192112285493,0.3974334986261342,2.10022191906472,0.6276231922088709,0.30528744628387405,0.41603054724878097,4.222492683385617,1.0915214943024145,0.23390225232268344
0.648363075760564,0.11685631169305417,-0.024867001484561804,0.02664590275143112,0.5630392606275567,2.047807277708869,0.81764563508981,0.48860948888223205,0.3121779318845058,2.576239132998155,0.8141221354063881,0.1483006735313713,0.5812754722429619,4.260072252603365,1.23548407264963,0.2476610275217615,0.2920307278720934,2.6405026832886977,1.0058500211463057,0.220085569291167,0.48042496141248586,2.2190523046682378,1.049660117355256,0.14046627757870325
0.6809490117289747,0.10989304786425155,-0.021421004203031526,0.027342940587210224,0.575050536032846,2.153171338533683,0.804315133066307,0.4895266447894255,0.3456287563053715,2.6455635706210865,0.8343570545194677,0.1796835211639836,0.5617636791459452,3.612416367811238,0.9472897200159545,0.1976887360149294,0.1862110918504965,2.5579705791069753,1.381350747075404,0.23566252352556485,0.44863044865977136,4.229819194626194,1.1820250291958145,0.1390379579381708
0.6296129996291315,0.11657433161589048,-0.02259995947760235,0.02603337357704655,0.558875990928254,1.4139359394603717,0.8699161035441059,0.4025489327970022,0.20910835822747315,1.1535782847046752,0.6440201190750069,0.11289738931595425,0.4213094530947383,0.758461503589917,0.8242904360750485,0.11506046329088998,0.31834735586452184,2.2105323663865963,1.5410551675390423,0.1822866182711902,0.30346094415754016,0.6427987849110701,0.5941386415955952,0.14787745847882197
0.6777646470822822,0.09990908189232726,-0.03528389974023201,0.02780288270744044,0.6105876656579997,1.6362147020335702,1.1323193081233915,0.3839486604136775,0.3567597115736314,1.4502566509074615,1.4657898118109547,0.12083395399833366,0.45039729690004915,0.8638075696587906,1.08130821756124,0.09111177849651654,0.524724930133932,2.6159364484992773,1.269571189591387,0.15950319573951674,0.19808639088485447,2.661140263582007,0.6969599992283604,0.19349960504161384
0.5258377134519692,0.1088270933088604,-0.033942834424533504,0.02857669474565018,0.5563953423659764,1.4131975062491682,0.8878089718180701,0.3968713030028877,0.3105865899663002,4.99570777173458,0.9338982105833921,0.2658317323242265,0.649052092491007,1.948848391761592,1.3406766209408254,0.14038457874018448,0.2150336663127022,2.4843519267543566,0.6250942930293252,0.29726713673670363,0.5488248388163077,1.6913682166189372,0.8916816524839603,0.27407837697727433
0.5851400742616287,0.10706025412307248,-0.019862493886375256,0.026365283848037126,0.5832511982298071,1.5877557033922578,1.0087321748943472,0.3877394389414707,0.33401056030713583,4.512726824183007,1.195514685385704,0.24912819316734786,0.5181720535670442,0.9624473218696522,1.2284163679216857,0.09338375694469661,0.49848110079879937,2.926834603546646,1.0395727609807124,0.293591001527917,0.1269296990459546,5.979601695659324,0.314884480848187,0.29327149495680205
0.5643561786990751,0.10507832738045865,-0.026607680647726475,0.029018402441185028,0.5612538650508617,3.2447004293975437,0.8011513836673042,0.5738606142860342,0.32057561551584945,0.9489747435561456,0.9310827869789219,0.10909352051625762,0.4410181347955042,5.492050554539045,0.8081752568566071,0.2267336053958768,0.2555091114360113,1.2418849997272017,1.4905191337161012,0.119963228956063,0.5274361649765469,0.4972847000729643,1.475238385622836,0.1889413664179873
0.5651167768465921,0.11630288466322969,-0.025867542591855922,0.029197222354655793,0.5951745413215777,3.376569191494675,0.8093364039843183,0.5730895162094158,0.3192452380450342,2.1673651716963405,1.1455662265543598,0.17357146431922407,0.5713170304885139,1.7917457270469919,1.421100919182551,0.13961876172813548,0.4272654379633109,1.583420933131571,1.148744868351888,0.23907589439078744,0.2904076378684328,1.1459203921183958,0.5208784234417331,0.1895049299368586
0.5549932133685339,0.11990566726549748,-0.02551677139171385,0.025354000917291723,0.5638174967099897,3.6793521665831515,0.8244890265692734,0.6209464811342806,0.3178960909801532,2.2826503147047807,0.9868633862814141,0.14018306761108631,0.5842872941022226,1.6268262074279096,0.978742438149742,0.14384250784652708,0.4602259112066312,1.4851052134641658,1.3542559639424678,0.23543484978721926,0.32662938670237723,0.9578415302639395,0.6287256490095122,0.17749712543462812
0.5324357793414561,0.11042290762246097,-0.030578146525772346,0.026796865239173927,0.5933587011362987,3.9790075102053093,0.7826995403093903,0.594505363187707,0.33948467590889303,2.358648483647436,1.1242378116962441,0.15136146970574163,0.5760925100152747,1.2499534100434273,1.6963463445200033,0.10909435790007281,0.3206586512502678,1.1973947961144047,1.1769487374425145,0.22641435627251308,0.4165085797663056,1.4046012544267996,0.6790776321063764,0.26621840411142045
0.4262573569999743,0.09392470101143689,-0.02890446930300395,0.027374440296558118,0.6208529644694584,1.0664030988036006,1.4777791836316945,0.2959546765960376,0.43551166219134396,2.4165577732275985,1.1912061353198466,0.19548771335987372,0.581760785630995,3.672435256732709,1.1311640564615697,0.22233327591649107,0.3676165975804133,3.1591387346084954,0.48151676933996895,0.5273056593681842,0.3540551053119143,0.6558128727807908,0.5666689346218026,0.26275567420576346
0.41700964923082184,0.09376407781709821,-0.025620981220600008,0.02696114379840179,0.6248679620856749,1.0156211115595912,1.5129314826231903,0.2862611326220841,0.4606063837042812,3.0681440194752527,1.076724460072148,0.19347079142961932,0.5969083321672531,3.6659272542319394,1.1479611073124107,0.22642109891320628,0.39855087659021693,3.0876950802948677,0.5294830385743922,0.5536326226028232,0.3641012227542715,0.683328264659293,0.6023630886480162,0.255214121907076
0.5002972915422379,0.10324344481857124,-0.029321910308195604,0.027481600577310167,0.5388683763146661,2.5852662238660518,0.6876620515874802,0.5070646535355393,0.2907805413305796,2.8503052330155594,0.723180728035385,0.15713738603467414,0.5205415220942856,1.1578239154521162,0.9205151801111998,0.12756365677349069,0.3322204419614421,1.9979776928637716,0.6438004645666868,0.4030404998289906,0.5222334682904135,0.8877912357431819,1.0130211555119728,0.15301967953859197
0.5206842515564511,0.10803366250017729,-0.031189380667633285,0.02729056613629582,0.5852545290570641,1.1182601402141548,1.256284186093972,0.33254537653454874,0.4678696525619444,2.0870442647186125,1.3306952022393066,0.15275540063353119,0.4807123994238865,3.2346315763568354,0.6978284880535081,0.1705472948012087,0.409388140875958,0.8280613722037581,0.9859625513168613,0.35653337957838477,0.31985959044878703,2.19326503615509,1.499814854759383,0.11913006285639548
0.5867374227524357,0.115431717787652,-0.03742392844853262,0.02737447213442056,0.5812088778565351,1.6199181889223762,0.9274475624757184,0.40501425331666197,0.23844375767480602,2.0590064342255556,0.5958214461336547,0.1571284336482894,0.5942353282962293,2.3651602829475324,1.2869612051153174,0.1508473283547952,0.41867331918666006,1.7313578246956944,0.5752486895356509,0.33364156693479835,0.1623022844166773,2.6439200785326724,0.7028761710078762,0.11310834490316564
0.5319437903116362,0.106470637121028,-0.020828370078276946,0.026635409999818657,0.57241321615009,1.2050111298667592,0.9429725889476857,0.3512816539775824,0.27309143811140013,2.8643921066040052,0.8260329851261067,0.17023764622625193,0.6161606366179407,2.009372632173831,1.165768178282937,0.13535543054801552,0.20918852725457046,3.04513958548418,1.0581197210250595,0.1773906569335086,0.48006182565411726,0.6390832026171759,1.4111965413304832,0.26401723483081113
0.464999595405098,0.11056191394018917,-0.033063406379611755,0.026581247599533824,0.5722033716232998,1.5662248756721147,0.8656753017913156,0.39347164346305247,0.26538139030044017,4.357016235881142,0.6929481865770264,0.1835411202799579,0.5835742049192326,1.4133741955955013,1.25120560734887,0.11527334272102936,0.43384387659919527,4.977301554084319,1.275775504456419,0.127005706640553,0.4898284899889892,0.3546330535250527,0.7608202034240124,0.3934980064827616
0.483512135862583,0.09262130694496047,-0.0238820049906574,0.026902451654791274,0.5433134811149433,1.7015494616739586,0.9139430301264964,0.41029222943388677,0.40062661808384964,0.7896412212587086,1.6447657221429943,0.08673946756537139,0.4373371389933685,1.7743320199077994,0.8849066454322987,0.15288888995305763,0.3019607559772742,3.6686822208203247,1.12891690792295,0.33961657411795404,0.35297561378455655,0.430196081929152,2.0935185246958707,0.2604517498253556
0.47779795321004964,0.1160844593417221,-0.030791565407643627,0.02462328791765771,0.5463223500562825,1.0523019965464533,1.0488394601878703,0.34257155749859036,0.26483106419953967,1.9373617212878487,0.8371148020226031,0.1253967684842601,0.6314722225012334,5.001965755901551,1.2858519162689286,0.24717309803598478,0.4561714047821735,5.4594563226748924,0.7980888996905935,0.2776877428414058,0.5133381424278028,0.5779520027080043,1.9082405802406426,0.27005723004227167
0.47985668336281573,0.09049823828931489,-0.01799482586292976,0.026038719781397792,0.5495302580491606,1.1230072806277707,0.9895179418894067,0.34012715536857524,0.39547006841608845,2.1916135405576647,0.8188809073853363,0.15728505393254055,0.5835605701119047,4.3826676893792476,1.0094896588511484,0.2551289845735475,0.36275981599394624,4.273210604488331,0.8767460503433568,0.26623496610476477,0.3708954920500636,0.3042456106393762,1.2705765874330817,0.27467061440854285
0.4880193417831051,0.12265451624406128,-0.033195005551451676,0.029333140576271174,0.562916847140481,0.6904777227562509,1.251794417986549,0.281844226366573,0.29610106099986105,3.3513385165253355,1.2377046003039944,0.21657412798854248,0.6281106466620785,2.26947331679266,1.354418093973368,0.142552621063775,0.3068282079649573,4.752060871184907,1.1072714613010246,0.23677539604114115,0.5889062594171786,0.47911524524465016,0.6061365209122022,0.35901251756455754
0.501128225669127,0.0837665062321018,-0.01876308125645827,0.024679637556869794,0.5343138442342468,0.9068481276536213,1.0935900890812447,0.30479929268530365,0.38885156108795516,1.6211472676285021,0.836804005383798,0.12994826436218312,0.5370175141607029,2.817776410910889,1.03339195448976,0.17624939326836936,0.46788437555876744,2.4791366606108727,0.7712457577776577,0.3470682348218462,0.4784303446449309,0.5153581772556106,1.0661557067319916,0.19569402440956063
0.46087448474228565,0.10735408609024895,-0.03716282913792899,0.03233245057421243,0.5824380463903807,0.991045907936171,1.1498561321543135,0.30733681434660276,0.10320534754376422,0.8686319126926286,0.4879894736260333,0.10526247514135813,0.49863281990198866,2.5406217731766274,0.859177532832453,0.16026621698524735,0.25030273914338347,1.6050260068862896,0.4495387812359322,0.38422610392313994,0.49634729313689596,1.0393040400104785,1.5787172014878466,0.22374615474498544
0.42907480106098805,0.08118045887708188,-0.024744086135700713,0.024057522550689634,0.5708590119904982,1.023780278433055,1.2001661533863368,0.2985190587130011,0.058484665950479214,0.741730690182637,0.758669582679809,0.09406867514578558,0.5484372912140922,3.226615332518744,1.285192536488011,0.2030631619400832,0.4230958532237497,1.3892261564322943,0.7280208335093286,0.394256733958844,0.4692378389062631,0.5578587653218406,0.7707146225686559,0.2666983391239479
0.44715165163626813,0.10267037659321239,-0.026321667756413283,0.027761910077634747,0.5705413288849032,0.8984114717962717,1.1884913570628828,0.2983501184254099,0.061508950700810326,0.5735083848624855,0.4429872383570897,0.08824097758435447,0.48160207429459956,3.4951298543332543,0.7242591476647782,0.17171072223124453,0.5396850903540051,1.11852265948858,0.6269338284824637,0.3438550706235712,0.35561591792533614,0.4035591700207742,0.6449693573538855,0.22280765461478944
0.4356206023447628,0.11120670507563397,-0.020652892800746673,0.027064758060811416,0.6334840416360492,1.4939306937560866,1.2910269311755322,0.3623405742089607,0.324801881154046,2.3084850047937566,0.9167001679377735,0.1555223512064713,0.5524036113417505,0.6793717199146173,1.9372386152915804,0.06539571418895031,0.292896523497329,0.8722857066169617,1.0024947652460932,0.23364959790913495,0.36831554515624526,0.472568404739349,0.721335290256099,0.31694579117661315
0.5233974979114393,0.09873125827369118,-0.023931655531228994,0.027712539862795368,0.5556960536812924,2.5613316764436798,0.6807220947875618,0.5128581335565632,0.38366856067422384,1.6475427599967751,1.3110011978413956,0.11109812318740175,0.44348455853577395,5.282229074167943,0.7867490955037286,0.26869536965474417,0.3087742658752541,1.8295696255287557,1.122189797364358,0.2538380343567192,0.47776527932307766,4.157420895066953,0.5777635918396831,0.41859856257207634
0.6390909171048359,0.10542297248165504,-0.03128563261302318,0.028390499631913656,0.5889293077954914,2.602743629334028,0.8502833995627088,0.48871125689439243,0.4769457897333892,3.745150087597616,1.2491031251202318,0.2356793751390483,0.49648353728941336,0.609494991304288,0.9122833153942888,0.09192120724425892,0.5083288551948701,2.973869013228224,0.8867214424983654,0.3302182053583066,0.23675448039217284,0.9722155673814191,1.8228576420267455,0.042002046501228955
0.6800589081922851,0.09726768516011391,-0.025463632332670374,0.027896710329466775,0.5767415224951412,2.7011111406085573,0.812336712287349,0.5142957162707466,0.3045300398165051,1.7369113107784393,0.828964480872981,0.10135279943587802,0.41693161672650153,5.6705575171376426,0.8384770176383921,0.2277868776443176,0.417604446356682,3.5373571827164723,1.5990038899778418,0.19813678119388733,0.38567007953028065,0.9303554531140292,2.100512028087541,0.11334513319798578
0.5938221783817483,0.1316913546235503,-0.021776966556789547,0.027355714217555928,0.55638744382533,1.8163682288744238,0.8015471578763994,0.46110903255112967,0.38055986588117763,2.8574627490523925,1.2048107244660289,0.20780672920792043,0.5681998654098078,2.1280087885366212,1.131924983445901,0.13563213232501908,0.3450652995757594,3.0534628205949526,0.8801874202493752,0.3263351527239319,0.24280081494978206,1.2166725457048893,0.6945148546285689,0.14009636987315616
0.5634701880297828,0.10591740042300275,-0.033015488884840884,0.025747391087732694,0.577250926973032,2.2976869243914435,0.8929601351164237,0.4753742956533681,0.2387780350602206,5.151070143563191,1.1135081344047588,0.29964334754236543,0.5542923358765268,1.5830931477482322,1.2575626803512092,0.13301782953806407,0.34509070666047453,5.88824678007621,0.5927357953814006,0.4373711579068494,0.41352964237606926,1.4915854308201064,0.8856416667530868,0.20637789909450718
0.6231920364767457,0.09624476746849724,-0.026416113264175745,0.028424110874213152,0.5804582734977739,1.3165464984291062,1.0002718807150146,0.3603087766361485,0.3625182389185481,3.998795057708186,1.0767756444798866,0.25210203116014945,0.591739032105414,2.3691738397616056,0.9155475558887425,0.18211162999537803,0.27839963673403556,1.133642278881325,1.6447549610651437,0.11840635598226867,0.3897608390831089,4.0716205428018695,0.4819749749390326,0.27300940353759345
0.6140746194634943,0.09491589821384583,-0.0322696683384694,0.026167959836488938,0.5389942479771369,0.8320694514857535,1.076943061139877,0.300666160618309,0.39473079034496195,2.6168542250474913,1.1595411355561218,0.16775519312009135,0.462372938207679,4.530771261113284,0.8632587778918736,0.2563742773894189,0.31184804993279847,1.0338928733796535,1.854871789438496,0.11004744195270219,0.6589637971099958,3.1788028339802836,1.1228159629576173,0.2668205922731225
0.5510288135059731,0.10417651896311453,-0.03897358732681011,0.025701690013889663,0.5760642568339024,1.143501878090647,1.1425672535980114,0.3280371362779667,0.1873423668318183,1.0344958711650443,0.7004695013186126,0.10424491414418749,0.6256941918185952,4.448259628651874,1.1837202526413848,0.25849316654509935,0.424947137497364,1.7562784394477808,0.5871116183080953,0.28483312975495595,0.239306081266838,0.6122098607515886,0.5357735104023346,0.19082933083513115
0.5606051807706383,0.10977068060679998,-0.02801941747728451,0.03122696509415428,0.6011821759576107,1.3921529745481507,1.1030197820851757,0.3570041933174453,0.18718978070140002,1.0042170113631776,0.9427365880182611,0.08946195424940762,0.584769878886986,3.8778805234532756,0.8115466827837173,0.22925672763091554,0.49764085898788313,2.915870284071957,0.8842731950864329,0.3859596136093832,0.16554648744332448,1.0260052791182135,0.8743807277244614,0.14801395912810156
0.5476818288198805,0.09987980612171835,-0.0345749025235926,0.03169270376496514,0.49652658798045696,2.0100561250861855,0.7185574019404393,0.48499266128662794,0.500954041247645,2.522632933244451,1.0953974767679173,0.1593910937733374,0.4407698660731555,1.5660797844744507,0.7206885063281999,0.11350206241261494,0.21022455784775157,4.191638282203964,0.4044652198275669,0.24217327900406438,0.6012041517063608,3.344716084504929,0.7274393603262289,0.3581818619143703
0.7381567111035787,0.08378506897377935,-0.02745914195488043,0.02596126549373181,0.576680958687244,0.9726219042253115,1.3742496851323218,0.2937812481421335,0.3770786139314094,1.4059367942352254,0.8171830883854686,0.10250679202360459,0.3239104581220371,1.049377312535406,0.8267205801384919,0.09476915144010917,0.6483837429787254,6.837705724467834,1.4114156439445975,0.2938171922021342,0.32296137700008526,1.1189352623559023,2.6905949063894967,0.034552240032204536
0.673585948042931,0.12454925280732695,-0.036228130911985845,0.028884209466634093,0.6235136615985638,1.1546568997162114,1.3038461537642372,0.3305470126163501,0.22572024114433287,1.6038237839471137,0.7410658776910272,0.11531677505824099,0.44006800353437403,1.7837695801288014,0.621506444587098,0.14174207982502837,0.12783008817971064,2.704800061049791,1.3883023542592732,0.23154808297865198,0.15284459904951406,0.7298968326123809,1.1753994610489564,0.09642025594857113
0.7011204304292598,0.08103870603646844,-0.03247477107644274,0.029064553177556574,0.5027718405406882,0.9358345817137876,0.8117216386960021,0.3373289165505693,0.3961298256092676,6.836167154365107,0.7739221240614799,0.24119604548085619,0.6116057873704517,1.537221292723225,1.6489980588540172,0.10874026719846669,0.18483188888346622,3.5111073351444304,0.8517599816882261,0.13231864874847998,0.6549510663080684,3.8360000217821533,1.6229632069926268,0.20646551438144595
0.5310464348297249,0.12855578189131744,-0.02784410186889035,0.029191360785378186,0.6248775199374652,2.021933934411716,1.1554125711032615,0.43765974943470887,0.28579077918262763,0.8645047308729293,1.5947215816340783,0.07834488915592663,0.4389339403278517,1.3215877296987164,1.359501717401153,0.1255156564433754,0.49037727257059704,1.9983533672276765,0.7954492687395491,0.34626882378241874,0.12751497345498816,1.104568530619174,0.5246590961943528,0.1816356166956924
0.5554372132224131,0.0913954558291098,-0.02675058479694259,0.028016592940771384,0.5360087157197001,1.622369305554466,0.9045844404383149,0.4131809086692845,0.4146126130516005,2.7104418012759908,0.9085669859236976,0.15976700936592317,0.485905117291335,1.1341146188688909,0.9075681625244547,0.10825063356106687,0.3772916204938297,3.2572640871410674,0.8142279226783647,0.20999789324424575,0.13698934447455022,2.0315138070463643,0.222471253744388,0.38185632937892194
0.6055360589904917,0.12647304783240576,-0.024703247901775926,0.0276253737753197,0.6197700348887835,1.8725748968817328,1.0170124948632395,0.4253741470273657,0.22588812875622752,3.5724917408449146,0.9988904705169501,0.19124003535018566,0.5472639911218585,0.794449963238636,1.2250184533599475,0.0982590607939461,0.3933306520190205,1.6135363761421122,1.3852058986550166,0.2185150249109893,0.6010268695543093,1.478615324186165,1.3130428557602212,0.11442179517273457
0.628415373468582,0.11333679714366457,-0.03130299810967427,0.02900885146532517,0.6086035505615448,1.773247021965434,1.0758661525705928,0.4178778919521724,0.2946233059694493,3.830008129826819,0.77905104510313,0.2027153275832599,0.5646394294233174,0.838852031262232,1.1916409824513323,0.0806753533532152,0.41172273276301485,1.4305395582797555,1.5441894755920298,0.15703888292634854,0.5246991564557068,1.7455178297368177,1.200408820860729,0.13981758544920705
0.6999447398487116,0.11086071360454545,-0.02574444450843991,0.02946633069131415,0.5191109962302911,1.269112289592363,1.0252015244070578,0.3673774556398456,0.41976820820892663,1.546842105849659,0.8215119613899289,0.14168359711297415,0.6313603369322413,1.1950678974310052,1.5424232761139907,0.11027637152233664,0.27994901315477866,2.8001514859654315,1.7201757993013251,0.08393402723465881,0.2694924918722613,0.8232704667233947,1.1611099647485592,0.1070938859380287
0.7016202441486076,0.1086346171752726,-0.022415889430399138,0.02815365687657812,0.6048485996389449,1.0304788749337577,1.5060566709684444,0.29549663201869303,0.19962574827942806,0.8795314815658477,0.5913837520759787,0.08880890367203985,0.542924376105402,1.5874332458359965,0.8677242650478325,0.1440397607995218,0.021769429589871325,0.8486261152556465,1.6038986969860742,0.07671815518536465,0.5912003399323629,2.433492832285357,1.5425124642784769,0.10109695541941038
0.7179439125002678,0.11163688191832646,-0.022799661914476434,0.027120982782310617,0.6215600784230164,1.3660348731483485,1.230923191960312,0.3691446657990521,0.20939259812032496,0.5695776839491639,0.6075865936507929,0.11504301211294522,0.5101047117205602,1.996104389618991,0.9195080150639023,0.13009061773075775,0.014141471189878064,0.8609924651913865,1.4480117371106676,0.08055027876265818,0.3929746972258644,3.342195796567376,1.6458672541692374,0.10190849919085132
0.6159049686168289,0.11000854030379686,-0.02320955787354068,0.02656745718185393,0.5648613046131405,1.0755901316900138,0.8883382379567247,0.36058356499115307,0.4862719677360988,0.9249784621570487,2.4807654268858563,0.09008653189011069,0.5305326982851468,1.5576860700457948,1.229763216027341,0.12210289415309827,0.168068814625533,1.2928083466472513,1.240829216305506,0.11111486988543887,0.4324457734336514,1.3658806208071208,0.9154312692534342,0.21291182658034724
0.5666054466331446,0.12894343340778391,-0.03105360802825424,0.025892195472974607,0.6097789731613855,1.4053414115924174,1.0474967731757945,0.37915041297161467,0.28526619033422773,0.764961857743192,1.8261943348042242,0.06690112402706398,0.6380967902890294,2.726968016524456,1.0602770843310143,0.1792843953494465,0.15910377768801914,0.5097665924767664,1.048435685349433,0.2246288497216819,0.17844363418157902,2.803921231334657,0.5553427467305364,0.15366684044689466
0.5736520894075398,0.09024756324393456,-0.02245372098662935,0.027096811002687828,0.5432666625871116,4.034344299180496,0.6679269246252247,0.605747104656168,0.3088678566503873,2.9699107891027876,1.0578022117932564,0.20782547361744377,0.5470680834859983,4.107594592882421,1.0541505565741531,0.19690596598438354,0.49569167284944404,1.5480708807593984,1.148236107642595,0.22367483527588908,0.5729781364302496,1.3230603029976888,1.2341701634100029,0.1619385101547477
0.5681924483077787,0.13167132351511293,-0.0221095322692521,0.027150166360331962,0.6233071699363255,2.4664954164461705,0.8204567806601664,0.5177258410068197,0.22512915233665245,1.9462474081226144,0.9257058625756722,0.15194112200373436,0.5599028168227863,1.0894549874973278,1.3113294771363293,0.10991361219615356,0.11168478630520547,0.7356887550828101,0.9420887106933911,0.21920935659652396,0.1896250170657975,0.6447333448013728,1.1673184321198795,0.09782805645184318
0.618713769330423,0.0962816574492837,-0.02801742771823499,0.02741005319807917,0.5002615582614911,2.718507986825295,0.6640984029006903,0.5142781270344122,0.27279244930209856,3.339536275450789,0.8711964439609444,0.1913293915251577,0.6200228280544582,2.5306984627536506,1.1579380908567463,0.14126398295507978,0.11399156241077052,0.21829584939801894,0.8953870175749525,0.18654258047785832,0.5661566438202703,3.0877209985930945,1.896401119405018,0.11337236174795509
0.6333909869744699,0.12598904747404394,-0.024635268718676547,0.028308486961103996,0.6368129830556223,3.0208181767733575,0.8644328321155103,0.5310788347947397,0.3281309429751711,2.3462867886298016,1.1125324248374204,0.17344907614983623,0.6022363621648951,1.1250417869881497,1.2629039485009612,0.10692615499297119,0.20783483549908754,0.1742384575881855,0.6783115204852125,0.133012636376726,0.17533155918927837,1.0376695319386628,0.9857914253146823,0.07250356373000028
0.4502062136135953,0.1099163314289328,-0.02837821948279586,0.027952864522352062,0.5391711577449309,2.069516265850378,0.7632003388289325,0.4526413903933585,0.4014771533979534,1.3278567378425215,1.1274721624621655,0.13542188970565108,0.6313412887726806,3.671907524294452,1.0093857958974086,0.22967952403051742,0.3794067230430604,0.26603069695556836,0.7580973806402841,0.3912052606039586,0.5952666298639547,2.056315016527513,2.451970809316355,0.03151026249368654
0.6111703669916817,0.1043472932153941,-0.03331077757427398,0.026567590436343293,0.5628629037811475,3.7026132489236114,0.7491113249298524,0.6095535329359056,0.4020912536877566,1.8476774037296044,1.0664985870060093,0.13478086579472584,0.2754078461121809,0.14592681741562463,0.8962330635088376,0.07102730428574171,0.4261711525404992,1.604342025500337,1.0031447813201708,0.17507944528932304,0.18545849598876737,0.5669613532989479,0.5062008262190314,0.1601120791344977
0.6153922535079599,0.11725402224648677,-0.023548841066620106,0.02856844905386389,0.5597336789258631,3.716413887387057,0.7185474064131575,0.6278063924112105,0.4351144004898338,2.9978736987660337,1.0467284324718076,0.1651543314115325,0.17971071648614784,0.13205581638513905,0.8968399732337142,0.06987387469950355,0.5071438150089109,1.2462180292410576,0.7329515827533635,0.14910970454364064,0.12077694017482017,0.5519772405594042,0.40755826112344534,0.14131152575076275
0.3650383992401256,0.11840692991172308,-0.032220339880577285,0.028648518063491005,0.4467592383754057,1.1687323327822887,0.65548690026484,0.3993227082957553,0.3282547517646374,1.3119606736487375,1.0708889554633862,0.10009174742801033,0.4077127368659757,6.384742665362781,0.7843370710553487,0.3058216089789913,0.42772341890196197,6.319795104027329,0.7076161789272348,0.2982867247834303,0.13634917380882555,0.11699370177190128,1.2649082413447077,0.3654738178264842
0.3217506173610083,0.09804544635939079,-0.030888672010402667,0.0278267795478865,0.5561086057740008,1.968143662664215,0.9612974307596291,0.4518242151684628,0.3263937754571745,3.7445672913925327,1.1450346445986537,0.21169031090947937,0.5242261771211643,3.1952354863811245,1.0567479989115414,0.19386406613059634,0.31183349879009603,3.8342033238422144,1.0218684970867746,0.34874759613754197,0.5907809144854214,0.3987034841213065,1.0571420387192119,0.46180182914529067
0.25210946104719756,0.10800709541436862,-0.02986249311290704,0.028748837441579467,0.5771434327120653,1.4412680513048197,0.851826908105563,0.40673549515240465,0.23312826744136628,2.2918053960008713,0.9178952167319495,0.16466584313879845,0.5415929364800546,2.9842650195728964,1.325405248737365,0.21917270522745042,0.2850094686615301,0.9384358083595152,0.6576284928059976,0.23261405942538937,0.49871926190527327,0.1115965819941836,0.5775890825966774,0.4846052756904605
0.25537278680165626,0.11780543504271682,-0.023308653155875204,0.02543220033868619,0.5563534212296102,1.311294760050473,0.9591769813953708,0.3849099661117602,0.45665706040367315,1.208360608394591,1.3348174950808194,0.10667930301187065,0.558575268266901,3.9623960805464113,0.8031787915220728,0.19680060815403122,0.35148041025060384,1.1406728755971702,0.8134167428705955,0.32994282335096575,0.2497709356659147,0.13708154717818977,1.1755536538571665,0.37291297353933567
0.19551750689977487,0.1019955928041949,-0.03437059397911523,0.0297661870855406,0.5554743838632797,1.4627569287239812,0.8685308308043228,0.3994286028281235,0.12542618471213127,1.2965782023913477,0.7423120956329615,0.09746752767477472,0.6157462372677865,2.351509390996156,1.586091305252366,0.15831497726235413,0.34106804567658755,0.6955123022193445,1.0612498356943183,0.24728681051160678,0.5069626951884593,0.2892638696468637,1.0871769914705876,0.49984286265221756
0.3284456908565766,0.1343154363114747,-0.023172236019734418,0.02689201943689377,0.571903805816975,1.5412141390644762,0.834390956999887,0.42565859783434973,0.4838958757547684,3.7092065528499245,1.1029524471723087,0.19189175239390988,0.3837865014437399,1.8357969702818586,0.7721282103345883,0.16428529279382623,0.21487274265209733,0.3029559561229888,1.1845425190474816,0.2287486104366073,0.286222710032173,0.2780383624963395,1.7730449127136059,0.2693580127022954
0.4034327869317107,0.09616400136656049,-0.030786560020582807,0.028702227877659473,0.6305857168402769,1.9081630279463446,1.1257678631296728,0.42317766724966766,0.21532516939949348,2.908832292772345,0.9124873960276297,0.19646048478808312,0.49087596702181163,1.3805707378947374,1.108420299268522,0.14255604192098437,0.4331655071320242,0.7438826827094683,1.0920310934366233,0.32891675267601744,0.35844360468704617,0.3401005441182783,0.5298218814604054,0.23798165980659183
0.5282384967047619,0.12967348586982536,-0.03188159135880512,0.02795606249259806,0.5965737266456114,1.3278885888084264,0.9316317559490859,0.39309588972859477,0.24349349792414637,2.1368590677695614,1.4434915324509316,0.19291528136022226,0.49954543509708066,1.3278138091366447,1.7079292804890203,0.10283442121967602,0.32080874331852166,0.9603491618809766,0.8698384509804702,0.29804065011869596,0.3031090849483552,0.8823575506152466,1.657085353630798,0.1272856590882587
0.5289148657862767,0.0889144959837614,-0.029840735099724704,0.03109925361063052,0.5884701674694043,1.305680009876998,1.0918353175952307,0.342075322841396,0.3247225558886068,3.3750879543311147,0.680037738768776,0.19412626525053756,0.6409837835968963,1.1231185438524451,1.4903802858267023,0.0813535004398696,0.531824885921582,2.8749851176730075,0.35868958246735805,0.5300672337768222,0.33680344628604314,1.4172420896943663,1.1189469516566117,0.060171007705070424
0.6360257946226412,0.10921241830926451,-0.026490240098884347,0.027182320890301887,0.5681615332819129,3.4105951269200356,0.7719438151795187,0.5536562834058132,0.3554902820369137,1.1511790862093472,1.2294844397414517,0.11203723807564005,0.592004113960719,4.3909170593472915,1.1033854211141012,0.2978556898082672,0.3027599434563021,1.9046114211669394,2.9443795137176827,0.12632760669371645,0.3666878593741582,1.5803289007594254,0.7885949279762453,0.23391977520116958
0.6620057206391474,0.11313181484568624,-0.028964656326776514,0.028390374739834356,0.5695092814132084,2.806163322428274,0.770622331032697,0.5297571882084613,0.20711202732517578,2.5695817338118507,0.7010276172764517,0.15298469463448625,0.41864744405692855,0.5431922188384879,0.8549820758848469,0.08496545285175967,0.4162501080821898,1.8616687277598238,0.673419864116805,0.20821539977576728,0.24344828385850678,2.1938843687791247,1.0641450209340646,0.07596831277515906
0.6570203788527946,0.12695860313971827,-0.025541575650183175,0.0261853387281083,0.575582585819742,2.291702994279789,0.8977075362492318,0.5078499878294181,0.21154692021910776,1.6112187226230257,1.0294633346774442,0.12076368473789274,0.4642970485869028,0.7649041522480574,1.0615082713035366,0.0812578375594511,0.4388283578751613,2.586024329375948,0.6344907332204198,0.2184996717416048,0.2775331042545253,2.264732826604878,1.0291620172478437,0.09679313843313332
0.5473828932124151,0.10861614174069978,-0.03148514880614768,0.02730403055920633,0.5703417395580246,1.0596718916729808,1.0380531972810556,0.3463788405886036,0.2738349336000373,4.126309373881666,0.8798871439484486,0.2348782600986911,0.5205586267349638,3.633850275249904,1.0208421068591895,0.2368373668020904,0.5183193047171182,3.61753263746113,0.6328976012205763,0.30573917633960956,0.48659699381832056,0.8391863951875704,1.7408153488360807,0.15733182845486707
0.5607262279948553,0.10896565234398645,-0.030106255911466234,0.027810357191220672,0.5760147867156816,1.057052296847496,1.098622593985547,0.32825011002081866,0.2688271274359608,3.3819000434708086,0.7688100634017475,0.21154941098799598,0.6176530215259967,3.9980226940706722,1.1805134410475937,0.22866437096194522,0.32003384171930016,2.208063063823714,0.6049829904671726,0.24927551593227984,0.5216912124787312,0.8621007526352314,1.4033438656759503,0.16319402387253637
0.5661492454749407,0.10092730295137486,-0.024606229635649644,0.0253732678888275,0.5788172600362137,1.0448359376108498,1.0862966819016422,0.3436238389949059,0.28792974199066246,4.728365977544752,0.6565598510207312,0.19719575070284223,0.5186267769543287,3.196127792680847,1.115928889395543,0.2037063669580944,0.2918590807488561,1.5768784209393973,0.5526175391548585,0.25271924312728916,0.4905787412207791,1.2102892835103107,1.3000185326340692,0.1737872666417834
0.5875567302805913,0.11383172105776089,-0.03160045445884007,0.03001839279662954,0.4957845103991874,1.1098073194749312,0.8189387610720364,0.3857226173333351,0.3069473282348186,4.79756823973184,1.1025290873329339,0.22284180295630693,0.4107191619642599,2.7124292997368302,0.6673687402526429,0.11605432437927655,0.34767068982647403,1.9933786721194882,0.7237300134204641,0.28275346523892086,0.43678334329532537,0.9841204768091755,0.9232305001566217,0.14653517023721488
0.33807762823773635,0.09203502604425746,-0.035065911452906794,0.03119929971542324,0.6165338616573696,3.4107942658859627,0.9388953774333535,0.556883556310002,0.19467012653217533,1.1312973152085064,1.0703002517290385,0.10136869214830693,0.31806957915753253,0.28008062075365925,0.583484362648716,0.07931631205166942,0.4368917962119177,1.937150177466426,1.1348653959514716,0.29294628468366846,0.40575552442270546,4.8703528634230455,0.22806099578688446,0.7780025396538052
0.3982395847153063,0.11828970961942281,-0.026914009046978635,0.02958338222002247,0.5358994097043633,0.6907811452687261,0.9329552222751262,0.31373794499334534,0.20989688917282717,4.945063113126074,0.9776527522854339,0.2682732858911232,0.4996282209638926,1.1573881416922267,0.9984337625737447,0.11148304475341389,0.1424333685337291,2.4292176688815097,0.5850927427006838,0.3556220456355427,0.3690693939440954,0.206128805597861,0.7065554038369254,0.31594099063003145
0.37444603279608,0.10139038188617752,-0.019897098107047366,0.0257640454085005,0.5332435507384411,0.7797541900615996,1.0314683502497328,0.30647400994332097,0.3964698500331567,1.5888560076879126,0.7023493343158711,0.12588114354601346,0.49327595514668404,1.529158369599661,1.0915535100755798,0.1489216156850881,0.19301574403402227,2.4347463004810552,0.7209910066076862,0.29540336979472764,0.233423831359609,0.10683005945063542,1.1885709907461912,0.3238025655372554
0.6436608356920727,0.13033263708120163,-0.025960646595532502,0.02827378167695626,0.5548486799116509,3.942397057435064,0.6244144572561047,0.6099232760066283,0.23236525436804178,3.503162012418879,1.0378916205264397,0.20461252882926875,0.5829517653562816,2.3402486106624174,0.9661519842003994,0.1501515349985967,0.4111706690454186,1.387664737725374,1.1726053162684913,0.18899299779648077,0.2872282674265905,4.572303423488247,0.7942180963873576,0.11157974245287348
0.4658255202233378,0.13513061776904994,-0.02119223031836421,0.02703175434493564,0.5792216189592004,2.28791269345377,0.785792679517662,0.5027008565882223,0.13753209741948513,2.2179094353298496,1.6473122886975606,0.17154051216221405,0.5737564376867357,1.9198788091728363,1.1184659449433056,0.1327999841719828,0.24446717498249879,2.3775269177456946,0.48844744556524655,0.4033754576372735,0.1984741485723473,0.4216052318567261,2.6720739350561242,0.1572522682977652
0.5868208284451664,0.1297607695472475,-0.04253477248704059,0.026765733467441277,0.5738286926991004,2.658135999419617,0.7587372840966436,0.523842190130061,0.3261545454987782,1.9978550292538073,1.0038036699882156,0.13604410993995017,0.5744989363889493,2.1407937204170118,1.3438622700487468,0.16109252878334765,0.2183601896396845,2.345576367805039,1.1162498486287218,0.17579297546700953,0.406285645197691,5.471914792998946,0.4331358279944518,0.36681175401969834
0.580332423423802,0.12852973748195703,-0.03150778701453606,0.028558400001088325,0.5030758883725585,2.1973064920010623,0.7233413617415214,0.48588347982188196,0.3396454274842333,2.0983188170920823,1.3133666005052018,0.1530876210189523,0.5791801761979269,2.7265917712377226,1.166141452954541,0.15904334480052595,0.22889641595737623,3.456095295167566,0.9656436917997939,0.18986895161622336,0.3253280681432798,6.645225666471921,0.34893472676414056,0.4434235276988329
0.5843974977548626,0.11288711429873034,-0.020431913572140442,0.026100166598866527,0.533477830402512,1.6509704639840395,0.7847208644127089,0.4419190457505367,0.3136748519841771,1.7419949261420218,0.9309885037936484,0.12734101545394194,0.5809138701828281,1.8200762070260672,1.2691482068595246,0.15352473185418916,0.38088266001282145,2.7323572553711535,1.2822877088084077,0.26267199418266873,0.2566287022384475,1.7220167815289888,0.5325507204009332,0.23914130454885082
0.6579846275569983,0.11294766333419355,-0.03125213478272576,0.028982059704563405,0.5255069666754694,1.7963511481625896,0.8236782895056695,0.44608013576739086,0.16387775394482845,2.7535393479005297,0.7710664968344957,0.1707534393830224,0.5803148757597031,2.2059064562713115,1.340245344333966,0.13152681545214412,0.37802221838056044,5.351124686721032,1.5144352092421027,0.31724667438455517,0.18467287574763916,3.561153128640131,0.3758413805670887,0.24853244648843306
0.5901895841496746,0.11057087025718584,-0.029484358582455773,0.025921222226309354,0.6269003936331109,1.5038950008962844,1.1024479158559743,0.39319258917982797,0.5179553181797141,1.1789172720065366,1.3781402268376146,0.10975858951434679,0.6430313998015069,1.2507842696226934,1.5157665184374158,0.11830046076863113,0.30587104028384904,0.9389469423039232,1.26138917200735,0.20731975453921386,0.3621673734436788,1.0250319609733975,1.0269474398210177,0.10310891499476
0.6450467326782687,0.11684047151170168,-0.029190826638415414,0.02906778952941226,0.6127067911494691,1.6438387258345792,1.1666436608779078,0.3782267194331842,0.24251332140232834,1.6128204180026808,1.0879388791868487,0.133314940450465,0.4063515882174652,3.107185972601577,0.8840170477770971,0.17295254675172772,0.16442042180530322,1.3597991402893133,0.9051968466925101,0.18118571560808272,0.3612628429503987,1.708514769600277,1.2937210911427885,0.15905606799786576
0.6537585925664788,0.09161000315441525,-0.018507032680036648,0.02668058812809991,0.5866005960435016,1.4266323821199625,1.059206452056913,0.359152816628846,0.3245690015933576,1.2976548013965743,0.8349627207449791,0.10445763537986574,0.4186452020659512,4.574069074174912,0.5677753263500803,0.19841295726409178,0.16996101299043445,1.6966850970266991,1.0317243650212728,0.2008556580458613,0.3420354412358629,2.1466145480691576,0.7415145979435105,0.17691847621772044
0.6348775624045296,0.12294027554936436,-0.027155780140604324,0.02528962323974852,0.5708191870720101,2.6900657477640357,0.7689122871670069,0.5244046443659474,0.29671782143869013,5.776007220412269,0.9503086367692262,0.22356815581365996,0.6459242429525726,1.751128658092091,1.462376067598423,0.11265814896172253,0.4309748167988056,3.1194722963242505,0.7113680252761512,0.30239538389730136,0.38014480804832207,4.904457222772064,1.282253644765199,0.2188836666525328
0.698271443339133,0.09949223834942408,-0.03319879064485659,0.027074916334651696,0.5907776969475402,2.4713364209120394,0.9006062903504071,0.4938248938470313,0.4031099477631927,1.1722407251275273,1.1432425553540595,0.09833097756740719,0.3952180041510192,0.7504558296611764,1.148445799928208,0.08173891572152159,0.35831749588681183,3.124461934979362,1.5398348569880855,0.2176311806367265,0.3036229070722442,2.3727216416932984,0.7693454025631814,0.14783869850608058
0.6494648756438333,0.11951437678418766,-0.021118288157817806,0.02549479476756023,0.6220941208379569,1.5991190233916925,1.1539849894574852,0.38427035575898194,0.2771257621597889,3.108513627620706,1.000701430819847,0.18635007435105466,0.49333493644863663,6.451452441446618,0.9775148165695426,0.3439777770577026,0.387762163262291,1.4997413189334452,1.0161890900484445,0.21565182911853728,0.29636343350801686,2.699155726260287,0.9385908155969229,0.1141639652868781
0.6352815866350329,0.1081580751635059,-0.029833952381443433,0.029849279630809987,0.5423209328281309,1.4470454503165,0.8326469430655219,0.414533532552235,0.4408436769629235,6.168648048495902,1.1343614957183656,0.3607099715501128,0.5562315255884622,4.358188734646477,0.8518868558335693,0.22851658549514278,0.27192258839239747,1.6525943918016834,0.7273390445358546,0.24928727818219443,0.38171011559379286,2.833458943122375,1.314736533092604,0.1421605766923186
0.5892309191019738,0.11659206935405436,-0.024375496577771175,0.026971699037290117,0.5910412484933348,1.1204768366608806,1.1252767098396166,0.3322212727734559,0.4328659791838227,7.998604748482762,1.2266682191949432,0.47350274696531275,0.6068855039556296,3.566078758484346,1.1597731770248951,0.24441443432523496,0.23126291189917753,1.2519131670154047,0.9747370468384142,0.2503148066455704,0.3868617848060376,0.8874511070401674,0.9755967185056896,0.1312416047990135
0.6644360409959152,0.0949015084432305,-0.03434076829828496,0.028562684831435585,0.6032493456277648,1.7335717314227594,1.0851464696365838,0.4126688939877738,0.42414646235290354,2.544640240746033,0.9893707120582528,0.13256924776813148,0.4534757798997112,1.358902520356024,1.1153338589321153,0.10751339494715467,0.48899290696954406,1.8096022147126012,1.388372132857464,0.1916483369720923,0.4821889693386401,4.603011600438131,0.7916447831596701,0.13639289083574854
0.6997609318721316,0.12820267021300938,-0.0229091469121109,0.0244890208673907,0.5693101362136159,1.8158555197054718,0.8445862077296891,0.46025903313476163,0.17356028372427043,2.035363586802666,0.8347943936347457,0.14013622140337623,0.4967851254062316,2.5456993039344447,1.1422005075661603,0.17322595915939507,0.27750655953063436,3.372983647378468,0.8331065928261829,0.18315565501346034,0.3717589277960967,4.767943354836931,2.0221471826707584,0.2635325884476675
0.5710597322297054,0.09514097389209472,-0.027497304335776972,0.02475991586656212,0.5784570527580041,1.1834016826563867,1.12976264929539,0.3349823341125917,0.36766542343838743,3.533641185914044,1.0293738331029323,0.2447154577497516,0.6132376724559254,0.9903528443266023,1.5395055837360745,0.08779173049615971,0.4670562192610335,0.6541816232051337,1.163789264581962,0.21897030098374345,0.2973044401349772,2.4808791763834392,0.6552675875676687,0.16653000195490006
0.571088416877205,0.10076219703633885,-0.030045094506668785,0.02584055304562618,0.5882784033309353,1.2126178504002056,1.118445785093396,0.33696980588420344,0.31934717242059446,3.7245631601686613,0.9137380006481668,0.19207949725962192,0.5604434528990477,1.0539548454512329,1.5112430525891,0.09401012368807486,0.42859837878273926,0.7707557363669664,1.3181170641154918,0.20830797127483125,0.3352457597366686,2.216248092886026,0.7296275689512663,0.20181369918228625
0.6735917166609905,0.11750157127850815,-0.021679162926364053,0.028012058871506703,0.6001139911377874,1.4091957629596121,1.0625029891225986,0.3780360589317501,0.4123644675942196,1.7178041129253823,1.4471709220670579,0.14634317263448238,0.6356056208281275,1.28115155601752,1.695870457539537,0.10317553727056832,0.3303348622620523,1.703154091160672,0.9437502452116159,0.18004744234809125,0.16404970435089267,3.3426799851475124,0.932031593683634,0.11430007404636032
0.6288526212262663,0.11540973812654372,-0.022974680855614694,0.02490606800370426,0.5824015276762846,2.0146789517257058,0.8437631194802802,0.45301232543261993,0.3080553462636193,4.095149853447789,0.7835575592400423,0.18451045673885957,0.5190695400890929,1.1970567353645978,0.6792449266472741,0.10698558538174759,0.2780703536777783,4.19570424890063,2.010831231657251,0.24304440011064213,0.5244199614951157,0.6313092320012219,1.231755531555177,0.16756556141743642
0.5394521976254816,0.10508999306674272,-0.031619167203613824,0.026413546465053377,0.5383654222150587,1.803736273314887,0.8430176158567455,0.44111165703129585,0.24340710836861093,2.0132289182506597,0.6025902946796706,0.1351623229877686,0.6282161349857566,1.785919045971175,1.053553852014193,0.11156896431143841,0.4331366733842628,4.50513590423577,0.680593466393391,0.3904148220080308,0.1769643481345353,0.5652841980032113,0.4406091152925593,0.2189895027966118
0.5497162953000371,0.12647389469679854,-0.03235837225791113,0.028110299037391324,0.5896912698832428,3.0836064588624814,0.7698956577345732,0.571112556273837,0.27167599011014976,2.295271614331587,1.260530278491647,0.1668893354204531,0.529703140272641,2.617447836023104,1.4119580217354657,0.21134335157290174,0.3149102341534382,0.7771954935764669,0.9679854888644911,0.2175974912984942,0.21339459103013425,2.0933128745793974,0.4231312969162204,0.20873499370696336
0.5348684451494155,0.14607382810206992,-0.03454735782238028,0.02821691558600032,0.6137875709388635,3.2038173639088656,0.6882443108274761,0.5857447290711623,0.20277121244025487,2.2724923631026037,0.8202034611769852,0.15145051612948077,0.4906435824844458,2.5820153960349166,1.044374833176243,0.20989878674281162,0.25501875645769645,0.685390790080224,0.7712206940553354,0.22767797823830246,0.14659359063669963,2.810566429894487,0.6199068325992099,0.22079341529255822
0.5825430497891397,0.10948331201505766,-0.022687313690793992,0.02894104119963395,0.5719052697284611,2.6203831113676244,0.8986237976388892,0.48579145695687626,0.3275532533816228,3.305529809457304,1.1720406891554938,0.21337841511999403,0.49929545498591354,2.6571325029353723,0.6724544831052698,0.19169709481645889,0.3348636090909005,0.6068601517307065,1.17743287143362,0.2042037167799183,0.05719589068840291,3.1381186759741935,0.40566605640324394,0.1713292664910229
0.6111508113597397,0.10026165204010429,-0.03963290209667104,0.027759925838827408,0.5974298725438598,2.6507878005526666,0.9463275987057218,0.5120702047822085,0.3424585941024896,2.549448425150051,0.6994555535252635,0.181938313973901,0.4472436004320747,3.0237337320969715,0.9146240509977323,0.2085956729062072,0.4320057347977802,0.9734462893301089,0.6133493935412546,0.30202250789889323,0.029652827643559507,4.2600087834605,2.516593233499873,0.10411840632264475
0.5382182013318786,0.13175712393581737,-0.022599558083840465,0.03096777672560592,0.5658162682234835,2.704678783107739,0.7145964318431285,0.5276257288264274,0.24373472310925093,2.2678098495683203,1.1681519908302238,0.19492990127543,0.47679910405340836,2.3614036082096344,0.711682548609986,0.1727468390120615,0.38873525848215806,2.0618398727727647,0.9622368514115526,0.23905868497469593,0.7040554365459027,1.1789088655707625,0.1668284991117945,0.23487757764593248
0.5600373485260687,0.11569510711801728,-0.019291218555914827,0.028530625537586313,0.544203275472138,2.989208004109217,0.7737218834733579,0.5400877353173797,0.2861612902766104,2.631388697936099,0.9273823973339432,0.14562321759403551,0.4957345621476506,2.896375250801131,0.8131861847890137,0.16056727336707624,0.2904158779498929,1.7325993840245668,1.1873843484206528,0.27699779389500034,0.6904916767817896,1.4396690309555726,0.3385495993016657,0.2133115319610241
0.5532669640662126,0.10351752505970471,-0.03386866279905472,0.02660306342736957,0.5993258437049562,2.195747354764379,0.9825872759367813,0.4515834114210656,0.45438517371592885,1.6179683219060268,1.3130239785103908,0.1251093881337996,0.5779847579461777,2.4826383380413213,1.0916800900666168,0.20112621942688022,0.47901396732752155,2.707275708525375,0.7500340009113315,0.3748431117199468,0.3617943188162618,0.9353904731583009,0.5854502031059472,0.14594680816567884
0.5816615607343035,0.10701081385901626,-0.025725581737198,0.026887541827101628,0.5010577856026978,1.1828743983106018,0.7728176723614006,0.3830473655557006,0.24585424362521355,1.9204087591953944,0.867648770914388,0.1258618278667716,0.5356802051896961,4.856864029738412,1.0483488760763773,0.24878749854918958,0.3503444426649926,4.263396718999518,1.0235426389353326,0.26909232878916056,0.37457952683905127,1.8209066976476813,0.6093116701575875,0.31769556787289627
0.6041142729350245,0.1123910027038288,-0.032100272741395444,0.027814593453545925,0.5699217760781234,1.8884489616965467,0.8968616640118725,0.4448168662424064,0.29441018099006877,1.083810644289254,0.737408294168396,0.10170176602206735,0.5721258779389764,3.5184883326164047,1.1790809748795112,0.21909323204542253,0.32561224675068345,3.244312418594459,0.9957200209430938,0.3032792259457689,0.31725209989730596,1.6788224917839576,0.5117616730691288,0.19928942330536714
0.6561148728838834,0.1039630222124995,-0.025152290107134403,0.02507933265335976,0.5615400131566033,3.4965915749932903,0.8070724547928554,0.5877300398977623,0.27236860117437645,1.9563405141636618,0.8481824169260938,0.13553746703975783,0.47145420947174743,3.4490658290075333,1.0036526028075479,0.18676833254491407,0.2668342421911651,3.126674037052635,0.8234482516082583,0.23853711706327044,0.6233824851690875,4.322123488679121,1.1125006359690361,0.1944896299514201
0.5907502962672352,0.1009524277720872,-0.028727635529260227,0.027151056110875114,0.5712175291390948,0.8851504320025635,1.2137767759019582,0.29512611488526885,0.27193423931227856,1.3270953757003503,0.8820967832655481,0.1223820878746643,0.626246971320069,2.969613625363852,1.2351891724504465,0.2009535704508047,0.40649636649180326,1.4138179337702292,0.9638350794964953,0.22409736224734444,0.47122596020400137,0.9869499796916885,1.1531428579164267,0.13764347002825417
0.5650703231150235,0.10982035990093712,-0.028198221259650894,0.025695374654119228,0.5999195766777918,2.2902713094282587,0.943580101711056,0.4844561782010883,0.3234786018316216,4.725671247939046,1.0310114024913182,0.2643549204225315,0.5140732073920542,1.6602203181478972,1.1752573118336054,0.13676144522582198,0.3720562894500764,3.2045865772259097,0.8672884689474337,0.27379223484860704,0.43007656834457564,0.7686972847167473,1.0741873210743016,0.19559411960054654
0.60168610952735,0.10149793712238027,-0.02202028003981789,0.02882394644834846,0.5196476459999523,1.5899974690602972,0.7169516380731317,0.42689836979610335,0.2654482132239142,6.0445866108330675,0.8230958354359076,0.28538916975929113,0.5816972852320214,1.5947111281641986,1.5270297180907288,0.11821229038881882,0.29805605452588296,5.621043222228384,1.674640143166552,0.2746938114890823,0.4971616503547686,0.7622957155210376,0.4606661012770239,0.2856935305577256
0.5655352003698081,0.10867155218798971,-0.02894861117818711,0.025193686427956385,0.5370143906718104,1.2769942528164662,0.8583412349314632,0.3884649005457536,0.36303086666321865,3.3827722616241482,0.9813430392590501,0.2001245283812637,0.6087816049798949,1.9106462911036464,1.463655030854219,0.14714739552323397,0.3527157421136031,3.88893775905247,1.9598528219020375,0.2577212882004286,0.5255740111462665,0.8622422125894496,1.310134255061368,0.25780097730985896
0.6427385276599147,0.09874473192093318,-0.025589374362868976,0.026189411724575135,0.5543450804021118,1.106394534657388,1.102443375637492,0.3362336917324348,0.28036593820070166,4.164344052922976,0.8640307618413384,0.19961573682486122,0.5465221886167352,3.3112911694700577,0.7783206426526661,0.17658059862525508,0.2513834443449539,5.900389990259312,1.0044972537844206,0.35524568610049634,0.41735757366199056,0.6222537489362044,0.4723634528006727,0.15841503726875214
0.6433788177827714,0.11411955065416839,-0.023504585414062123,0.0268374468564966,0.54867624245904,0.8036308573445512,1.1742088056138265,0.3098083946950742,0.17807022727784622,0.6794309771194215,0.8281232877730228,0.10808310873831883,0.5900507618674973,1.945274648283957,1.3046887333332018,0.14681648371826886,0.4368178464679819,2.6425411721129164,1.426332904303805,0.2024336993986295,0.36090839736787717,1.188526854897879,1.1555550413059998,0.1365911519417596
0.7050118132031329,0.10177367414886979,-0.0248896347972664,0.027191133055755226,0.6041284418691053,1.4087516173073247,1.1226611489559846,0.3738713314026356,0.32731715614049495,1.5977775608813145,2.062888885810187,0.13253069591381383,0.5717856408730309,1.6211156082864078,0.988659065054518,0.11840829315839739,0.2568927180062694,4.514427116056034,1.2673533303333235,0.20149929773187214,0.39642669122451674,1.4595196176872596,1.064808299638065,0.11566915983101361
0.7102272435840492,0.09430284790024518,-0.028287438530572008,0.02747254451928644,0.5611013510687015,1.463217188296347,0.9167558941628265,0.3712237480984528,0.10156572563866521,4.000776142508466,0.5586546315264335,0.15110124008088055,0.5770254436395393,1.982960387567335,1.3870566847234624,0.15655186998719794,0.3280182096328698,2.6173555796838865,1.205035568458869,0.2491236303932558,0.2389301799100696,2.0625251237256244,1.3346511412097533,0.05322247407479685
0.6805912390246918,0.11746400033211409,-0.028015309054151387,0.02895057784322125,0.5834295925847358,1.4156833728521194,1.1855352124354335,0.3733783823742781,0.25301706545250985,1.6562874902878906,1.6971717148581278,0.14207413258805873,0.3678218659392775,3.628515151756257,0.7839078584026874,0.17255404074621464,0.28422518524208135,3.486137526552258,0.6574064026358486,0.29230831414020986,0.06960928915293603,1.0357733240717846,1.3716029254438564,0.047271805619884415
0.6572197785879718,0.09966886003503861,-0.033777210678152696,0.026444606289906677,0.5754673490963762,1.2691386644741804,0.9695535860343318,0.37548647438356425,0.37146530454313903,1.9627665858445518,0.679988232846612,0.12533118836244383,0.47532970865908697,4.8726228053709155,0.6609061584576456,0.21124609010003798,0.5470532812863398,2.6281200376978084,1.3416123412982592,0.2423597044294936,0.3115190636031961,0.9502785548644823,2.463697836467459,0.04365392812848648
0.7344762915728714,0.11935793798960025,-0.019068771408276015,0.026121557921687764,0.5495936349554984,1.8559250224708428,0.7842247393079896,0.4495401646023542,0.3666597902936966,3.7136875179675033,1.257935331924036,0.26135738218419075,0.5808511633822064,4.171889284643243,1.2603091709482057,0.2662656870938183,0.16430601907728026,2.5389300919276203,1.1992033291914246,0.16743817092818095,0.3801251404390872,3.346657033838012,1.8768392840518868,0.03670462158001785
0.6330933670739542,0.09770089836071898,-0.02078813522974349,0.0279859361039666,0.5387918062077829,1.6662906520986052,0.8390945792804025,0.42498482116560565,0.340073614174876,1.3642120742141326,1.0498730249179367,0.12169292505043454,0.49900052983368226,0.889839757999125,1.0738544832019545,0.09805411977960937,0.16839157932162377,1.0934395441996192,1.2616689457678418,0.11805836045559641,0.28866910083001524,0.912097481399375,1.1017872364024486,0.17469703141057516
0.6917010933684625,0.12190033788406358,-0.03912167657044916,0.027219483930354386,0.6230881608178508,1.9147561861377234,1.0659248415703362,0.45441439013509966,0.2439796619783658,1.2196942185662665,0.6276672964131965,0.10853866059044877,0.4438163098430607,0.6971573238589251,0.8410566365427016,0.08988900271423282,0.3374490555145986,2.8461107128278003,2.025728337732894,0.11683787487750442,0.44350293899896387,0.49996229042950524,0.6928932508005982,0.09407275172176521
0.6802943237022201,0.10851690044059129,-0.033161669349201235,0.026971858878250127,0.5026012891989321,0.841648578809044,0.9070674683227078,0.3366925231446799,0.5086416798060782,2.0058635820508783,1.1537371792213136,0.12865303287330854,0.6359594691186288,2.32851282999147,1.508892593085174,0.19232161970805717,0.38059357985606185,2.056120140268258,1.8798810841252238,0.1366062113286644,0.42846239888349075,2.3059843164180887,0.9966157025701684,0.13909212736971374
0.5412737205511842,0.10327190026648844,-0.022735077286568223,0.028076712407303143,0.5755489595879286,2.5071889144633097,0.8408612441327207,0.4871767803903342,0.18518306778532825,2.617432329169,0.977066893136914,0.19802276108924655,0.5379738464326452,2.079024041975171,1.2866875366481159,0.1318220621139309,0.42935188789261086,1.7744613801965905,1.0556726823522087,0.19439196195261024,0.3681660911657607,0.694406134598168,0.7757031242148213,0.2635029999399201
0.6221199023402414,0.10990912247345082,-0.015698029305698264,0.027814104851037892,0.588667075175284,1.1069943809430367,1.269408929124172,0.3342390956347592,0.23447077820862092,2.010800774919505,0.5062880063097206,0.14114161999465974,0.5998416583564411,4.475493696478851,1.213845257072334,0.259521280004809,0.03886238428501098,0.6591785987918357,0.509049498774823,0.24446868687740894,0.40384392624549725,1.9216188618083225,1.1734451203551983,0.07254990927903396
0.5674108709809681,0.10480588910196542,-0.036313296058411125,0.028994770887466267,0.4889053667955711,1.159321820423025,0.7484497005134988,0.38961660791312114,0.20915126706101722,2.0085151155906678,0.7859824284412616,0.14941486227935968,0.5905961498638269,2.3540418791151883,0.9012506962094017,0.18204992268514764,0.05119375392946921,1.2887190229262135,0.6204702991182467,0.3972203811957325,0.2992955678549661,2.209584058521935,1.8103494232616937,0.12056513906028495
0.5458467450941314,0.09840751744151044,-0.01744614412558892,0.02678141282933439,0.4913445720142817,0.825134483589898,0.9058241473082301,0.31815346114129067,0.44268152953942314,2.8359040800505313,0.9486981220272646,0.1959707546706858,0.5397489908676466,3.5768284465159272,1.2450765418497105,0.2355226205699586,0.21935913448982414,2.2994068833173498,0.36567766569999505,0.40391036367028677,0.7325193262130731,2.1538355281091714,1.1328515508530692,0.12756893267450153
0.5442634491795787,0.10462556432775892,-0.034089023288640434,0.029850727200198,0.48896698554493273,0.9361284197594151,0.7839043395989775,0.3507740680239147,0.22350764522320224,2.247943394152726,1.242287323140884,0.14454218893098875,0.6218214719914558,2.2817053686121263,0.8889998550721008,0.16642472749318588,0.28913443105009234,2.8393256265979026,0.7312327522627,0.41792893877045656,0.5121967291492331,1.6489768911785325,1.3364182091620842,0.1706449576796185
0.5298533911575874,0.10355297482918567,-0.021278386466706413,0.029118781279755396,0.5427261157636555,0.6621604981156428,1.0886212089730694,0.2928549912825995,0.20093278624992653,0.5712064733552661,1.4626095634128595,0.07873298762140456,0.5450987351912229,1.7319563536104756,1.1675247227425487,0.13474374625282168,0.20949329314649515,3.3024523196103353,0.26217062469236235,0.33864128891473405,0.49048179179027895,1.071320559555895,0.8887836831368436,0.20120735121923342
0.6000824799862482,0.11521094269322041,-0.03364808274457657,0.025474934447546848,0.5345791490074125,6.198515355376523,0.5897577606035248,0.7262188187284498,0.2757790726463019,4.6037529816344,1.177559906330705,0.28462900861123425,0.5424563016103656,1.869301946990932,1.0604808982967882,0.16240273250043777,0.28654615200644457,1.6231555472106798,0.5431138988383207,0.21356876245912973,0.5897708425513891,1.7710451491598431,0.799800050542366,0.13706518760902747
0.6681055111162373,0.1125691277411038,-0.034422213813780314,0.030151726047821147,0.6390486597835472,1.0357939164226897,1.4077157107809248,0.30144076141541504,0.31126640839054587,0.516638822303813,0.6040655168638794,0.07980145875026809,0.5840276173179735,1.997189672865939,1.3406752117589835,0.1274199749297844,0.4169346088436698,2.0413645469648607,1.4883606003578707,0.08223664156016515,0.43360800488889734,1.2302300827761938,1.3603429998818002,0.1592914159306781
0.718066358836082,0.1277648890011826,-0.024562949877956652,0.027293996672745808,0.5806841533547533,2.134374859171027,0.8156307027629904,0.46858699640428203,0.2972800448950271,3.0507094314973835,1.2358839565011588,0.25722556036435096,0.5564736041108262,1.324558756988956,1.2014164731189336,0.13525643020904377,0.34325209083853825,3.400101801043461,1.445563610540339,0.1808579678517432,0.3360285704385157,2.586246303219717,2.210237675709041,0.07684723290810878
0.6872277091206935,0.09998408761307287,-0.02690860469124384,0.030517873362301075,0.6191072952563914,1.2318453673368168,1.0774051946096823,0.3459488563786668,0.4336262970835748,4.143826883168892,0.8653118984125677,0.2350957139519209,0.5693919145553331,1.371851849693635,1.167468789102725,0.1325116821488135,0.4266197874707307,3.9841073024007563,1.441105705233522,0.2942298322136648,0.1345240735422183,4.1102704361988005,0.46620838412644283,0.08498640024101814
0.6912286032928614,0.10742330612575186,-0.027509544854986745,0.024504241039499643,0.5689672261677184,1.5766893421854555,0.8969953157369843,0.39652772542023834,0.299755019925826,3.381562302773022,1.081610976389606,0.22244838812039144,0.5611553339997778,1.817659170245822,0.9177453925234418,0.14977031989604297,0.39376895431340375,2.4451819968386883,1.011064663741344,0.23011642605730986,0.1996682660750711,2.8830041520215426,2.0584671405032413,0.1053952070759636
0.6694941021470862,0.1165482137442904,-0.022636042025588235,0.024783501907705882,0.5864601524349093,1.9075132796467738,0.9974417870765253,0.4610769564316931,0.2716509964940931,1.8414586044488224,1.1094023471719725,0.12712495271909757,0.505958845894148,1.3684301247485005,1.555843518600452,0.1010443059555468,0.4656620842307893,2.807798656975715,1.0443999748531396,0.185630988196574,0.3089662011140213,1.4630866814443653,0.5164528163138747,0.10807903630372527
0.6538398200012528,0.10500454522361531,-0.031165964843537848,0.02978000112097718,0.5570911611850724,2.4715309239764838,0.850535474906032,0.5293422579641363,0.30559101869808863,1.5510684237067478,0.7807495526985553,0.10568695738287648,0.47805674369570395,0.8109493807006647,1.61670506439908,0.09621206956518051,0.2889259470136596,0.7176742632251585,1.3596954409540327,0.17486594907404515,0.4057974041972593,3.8569091328653853,1.9898098793089305,0.15106436072279864
0.6720350334653705,0.10959155939806067,-0.02490452752043399,0.026509257000233405,0.5497210327507163,1.877124007547812,0.8219509887325681,0.4323347708816562,0.3903622229951736,4.846360158983009,0.7534346336032761,0.21876034671454034,0.5113405092688599,1.0214157971430824,1.1455978486546055,0.1031552272689397,0.2039280453016883,0.9703968254351245,1.0817589438991022,0.11330693555659671,0.5440702920262311,0.953693838036025,0.9659469579047841,0.0840062514089891
0.6449886742408077,0.09729090264716884,-0.027413380043945147,0.024600848742577855,0.5771486298243143,1.2599232208501907,0.9811905340661631,0.3579775618421279,0.35824435768146795,1.7117775573026388,1.3746059117188587,0.13032727459018656,0.5676099658092293,3.5613281806249835,1.012420087319765,0.21658932441630901,0.4406322677978828,2.55374413250194,2.6464825189090684,0.15121190897570044,0.5332839966913924,1.2082578661176995,0.4259356610316196,0.21393574240548377
0.5982576765673594,0.11733889861751609,-0.02819804532898952,0.026544236758941343,0.5854766296292176,1.9988968506636375,0.9958875747674378,0.45846833405121373,0.21083330479695145,3.0936584873745683,0.698519374903674,0.18962481423311267,0.5384994763022475,1.8158681455646581,0.9859652833991169,0.13055106120791246,0.16019022011836556,1.444216098167011,0.8984963838277353,0.08300779477881631,0.47553399665172835,1.0881379813194056,0.5368113712696267,0.2648406257731273
0.6394536986992874,0.10971691035864842,-0.02966246007779941,0.02482103085364194,0.5907361430202469,2.527849636631977,0.8859335597500746,0.49646351664015653,0.272702534943846,1.7315645499443055,0.9512889026071962,0.11096299055297962,0.5741130295057475,2.699688976097321,1.3908309602548323,0.1696780604476765,0.3349923984883465,5.1086767146396745,0.607340230437644,0.36539825714313906,0.264414739967368,1.341978256500132,0.8426823136147802,0.10554648452217417
0.4902570528465813,0.11872826625708893,-0.020081447830839268,0.026959790161747984,0.5760940534362846,1.1818284080143993,0.9146163691635549,0.3754737590826968,0.2173342076659481,3.256091970473854,0.9310335720278025,0.20245717516302428,0.5207889638432769,2.1289559350454317,1.183080770041308,0.1531002604293681,0.30787905789391057,1.0271877242862182,1.412974442793101,0.16365928028683682,0.36567849953855325,1.835135972532947,0.49289385211891135,0.41967099720135614
0.6795805918976997,0.11413429413552968,-0.03677743835801454,0.025510041482361596,0.5677582805404056,1.1099541290979704,1.0040263540186625,0.35566994679885083,0.29084860452484934,2.3865316058984334,1.0111534984794093,0.15210752244277453,0.4933461726037361,2.25386213131032,0.7226261456702529,0.15247590548323492,0.3772205590884419,2.6659804793479482,1.2607977186161656,0.23609944475637953,0.1878452462944568,2.095523068859618,0.9759009652217735,0.10099254936889786
0.6957356147003961,0.11489109359360526,-0.01680063296611344,0.02822086064955358,0.5420522967996854,1.5411490714249245,0.8575094146851796,0.4178910928814413,0.35633281716494003,0.6649880227525145,1.333745457022113,0.06944760224738396,0.5092196189962653,2.3473439423990548,1.106152473371147,0.15395445376750533,0.4764098466054056,4.175604291546904,1.2244573106468877,0.13009488993453136,0.31371646311879564,3.170345966186743,0.7385115136199505,0.17927776376244342
0.6118880947487012,0.10271273068059122,-0.03421976750126212,0.027163102043846754,0.5433323960955833,1.7683246342704566,0.9102037186070047,0.41385449683654524,0.14283837551877596,0.8104463021393096,0.8355653546595031,0.10319665548175619,0.6019465475589346,3.1595771165973705,1.0618672451246358,0.2049248264435991,0.25349716550042917,2.3068954453073576,1.0148424416367945,0.32134071737194403,0.43827162269367426,1.0368543877183085,1.3288169508285514,0.11849116235918136
0.6220765871338676,0.11705236815272083,-0.020445653321518164,0.02786201581195758,0.6255547714218749,1.5924907534055999,1.1216984988841447,0.3734611107713512,0.3553960763637849,2.79258483874092,1.2868794828428511,0.15669614313627128,0.5301941557550096,3.7202860690042665,0.7222644790368979,0.21598884597313,0.46924212024390627,2.537239256643423,0.772868482002539,0.24151929552801965,0.31431818612141676,1.798595123805923,0.8039083568994297,0.14343343932078662
0.6091377545091536,0.10210634524154023,-0.036546229277636524,0.02758823933032482,0.5614426420925274,1.2133486068041472,1.01994105003529,0.35810412628398247,0.224764453610305,2.3896036166362307,0.6763698849579922,0.179999278851703,0.4681479982457847,1.5609136818186105,1.0676424008484209,0.13211086979436074,0.21152550194549763,1.103304606776166,0.67941080379478,0.28637266389728955,0.15286632248239973,8.383729955002895,0.6697395782122766,0.20442561796368278
0.6151461931568953,0.11799341734060005,-0.025994327990014613,0.029145905622647673,0.5568323086288903,1.396738181923062,0.9263846742084332,0.4034869401187396,0.19091390758808324,0.6993003936290356,2.615752372203227,0.05832459777605749,0.5253023221459834,2.737090227840618,1.1644890697930201,0.20952142268891868,0.4062472948293129,2.7795366436470434,0.8466617612712601,0.17025633025998807,0.688999509577286,2.2484891701318053,0.8640281372833782,0.19867244948286927
0.6779283121972399,0.11565603069692457,-0.037056393322926685,0.02722680418126117,0.5868677889273654,2.0519470112292235,1.0160998053906318,0.4832567021171662,0.3904363227780692,0.9584167540043154,1.5866773263138862,0.1002016153809218,0.42639723835558635,1.376348928663581,1.047337028234329,0.1230870490321284,0.3041062895027783,0.5658324193121622,2.137894142146176,0.11809139608111922,0.06866416596306844,5.00577527033127,1.3517946069872337,0.10061574941698065
0.7041717250027894,0.12778097553215548,-0.02018524191735664,0.030578563901641334,0.5469110075266279,1.1885920754034909,0.8996258685901904,0.3816061517566072,0.4277563947739791,0.8231088043413306,1.031358010216077,0.0805847279309997,0.6572497611373198,1.2991927435441653,1.9885181012116484,0.11683808702606585,0.18856590671410733,1.329634036541083,1.1110406000441564,0.11318647864637323,0.04995630431983427,2.312989707834268,0.9812447331854844,0.051784864293539325
0.6537899701897449,0.09434572413212512,-0.029471541974115504,0.029528734205769607,0.5877209950567783,2.623235951196688,0.9841859253153481,0.5213361189150664,0.4188748731775451,1.770281233433518,0.9462472905515068,0.14338284865277245,0.5214994810720385,1.0714255456503812,1.0266053067914251,0.11099812500782652,0.4703980248895461,2.061045756108024,1.703199783033073,0.16230597296493754,0.5623785988362152,0.9039773268787415,1.7077461860293528,0.08771965005173936
0.6740061558511132,0.13220935918624974,-0.022816959704343043,0.030872641690167284,0.5172908815513322,2.719252497005638,0.6278828585808467,0.5436265632825087,0.34077076354161556,2.3443243473620665,0.7509970837878064,0.1380150718464014,0.6330904613170508,3.611097264223741,1.109988053258595,0.2255854825793523,0.09286186779611309,2.336339056161101,0.8431283403742639,0.11747648074857236,0.25080671471675103,7.705825590418391,0.38367669316127945,0.14681961822829168
0.6731432095878365,0.128983328590855,-0.03155173518656435,0.02822900013395238,0.5101900342769335,2.215821300309484,0.6798961705693811,0.5163357504651155,0.29751403910655183,1.7134926648985525,0.5364359516470794,0.12590986308426286,0.685134747082262,3.1103011692893303,1.0802302188053594,0.22092590641139756,0.13722977737757155,3.3221920325934438,1.0305864590979927,0.14556472273252102,0.3488818029667095,6.703407201352314,0.6985493838392673,0.18287115370051407
0.5397499988420562,0.1331013739204562,-0.03479024506651199,0.029680491828656466,0.5440583168531339,3.0563942586960025,0.7394001849443574,0.6038222862382955,0.08313851188889516,1.9930409019987867,0.82094740520041,0.09632141693068008,0.35964483885706255,0.5292654989683685,0.860385114513367,0.09159732845203085,0.2640582204350565,1.516432986442252,1.2763665849995984,0.1894369129638558,0.1873353434708667,0.5325203388476333,3.9359995580526563,0.16984670440680152
0.5295820737532956,0.11118467006522846,-0.01838279759306957,0.028081305565295856,0.6194261861036188,4.2876045058135155,0.8134197873492883,0.6111771743226315,0.4104180781704634,2.758123361378061,1.0578514158000374,0.16432562763158876,0.37254928531497433,0.5731335868490955,0.7729669518200863,0.09045427976947812,0.37456462072731217,1.17411162190398,1.049331236955122,0.20937690047290777,0.2710181482405627,0.4089592990629116,1.9770551908832064,0.1606442774966805
0.5261839682801535,0.10787335221134779,-0.02544030401485799,0.028044104396410488,0.5627960263471373,3.7299549066877598,0.8440597333683098,0.6061016253136032,0.4499925104594052,2.770772204376633,1.1622733666396072,0.17068082566973766,0.4293451352444718,0.5565792859366232,0.9757458193938006,0.09203508937858275,0.3081351084813039,1.322344601229005,0.9563771203262552,0.2365131528997244,0.243846881583161,0.3672001928683557,1.820509713053237,0.17287102108842198
0.5645192771785511,0.08564375280057433,-0.03927805299446766,0.029248804977317813,0.5811758805061008,0.9593071905779724,1.3446062579193112,0.28821094519071166,0.5349392098894181,1.7600656832717967,1.3727339142525796,0.13004143580929065,0.3776416904468307,6.005376149014393,0.6943658505051966,0.24330346217481583,0.3568243763294035,2.379852938109077,0.8746862846864548,0.3194506588160762,0.36017804638137285,4.0519034437924875,0.6315457664372174,0.3624530393352483
0.7275743149867656,0.1042937097874223,-0.022780453943994673,0.027071738537875253,0.578474687437427,2.274723071804486,0.8928516701570669,0.4761636636674632,0.35889966278273494,2.401279501833732,0.9323476100379582,0.14642582823200373,0.36291400482581626,0.8365717085157366,0.5385098324903211,0.09977857053572642,0.41203051956740777,2.6215087213361,2.0019969322728,0.19057841004899057,0.08497388135922834,0.8995551267644081,1.2593127643071085,0.030848730472085754
0.7243528055878533,0.12483611800164883,-0.0373758299317083,0.028057508384813558,0.5938851890782071,2.450743872384501,0.9351097964800651,0.5030494874688722,0.3998401521291295,1.2587396278328673,1.5219837061934969,0.08939398821592646,0.5828396502978392,1.8714763171780833,1.102237135322021,0.12617922396437814,0.4044841661234364,2.7564337497701192,1.2544374294621907,0.13622686886031668,0.061809557160900155,1.1499104314684014,1.6351269186901378,0.050336752348633704
0.7317479178942208,0.10487174734042247,-0.025953020461729072,0.028323544393299798,0.5579683996060879,1.7849358399651818,0.8287032266263773,0.4290229153594598,0.2302894470697565,1.246578667076211,0.64580228451496,0.10242875490665693,0.5223328318328219,2.3429158635926193,1.0286752094423954,0.17831152820194443,0.30406046248041113,1.4704560354587535,2.5936392965142208,0.10260657327398069,0.4265823647438331,1.6824284450375158,1.5986706551177763,0.03046440103367714
0.7031538849905714,0.12180288620261909,-0.02377001415438977,0.02421137191644728,0.5233569822979087,1.5124739437056083,0.805451951533057,0.4299961255511753,0.2606270989421651,1.8091675390927553,0.7402908632529928,0.13404514358642575,0.5269342342832721,2.82362382786594,0.905818499379297,0.17686478844795,0.4263357416095152,1.5999418448852671,1.5090204097608229,0.12068244108452224,0.26045591350455427,1.564425246310704,1.0651672768103098,0.040326660854884136
0.6632891128817837,0.11135457001562164,-0.030166220724519986,0.030313814662600046,0.6218219970363188,1.6286208778374356,1.082981781911855,0.4013999168043642,0.18353512843117606,2.2461495808525305,0.6654012906764724,0.14557922499891648,0.44960446813336374,3.6801053761355305,0.7538506207647766,0.1699885288747088,0.3046763109226181,1.0817232692818306,1.3009239487486854,0.18172949192183668,0.4808239352033987,2.66124500828331,2.0280308813873753,0.08073617897158658
0.6270159809406651,0.10406844046272908,-0.04302141348981438,0.029765117256410897,0.5630713337619107,1.5421641144872387,0.907052746521518,0.3998206791340977,0.27872045407128077,3.934347127639511,1.6386110369235636,0.40408288117314606,0.6122824128960799,2.9037906343538715,1.1200089742728476,0.17389015172044098,0.40422256210136337,1.6541143684982234,1.24944978500165,0.18558001499281337,0.2202983239199031,1.046168021647274,0.8324831836278351,0.16367281462786756
0.6299150468931373,0.11099936296327616,-0.027532600294809043,0.028699148368031863,0.5988030453961872,1.1934573575203158,1.260376299915866,0.35199696021238147,0.20307142009649132,1.6040251642217096,0.7292942569558647,0.1238598176144919,0.5334626459885684,2.8226448666119865,1.0285132500436884,0.1430289301088582,0.34446428576301624,1.876328136145379,1.6469323547352583,0.1339594510674808,0.40963109313390833,0.5404067100588194,0.8698790382137181,0.16380605542616455
0.5484235418894514,0.10138156872439391,-0.02141270666043491,0.02786921945477914,0.5380720312087838,1.227243553179634,1.069001244028905,0.35162208938938183,0.32243964523993757,4.560272444372661,1.1670981037283832,0.34154053791226757,0.6216361581460738,1.87089894377335,1.5267119966768725,0.14183700684546102,0.38284555522294067,0.48642284966631577,0.74014560673999,0.20388682325750984,0.5719980039174245,0.8632621633625874,1.612951018410928,0.13572843646472693
0.5174208327858055,0.11423765038714222,-0.02402439061148072,0.02611777833043117,0.5593090147355514,1.2115438591673986,0.965366360400511,0.37122996221808274,0.3351799770327308,0.7607150680154803,1.7498349426794784,0.07955624840933759,0.5548295983151177,3.1873715712409156,0.7919482991479504,0.18940012527609734,0.22446297836813733,1.5709796994055976,0.4227893118032747,0.2714680881348161,0.30299255721213647,2.320223945025701,0.41281622287154895,0.32674116034247824
0.5801280328231996,0.10567518996447518,-0.0298684926964297,0.026462495658284745,0.5594421969707678,2.529581356755434,0.8421575699582851,0.5247875492680761,0.31451155360049454,2.653018341719417,0.870408939300759,0.159571752055394,0.5139458720417447,1.7518852058222671,0.8566846218043005,0.15180935740648072,0.4099012630344631,3.4176867783057427,0.8355158533891334,0.3821343163012778,0.43537602998569847,2.383502015074253,0.8941271410707159,0.18941686708902694
0.6810499082067889,0.1146229320836546,-0.02588757946887265,0.02727744169500959,0.5541570273301328,1.6580650505994554,0.8302465163237596,0.41036606322770464,0.27696380260852577,2.2809827356999626,0.6451688473833868,0.12781724672121317,0.6082919520340148,2.1128247347403226,0.9784276542616973,0.15569096554414705,0.3046182505670768,2.274129497371745,1.8499072747357348,0.14834595701782058,0.2752270881460563,4.0176004641641,0.7036092012387289,0.1955290093203101
0.64850760923694,0.10432180826363154,-0.022314780299203217,0.027847073277833336,0.5999478591214826,4.162249727200097,0.8254868052228207,0.6666488085574647,0.4172023248633528,1.6456651132631135,1.5500756441483863,0.1382080855800923,0.35652623043239323,2.1072942686496865,0.7038616600996153,0.13826781759243487,0.400331946830187,1.8078121279762207,1.9705818138942361,0.12731517256978717,0.5074889009137857,2.1930624104976157,1.077802534275709,0.18851677492717625
0.6604339144127988,0.11495661873592301,-0.027196174451938074,0.027043259179797118,0.54631867075574,4.821197206577771,0.6519049889118939,0.6265014186797373,0.21713609369900466,0.8861637902139602,0.5893219369100667,0.0826975089984805,0.602262238604933,1.5719095137526133,1.167481266773363,0.13237847547337958,0.2540908537301391,2.7782307873285004,1.4697004803578462,0.18240640210031142,0.42055674354704725,1.8336524918052108,0.5897030056311232,0.16954807366698424
0.6212102591300208,0.10578895814370133,-0.042551707610313246,0.02880378913370587,0.5580714646917905,0.7200474459091216,1.367465244103488,0.2665139214055144,0.3034363738663952,1.1776949622638322,0.8787268811204394,0.0938819316698619,0.5498389181613168,2.0165936622123546,0.8998576181465577,0.15957921191380908,0.34885867013250926,0.8760506432699748,0.9796328133172189,0.23001906447893833,0.3993943006509291,2.4995067280045262,0.7556672457590135,0.09712277683256931
0.6997786156426007,0.10524527029932536,-0.016526334612116254,0.027956525544068828,0.6065961207822835,1.6101508181947815,1.117572470008696,0.3634946080631359,0.3142461044011056,2.598355085265201,1.2485135671002678,0.16318986542177177,0.6052703803727189,2.1385454060502207,0.948158035967597,0.1741653438883931,0.35903856565727976,3.3544559840408015,1.0019681616334404,0.20616744245729918,0.45804427884356325,1.6323049880470233,2.763682061320742,0.06737251553270272
0.6786364083591305,0.11126067345959947,-0.044349773161910105,0.029690033267033806,0.5859021947737612,1.3353366922409093,0.9720572547358843,0.3775807838851124,0.36267456085029426,2.8044383595743834,0.5679743034791382,0.15626488056518265,0.5029320528627702,1.4864409709025521,1.4305045119629582,0.09786808351364829,0.4125320711686814,4.772326707555643,1.0433630057599872,0.33942355114852213,0.21739681866637062,1.0619491325384214,1.892261563115597,0.05946807276197595
0.6384347548162937,0.10952898499513593,-0.030593320124249604,0.02509057604504353,0.5630053838467514,1.4128681482251686,0.9619536780910416,0.38883087953555867,0.29846653469684464,2.0570431579644457,0.8986073205512648,0.12266450889880152,0.5018654266653402,2.88403701158111,0.9409737222210994,0.19922277236893007,0.3083694761120026,1.9801364218432655,1.342344159514873,0.17452600040041313,0.5346718519282603,3.57316861278093,0.9381988804429132,0.2443604002995521
0.6300115276837354,0.0858834587887621,-0.02471541981966809,0.03126995355878402,0.5761060866142486,1.849836355296801,1.0391962444750997,0.4163653220783737,0.23680172279861889,3.3959599280730552,0.9611144475668276,0.18180100892356219,0.6861802476973914,4.64740308119299,0.9423708895430772,0.201747483728474,0.37958206933628275,1.2271239886433145,0.9426195864991805,0.14111921466660773,0.6799119489969527,2.329455405472971,0.856422228147645,0.19528802275475673
0.6141410108240881,0.09950167908124909,-0.021204784653736188,0.030466407439827675,0.5410609942271026,1.975902688861029,0.8387158368707017,0.43240314828181375,0.3489808028325048,2.3337409673967278,0.6394328094871049,0.15872180012452275,0.6447394881328639,5.454802334030705,0.8380598155818975,0.2539455434198537,0.3088674504624086,1.7065183556043861,1.3219597460879873,0.1484773573257826,0.5262502810093936,2.226491903982033,1.059577412834832,0.22506944782338006
0.5775398853697623,0.08993257187800682,-0.03333659918027322,0.025858069821093378,0.5749097157733121,1.98169070834245,0.8049136475309294,0.4480758825301959,0.2831926277393662,3.028276063018953,1.078592333560803,0.23888895763223852,0.5771635086122959,3.352444315257754,1.2895725305335912,0.23396276526629367,0.2667710480970885,1.21459348880502,1.267587990165592,0.11662912497564334,0.5752132574458998,1.1973651257480222,0.5691080178362132,0.27217397805321913
0.5941883067385233,0.10296042225450214,-0.023431156008583726,0.029862524931135424,0.5273159984860488,1.820153138704642,0.7925561972554213,0.47763941581048563,0.3979182621506382,4.664795617018543,0.831561453960767,0.2328343647802952,0.5529719943586737,3.0127381979153514,0.8984941744231953,0.17169977843636938,0.2848482311323138,1.717974662590423,1.0441427269771089,0.15391308991654876,0.5568303177028336,1.9370874594694174,1.023110894887814,0.22815949428449658
0.5943712384510716,0.08020844227447835,-0.03836640564108592,0.028516405991890415,0.4948835567929734,1.659361943012079,0.8383286990303769,0.42270771494218423,0.24283843277298583,2.641461899241393,0.6040020181803536,0.1863724283106179,0.5431810165220208,4.785601327793083,1.350292884976727,0.25001773115090387,0.45679196285411794,0.943011039179054,0.9556997350516719,0.15289915003180657,0.44169987180861187,1.1742694424270577,0.9409709041170684,0.22475778111988146
0.5129725810751401,0.1459885267604355,-0.02018228992498639,0.030226817766380178,0.6060452372481453,2.448296030083221,0.8764947998241417,0.491441154785913,0.2530542418637804,2.2490007143500543,1.1795422814700678,0.14098196022188342,0.47057364785642203,2.2276415764482755,1.3377183146032647,0.18553846235960575,0.13855031688497893,0.6360459831312848,1.9171618058390356,0.12015329103087238,0.38297670792121924,0.8918851967566481,0.7024860912314032,0.2969683051944194
0.656852146919609,0.11796725314092357,-0.013113357945140158,0.02963431275582381,0.5182658294020016,2.101166337069253,0.7862669272926225,0.4572268766202607,0.09267940470079586,1.1295205776113109,0.4083814199299529,0.10230980835385163,0.3959563701106545,2.3094282446155825,1.0998949134561558,0.16079875608404126,0.4890346890437538,6.185492858034514,1.4261389723454,0.24866456036854398,0.615755862099387,2.6668472143328614,0.7792600535420707,0.2078121882774965
0.6918943606116367,0.08770659748111378,-0.03749682104369034,0.027400616545547974,0.5557466209640114,1.9239134430864704,0.7668362728120716,0.4625494283971579,0.12565299454713685,0.7019926187716319,0.8886413942814516,0.08452996874492073,0.5922412269157612,2.570100615031972,0.8456990226119285,0.14682852035574187,0.46600895458720665,6.521651658923813,1.248897099091209,0.2090329891671625,0.37634462514292333,2.807203340168343,0.8571114354401405,0.20733392933645528
0.6273218218072738,0.13041999052333464,-0.019112324451619395,0.029720542124931977,0.5310213969164678,1.7597246010290097,0.8718758457551476,0.436290766593207,0.311317522422678,0.9451561629401459,0.8932769854829286,0.09564592253978904,0.6070673397696696,2.059698327877108,1.2883538625980542,0.1578078657702369,0.39760419746831066,4.083505723712482,0.8683482190715447,0.286502412566496,0.5620183428897154,5.05375137486403,0.8868445891719349,0.20005053023881833
0.6221093227073785,0.11279887646003724,-0.02037458638844363,0.029856998341884645,0.5929474867727255,2.8633412543819143,0.8498577413838149,0.5288993070707918,0.272262689174227,2.136987526033343,1.2533871141892183,0.18200057944287737,0.5163003358987455,3.4122062123014048,0.7952165963280222,0.20934515018828678,0.33263637602121154,0.9940883007759166,1.8216351445883456,0.16283541532264176,0.08188951456595485,0.47714234102182684,2.2742666310958266,0.06898781546586509
0.684657542072807,0.10778652492678742,-0.026102080120129843,0.02968216758737387,0.532767965555644,1.5209146020975113,0.9281623098190914,0.41963203307943125,0.28727779888695676,3.848541622204426,1.0103289825586645,0.18807905936452798,0.5091682632172215,1.0553904307449662,1.3110847477874896,0.09531459111201357,0.4260635649359428,7.5680015859959795,0.6903877187376284,0.2654161133195759,0.5318373244711799,2.8138829849083726,0.782302718167397,0.11441287587150387
0.6462925353915496,0.10838620586097347,-0.033545188771576785,0.028454991511096647,0.6035985000317503,1.9301335205669379,1.1593605707974983,0.4273707498376431,0.21246672491512628,1.8908063402985968,0.6083202088208715,0.14101156312388086,0.4803703032366056,0.7247994972819597,1.4576427280713795,0.09323097393260732,0.244832670076801,1.1067334542879361,1.111223147468226,0.20520656729868114,0.2095964048376726,1.7212919515996041,1.1762170320319674,0.10601790008481027
0.5894161147670038,0.11856726283889361,-0.019325395988710404,0.030921712999047377,0.4948147960370874,3.091483460480434,0.6973868904593621,0.5752126749572974,0.4960072655848455,0.8718306274266927,1.6051370387700452,0.0722711188932999,0.5636340531697058,3.338426167351817,1.0043889648968232,0.21554349312750493,0.4400211207960424,1.338987011572843,0.8115110543585144,0.26370518309023666,0.48774119059973897,1.7313036923844352,0.888304586047282,0.09456207461676316
0.5884626833473932,0.09925506734370537,-0.0271831354135296,0.026766089153340493,0.5151330650253148,3.5313266520993802,0.5970215977079203,0.5484023651087329,0.24848958118712036,0.4602511987208916,2.568694988834475,0.0647430330495517,0.6712086825010065,1.969750875867516,1.1607573179056387,0.1544393208062094,0.42450803084460553,1.3317902418847634,1.1850496015977312,0.27612221965576683,0.4661873757559609,1.8779802893014792,1.3839204642500484,0.09372837275355318
0.5941354640731911,0.1254887474185688,-0.026425347218177467,0.03066360687062056,0.49517420231509335,3.137388326205624,0.6654261857711825,0.5735509494321479,0.3549018874811688,0.6224783658194417,1.3108774600175441,0.06005931066166577,0.635712981417124,2.759402533830798,1.0885434197873838,0.16371619205289878,0.3338175192190618,1.2535872673478177,0.839674850610797,0.26229876774055244,0.5548675141112427,1.5857377796341632,1.4785181414795052,0.08474533163592482
0.6129568965064803,0.11224432671507767,-0.03646702201543768,0.027681611935594548,0.45993561403124233,3.231133009502682,0.5688333254964053,0.5407177537704342,0.2659741866021492,0.4531721749987405,1.229278972309491,0.07280187008350175,0.6130480667888777,1.6572171773146904,1.3245469605123907,0.1599894748670759,0.32010057442231443,1.3779508509545737,0.7296058748580093,0.2738349194486471,0.48718717194819383,1.5992864035152685,2.0290770126021425,0.06402325710498778
0.6018653376677896,0.10786469236079704,-0.01756021857205544,0.028832184470514114,0.5184734770744379,3.1175746497861603,0.657241236145264,0.5578231468725018,0.369474243459692,5.423650729226167,1.1522205132819971,0.2514368489611843,0.48569259634934003,2.7794417146472172,1.1140691433050265,0.21657609213293022,0.38835826561898185,1.298914113870782,0.6612319220995817,0.2832283668277567,0.34075408310198946,1.399506456398711,1.3122409559940833,0.08862105369349206
0.5957659945382736,0.1094449817681512,-0.02758765476579331,0.028180907583604354,0.5789473106529321,2.773263566329904,0.8275497316374826,0.5124343501683294,0.25959848806999786,1.4000176777053452,0.8235283658920531,0.11410988177966878,0.41692632082692827,2.7477881513551337,0.9062919495966063,0.18510672690142277,0.3706959302395745,2.9867351481803657,0.7484228859314278,0.30051122387299994,0.3344021308399194,0.8856383119548936,1.3873869799194516,0.13309511004142838
0.7049767128491331,0.10828026283050256,-0.032481924414622436,0.026008819686495096,0.5549907220351132,1.5152446155328552,0.9202167651470448,0.3995128120966424,0.3557359568777078,4.145761833065512,0.8109269164496731,0.20703795969589167,0.5404975949987143,2.9893367739484926,0.8978348338958075,0.17020916128939567,0.3382855498848356,2.52667668547501,1.1198166810681576,0.24527063215555786,0.17563842444882294,2.425102403126883,1.878338873610388,0.03860323769905052
0.6324860465383081,0.1211653588870671,-0.0212421143913672,0.028795386157097612,0.5538580863207805,1.5008922110078946,0.8397615587843268,0.40098886084761864,0.3578892816714382,3.956103425335367,1.052214544112968,0.23442047058112808,0.5701040152383681,2.777179577532458,1.285190001560895,0.18505525523769667,0.3094268545730357,1.872463093686124,0.7161461312278837,0.27733278379481924,0.3252616851657656,1.5711565877344973,1.117300257756193,0.07834749207998742
0.6264993467906554,0.09418509707050499,-0.03279521432354241,0.026366383469834654,0.6158837436866326,1.73419100119609,1.0657589784201438,0.38625340009289544,0.2563291249077088,0.752570200873504,1.1851411992962197,0.08974623975374736,0.5160235182421621,3.8933698618923125,0.8333869399288694,0.21656749217465665,0.37788094438789493,1.7088856645729178,1.1447565468010787,0.20927021307878155,0.4881206391887575,1.8958254056361048,1.2403070125661997,0.15934257522413928
0.639813890174883,0.09635739461249254,-0.019510528687141235,0.028541158630777295,0.5622742762400492,1.6093389449518247,0.9320143413607539,0.3910347372379073,0.3515228767684591,0.9751912823332884,1.0489529123940873,0.08602985243616822,0.5134239392837688,5.424207604283235,1.0106187893355016,0.3474488679707647,0.5050162774969702,1.6311756243750537,2.069783065771729,0.17645594346657478,0.42794149093504563,2.6068061866027663,0.8782370456087307,0.1547471077015483
0.543797749171671,0.10719753890935695,-0.020489352022317085,0.030848243454242787,0.5911471336214206,0.9431637932670979,1.3778169741828774,0.30266091627738734,0.3781486524312396,4.676459241938732,0.9231691051633852,0.26529873359423917,0.6282069423801576,1.3166193882833488,1.4417455970560342,0.1258364971957293,0.18484207923831605,1.0653227350535357,0.47489099174560656,0.2935075821782442,0.3325092401175554,0.5332596420921364,1.5102859282325305,0.1176174435966476
0.701303831764739,0.0973685596310853,-0.02921702362759365,0.025718889634508742,0.5554904038484134,1.8750137316748177,0.8758625953456464,0.42272190923963715,0.16663667622610032,1.614381026501414,0.8163373628339484,0.1272066423790099,0.5353683060344839,5.002450408377165,0.9838953172425089,0.2509085711960811,0.4141212192886901,4.759495170830799,1.8137569489789418,0.20042313833029127,0.3518607775064821,5.027925110154846,0.786546348853792,0.3013811788333037
0.6330793355948212,0.11268383132660656,-0.030080204850228963,0.026289497690717964,0.6010848863631927,2.101949849126199,0.9559274365566439,0.42732385240570336,0.4210868458486596,3.3180818747491045,1.5075443607273202,0.2843109501626113,0.5375262583615822,1.343232709431447,1.4082591283513117,0.1181057409615217,0.3263222791085339,0.8419647215776677,1.1182179818412608,0.1672986971642697,0.348283591606321,0.8089736929883948,2.0076507111938735,0.08107498873830289
0.7272193520020437,0.09353078335154259,-0.016418536705807597,0.02670008495624267,0.5586749400550233,1.3810821299630864,0.8734790371328356,0.37318743716383673,0.23309581643400476,1.3183116244810642,0.6640699274338849,0.12505746621877362,0.5357343748608902,1.321322128892037,1.0991539157305803,0.12621438134831325,0.39559551579002994,3.914811418687756,2.1749428103241923,0.19759611242923764,0.3048234984008377,3.7050562414857167,0.862567282019287,0.16038725552839111
0.6177307523209611,0.10645217392096275,-0.020489736834870938,0.027731540600048853,0.56191526246905,2.1135237525066466,0.8061608112703019,0.45137334035174503,0.40796072865665073,1.3966719508763061,1.6421895995601317,0.12741226770019876,0.5238583403261783,1.6743131164956617,1.3589751651669122,0.15258118355428757,0.34638992876802016,0.7650734143184288,1.1357616993010686,0.21937330035284594,0.2676422726783042,0.9388942541114673,1.7947713469341011,0.04703335471289539
0.6917462681499817,0.09636854291243031,-0.022035865883781335,0.02755136630450931,0.5937279621886657,1.4093819931819942,1.0632382973823007,0.3618517895739682,0.1938886154910394,1.1624571479446633,0.5625171344204153,0.13605070228981284,0.41497688346464895,3.619453304027462,0.8594277657111865,0.2152770199291144,0.2173910717823649,4.5892440561969385,0.7561467849608002,0.28490999249757315,0.3231833558440223,2.922729665700655,1.3211363910655678,0.11090571494719763
0.6833103569174046,0.11607392244241635,-0.03272219404081082,0.02976074621278481,0.5656974125997837,1.767650230052312,0.8746203482650053,0.43459435627860427,0.11007444171782102,1.649041923442397,0.4666877819469346,0.09712860980406222,0.522123727783565,3.8714119251172567,0.9186174772987573,0.19716615941620724,0.23470428627193743,4.050167940370017,0.6776338735418307,0.2897198957004727,0.23922062740878222,2.2613045773302924,1.701803926109802,0.07807828340587622
0.6839078447370079,0.11810769748754049,-0.023055083879410326,0.02544804982996827,0.5494736679224462,2.3704893727900895,0.721176411225884,0.5211638704294512,0.10100521739108666,1.5125547240936243,0.5848044486071107,0.11793924108969832,0.620652867713127,1.580437029881309,1.5681609594547412,0.13605504149871034,0.3988256639766212,3.789933699058637,1.0909689374436637,0.2163623968578033,0.38772819814523407,1.8817582073380947,1.6152880006635268,0.07113956855538915
0.6124573045039945,0.10804744073137718,-0.03402552932962809,0.027138586687887354,0.5708314474865628,1.2469642452271315,1.0630365192732414,0.34801658081110065,0.2451754010581244,2.206774619837259,1.251825116469192,0.20605939928506586,0.5472194270611519,2.8484338069322543,1.150970663706191,0.18711679165818282,0.48343957936851745,1.6567820659844972,1.1292083918289397,0.20898922881982726,0.3993045185280034,1.5414520302563317,0.9991821213301594,0.1559789272713509
0.6201093654926699,0.1118999849860857,-0.020615876563556502,0.028074091254523047,0.6011679693324993,1.1178104289359885,1.2037768570401555,0.3315600032869262,0.38070691748120133,2.22290908818388,0.8847669889436295,0.12555280694287455,0.5994015832793387,3.467566347437867,1.149860432230302,0.2246239450814778,0.19057423745026475,1.7620003367575017,0.6238500390321053,0.30207188630350185,0.4500054382923648,2.6430106135140345,1.1605608622261652,0.09780443862898137
0.595305056085252,0.11539725269870399,-0.018178129130976595,0.027881467367784386,0.5724445477644432,1.5435774445866357,0.8593690996488198,0.41972739058372677,0.35183892236456027,0.9863900149804248,1.1012588091340505,0.08829595842734601,0.5289082803377746,2.3227512242948074,0.9313500789497157,0.18207346759723006,0.46771818245847063,2.4425313819344368,1.0327289042098728,0.2953503665350205,0.12274227705140049,1.1769355419001517,0.6447136357217695,0.12246824725125623
0.6251398310227394,0.11018072395421985,-0.03512929095614836,0.027793114198310473,0.5893491595494212,1.5635259533944885,1.0122404297566785,0.40698364378095575,0.2986682340894036,1.0390702973968715,1.2537555491588868,0.09165214743629038,0.63666233573294,2.9123502848736393,1.2354560332172406,0.1668850040646795,0.4322306829980481,2.291598751471428,0.784859620852854,0.28145799075002237,0.18063130658830426,1.6906541881131771,0.9676961708745155,0.12244799972789334
0.5984741473436326,0.1271306429811698,-0.021008320152369794,0.025350781261459576,0.5548860656969963,1.7738681927928748,0.8649855319328951,0.4398226226487476,0.4896920828795559,1.2171301865950646,2.350299373696173,0.08605032978994955,0.5500550661137973,2.3878953519972415,1.0595116128846274,0.17440110241536166,0.44446392641433474,2.1744483587594807,1.325541879473597,0.24077618211325746,0.29733071570504843,0.924983355602678,0.6282835735211502,0.15245112247051018
0.5731753743710325,0.11382436406943422,-0.03042766898998746,0.026911689082891564,0.5755583901952697,1.6570372503771529,0.8435507422260006,0.4300884092373954,0.44888324766090454,1.1200275518256968,1.8233400249338299,0.09538925140124477,0.5065307537780623,2.429764765323963,0.969474867979908,0.17939115882658926,0.38606689611492373,1.8659228295799508,1.1088459203236685,0.25306157993268474,0.32812406536659416,1.1311336731530186,0.9792509038272547,0.1732510693588422
0.7107755991146284,0.10486347702839406,-0.03398351085932905,0.02672088924963899,0.571071035341771,1.2349879588509771,1.1398073136505094,0.3506473790344423,0.34409969479543384,1.7252957942589524,0.7430532479996017,0.13583607165432307,0.5673740840327305,2.3180303321434383,0.797208496735733,0.15716404425948619,0.30861744915417993,3.023030579854223,0.9992622961825082,0.20502938984147437,0.44210173325153124,5.477012811988263,1.4804556302620235,0.114117409269924
0.5700527724008995,0.10575082348033386,-0.031501036515741654,0.030089422519660684,0.5741091607909826,1.308268953595961,1.1354494574781175,0.34974877980558283,0.17621337887750185,2.530230313010438,0.7524910988825638,0.15530192995646283,0.5473295306568396,1.9539015235186197,1.1059631657250866,0.1680847201139495,0.3648050158511513,2.030988252926188,0.7051486900901484,0.30941443467985635,0.4983659289355695,2.405891382892954,0.9400685210237386,0.20541319788974727
0.5767141361545794,0.10929331635922816,-0.029931618159015665,0.02734549177454617,0.6016938277706811,1.2710727889616946,1.1201569304805732,0.3588482505940811,0.14181232340727032,1.5522653099972983,0.9282295298840854,0.12616521839567815,0.6191299158262915,3.0678071895141503,1.063250326424241,0.14031139894789527,0.33638477078026446,2.0109862907101874,0.864525746400769,0.32919809303494524,0.46722267498985554,2.014673735575222,1.3418683818218324,0.18035379778239524
0.6426026701977914,0.09569595560738926,-0.011621566102930084,0.027899528530627923,0.5825163581917908,0.6920263395309638,1.3219308922919641,0.26917237725780463,0.3198565438254989,1.4483164898540337,1.5105829720481347,0.129149979427964,0.551321816485165,2.3984972910827937,0.8289453234171941,0.1599232694761496,0.3885174138166949,2.934185540582301,1.1614796433749963,0.25284579488925985,0.26675320780797585,1.3751607440667886,1.0691120660467373,0.14623105051494084
0.5982509299579107,0.11143830298865472,-0.03847489211621409,0.02904123757300108,0.531163005676493,0.6855534248987375,1.1753645590502335,0.28564942489804596,0.4015172579587209,1.0598387786040495,1.5900467315097704,0.08808589701357693,0.6387201941326163,1.2716032781327429,2.1029571114079997,0.11493547485135887,0.2283178263278653,4.40887212695908,1.1110481463984738,0.2622206424293463,0.594134982977636,0.6128008077038237,1.064353870977948,0.1837821670567717
0.5765965202741982,0.09962700517293069,-0.023640961068661096,0.025257147587462503,0.5694703288991092,1.0059645180607009,1.0519853070746257,0.30846316994865847,0.3377946917353185,1.0760218028868938,1.1611443382495144,0.0909405789567589,0.6233315111446724,1.8152688461278856,1.157833450943059,0.13856446476422912,0.3817113514460817,3.405434933019253,1.006212579139221,0.28732442621656507,0.3212954387999593,0.7588798167107466,0.9775754632616162,0.21335655615950797
0.5524368129778605,0.11354313762927866,-0.0338216558273317,0.028610870723796405,0.5881241393977376,1.2296118037789143,1.1715196129505496,0.3403998642222746,0.3698269410770809,1.2707183839645182,1.2386369227157552,0.14115760319249424,0.5029107526966113,7.75964132787788,0.8661509462723287,0.3393323204324047,0.28073985265256274,3.6310402253137073,0.7130743003405899,0.32431189010980754,0.48376923703065744,0.43643796548111935,0.6479858565084112,0.18516151624468216
0.4377747912306482,0.09978176374524995,-0.02774652483406724,0.02790542389962864,0.5655807262837954,1.4797034636697624,1.0036273749996134,0.3862214812236715,0.32666548625459396,2.2698315126358475,0.7558064489501192,0.11428278740390223,0.6100064713571708,1.0943091426512255,1.6815200692025492,0.09142870566578563,0.3086606497801467,4.0750400760289285,0.5302629890232711,0.4585429171665711,0.4137773626750002,0.5849970015747801,1.7142337349773893,0.24199987514497728
0.37642352503969484,0.10733576034163529,-0.024931718902228582,0.025872631081891903,0.584780865176317,1.3679156606396212,1.1033262319451653,0.3830886261139963,0.20082102360964996,0.9126662720888061,1.0480371270285882,0.07321568124195063,0.5593729101606199,1.7180796395913265,1.5564045137186475,0.13673130711717377,0.4538971914417508,1.1677194496117689,0.7826495329714631,0.38600831146479436,0.435120204256799,0.595200414450682,1.7896522119930744,0.23558254054847125
0.34439959511516016,0.10193621210439642,-0.032537300520219185,0.026470101136845257,0.49651038868645014,0.8729267704385797,0.8918437947199505,0.33904195262442566,0.32657086419795744,5.695711359901494,0.8329242133995017,0.24820619281796877,0.526987077441471,1.2952318616658907,1.028067691822917,0.13743968115791813,0.24916734195933757,0.17123055154907338,0.40674159083661143,0.45215392362018764,0.3851336185412521,0.7773523327101254,0.7295863206525312,0.22072014007621987
0.34194325764406297,0.102553672190457,-0.020443507826111183,0.027620196392087234,0.6474038446763873,1.1690117813434755,1.2086207866573024,0.33602180106831314,0.3160531341043483,2.642281726998788,0.953479266114857,0.17183166467708919,0.6170318967948877,1.6294039931911335,1.2665573772987477,0.11343979408298041,0.4553590079904816,0.33270006703751237,0.7585229940357042,0.34362133464457073,0.57872345845546,1.0331167747086325,0.8350737220156781,0.27400648812988354
0.44187486492012756,0.12093768630917687,-0.03350681623609536,0.028198033006647596,0.5480520769512407,0.916199297345157,0.8996318391811885,0.340346689943259,0.4035111415749994,2.0588314403151733,1.2897853983435073,0.1403481272222021,0.5189469407944521,1.8676640608640958,0.9824197780953254,0.15965685309965338,0.2170413044813993,0.666310176674753,1.0569903100726696,0.2783940177442146,0.29644152855933775,0.45986620793340766,1.3467248853667393,0.20074482423809256
0.48428015867794383,0.09829690175363472,-0.036419201813018234,0.028477942436921273,0.5982706200507882,1.836336967851157,1.130345554551793,0.4142341405527095,0.3559310710528848,3.9592404341293914,0.8683138640574006,0.19247857011950434,0.5302512705973651,5.564161557980666,0.9688305630145594,0.2691717216079957,0.46227632973827426,5.6749812178642935,0.5542587938568831,0.3523692019101648,0.3518626933295402,0.6977700370169511,0.6863817215680981,0.3297132478649029
0.4841827100397719,0.1044068765891523,-0.022505211378767077,0.025131718740113964,0.5547612202928285,1.0245291766494138,1.0892737522685767,0.34270544663392105,0.46318139843039413,1.340850334671466,1.5499882895610184,0.09691661033304157,0.5299273019223034,2.9523671304159675,1.174796423245921,0.18963125068321843,0.3705006642310766,4.545402082940633,0.7645597830312975,0.501586370315518,0.3924962233421891,1.0739111881183376,0.4843872916941514,0.30452023553530555
0.6366939292759631,0.11349540518687586,-0.03375137645518536,0.02840232097162425,0.6326113953549928,1.8289622645952095,1.1264424075022326,0.40092370276112616,0.30612848927483777,4.233292203192681,0.9904763675853654,0.2314441713439992,0.4699781796887901,1.1797027667894582,0.9502182067862075,0.12368207747810626,0.2669583677041445,1.4000033040335247,0.8320828174997327,0.24387267715098881,0.39269187541184813,2.589682426562885,1.5437638006678602,0.12873303056633095
0.5885191864539753,0.09147083344330259,-0.025348962657870545,0.02587419423753626,0.6040236028802929,1.3287289997904568,1.118678879585458,0.3483198217174504,0.3371126498887201,5.011597919985344,0.7102953747413986,0.18420602971089975,0.49074894950077974,2.8577208894228323,0.8384037961553189,0.2060362427711497,0.42577074769286244,2.463548822694284,0.711711249957573,0.30529039713436684,0.4819220531342462,1.9608841965924322,0.8244728047456844,0.16547426681020777
0.5580862440552395,0.10834451871941696,-0.029888774586432323,0.029614452171888933,0.5985675407558474,1.2185597208173062,1.084811340575956,0.35024832759087965,0.1690648754969508,2.5431741490079314,1.0271073731401075,0.19863994584474742,0.3156619059354406,1.802861620840091,0.8068745082993415,0.15153180264196325,0.3327518056559883,2.644208399177994,1.4973649705682597,0.18994490391738397,0.47240012581759067,1.5246622876476417,0.6192939155594234,0.3505270476033248
0.5539508346860756,0.11569547573720781,-0.027653527504321505,0.028147440381421873,0.5902128213446158,1.1525425309345598,1.1094858879561003,0.33676081841943756,0.3040654028800832,2.727917316348891,1.139401382109995,0.16108301352710527,0.3480056648857835,1.6928681211163306,0.5807628289488554,0.1456039543440949,0.3155935341257885,2.7399872061666932,1.4438890628720638,0.1604395134521416,0.5988436205728579,1.5913947547654512,0.7892927141180043,0.3443097048913317
0.5375379019660448,0.09640523076953185,-0.039959970603434224,0.029364736272914548,0.5360683251163744,1.526095460249433,0.9148683213852713,0.4054229848428376,0.24435007267856262,1.9987869277300077,0.6294119629953316,0.13448487550528088,0.22509190960160153,0.8359259872580687,0.49242541237670495,0.1034916699320891,0.42165508251985234,2.657987401217289,1.3501610923657135,0.17398443828663662,0.3313049801542004,0.45728953036212416,0.9479582632070409,0.27989129456986
0.5365025093025119,0.09657222998749768,-0.04332133928593093,0.029292540795392986,0.5302068811734519,1.5099673092513233,0.8911482775801143,0.3961063254147253,0.23532035129017778,2.0264068437394926,0.6789480291311495,0.13544295575191584,0.23912212336632163,0.7353950851685912,0.5074521313621416,0.09839758346551983,0.4108849105164221,2.5403485253520013,1.4206902235937884,0.18271203118916174,0.3188918834936488,0.45010144663408586,0.9775755117634738,0.27961439693549395
0.5404462555491067,0.11311764855884945,-0.01735686208311602,0.025665703286938523,0.6312157270110611,1.562212879490012,1.0969859833635587,0.400463270813699,0.20910883179772166,1.030761696244467,0.7454074937405594,0.10724358288906731,0.41449565618739254,1.442015195535686,0.6730996818949531,0.11745840230111197,0.45835191780107837,2.6114146248769905,1.021869857186108,0.25462382708409886,0.49109511846368115,0.5047418443812786,1.4047661405718714,0.1611566849381742
0.7127253390333491,0.11635533810710542,-0.034062255438837,0.029865405286442506,0.6123148007266849,1.7243578510946578,1.0360953204858634,0.4065988731966329,0.14005228218446966,4.573129726050733,0.7312357121472151,0.19109951766059324,0.40752936970636117,5.2513893244730685,0.660659769476462,0.17496482229916593,0.44312250435020994,2.0384150067304523,1.8396054124981382,0.12731277911149713,0.4370223556927737,3.071761130072945,1.6195611153857026,0.11724845823504482
0.3776809828923942,0.10285637773433623,-0.030586735162898115,0.02690613124969561,0.6021964175841854,1.7137797070274072,1.0517018931026443,0.4015710850283946,0.0925855478528259,1.6529007566016682,0.5837120176271479,0.10140909290776408,0.4917369859290514,1.5234699814955703,0.8500178202737427,0.11974455123253812,0.2820035803830107,2.3741458118671863,0.42265087939592727,0.5381456321141751,0.3173759797907723,0.6749650870497026,0.70759379220218,0.3062281230103216
0.40075336164787584,0.1061288071807011,-0.024140109815508928,0.027726234418488895,0.5593491313953439,1.4012556325326948,0.9049722699560554,0.408592930496823,0.036812313114353595,3.7040367061163098,0.3895501792203134,0.1446038318777283,0.5667426791698844,2.0152033119831665,1.5234121280875348,0.14339443187223472,0.4991279845703329,3.707899383371008,0.7171430681457862,0.38671971065591604,0.5035431529651548,0.36115386885278694,0.679700352024458,0.32883667966866376
0.4652098061494664,0.11087565710839282,-0.029134345343968217,0.02672015157451274,0.5786224069769169,1.6510828991665747,1.0668223904654375,0.40433920171736126,0.11206236798639685,3.1219569755599292,0.4140037513779802,0.13421330991623617,0.5450164180267154,3.047703456213446,0.8623020933870887,0.17053154230536877,0.24881583828672757,5.326121369415573,0.4527762933332347,0.4840784481166789,0.3413491545310143,0.6693781801442114,0.7016177414266499,0.25999156654181554
0.5290094962593608,0.10377750875652608,-0.032765192121196066,0.027178367515523986,0.5612555851052269,1.5375846951996102,0.9470778722770825,0.38880526294389084,0.2553592881717446,1.8254412801648423,0.8189074653644577,0.12229910715235656,0.5761505778218542,1.4009795310190016,1.450148805517099,0.11348131596304019,0.4716067986022761,1.7363737565386201,0.7081291464592129,0.3661623720491736,0.36754438406829604,1.8072815358878143,0.9641374756257138,0.20864052933022376
0.556436374868157,0.10294550810909654,-0.02988072016420817,0.027286694161336406,0.5212480164624027,1.187840385181972,0.8078006259524774,0.381162814107568,0.46515331044520236,3.8269641005130888,0.9989444044197605,0.24941899785856095,0.6123975312816176,1.5085027625789924,1.7877675253306533,0.11992406152040014,0.3548154734872791,2.652607571367208,0.5852310871325973,0.3908336404595033,0.4572440667692137,2.6081883374262507,0.5816261868797714,0.16652541872638144
0.5579403640634761,0.10600517356446768,-0.02460464756250509,0.02776563273660116,0.5134956808150869,1.154353567948517,0.8488442714612918,0.37196075552435204,0.4243944213788096,3.449459183017436,0.9183067251938453,0.1808089896088558,0.6414445619901404,1.2497428787172762,1.5231890572041726,0.11620865187998443,0.38519403297393834,2.976490764254508,0.6564453282809686,0.38285358352970555,0.4412842250143296,2.4316046357152907,0.4411387097005877,0.18033502084079922
0.5702542246190113,0.11768610239188537,-0.03303007733307687,0.02697863222427989,0.6103689636408227,1.2506580580704643,1.1948748877812556,0.34135092892308555,0.13141464079875936,1.4247173451367308,0.5756534555356015,0.10281908166050709,0.5236503672309847,0.8342871142326898,1.635304914423075,0.08629304997960871,0.3035891270955304,1.384730868798247,0.6377488608584914,0.2923153750980717,0.40940230991397203,2.9886761486695153,0.4533584242391705,0.18388018427360325
0.7007911461210179,0.09546889926291945,-0.03328763486257666,0.027162445443852625,0.5650766336554363,1.2538945940586834,1.0229435486252347,0.34885255658997055,0.36142207769014356,2.1166138564071675,0.8527300751795251,0.14976548788147323,0.5940109557540558,3.3092883115330034,1.1583502603705478,0.22212412643072862,0.34542985358643535,6.105489978397863,2.003395417179903,0.44962799618553423,0.3734554746791404,0.5608097362794916,1.073354754848649,0.10439269081559013
0.7069743329746438,0.11799942729496131,-0.027301938281323518,0.027759433991625622,0.5167029480231885,2.558366288133768,0.6831230063255955,0.5102027156151566,0.2394181120477637,3.8060381921553215,0.9226925922577294,0.2261716565054089,0.4220183207601584,4.583771402941267,1.006990213449126,0.2926646523948213,0.3032314753089283,9.310339679526567,1.5767926556678624,0.6872264560451837,0.44295174150724775,2.9942268712821107,0.9522692642917601,0.13607234414095795
0.7137305161817878,0.08685485123063914,-0.03169475536171546,0.02764597174808224,0.5819151432670028,2.757644799522808,0.8963842199827531,0.5176594561307678,0.2872381804284651,1.2738880781291293,1.041188672173807,0.11438641757105188,0.5937812169436314,5.107933188619273,1.0478627768086204,0.25943343957417964,0.457585520384878,8.434915577427487,1.5858508420964703,0.4835241795452354,0.47693760226538084,3.1337598408804364,1.2889783743639585,0.1766538496782933
0.7011270474221243,0.08706083137333297,-0.031879848186152374,0.027462279792522463,0.6222242445085161,3.2118089792624787,0.8919909716145139,0.5297314185432787,0.3493247510272119,1.1594477665335226,1.0283711537499582,0.10227223787750946,0.5894177803219438,6.318886579705864,0.9573592325672213,0.3067679787877158,0.5200767434108942,8.038443143953687,1.5434363183649162,0.49093596167693315,0.3937422145957133,2.6119719276762767,1.5326995589492205,0.1624321379961537
0.6625983547976082,0.11745791203247749,-0.029125709569085223,0.029062847112056124,0.5539230726852848,2.0730362047950663,0.6530075200801161,0.4629246528511604,0.33719025302079564,1.1199954123495395,1.5629018605277016,0.10133535169992688,0.3710741800588015,2.726676134377824,0.46811239673180627,0.16820577722802246,0.37988289731538133,3.6584236540691495,1.621558748768082,0.28677323523965237,0.31301120609857247,0.7694282455138759,0.6193331477287977,0.09651020935199708
0.6823605346768037,0.10848763171315312,-0.02863505111653366,0.0276904825482954,0.5934957331318731,1.5711853589648301,1.065593374635968,0.4023960068655276,0.33622468498420977,1.959835716708033,0.7440096599484494,0.12104528176132431,0.6677508195190911,3.7324487616252404,1.1873121353748677,0.18144255988299685,0.36972171729620745,2.9452456299118746,0.7152555499764346,0.23522831278883197,0.3592347342965331,3.0216973044606985,2.073878228556182,0.1272233363882356
0.6541975967483188,0.10416170540660474,-0.02976769179499544,0.027394760918121566,0.5517734781163454,1.8009317624707821,0.8303486642799223,0.4346815146435694,0.35555982198462943,2.178987368371451,1.0508956129303872,0.13841292135300065,0.47059960046331484,1.0209630519312747,0.7986997289654667,0.11299963076735751,0.28513624964123196,2.902583106244529,2.3750608944430356,0.1698012778912731,0.3905988533347671,1.9482148603389549,0.6989259798515557,0.2595911294574715
0.4277447214905933,0.11473349427759486,-0.024759292772650692,0.02855392231083282,0.5917631548163846,1.6071909172950036,0.9937621035919877,0.40326290043536284,0.28499331386197924,1.2276248942007166,1.0963321584059507,0.12137119316714494,0.5478805245011416,4.448174345606149,0.8809524104116995,0.23015483896380684,0.3702464081135809,0.9498713139043272,0.5351601707274154,0.5536353628642394,0.42569353512110447,2.4611482083415046,1.2019432010020685,0.11839546827302726
0.445701387491027,0.1069657123866866,-0.03148284057691506,0.025819289000343425,0.5789741635203132,1.7124306763530441,0.8980265548742006,0.41471470418579165,0.46540967779481446,1.3317209169001076,1.5506636641897058,0.10777241882171394,0.583027650993279,3.7364416044720175,1.1157255144505847,0.23181832718631193,0.3596073336329324,1.5147357343393986,0.4561417881170316,0.5607755368966301,0.26813553740718177,3.0151245747946294,0.8368833137042692,0.21100065877361807
0.5734097579138011,0.11755601389938732,-0.029109777493143668,0.02662386709854975,0.5975904771112293,3.4878278898974204,0.7642025203783394,0.5663428199894469,0.442618738879398,2.2929180671717226,1.600539160004361,0.20538528718679358,0.5655364587759717,1.2065045221095463,1.722022882048999,0.1031055404490865,0.4847619424230894,3.3660752238858898,1.5704615864126221,0.21080563350738393,0.3490329028259429,0.525952543394353,1.3492295035263082,0.19136456921272924
0.5278163986519359,0.1100139572694525,-0.03537315859345673,0.027460109242397508,0.5515795777879696,1.8032920925256781,0.8797046015596941,0.4592438034545202,0.24260903961927277,5.738608918810325,0.5297976168009535,0.17197717415814165,0.5656368827469302,1.7271967213399237,0.9473091844488047,0.1273395364063004,0.244001229125793,1.479308693755203,0.8364016397295868,0.24346378275642905,0.24900559848946785,0.35710124895767636,0.8703744092607089,0.20215801485504853
0.558410573790064,0.1169926323800385,-0.031101292004146304,0.026349806324163783,0.5774100900280391,2.498155043218953,0.7976928501648636,0.48641374739171606,0.4118247510560212,3.081697512734664,1.75384863508134,0.2537559024206349,0.5794786941639849,1.008998858395946,1.6770427894577569,0.10762486780602613,0.46011903152862393,1.6941979691929658,0.9831049893129404,0.2684282321943241,0.3861186929776723,1.0112324607763978,1.418759305041866,0.1485312966612298
0.5682901610732076,0.11072163090589686,-0.028773303983576737,0.02728886731650457,0.5581947206601525,2.3722686441459064,0.7533049684046014,0.5120244854048936,0.10992070299456894,0.6916848957997238,0.7563613076526687,0.08757542472752589,0.4556558484430223,1.34039090989242,1.0977895460167946,0.11769574227811641,0.36693444762057514,7.74934749721751,1.0314963577510636,0.3582157794947275,0.46999549660951184,0.41993832217849975,1.0391842267445237,0.20799560461824276
0.6529236065841969,0.10772012518289574,-0.02070091531441928,0.02699969577774738,0.5793380469881848,1.0860599051408049,1.1074665420156014,0.3355202189124384,0.33042715684862545,1.50241586775948,0.7805635753709361,0.12689812355944832,0.5612824069014667,1.1703614942146234,1.4875321404808715,0.10370299056336545,0.24815704982395922,1.1232882213262099,0.9521479022737356,0.11659308445780676,0.5542671483587083,1.1413930250774866,1.37734336996242,0.11450971063513705
0.6141879866052824,0.10210147923196573,-0.029547766701016935,0.027172032887009666,0.5430378888144857,1.8370246747429675,0.8793841350891775,0.4472421035194291,0.30692406727452726,2.492538410676469,0.7422693980492473,0.14308029821631155,0.4195110745544728,4.074551238999304,0.7778908481418962,0.21420235231266085,0.20873303757196068,3.1660143416215463,1.1024558443509807,0.33309069829915283,0.44270551071111497,1.8070821628461349,0.8723181657945667,0.19776693438285745
0.5724195723625087,0.1001831360491512,-0.026454118695157958,0.027133554466322218,0.5549945947932603,1.8778852928532495,0.9254908702845518,0.44713853465635567,0.24415306290294175,2.2517074430045354,1.4292218837781903,0.20230419267224606,0.6432650377246133,3.7839557369765013,1.4479016839452001,0.19889975505316826,0.41343591826046383,2.764449539778428,1.2200960412949151,0.17111785167596438,0.6256990678114519,1.1749442609076457,0.8082162138872068,0.2786749883655294
0.5795704015875183,0.10398289996320702,-0.029130601148324914,0.028329957743186807,0.5526669107483994,2.017605572104373,0.8874101274055867,0.43838344816560193,0.25243895656788523,2.619572291622425,1.3582473608467611,0.15824424865240652,0.5668101033279653,3.936402381368473,1.2787566487540953,0.20852515039538777,0.48892959988346757,2.5069990684207455,1.51097641879507,0.18462472207905464,0.7551916270959675,2.042085724740993,0.624607028116195,0.27955440023161526
0.59422362127854,0.1092891164903916,-0.017002385171295074,0.02846150422817831,0.5726642534116698,1.96626816913081,0.7803755767538889,0.43715410105285346,0.3688623463834615,2.754290623851659,1.0687166261223262,0.145526675611098,0.46449073072016367,3.895856206658124,0.6194330268871281,0.23197022638608678,0.376962379324557,4.822451918962905,1.342968032331357,0.2003157024257886,0.48897729790141087,2.3813143524739635,0.6226730393273531,0.3282274794834493
0.5292651348563742,0.10557958031106564,-0.02183334717430575,0.02813838992379288,0.5480518746650198,3.0221721695825585,0.7596525938877571,0.5558363514095426,0.2454077036503747,1.8674350304212484,0.7248902964448335,0.14059688135569115,0.5898695247908531,1.9941843676802693,1.0785866566376079,0.1701814143005547,0.33234293518344926,1.510514056528306,0.7631861961431439,0.3382586474440502,0.3491840771164269,1.5459738424322278,0.8613060057666786,0.18503463293249883
0.5578198748396008,0.11259051960322518,-0.022263314392098544,0.028058478931913905,0.5584817978349101,1.99642396622516,0.7852906176273895,0.4866467221023506,0.47921847196270884,1.6967009497311907,1.3622330167934755,0.11655012981997358,0.5154705815568178,0.47393472523536784,1.384852275462243,0.0827516227558504,0.39582937754347136,1.135680299019209,1.1737358674904168,0.27160480599748077,0.22009282213325015,1.2845653914643074,0.9579024022067375,0.1188059566687415
0.598037106063384,0.11392732818566334,-0.02514502325459966,0.029192065068838553,0.6171564583124214,1.4535697049217604,1.0746835261274863,0.37476492223571456,0.35378190839545726,0.5843666552544383,1.0788413291260472,0.08273633104103709,0.49719958099959205,0.739273738925939,1.087556889158589,0.09654969087034591,0.29273397126800393,0.9982902535580879,0.6812028610947859,0.2647523133012806,0.40880192437648205,3.5676918025918685,0.9781727292342509,0.1277743538759369
0.5964097782748312,0.10524888111547683,-0.022833367599518758,0.028810767553476196,0.5521225831364784,1.5654323263467624,1.0344240685007977,0.3852878394929648,0.3260077354236852,1.03043067152127,1.330513283992893,0.08947022396056965,0.4833397652714575,0.8047767160193225,0.9719336655281634,0.09682725031288518,0.3361698473279551,1.4234204067652338,0.9301649546774153,0.2554054037037687,0.5034154624382731,2.908482745483452,0.9461769227632774,0.20131080948003763
0.5754167939700648,0.11735567360861514,-0.024269059717485515,0.028859430348815544,0.5955667697988373,1.3648119142631772,0.9892980445926605,0.38582487478805,0.28449330326564587,1.2038564777479488,0.9400846124280281,0.10025344829973908,0.5009737009963363,1.312429145896602,1.3305481989770203,0.11208094248730277,0.3124751177397132,1.5794367671664682,0.927119884815628,0.26222601317805294,0.5370925538291133,1.6462407003677306,0.9026801514915225,0.1670054720391557
0.4984938489781292,0.097242300577536,-0.03150243994498036,0.025806369343405695,0.5249014670771008,1.9909425793453814,0.7467213001455323,0.4656365557865524,0.25248180081561666,6.175141250070355,0.8442579779692123,0.2579623114222806,0.5422895323814156,3.29985841247201,1.3976808968452432,0.21804673197889804,0.34307134526170563,0.8404104525348096,0.5735736829318089,0.34813897032582286,0.43737313999976224,5.879631864308277,0.5564897654815023,0.32128596907615875
0.4344969812493434,0.09847060659773697,-0.024942843608109156,0.029013586155125032,0.5391956019292911,2.8110316865913187,0.6918716473760962,0.5321942784448298,0.3519318711847526,4.794973497598721,1.3523337048833841,0.35821867044308664,0.48140753853269325,3.365692740478606,0.847574585393192,0.2184031305392319,0.4171664465576062,1.7914443505297541,0.7608504744985215,0.45473985619235596,0.5674199864906475,1.809094889740904,0.7960653059251889,0.25967846050769494
0.45645654287290754,0.10944721617531679,-0.03195997562687021,0.02603824543337125,0.5525864136037009,1.6509997088524773,0.8196910567684397,0.42753587171111923,0.35579577686120906,3.5356497965022635,0.5928937626849696,0.1838014721880929,0.5684319453264789,3.5646086623613655,1.2055758449364145,0.21087852652520453,0.32330437938374135,2.242013089752332,0.3349811704505104,0.44371837546923304,0.37696821424805743,0.7961753605673577,0.6815442456168577,0.19969070597572663
0.4765453514667697,0.10773565843380156,-0.02379782973316158,0.026171285300663365,0.5893156347398133,2.3713945592287384,1.0080877849737362,0.4998031865704786,0.10182536333302922,2.114954140596518,0.8281965643849878,0.1403717109237125,0.4545465884098523,1.9233428341670515,0.8672715389957859,0.12219309490661015,0.4701747433514733,2.731075421073337,0.6570886604581457,0.46895498442173944,0.4538854572800645,1.623841895649155,0.8103269938910735,0.24470346991358927
0.5813699327128474,0.11415263034884328,-0.01738058108361338,0.02616280520385449,0.5134176341738464,0.9494281123451361,0.9678437878865253,0.32588955934925445,0.28075196647197004,2.6788801428599,1.687908697587497,0.2024127074718335,0.5092357918872388,2.195100850841811,0.8133986650829095,0.1542419852886108,0.3543509251339698,4.108780497963097,0.6712121588901485,0.3431133065574078,0.3154064292059814,0.5871164450331879,1.3470520536342325,0.13632337791039145
0.6053389677932995,0.11223126820493624,-0.03852799588578042,0.029924648465299367,0.5750989166080843,1.169800329291975,1.0384998442380364,0.33703740882949923,0.3681708551249557,3.8538844338285476,0.7923308666166432,0.16338196186194415,0.4739958574524192,1.7218919346840371,1.0034427214606316,0.16038820534683335,0.3297926861009072,1.7711504043888013,0.8305284047096191,0.20605551541720968,0.4444265186550102,0.7515999597983664,1.2677127102329497,0.12926167571085062
0.612473260870536,0.10625820586612983,-0.027011145879659793,0.02862485070969764,0.585293632647683,1.3054929066697865,1.4405710593904957,0.33499918818144603,0.30987606368928394,3.7012542873311265,0.7994078822908998,0.19290950525090808,0.5582293998626543,1.7135405532107562,0.935436020758592,0.16613538554599455,0.5493068279818288,1.213217936200154,0.7963250720697531,0.1707108482183498,0.3399496169623206,1.0570181384937225,1.1377169492104837,0.13115130679086226
0.5522436363467483,0.12226252780162858,-0.02122468745344193,0.028098361158008386,0.5644177923811372,1.443785769366181,0.9891991903534398,0.3826808985975673,0.2818092028714674,2.510061296431985,1.509910446118599,0.1812285013017304,0.5598795814583624,1.0892694430271121,1.0030101263271476,0.12908102553793357,0.3449494619744816,0.49403163838924335,1.1877568669237124,0.21332622099899354,0.28519049519754114,1.951029474653038,0.9041994590123712,0.16753784668697266
0.5439139051898563,0.10647822153417157,-0.03489358182394421,0.0264213628049245,0.6051231677276556,1.913642031591558,1.0843440476737036,0.41932446418053787,0.3936493439973148,2.257370803718674,0.6976531741950188,0.12159628837814812,0.6060271774238722,0.8474301433013298,2.1765920644084575,0.08289277040360524,0.29376719112581823,0.597581619439389,0.627044446851398,0.28063768537522243,0.36465245889666315,2.5111583395859225,0.6458842253495797,0.19532814474878582
0.5702002960732425,0.09321921159541117,-0.0226040797736353,0.027931681804765903,0.5597550557975802,1.4096135852679688,1.086415842627997,0.36461340409789494,0.15902653784638748,2.8027867623532146,0.7394167372293059,0.15032246428645252,0.5824966745779545,4.059935432210958,1.008526426335442,0.26550757414058684,0.23052014650868363,3.6041575663295338,1.929263818036659,0.3024660653584032,0.37363516656215856,0.4030495338930033,0.9410569981479583,0.2549231474145436
0.5876202052731172,0.1072775130445531,-0.016750059606627073,0.027796482149259494,0.5624070163130463,1.0911101359010826,1.1096378642102505,0.33680719970116385,0.2982501585388156,1.7913930179150357,1.3630415376602119,0.1582705619445089,0.5626365063432248,1.8667710981631185,1.0353982564177666,0.13900061763802826,0.433713544928672,3.823248911993691,0.8816967607676864,0.2553234191783631,0.43302221500417454,0.855036370819792,1.2947361540522913,0.1806351075083536
0.43393131126737,0.10627134367220513,-0.019373831293552173,0.02745863810276824,0.6147151581889702,1.889271178243527,0.9322427796412877,0.43138650066575324,0.21433241426671337,3.7324088203776986,0.8750706466822007,0.20100587556046876,0.635630450582645,1.4050716984647724,1.7053661769372996,0.09223299749729583,0.3017550960605786,2.2907152609137444,0.9214965414470344,0.26599693018943205,0.4775880997741873,1.9394861031841584,0.30758585974466035,0.5335163240052063
0.43129562923836534,0.12711813340532954,-0.027551661898295866,0.027004619553964333,0.5639065182286989,1.74119163800517,0.9025229334431711,0.4430468055660795,0.38076767912785603,3.7195917314286455,0.9733447016071739,0.2299301677768917,0.4878712812537984,0.9260814961968551,1.164845458217687,0.10460737797345616,0.36960604647055395,1.3907659335493965,0.8339440266791504,0.20626323030977142,0.45082666379362946,1.1298956692335065,0.520120551394407,0.43668022972254167
0.4814034233210819,0.09749749096954147,-0.02840628544534997,0.0265114680290233,0.6053179760522625,2.115719111358257,1.0122250659989767,0.4364853137476613,0.22121725753830068,1.2820847425559396,0.8996127940032511,0.10824159564285811,0.6519327065655328,2.214822110304518,1.1887078301383256,0.14743413378222447,0.3114062088321901,1.453793704568961,1.209607307345136,0.18475611540133416,0.25588537298977887,1.5673349204822,0.22781452030414154,0.49004190610649817
0.5157809694353419,0.1059288440534565,-0.025378235927127447,0.027289484505494958,0.5337030819824935,2.8086138168500865,0.6648745544500331,0.5295540853666968,0.25172584649003565,4.172140906402574,1.3131441721037096,0.3359541200957531,0.465598299127131,2.0093250088952304,0.8912607923894605,0.1526557856941717,0.40078256928719413,2.035017843779887,0.7586004247905597,0.36483619020591523,0.5886546943756802,0.8616345679793335,0.7044328621561595,0.16601418579930835
0.46346155594251476,0.10788797543882947,-0.031050182071253752,0.02699369933832594,0.566263464437781,3.181291864255734,0.7438100512756854,0.5532374250409898,0.3637323222552109,2.749514049782309,0.658125775338845,0.11844917012608368,0.5935593138899733,1.933267023577506,1.292986384226617,0.151774869767776,0.48063244145669837,4.908373943588869,0.5431096654182505,0.5280460473083496,0.1816192663232001,1.7668013953765187,0.5300218055542619,0.2953586443189089
0.45430561584407,0.11270992457444985,-0.031753840984091994,0.02617466422775941,0.564817004815004,3.069725115990948,0.7628169350915127,0.5467403692202866,0.29495687679279486,2.359859261527199,0.7586626017515747,0.12122091859581377,0.5718163731312293,2.4856129387274914,1.2410749756673434,0.14800173747877532,0.44089571244572506,4.172170323003718,0.5381739736731125,0.5697061238016703,0.19000824416282652,2.2416063918168585,0.4664377107238004,0.3066385135877276
0.4906039403010012,0.08902220126252983,-0.03648443907861124,0.03117534603668733,0.5428632000929225,1.8835206370443196,1.0825780962173372,0.43400516711943793,0.36544415915859235,1.7284013019214455,1.062330297395605,0.13733733578786897,0.48473240307961407,1.9112004775261267,0.7840701994903977,0.13387875269039964,0.38202308772445837,1.091286928996135,0.520456875129956,0.3283057181898119,0.4083413152614704,0.8503369961761954,1.4254910814217958,0.20017322687648895
0.36557810769290333,0.12026648308959267,-0.03252956479891619,0.02998639676462325,0.5620339873175388,2.4051206968605334,0.8134491091337005,0.5514810234249099,0.26004433311624775,3.0047552973290665,0.690647622861041,0.13218283362539685,0.47476273998514845,1.5921014444541792,1.3878171828584784,0.10849305143794319,0.31142335246552283,1.2263124393131861,0.7428524913426606,0.345467501314813,0.2205671103053654,0.29510651685510064,0.8620629976533122,0.307832343789105
0.738095431812641,0.10093834862562173,-0.030332167495517943,0.027371094327756838,0.582348788380032,3.1435687200778735,0.7331179526723742,0.5433003601082752,0.39049616819054744,2.204088679824851,0.9296200757804345,0.17394114225574997,0.5621226534552372,2.0388249956144393,1.2230801062791723,0.1276340911480728,0.15617985396863476,2.87650270766248,3.062185726965382,0.21372628672965685,0.4120424320534823,2.643434319716168,1.258453529943178,0.12221684392482816
0.6724300483763522,0.10624114251701561,-0.03092446773712739,0.027812838101842718,0.5558875934392677,1.8807333985213541,0.9131660056915,0.44213425598474754,0.2700246701053579,0.7032246194152417,0.9244425904135378,0.07463553638315128,0.5941117998722625,3.7291518857811377,0.6445811589962396,0.1547417627871459,0.6020277153578959,3.304660315733396,1.1489171021947961,0.17264549464235776,0.5222108454568964,4.555844425118096,0.9740344930972407,0.16411955855537283
0.647266222605396,0.11191498248142784,-0.020815029444545666,0.02908961186821167,0.5886164282811291,1.0424032751518708,1.4712345976362282,0.29424649291713345,0.4057247839430694,7.595369986884213,0.8968798374365011,0.29958000698744874,0.5734611161557197,1.714354219540752,1.8101304337409536,0.13535820342831012,0.14163687606533518,3.3210929470445247,0.7436781403954582,0.25079520695674723,0.08712285250373492,0.8270776239956024,0.8223729317072517,0.14051313981096453
0.5997432814870752,0.11506253526636248,-0.030834281960155436,0.028375648047017837,0.5839009317961722,1.7250608867935222,0.8527837164178839,0.42157104647865856,0.3602952258897404,0.7596853531950457,1.2932472316195762,0.0835187914285567,0.36043474286558314,1.0154067520610646,0.7418589678443098,0.11210390223094718,0.40474863896835245,1.287737385626136,1.016431478548781,0.16528261888256088,0.4274771725201845,0.5545732911021496,1.024599130327727,0.1383063732742681
0.5964368571032008,0.12529850133454803,-0.02658108387742858,0.027656692124521185,0.6163557897395835,2.402648583073884,0.9462980104377077,0.4902520291874955,0.354142789417467,0.8682584755715538,2.425792549714536,0.07429773997639783,0.5207707081403,0.4562900285861108,1.6896767776157477,0.08074340026477927,0.26832982588879145,0.8711810966193511,1.254991623733296,0.1396945489116691,0.15869845873751015,0.8651163643578094,0.5858629788159347,0.17949965241673363
0.5726708005220941,0.09278602289524931,-0.022298739847632525,0.026306257352457202,0.5374226790734277,0.9254944875352947,1.0820879940749455,0.3123320320599137,0.2761121413527123,2.594965760623637,0.6940578638678834,0.134634471389615,0.5958689500703767,2.9927985946273887,1.1630122934339413,0.18819325916630547,0.45026087632045275,1.8445809069048003,0.9138473749476309,0.3051305415319638,0.4248082161464021,5.932798378150724,0.6706517144289235,0.29129796730099905
0.5565853098206179,0.10381530567455632,-0.029383629829391588,0.02714997146521623,0.5820237796712696,0.9686439024442074,1.215233282886644,0.3105536629448733,0.23981797960889462,1.9276540134304976,0.8002809643911736,0.12720273349478636,0.35618550685532374,4.1196168935952935,0.619159164687385,0.19327263213706977,0.3492162808031795,3.805719510364814,0.7851897351633961,0.2545429906390049,0.31565768207432643,3.341144107234397,0.3650342325319339,0.3863634762576991
0.5742625925089803,0.10159693477564694,-0.03499236159241015,0.027157240154956644,0.5704627923674349,0.931691751749503,1.1301315452732945,0.31346315279417925,0.3005437656956308,0.8264758715993659,0.6982107131087931,0.1106851634518206,0.4013816760330911,3.049417702623169,0.712104833679723,0.15686457172100618,0.557726851142759,5.373022505617453,1.286421426574138,0.25297397063305654,0.37230473751579857,3.536240560445163,0.3955834721250913,0.4004240238663408
0.5874551857932854,0.0808162625946265,-0.02521598995641749,0.028493379821137216,0.5322443789747436,1.016790028499384,1.0096387982601156,0.3154709090769958,0.3512847877923048,1.1597139313687002,1.5490273722083807,0.12033441991787547,0.5186847171011791,1.7373710387503098,0.8676028189265222,0.15071461784714396,0.4260888721248695,4.955751764223665,0.9211486805327529,0.3444015310581612,0.4861297462742432,0.6876535634657772,0.8000198968963476,0.19616807908733003
0.5649554185107293,0.07874693612562739,-0.008585009922775624,0.026997158651948985,0.5399592064745955,1.0942453969955788,1.0086326342447236,0.31380674417838406,0.2908803103146239,1.4662714731213535,0.9330426787798949,0.13491950445602785,0.6191475528440047,1.7638648695625632,1.0498622862668112,0.1494715103502108,0.30905989317774185,4.435528829384673,0.7858795250203131,0.41471593312703986,0.28703672061227514,0.8152041319257426,0.9578261406940409,0.2052244539146947
0.558923716601977,0.08982279954163981,-0.028627303683130212,0.0311033350620507,0.573999992275056,1.3026624878918045,1.0681808373777906,0.360829948633259,0.28107568297293556,1.0432354208268297,0.7346047672439678,0.09405752529475421,0.6141034507512161,2.5407266602235947,1.1896199524703128,0.1563218859365557,0.42801835308824693,4.620557435915289,0.7483143893799874,0.40740762345222037,0.5079754673193672,0.795322603180451,0.7635617128638112,0.18367863739364357
0.5553129242877345,0.09117661811503051,-0.0359859220112289,0.030685188554740284,0.5712710658678742,1.4525064595424815,0.983877333179905,0.37439303758325726,0.2374833397813126,1.465568928137538,0.8237252876127938,0.09213021803029305,0.5742938133103332,2.1913466695189068,1.1955528136538178,0.1400521905052409,0.39347038930018746,4.3338145453446835,0.76439507442045,0.41483566900676994,0.4993205518414398,0.802230866405992,0.8047779841480306,0.1953426629676828
0.5586506364091098,0.12680923147438575,-0.024120112199427488,0.03130529484974114,0.581628718142598,3.1129592482710766,0.7585334842870254,0.5907143790839117,0.33339376126120335,1.5992386162965313,1.499674234311434,0.11720600679442025,0.474854635804811,1.3250757132005009,1.3345484370340759,0.12185016644730452,0.2987315312527088,2.102897270829481,0.9948265757574088,0.3163808759148787,0.3593653397188922,1.5960697302222169,0.5590692330118014,0.1880939384954626
0.585482589073014,0.10394179786574204,-0.035677543715631976,0.028615665689926302,0.580984658022281,1.9858320730693342,0.9813451566780145,0.4497689317694051,0.4135622799979681,7.024896848372387,0.5769870999103272,0.22170680818883035,0.549903210050913,1.6116636839086687,1.7592591871346333,0.12413696575136611,0.2891942640200832,0.7468338921240721,0.7926730568100907,0.2563399684414212,0.368180842026913,2.1974640924339774,0.9593543222680954,0.1304847981909476
0.5572287036629093,0.11622553869192473,-0.027524724308585446,0.02566043290513501,0.5473938201263653,5.438861739849094,0.6766063826755991,0.7015949594418215,0.23088480105296147,0.9810392092804182,1.2439940085111092,0.09333016504407908,0.500274578039674,1.528623951692334,1.1464725158180988,0.1390178035675398,0.291769910974466,2.5811052587473133,1.2972875494540095,0.1739736090165543,0.5113163569767676,0.38774294579861934,0.2950406743051706,0.28980127468098493
0.558528171572996,0.11815918962571972,-0.03059581671869598,0.028711976677194023,0.49951411051108263,4.28017172279783,0.6637776932177901,0.6413022478041546,0.3166747488447356,1.072051225745976,0.9553100840585241,0.09874828723595035,0.5877222992299946,1.271593097419821,0.8741328853486043,0.10541894840551776,0.3149890888006999,2.9741648299440575,1.0648795522769148,0.14830933384084785,0.2705990292301185,0.7286406357652405,0.40790651700925074,0.3326383931908178
0.5561950531507067,0.10488759644097105,-0.027387598544719644,0.029694085080615797,0.49714715734263404,5.012757512741912,0.5418132090681107,0.6115313618062318,0.22162170070670595,0.8066606351105761,1.0515550342646038,0.0879304529870446,0.4635598254423056,1.205656578000433,0.9558672748958966,0.1312275452120841,0.31187440103443664,2.566620833605676,1.172311118195976,0.18171603019047686,0.2395197803555423,0.4161598750806214,0.5438094250816615,0.2713197820504837
0.5723086459243459,0.11469179130390439,-0.02946889061404024,0.02688244876464068,0.4374917133243622,2.7979916191975396,0.5661562594786262,0.5333357035927692,0.2573063624602256,2.4421646978186136,0.7265023968910133,0.14461382603156164,0.63874433345009,1.371682749756369,1.1285077614237304,0.13447997354433197,0.23774576005863787,3.805952793492109,1.2116878765476646,0.250014485775005,0.49025287631446574,0.3686384489560619,0.8058372689629324,0.19840064583297148
0.6257005768470724,0.12657076661392058,-0.027322427166802745,0.03010741056624816,0.6324632067605627,2.0779895357436473,1.0474674333549352,0.4564282787885731,0.2967446966565539,1.9029800144372897,1.595506429898652,0.13255308119932954,0.334299014338016,1.1570143994701818,0.6292382412721037,0.11733390604510349,0.45952137406646104,2.730587099903341,1.3728099486836212,0.2710950239423579,0.21860354664724266,1.7057477176322613,0.7254413669881631,0.14925699194422617
0.5755335494800184,0.10132188429801406,-0.024034496691605896,0.028801212902127463,0.5068883300966976,1.60075200978248,0.7813458530392281,0.4250461330485006,0.2632545316614125,5.245359857109035,0.8217836058175078,0.2745350141831725,0.6630696145318965,1.2442759224724884,2.7083528557140024,0.07257832099405272,0.30930556522786756,0.9968379991921044,0.8972749083778851,0.1917500725058253,0.5986916509885928,1.9908566365394316,0.774228540475498,0.22417758306003266
0.6245849768844633,0.11515523296952113,-0.030714931162128,0.029888110609885606,0.6095223914324331,2.1041595343756554,0.9580754874279237,0.44700910508124025,0.3553205134844695,0.6583034111502605,1.3918564908466675,0.08497049314086093,0.3949839058819208,0.7218228275466619,0.732028437312556,0.11083451967839257,0.07453856963234382,0.7065824012543758,1.1212292183898145,0.13348997264576587,0.3146045847801615,0.8233586331302657,0.848983626230296,0.1343270910101371
0.6012930415541369,0.1138164320118276,-0.027842334110907464,0.025971123466777355,0.5717483059590995,1.8126652818987048,0.9014131303904123,0.45205253762568576,0.17076834842877922,1.579641749163527,0.6729738469036527,0.13468767137713625,0.5257624698522003,0.5687407098641457,2.0266997589452815,0.06641398485147731,0.05277725040954693,0.6997586350917312,0.9718888043771412,0.10526579719695768,0.453622847460903,0.43396810234719735,0.7187017149082023,0.1716845237891835
0.5717184095525464,0.11296753136852809,-0.02666229727575276,0.02786856864295925,0.5985026814419946,1.1907836967983438,0.9899505263291485,0.3506336864897045,0.4408107115233326,2.3837370333148535,1.10994614228341,0.138050340716929,0.6037996090749144,1.7534479071632139,1.0619520296635474,0.13820730652164329,0.04250258420067067,1.3844679616585136,1.5434098491721668,0.11980123300609886,0.4380416745859378,0.8218504913060769,1.1980619015537772,0.241376457880609
0.5622316340945596,0.10854945067939016,-0.028650887454435354,0.025400182403707474,0.5391177389121982,0.9159002541412666,0.8645626291847295,0.3586066732431237,0.4114774982941386,0.9529231598170217,1.1401662513828152,0.08854032957806936,0.5717595683827942,1.33434691800658,1.3868672865451508,0.12247147041709341,0.28307941748962623,0.9883906998733876,1.1479718529304026,0.11047654563504418,0.4645821630783631,1.0233269699617882,0.625623063241865,0.2690659293905993
0.5206498869218492,0.11535952202704296,-0.039591355874125954,0.027357971225725,0.5199574804562653,3.0759660668626756,0.6358990463989463,0.5284915460348752,0.20354249094188726,1.022844495631564,0.8396237810580587,0.08786070300245026,0.5767248702599903,4.12472493948354,0.7775225363030649,0.19487523841936769,0.36207481764651545,3.9938032438510405,0.450457316235188,0.5507723792065684,0.31401657478885675,1.059865109573689,1.1289738891302668,0.10745828648333136
0.5050820076564918,0.1080101455041329,-0.01063479043185875,0.02998410717004841,0.5491515268149717,2.4861053048995925,0.7366166279639205,0.5034334471894444,0.2862738644199433,1.038998145252285,1.0229432070492996,0.0987840246701482,0.5421174039546264,3.3706361901518544,1.0730572220793473,0.2271481754098801,0.404683324327233,2.3509929603032886,0.5276752264371564,0.555042375601735,0.3970483428421915,2.171833760270106,1.1382352911457192,0.08974065863745924
0.6758913795217913,0.08878166245680891,-0.01583349304913043,0.02847626126797103,0.5410725968734703,1.0040297778952618,1.0631944599501655,0.3235137953098376,0.21094727726378798,1.1753183957170283,0.7089456354180323,0.11824972411416095,0.5002929261150703,0.9356559201455747,1.5212985203056517,0.09533150388680937,0.43193791468259785,2.3053023839177413,2.4974825841085724,0.0860928365670149,0.3928106498795392,1.5679621323467643,0.6030359735254642,0.20920628535284722
0.5527166915882507,0.10373836449115123,-0.021955539498213297,0.026789326276042767,0.5703161872438285,1.7197986292156615,0.8927336794300178,0.4241329007568469,0.3511992642042895,4.29357284344511,1.2336231810259917,0.3146211783871104,0.47231744917488755,5.366122056234657,0.8963337922592717,0.3217433385209088,0.24865569090857004,2.4714545358810596,0.4812666931926047,0.44133211624619406,0.29409864868787267,1.9037919603126745,1.1480127883549565,0.13302393013018576
0.6761678570391084,0.1015783978558219,-0.03261095100343578,0.02761946819264499,0.5443753073788903,4.075634208289289,0.7118477826421246,0.6120678963044297,0.2591652602921115,1.8011082767205118,0.6396046799285953,0.12429250908337436,0.4441135012389084,1.137021875502563,1.0705239850266004,0.1112665252962075,0.24078180253218176,3.1946464965820676,1.0023842104493204,0.19551881032908647,0.1949858554570578,1.7806941812848136,0.7849544256507927,0.15694188950817203
0.6580172259745831,0.12529683832346553,-0.01583538753899889,0.027610110413194656,0.5166402863257943,5.094385140031703,0.5946514998661605,0.6697500332113172,0.2987975276621282,3.83013478022432,1.0691686135590714,0.25239279458711256,0.5070876914666949,2.6416941825688154,0.9170750584297817,0.20232346462266157,0.19628802452903513,3.545746826372755,1.7280883629858446,0.22347178707879314,0.3323006852158527,2.4353654306150125,0.652964278268652,0.1973204492083585
0.6258933356739227,0.08507284914121133,-0.0251349657569373,0.027815895461500272,0.5411864654524019,2.0497811949730824,0.8182092692262705,0.4429784652621627,0.4583617967131374,3.555413945539419,0.8375134125870705,0.17495179376879536,0.661471956508957,2.99909575279068,1.243067331164962,0.18829930603130784,0.4462179527968273,3.499448893749869,1.2040959993236393,0.2534664793999078,0.4650799328965879,3.071701361013455,0.9275334181682235,0.2675388342323338
0.6899732138460254,0.09571830964375594,-0.030100425978376977,0.027772303808168784,0.5593514318791912,1.315635814002249,1.020418776101177,0.36528252404198414,0.10868067994746515,1.1367986849447032,0.794537784727685,0.11367809658886613,0.40711561960057135,1.6389552635329758,0.6789773371624944,0.11718504172802774,0.2218710696182998,5.361165987279549,1.2043993428170194,0.23718181031931745,0.5201728837776212,4.322722614246672,0.5774779372375681,0.22082850518908542
0.6579746530672858,0.13563840055072934,-0.024941932309920145,0.025998177220737207,0.639552597856605,1.4778814091670507,1.2486841480458366,0.3855014015218125,0.34002617918602185,1.4021481782507985,0.8939002122204351,0.11831149335763463,0.6354674960762554,1.1231903859808965,1.4195910364758426,0.09246526604258885,0.26079260483494326,1.967038974171547,1.1655583605453954,0.21622449967140273,0.31867499605460664,6.201919908979239,1.0723097706204245,0.1908245362855057
0.34763541529077174,0.12121842756591507,-0.02825812265098637,0.02812434212273801,0.6176227600598307,1.6841760309908085,1.150402736031264,0.4037123195157007,0.49486100955448903,4.040595662664123,0.9446234746809782,0.205221629753423,0.5328098320800955,4.616484695079634,0.8579039274046016,0.24534878265968046,0.29410186984979875,3.009240672804029,0.8894987260444492,0.19821158073377307,0.1194975163673694,0.13225756491788287,0.9094449140438595,0.42430449305841633
0.4514608629405786,0.10196773611480243,-0.02482635253744744,0.028708694252597314,0.4731899657133703,1.5261005928982398,0.7423229163289043,0.4078629914142302,0.3221879135699949,1.8133208230398996,0.7359471820959715,0.1326455684931214,0.6256348378496516,5.3746251897267125,0.869733778165916,0.2795006216983099,0.3840016995337381,1.8544650835823702,1.775352818258233,0.1256965309240368,0.49017279958184634,0.8033194796778763,0.512275828418483,0.47015127676799084
0.6382684551827812,0.1103474429838214,-0.027335505622477208,0.0290863992893528,0.5237921169596592,1.2245366738825054,0.9257498410919941,0.3769936086726307,0.34306249001358874,4.879166222467873,0.9387154210637575,0.2357079394712499,0.6372362594169924,1.2930164670556767,1.8626149083052321,0.09924963227159038,0.4739056849414846,2.890435556897119,0.8300358875172386,0.349619805766306,0.5527950254355585,3.885773455972919,1.6180504521925576,0.062480146055556705
0.5512458547497375,0.11097785823392338,-0.028771079005421304,0.026688618292316498,0.6196788100524221,1.6839439766953193,1.1265576249298845,0.38770276610708376,0.2876388367598042,1.3787128977028895,1.681056902742521,0.10251599834764641,0.5257016294766468,3.7159968378471593,0.8899413749840022,0.2160384569096349,0.43789519689382317,2.480642559528617,0.6390194442752893,0.40269337936799554,0.15603873389264403,0.5136782666160784,1.6261747387653713,0.09989222954949344
0.49944075211965483,0.10680052546005209,-0.029981599159035803,0.02677412248380931,0.5158925068322923,1.0482686062499271,0.9028794701645299,0.3509781090263881,0.204635426666594,2.348701068658017,0.7203601228665489,0.1560956756807727,0.6521469271691951,2.2578079473352566,0.8378994166294583,0.12632402572991183,0.21487813625761265,6.217717049138375,0.8137786112881139,0.412874479307135,0.6251679365045363,0.8911865285726585,0.5399677366566084,0.3342249119622125
0.6903076794808516,0.11198833526741579,-0.026187710478347132,0.026982940517531355,0.5847908007843746,1.5474849911119333,1.0469760120514573,0.3717548526932061,0.35395842774345193,1.5930847065800102,0.8483976863170181,0.10864389831814544,0.4460685956018527,1.63154621126154,1.5617648431240392,0.15813004867971106,0.3438668879016481,1.2652458761964103,2.2138433917372913,0.09133481981555698,0.4666275074864741,0.6330714823194648,0.9178966080271028,0.08212767314099241
0.6721585721305001,0.12343477229355364,-0.031693107705481005,0.0287475381414255,0.6016866117502483,2.757132564214086,0.8746243745798444,0.5409191523647725,0.28977518266667335,3.7064480040130237,1.2831166801804519,0.1874430163244765,0.6067902991603235,1.010274101033555,0.9685596523220554,0.12244365908770971,0.31523639119947716,1.583549115558294,1.8117053493054798,0.16669716285883487,0.31551806213201533,1.509322798898581,2.5188286844744705,0.06888129973827715
0.6976482488786472,0.11334948008391978,-0.02431010444379956,0.028569538216891077,0.5165188709761934,0.9414140830394735,0.913183207944406,0.34112113010462397,0.2508933918428855,2.0051708886851993,0.7476536733953489,0.13402372172184504,0.6144470166138739,2.9244889817605673,1.190497091998688,0.20509958372440057,0.35325076259658417,3.914434160652615,1.3674839265987595,0.23608367831625302,0.28933055953067394,1.552102536502617,1.1029135576852944,0.09487771366546467
0.6904432704531427,0.11975853304465561,-0.023710955076724657,0.02637108375980553,0.5158126096120184,0.8180157231993126,0.8503005761440254,0.33843268932642495,0.31516412168812885,2.763908783986937,0.5627451898046324,0.12764414134985977,0.6091847867520614,3.2542286552569144,1.3577416857459377,0.18014784512631657,0.3042802434626309,4.230390953818829,1.6862277412139715,0.26755864540337215,0.4125162023532893,1.3161301993562087,1.2034785898505573,0.11615223301729478
0.6574669349933133,0.10173882708952309,-0.028617195718307117,0.02744212872431075,0.6263267525474606,2.264638698663054,1.0482509464990521,0.4670941976296764,0.2555992185641375,3.302624814886405,1.4216827428068586,0.2711515879567866,0.509973147256967,1.5429411400801498,0.9554362764906179,0.10778827652770782,0.4078267363469938,2.539862930251171,1.4744259249803566,0.21514650556103934,0.34252397684442254,2.678978289891028,0.9351878780475193,0.21956793137567032
0.6057349959795552,0.10956450586975539,-0.02453385744805704,0.027510889489370263,0.5388095839859108,1.2406979148301258,0.9711552145950801,0.3835206184215008,0.48086292463162383,3.6061849915174746,0.9402729147881367,0.18802650262776846,0.5526295070760604,2.2346015888517585,1.1749738022519232,0.18368651624043142,0.3672661763336057,2.414703614685535,0.9006296181721317,0.2964038220889841,0.47632186653540143,6.495927316991504,0.7192174706502803,0.24003261223622457
0.6575332446103753,0.11121585558455961,-0.0349510219591074,0.027392274446218404,0.5880392424163442,1.4886234003180447,1.1480266225422555,0.3850233845257019,0.41330528791716764,0.637293889681388,0.989989922755297,0.09032879946158213,0.5173471220617213,4.384826395620222,0.8864522385870598,0.24893168639344704,0.3438255998825503,1.9918486996430815,1.9774508169013114,0.09100171073433544,0.35885469601958414,0.9911242755534362,0.4709131994098759,0.17071792438887673
0.5967468118923887,0.10322850509979214,-0.026453650835160002,0.028358065513757087,0.5978484486066286,2.189509857402306,0.9714821706093102,0.44861996880129656,0.2068486479785823,1.2516849626615072,1.6426058904824214,0.12548960028720732,0.639201089648098,0.9983367246183724,2.042341818990041,0.08154770746103347,0.18147912682878325,0.9221027234363091,1.6281991955486972,0.14661884756674864,0.4705276164999346,1.1570669700641387,0.9570119638947913,0.19148256502665623
0.6026570368702474,0.11199503455683375,-0.010458522299335549,0.02887201324096504,0.5573089115235983,1.9700590626434962,0.8758498412966782,0.45340766922778114,0.20996231348669606,1.2388512103560125,1.9051772930552755,0.10119932989986465,0.6276785226723288,0.9004115418476267,2.826691593934353,0.07676460061107661,0.20631400275529935,1.0143141918477732,1.2468553230004087,0.16983657168766625,0.5000055186540208,1.3865220989237805,1.1178351054573374,0.18606923308150491
0.6421507505889681,0.1012960932450515,-0.015129278432312935,0.029687554074536514,0.5642892949609153,1.1370881542810625,1.0029764130784298,0.35670886207357233,0.21868650452279814,5.5203981807124265,0.6828555677083848,0.23395929656054698,0.42106103483262985,3.719255895226184,0.5665484120696266,0.16876574667067215,0.2638266528854363,2.01274808796166,2.031594133599941,0.1263242891465235,0.08935662078386714,0.8691658754273016,0.41788205271718165,0.20869295199440152
0.5607735430829167,0.1317113459543707,-0.01090704289459934,0.02686706223074999,0.6000168022445385,1.885511004313543,0.882145889213489,0.4492720681625817,0.3158131822418484,1.4902279847224398,1.2842477366762621,0.11039444096269037,0.5319982116643905,0.8860014760836097,2.444247595333785,0.07509916735271395,0.4197299601518538,2.645881031430369,1.3081540076879365,0.12376485032912178,0.4308891803376649,0.7767708023078259,4.056472218887253,0.186749321926324
0.5661321570096092,0.1069387455152087,-0.026802489797834058,0.02722278290900194,0.5546680408486218,2.1323479641835097,0.9566572910191028,0.4747453318668098,0.2882085837843494,1.0013596500289872,1.3055129669664551,0.0942739860280994,0.6097164284499597,1.4034207599926114,2.006613781176073,0.09951704728928336,0.40522777807771865,2.971458533195128,1.4364405673883542,0.13795952827447852,0.44021434239238977,0.618944623686211,2.8889037535733353,0.21463745391217529
0.5887591535538735,0.1131135732656484,-0.02938852805829741,0.0268956718781731,0.554806669766635,1.665478727409125,0.9220488819406177,0.4317338887160318,0.36319942831387336,1.888538411307597,1.1672992591646372,0.13698790048628556,0.5161834705090518,0.8869390242770598,2.057373361231521,0.08009780552239297,0.2925352880334939,1.4313873062306433,0.7079058472535974,0.2500030979125538,0.602666614506251,1.2453001148533558,0.8513924650091776,0.1385956501044199
0.6312537490155192,0.09956450870359876,-0.03282054416128756,0.026505753805973316,0.562417344793784,1.392594132686509,0.8656636297899808,0.3918378251873289,0.38620087947329307,1.2608415832048736,0.8631062295658789,0.10591402656032213,0.6343642458899944,0.8696891889034551,1.709323290453626,0.08674060162210796,0.32857156273100624,1.2241345233834418,1.0180897727428622,0.233106092353383,0.26229341816022533,2.746754823277483,1.1921470452660707,0.12028443434260992
0.7067717074310732,0.11352603222201853,-0.025298203072073217,0.028502570958115064,0.574600827280975,1.6564175792610132,1.1107692672171325,0.4055753615324897,0.30618223130386285,1.2950904770850389,1.323299999857239,0.1266922859676663,0.6268840035082859,1.182597502434811,1.813043763528484,0.08941320613426255,0.2103729746621452,3.5625145752648537,0.8793151826467942,0.20615990917121602,0.3212420354952941,2.3700369201122657,1.1239361141837616,0.1011286427475885
0.7251370862826169,0.11152957145664014,-0.025413747711721005,0.024998481110031084,0.5814276036127553,0.8669863116520199,1.2559623160887285,0.30239366334270984,0.1658947542452853,0.8094275160687988,0.894043282450394,0.09516400505517679,0.5683520571206314,1.7150641947583436,1.0270528755322486,0.1344581314498523,0.0998989868060144,3.7574958256291984,1.7463140255720957,0.22410737979718312,0.4754590836610142,4.604681695995772,1.0642098334941743,0.16572708100616929
0.7411399156936863,0.10372055826851878,-0.02025291391910327,0.030897235433792407,0.5693620257967826,0.8117626200482512,1.1679074261520763,0.29207189599879724,0.24266082658957536,0.586046692415669,0.8579201305619811,0.09143595229500684,0.4937761613471057,1.4766613672379725,1.167892975541804,0.11069206266071381,0.21304453144375937,4.168928382316873,1.1638989761688687,0.16909641131458936,0.2490439886483705,3.966388951083261,1.3414869388535702,0.1556247107269831
0.674770135018515,0.10696215663213171,-0.014673560557705573,0.029758120845077285,0.5959388658267456,1.329265070960032,1.260143706537554,0.34942806531334336,0.2781106271193414,5.032183309000529,1.0253714570427637,0.2948121569619682,0.4107888033694375,4.082070771447349,0.814688935691692,0.24547825991274463,0.5181656416834307,1.911648936470509,1.5961280393200556,0.18617828677884973,0.3668304320696951,2.2098205622443365,0.8483356639799882,0.06712021969863198
0.5780715528578155,0.09417148412706423,-0.029870031915457014,0.02664401549861665,0.5165753492889884,1.188267570423915,0.8349068081867496,0.3734942883417618,0.35719744411203985,1.1194086758977848,1.2594201116329546,0.09012216914028133,0.5117143777420511,0.7239073094040854,1.6923741971324884,0.07087558140776659,0.07651791357060492,3.539758608140187,0.7632331414552058,0.09165756455633987,0.5623814231881069,1.0178912713921426,0.6342310705053463,0.33573017773403385
0.4461295522479517,0.10289821059261105,-0.019732284018823452,0.030404804439810355,0.6001888382485626,1.5586516270690736,1.150623577603122,0.3968915598320515,0.24449663967836646,4.725737959539515,1.005628355370703,0.274560434077671,0.381656661266948,3.0555462196094823,0.7649220918413647,0.1606808979334684,0.5021860738971801,0.8590093577024317,2.779244540839695,0.13196088755151927,0.4425945740074527,0.39374986052390365,1.1276987449411209,0.2896821869898256
0.47276105672022534,0.09471517630763414,-0.022412804978466053,0.02991472970651574,0.6128295281990185,1.1399167418984582,1.1958016384533865,0.3347185836473297,0.19031441175420863,3.9516934559101773,1.0822300129564266,0.23238754163298564,0.2928806378270911,1.1466507929774876,0.483468036300585,0.1213851667332093,0.5577368858273689,1.190609395692703,1.8686011808004148,0.1459593281773563,0.15717286411131814,0.2144901888493646,1.2018980926469867,0.25348495681501115
0.5695546736070285,0.11592431300333648,-0.03857301397820073,0.02612355128070411,0.6235026283996853,2.343333818000679,0.9984958631887998,0.47137541453222004,0.13589316972682952,2.9769006529699538,0.9420511682654837,0.13660218726663534,0.3483379350467906,0.9819688250989334,0.4573141749732775,0.11094105127231282,0.4711573478901793,2.8790425978008645,0.7682386543072975,0.433623425625318,0.19933137742834206,5.317072209020651,0.6514735111259256,0.1881581309735107
0.5310525236557079,0.09932066650128613,-0.018340327344317602,0.02899563280886117,0.5601320063244809,3.3400543530698457,0.7908423875231738,0.554672482840349,0.31825333059351824,3.7303485580753524,0.6574459898082342,0.1690343668069824,0.5108165807580654,2.799816532179022,1.0169788466719212,0.2042477956526338,0.43583337350767654,0.9090490950693052,0.7296031892676266,0.31106252666393225,0.4942052917034694,1.7196932608029667,1.2164605669350117,0.14540349466313623
0.48340951387175335,0.11433058946787746,-0.033425190421445664,0.030215587008184865,0.5719395166418237,2.610304348852208,0.7957258899439387,0.5008644326869119,0.411768766188745,1.2377807704005228,1.1455708139610377,0.10926606377015184,0.6509241185535019,1.8026436652743825,1.2472483000386114,0.13461271628968235,0.2297082574385771,0.8391422661521878,0.6923920337059538,0.3050160939382937,0.1778686571664511,1.9800256957933078,0.4761882822459453,0.30116608627957087
0.48345218214124724,0.1077374021331665,-0.025114417835482458,0.025270007685944316,0.5659009757974871,2.186963001273588,0.8789183703259785,0.4752989723286211,0.20407574876154583,1.9945250089334599,0.6450907961801063,0.1623667923607966,0.5480482823628657,1.5784119945428734,1.1217585793728484,0.14593943984231314,0.1883406320662974,0.5134680729198817,0.3590545110938536,0.36177260417694546,0.31830673334029963,2.314206607841853,0.44511304725814027,0.2184004317997421
0.45387068172537626,0.10969184964699294,-0.033134487392822196,0.02988068523489012,0.6048965558681695,1.7233268957046484,0.9460311559013141,0.42095392124904146,0.3308743259907403,4.721297656193623,0.7640445953698063,0.20296146370200505,0.4981589921703509,1.0869981453481006,0.9539486736410057,0.10789444917197061,0.3478988772389897,0.9183317589008227,0.8821842304208164,0.36303153590276144,0.5487616358832748,2.258538368371813,1.0492535857371228,0.24986485104328665
0.47271592942469626,0.11555450254347119,-0.03664452233009738,0.029384468636432643,0.5557871511218457,1.2406545004427376,0.9055555696018895,0.36916126680429867,0.3776374952531222,1.1841050140481735,1.3814784341404815,0.08435417637233894,0.6105445278629753,6.125532619975643,1.0138936387922506,0.2880912953804496,0.38048677166852857,0.8631007191072204,0.6113988155798182,0.325783055951018,0.25361270234584177,3.552128572774021,0.41539311274070806,0.3492656465911419
0.5024853360750718,0.09333599295113075,-0.019652729942166138,0.025400416207611645,0.5591615444429403,1.1879274545411729,1.0340598936207201,0.34033706196410246,0.45764697457019204,1.4859562059858924,1.6287282770221134,0.13694539937993197,0.5612388053520151,2.862007690601453,1.1488743118966185,0.24143052468482906,0.3752102882894404,1.0766079828734403,0.7133172110103705,0.3281580641454765,0.37346319843022185,3.488589426303737,0.5244568226506146,0.2772410515213976
0.4753678486680648,0.11509978759965808,-0.01514442973900571,0.023822236163066078,0.602673953371671,1.4355796654483413,1.0653653873100914,0.3781937913413318,0.2614466900727598,4.339968062340734,0.59368839590643,0.16280315556406352,0.5428382778684314,1.959850225086227,1.2324264545932848,0.13454150722060088,0.41077799727874403,1.2565100601290085,0.6272620718597676,0.29839206281857833,0.2328227852144001,0.23195440673662507,0.8643359244015509,0.18961391770336772
0.47904326818998244,0.11761076432643924,-0.02039202456670726,0.02420316635359513,0.6033755768153768,1.346586318400582,1.1026889001541902,0.376310776643517,0.23090365568504786,4.361158836409626,0.5869899982883863,0.16828370105635695,0.5321559485511365,1.5977472389757097,1.1529459662280963,0.1297399762029467,0.3845582726579748,1.250232464985866,0.7463086755235632,0.30569641057125835,0.2928763468390559,0.20702503844220727,0.7892090100810817,0.1764926397289866
0.6202275215548362,0.10815421460690536,-0.018004745302287135,0.027850669383343168,0.5637312258711172,2.659563943048932,0.933983491564116,0.5156663015583893,0.3186087030340971,1.553396312184588,1.4426469348208937,0.11745766686585975,0.6033373194388596,1.1717938636572434,1.8726075846250885,0.09707218231858784,0.4682380350650475,2.2432422666323286,0.7465837820973872,0.33898360024881796,0.5057465429659889,6.323806757370436,1.1530577252403655,0.13620099523400347
0.6470534527502249,0.10561841789959403,-0.03308003629355,0.027378976278763647,0.5955696490933755,1.0488049261323587,1.4465260644763718,0.3106181922114006,0.2962552612401879,4.408574704816619,0.770208168474128,0.21648993808026817,0.546810580502457,6.842563264894596,1.0400152138431598,0.34085994181425966,0.44768969295737276,2.336371863710191,2.2083971931097963,0.1602126854386854,0.11090768725324955,0.5252037337528845,1.3705792858276744,0.14094942927321463
0.6362332842927229,0.09998632493961337,-0.02435429189644985,0.027871578967401722,0.5808807737844403,1.278471656085974,1.0888911195094935,0.3543939100111166,0.40476678290672796,2.9897055398351977,0.8626832684758098,0.1620931908035562,0.577663208542857,4.797876498461333,0.7741491767092545,0.18379119545363504,0.40357455380396695,2.013825685509747,1.0433968688181647,0.1710081669685744,0.4154388027014004,0.30391991882843744,0.9204158535256702,0.10558790436431667
0.6421112839972005,0.1054997943585067,-0.032172100184909375,0.028189530775162463,0.5927698026438925,1.5673702538132324,1.2283423948016439,0.396916959944685,0.2857489501912984,6.473159107611648,0.7862565822702988,0.2645244449403814,0.3799982792145368,2.112096441390077,0.7166051525789278,0.14714095684618403,0.6215936506773976,4.858948731559017,1.7704570693019301,0.15967985684847624,0.13949829924011614,0.2632463632870396,1.014712294360967,0.1564845122631454
0.6002513791646967,0.10611200637478992,-0.02612197836742597,0.0256610606487856,0.5425566364964937,1.3384484818387814,0.8006588373114036,0.38767483300623495,0.23296010750070617,1.0429388817070733,1.1627531095791475,0.10748413929055457,0.5911793533341505,2.4492719490949835,1.535937982543003,0.1707878578835809,0.15940568884097242,2.4423351578189996,1.6068727449741995,0.14240572906403715,0.5435485789190819,1.1581118498845129,1.1207655055572232,0.24705543659224263
0.6555650642405035,0.11361393651623908,-0.026332173233930792,0.027222825250738717,0.6113970476461625,2.474679090813798,0.9313943987367672,0.4956442718860775,0.36595687310093195,3.080583479559135,0.7809297125407194,0.19133342903680062,0.4028292987534911,2.1220788283725582,0.6508315000088292,0.15227957430302302,0.2833395624298451,4.078731769426815,0.846460236416762,0.14170918184897974,0.3123400981311787,1.6100257314255824,0.6428316696684071,0.18141609630919558
0.6727611832331741,0.10755706349138332,-0.03454217081916934,0.027216312910384222,0.6064890820298017,2.031207793858968,0.9673440979971529,0.44466920392478915,0.3909217974518428,4.260691753591071,1.1220654837147173,0.2646248918129803,0.4093406001809249,1.8637817182052345,0.8627541748445033,0.13477781965384641,0.24639156522561972,3.082067451887644,1.4321205665483396,0.1845113644108352,0.19872623460965086,0.8792305245635722,0.6113384039718648,0.15856075389104934
0.6210178886293495,0.12800404719708272,-0.024957648593054688,0.02772554416591264,0.5681454611352043,2.58300928902587,0.7752871293936741,0.5361131812151056,0.33794978636868245,1.9665484058744944,0.910857497489074,0.13181675428715559,0.4434881160438896,2.584412592476818,0.8340198890139632,0.18726616267367355,0.41678999089312424,1.670581715913369,1.8674790004075739,0.13340762398495995,0.32369580693799693,1.196617613313951,0.9341048548755014,0.1552691793858172
0.5295174034203767,0.08619979025091361,-0.03176519008807704,0.028882962971329605,0.5381062162161862,1.9991055204160961,0.8848636693694322,0.43361727842449677,0.26468421283357907,1.4193446587674636,0.8595698309746445,0.10821353096634868,0.625078199544437,2.0981151871691366,1.1520238265681206,0.12112564418533374,0.2701526283052843,1.2018767415592035,0.5912924244824581,0.17856714241071084,0.5574378498245257,1.5045186788835632,1.015266792144913,0.3384092183031047
0.5724999961230263,0.1452974496819456,-0.040053466293930896,0.026204436960781872,0.5725615776221876,1.2200670037858188,0.9341913874097719,0.4017396767510762,0.21866818533909482,2.6643619565031393,1.0833910375508837,0.18039665940357896,0.4304166610084191,2.4603347458591593,0.7816100335874115,0.15888041132198763,0.3376963256550299,0.8886075207584694,1.3605271037878146,0.23115084259138693,0.21836097223820272,1.5192197204586633,1.0959527005703342,0.10747399353630803
0.5655252784594488,0.11843835896337455,-0.01906123830975834,0.03081298556035372,0.6090949682685789,1.487697795847994,1.2652224656872084,0.3755161679349419,0.48316143065208195,2.2903157762347637,0.9724339850378684,0.16053217427016614,0.6757736050150634,2.1332428544819724,1.4404621264578001,0.12513286278756905,0.4549804684281106,1.306363693138208,0.911743713626945,0.22971145272789212,0.2804778739408254,0.4488819794317911,0.8618274291415002,0.13034060675855202
0.5390071609830299,0.10941236585525574,-0.03356285916708426,0.02539007060737248,0.5854108429442613,1.2494262181787459,1.1781111241286069,0.3632502042429989,0.27480225615288806,2.2328703622435935,1.1020160819394724,0.12860668879132106,0.46050516693796384,0.9982432441022886,0.9534756045557787,0.07774072226492355,0.35851294602519684,2.2313326766875816,0.8534539638513587,0.3358074360477249,0.26932967164988453,0.2944086025868786,1.1620218875852224,0.15316360113162575
0.5368575738787307,0.10456351772775563,-0.024567532461314868,0.026267032029701227,0.5796893476528825,1.9066252002835502,1.0857322617811949,0.4399711208470767,0.32860560642339487,1.9137870093763838,1.2257008027626064,0.13771129009796135,0.5098785778994736,0.9479501144913782,1.6934346723305205,0.07105163107563593,0.4658054438108981,1.8312586102895296,1.3499884826852486,0.21646079805334834,0.4763880339351005,0.6093395465483354,2.0413054919118356,0.19092178926572348
0.5439106329347172,0.11076250427352527,-0.02987414126786786,0.02960010181252034,0.5141046466481549,2.0115059119619447,0.7033449209234464,0.4659103790579143,0.27873595753942837,2.0119845726164973,0.9491256642101163,0.14123682800889617,0.47629116373009456,3.30119462430187,0.7023556862520931,0.2178960250752917,0.469432936346332,1.7315226164878585,0.6820911558694395,0.3184608528949074,0.40952282349311503,1.1059065747810615,0.5900532819253402,0.14149862397770954
0.624958955129664,0.11797930327090397,-0.027744068206966475,0.02657947299060381,0.645638677485175,1.4262144954916276,1.3076324028398767,0.34510323959277805,0.4138621708785643,4.161164333448689,0.7426631109158426,0.2096862305437373,0.6075727612678111,0.7332444454035031,1.951690843136628,0.08121978369877288,0.4084290877025814,1.4495900005928306,0.8484562042716296,0.2696394183737088,0.24613757285077995,3.839918853660229,2.0486990260074682,0.15392210142767196
0.6865712487620944,0.09025703169287916,-0.03209586311899795,0.02461179506919458,0.5449720780896564,1.4639008350008293,0.8084953531140566,0.3923165585261642,0.3412694496897408,3.6070518851698528,0.9063358346977565,0.19166914264412085,0.6050850471679547,2.6511392899615767,0.8787085702408165,0.16434355483831908,0.3767180616793812,2.5778520009209918,1.3480910507282766,0.22474944877902078,0.23781725048734792,3.8172238013858117,0.7128284011963312,0.13129122737364388
0.7164265293450122,0.09159858226707986,-0.02589521932161929,0.030108642295796382,0.579049884789789,1.317275855534786,1.2312283951987848,0.3567941676519205,0.3889141390433101,1.4640148558686992,1.0004941403819645,0.12512447048378533,0.5465237513768539,3.3463177646638136,0.8115877700084766,0.18420225978323823,0.21780296437509108,2.2146797005058487,1.3300628059904989,0.1821356750472098,0.12435175271900611,0.6114902262984422,1.8169939859472963,0.03803911699837221
0.6653116748123179,0.11098230223128087,-0.022930612987210365,0.029346291848466585,0.5787494446164796,1.284858669126274,0.9894913384567653,0.3709896168043269,0.3473686154881402,2.9608649098865207,1.0637741051857927,0.1732291077241413,0.5676953744341349,2.2610886610402012,1.107801550724879,0.18219881036993252,0.33384757894693357,1.6887066070618233,1.365571096972863,0.2088978685441829,0.29773509644697504,0.4346255713922261,1.1502443686994874,0.03641920251303116
0.6798319689783414,0.11580399731376931,-0.023922304917157067,0.02804250317913061,0.6077686239340309,1.3502113400998614,1.2795015203342328,0.34640992804061593,0.4423638162901348,3.1938410818969,1.5052482761312802,0.27199268941299504,0.6155713823246065,1.9665633138312826,1.2431339261648275,0.157444659485526,0.2583200037024419,2.1000163578254774,0.7298632468093165,0.2156488324464458,0.3375203387471208,0.9476892872283624,0.5921113239125699,0.039506534284818755
0.6809812783719424,0.09993141288783587,-0.028805982803013667,0.026744021412116542,0.5062721200563373,0.9614704783834201,1.001680103877373,0.34511139763878734,0.1744202427611969,2.7851058807401463,0.5052753893281661,0.14166778809242658,0.594660238598641,2.518034494584805,0.6743954299758405,0.15477208710345192,0.32936062610383765,1.095681407639257,0.7989350478325986,0.18406972685359801,0.2482847203844123,0.9421962710131886,1.1777072472304702,0.019205420489233745
0.7214014633629746,0.08562129111821229,-0.03177451562947151,0.02873411374699071,0.5651167953554288,1.5698178028127456,1.1214164256634631,0.3896121176890311,0.575741503023121,2.310522715082954,1.6156846948010983,0.15412326325601597,0.6308764894712316,1.2850739735405237,1.7355919156966295,0.10347918021955742,0.47160339143956137,5.482020902565222,1.063507267116358,0.30104574298738124,0.29336983734571936,2.2227894504097496,1.5131603259091393,0.06525768989747735
0.6979987048895897,0.110593739325532,-0.03745001006926597,0.02975357991269838,0.5537234814177154,1.3223887099596636,0.9604756470763168,0.3918181685788805,0.4090825308439684,2.5139418414496086,1.0829510523022445,0.17372041212434294,0.6056290867363613,1.32868438930958,1.2656197828137297,0.12268527981789865,0.3426267278750579,6.980977078563398,1.0982774081426614,0.38898972882510535,0.40703077444085,1.4181930563502858,2.3406792021353486,0.06279061376593462
0.688524793074296,0.12350360572645015,-0.035254925527721526,0.028823302948010145,0.5627013772703342,1.086252362469953,1.073162587040964,0.3575347740080846,0.19856941677633141,2.9632425964682985,0.7944549547022433,0.16383630248729647,0.5425273846576844,1.551240561763269,1.4006121267571545,0.12138824780508518,0.3476057647348629,5.546786816624142,1.1145060694717983,0.3906303404953926,0.18996217817298652,1.0747593309295884,1.5879870849163062,0.0676624206410613
0.6658297355916712,0.09908219609335105,-0.02574589972223748,0.029876681168857756,0.6096162891865102,1.191716632515861,1.2674175955046998,0.3250015866051045,0.3891988179109958,2.991315295791636,1.2110268115724196,0.2252605264396373,0.5571368604888134,1.9175125217073214,1.1881323809117998,0.16109868116073184,0.46337342814325205,3.903485187609241,1.2394322270802898,0.24422315370441336,0.2640740710936901,0.6645126997940352,0.7479034431380398,0.11237666958608322
0.7014258956352111,0.11675640337234013,-0.024444196966827043,0.029965580488147615,0.5554881335252334,1.1746043818724268,0.9985301659651902,0.368332250165452,0.1875650911808851,2.787054310544332,0.8864342568071488,0.16985817929302865,0.5707446067284805,1.9522998642648357,1.230184665097916,0.1290847563630688,0.29924210825026376,1.4419948671539218,1.1464209693174452,0.17121204931932507,0.4643529084317102,5.251483011217666,2.0639176930563305,0.1384243206457362
0.6903590425392565,0.09617797534059587,-0.023340520916424648,0.030310009398751857,0.5612751376280932,1.8791415062852155,0.8596267234298679,0.40106476781915,0.32158796269498197,4.427953423103005,1.081136008072904,0.2808058240371738,0.5701965796703191,3.24876553128308,0.9901370341805974,0.22601503636160766,0.10203083677974555,2.542606186254977,1.323890657589848,0.15115224051659248,0.261376341012934,3.0185167945752758,0.44886794512292144,0.18012068889011032
0.601129829149578,0.1181213608460786,-0.020995065567201553,0.0314721200037666,0.5498500900239861,2.058364086972846,0.8274061494550109,0.47856812365347534,0.2562787809759094,1.6132933315446627,0.7893513336117162,0.11019022911206193,0.6382030593289707,2.729900243662691,1.3281955481130139,0.14614202887212976,0.5226433591231319,1.5391419231338015,1.9978888781426782,0.1104293781950806,0.47791709859557535,0.6133237098236386,1.8903665803377239,0.14560802593401864
0.631443579300592,0.10015221344743927,-0.03209413742169562,0.024859179697525553,0.5768959636138931,1.7934543714847233,1.0834399544134459,0.4168695301015175,0.23414744125769074,0.888678098879959,0.7997676182557146,0.09287550330824086,0.589864104862158,1.8337742164775066,0.9936040683262463,0.15384535686904438,0.34613817096717664,1.52355163893027,1.1767219924320969,0.1017121096382646,0.3425479360141881,0.7492105844384965,3.496220779775219,0.1306440696009948
0.7206990687142336,0.11165563969900658,-0.02417742727208851,0.023962141346198826,0.5765283575874495,0.8419808689346184,1.1589666667981422,0.30081062679222004,0.29812305359703495,5.231866088435478,1.0296065970199773,0.2723678116075948,0.4959848875493963,1.2096146446649128,1.2454939604598612,0.11773480044956192,0.44357675622124526,3.126911821666221,2.773911007756269,0.16529206192618626,0.3832273565608799,3.192191475798751,0.6278268195904417,0.1133935096325178
0.6342280451328459,0.1303208299190464,-0.02291706589683184,0.027948866215368125,0.5852574314674653,2.4865897263604957,0.8687733242033784,0.5256667273412853,0.27023624396042184,1.1391801164595012,1.2555144640276794,0.10344419803367517,0.5706165856912969,1.7157335632379715,1.4982549780330492,0.12172897383699481,0.3855845163873097,2.2728834915274727,0.7257003688055409,0.24842166811067154,0.42385767675135405,1.0473231200212874,1.986254007186488,0.06024811489197654
0.6288966755838333,0.12267854567145237,-0.02770467372747553,0.025352548346321037,0.5865054950653742,2.678640227878291,0.7940105858507877,0.5100976275532629,0.32244568278057634,4.256364547188441,1.1360889043133073,0.245470653269525,0.5994742340844358,4.004304777225191,1.0989910843052255,0.20811897515762073,0.45867888049111777,1.161582923664924,1.4801526196791872,0.16936092610298584,0.3708941437184169,2.3498581928126585,0.9953268681956272,0.1393182976531207
0.6305293933073185,0.13222616200869636,-0.022707990786825092,0.03105422817266282,0.5670528498300501,2.5104527664162584,0.8243198487070721,0.5156349622148718,0.2958283041218947,4.946740976983035,0.8670781918000368,0.23997757038945194,0.4856725976112004,1.595550398561388,0.98611548823116,0.1256205416554821,0.5352610315496311,1.1151094169565596,1.647737084807072,0.1500226304907492,0.41885314521652517,2.7345158223008896,1.0176957286186452,0.11631232533744588
0.6925456005490537,0.09870059192822007,-0.03477612531865065,0.026547390952784935,0.552111464327653,1.378047138730846,0.9317991523523712,0.3744594491603138,0.2511531381656435,1.218432449748275,0.99038620180189,0.10838425544988016,0.5674084787113284,1.5445488494683146,1.6865522839498739,0.12182043661568125,0.18359140879723687,2.3881046709530254,0.6626034223125055,0.23593717859131072,0.4468561221610422,2.589755180139447,1.7001092320995403,0.08344270387232786
0.6786090099877554,0.09797242407732847,-0.0425878995867127,0.02861387808328551,0.5970985496694998,1.6235758520774546,0.9643832825185982,0.395076848550096,0.3603869462122203,4.596691508633644,0.9816573169222791,0.23517345710146187,0.5662002019956234,2.368131552376477,0.9704741168030233,0.15259160420750106,0.41660053092637195,3.9374325108455106,2.098093331565862,0.28202042993224435,0.20321271074984953,1.9972730316071363,0.519072903007352,0.19954060786086986
0.6287364618290053,0.10122155335450352,-0.010270930398992394,0.026874960857342388,0.49018153368203016,1.285849018582983,0.8192732816880657,0.38476658121977153,0.5492184536935218,2.81686990395454,1.3135046269758988,0.2047464100607397,0.5727376935467078,2.445581112873419,1.3040343107110588,0.18213724670890913,0.34296699281895227,3.471174608508099,0.6099046017938893,0.25858961265674457,0.31402250936936243,2.6587233474813647,0.6305164203986107,0.1792787783429959
0.7377055917312733,0.11191649177833383,-0.0416947466524869,0.028583072187212816,0.5986611723044963,1.9947638047750467,0.9899283147644026,0.4393800461901082,0.30366735879055357,6.119068882969592,0.6616887414619964,0.22775736201918015,0.4744180122207384,3.0581597393169835,1.0019475643978628,0.17947849442896277,0.2806532392492728,5.113537651867651,1.8564005685624643,0.3812218494083727,0.13622754089594027,2.3954951292052766,1.087504175189856,0.11579282432267048
0.7193440763003122,0.10187488540522756,-0.017873820965932468,0.0270340142459614,0.5747552516468546,2.2416143465599343,0.8703127713794916,0.4701521757356671,0.4053810693570583,1.5912221375700957,1.21689166334598,0.12451980806167973,0.6086415113700442,1.7358180010123787,1.213718923100653,0.13565237323388737,0.4270095008328998,6.602251808026317,2.0651677970481,0.6066069378465918,0.3120268269873937,1.1794776660580781,0.943421794555787,0.06271481487920415
0.4833223689689073,0.12134613259884387,-0.036362760027155716,0.02848984464838851,0.6004178363668355,1.4825575623297547,0.9327200008144013,0.3965903146046108,0.3862936767797955,0.9298585596403776,1.351999761055929,0.08782834250082464,0.6276854202642628,2.9262754379368303,1.0362277055511295,0.17748045190129166,0.3211064093295056,1.138229260803088,1.1081297081643866,0.1673456147710227,0.293514995026046,0.3834054395897398,0.32769024021747395,0.3477086217910428
0.4134613319952117,0.09951390627314602,-0.016171140630272883,0.02580824811206682,0.575251934166483,1.0909251967121618,1.1243619440829005,0.3290666965856904,0.4033668721206747,1.340889145646999,1.387941243964663,0.09936352982251836,0.5128411834362365,1.8252225319064856,0.9204846175253691,0.1323238704772652,0.3079941761739249,1.3111711911571533,1.9397506132526507,0.12115930406181555,0.5340285354023887,0.5178370654605796,1.4147968306466872,0.3760914439517174
0.6166843951890181,0.1127916675994666,-0.023015845637680176,0.029694411332590924,0.5628931520002833,3.6601235110345387,0.7871781953058238,0.5982913209750917,0.3344640182707016,3.970618670955591,0.8155119707405952,0.21474313559810865,0.5564936740518462,0.8628560494213523,1.680061410613722,0.08565911192475098,0.2124739645419159,1.5877803573080422,0.6670090855303409,0.21598648733319276,0.2776730165656426,1.1476438501237411,0.7023545442873342,0.14750478593919283
0.5228801308309216,0.1005748821582423,-0.0278075543174351,0.02573119043973327,0.5553550948149604,1.5248516321726269,1.1017052650611698,0.3898470645791803,0.4479430791672837,1.4401059746945353,1.4543155903144778,0.10562353874800334,0.5681342083637487,5.1676371670104535,0.7702417003893605,0.2508953812089982,0.2420951253544717,1.01730209410046,1.1366493548154148,0.19487002666457653,0.5917764588609047,3.2243739793760375,0.495999624381143,0.368676310518185
0.5010266943426666,0.11125160597879512,-0.024622463870179186,0.027548411277554124,0.5646153625741969,1.368932686745953,0.9515750560417986,0.40528095414624415,0.3162927516870852,1.8041800525293228,0.8457862738748054,0.10832108986262795,0.5513058290610523,1.4486480349560464,1.171533941484975,0.12970718414406446,0.3638751497785683,3.978774523634168,1.0404642203012924,0.33259092721247085,0.379760832609348,1.5626365975615284,0.3895329626465757,0.3950103417103914
0.4983375412650601,0.11365386900093344,-0.03576914412941485,0.026928630326786218,0.5662222164613143,1.46097034089285,0.9759720299062861,0.40787872305897205,0.2497618186965036,1.1361012180459982,0.975280402728285,0.12271605314034195,0.6246742543965992,1.4319812848893798,1.4184203477169044,0.12509296173471493,0.4053806468669575,2.735646825738366,0.8397219840493575,0.34460683858046404,0.3943828178751173,1.4724388310116285,0.369438013145359,0.30287701645508797
0.644139337098174,0.09599584398229669,-0.02958543245490411,0.026300782970711915,0.5811626495459052,2.366793147906218,0.8759653652446179,0.4476074002441138,0.4215472289551153,1.993097584373333,1.107677470249417,0.159712696013258,0.5247310320332883,1.2415141219523778,1.3349455266482553,0.10517935860101146,0.23627934145817597,6.264129595594415,0.6571836420921703,0.3804194188337436,0.42039636301243005,2.9663588712110025,0.8274265739351105,0.17962421446527277
0.6227625389978002,0.1013162571702857,-0.027562926306929345,0.02770370395682379,0.55259443573862,2.5221574729121823,0.7497095402242338,0.5015342490584627,0.39907167599672827,1.118809838260607,1.1561399411549103,0.09261968818164454,0.5723997818755382,1.4643341272042423,1.1977562356343683,0.11730957149334208,0.37903383070084734,2.027375853785345,0.8723640139503774,0.18227356059691469,0.18324273036238323,0.43598314386676956,2.5952418261394055,0.10667208704738222
0.6485540485629143,0.1055381420153639,-0.0366417123615895,0.028765537497814214,0.5608473550509772,2.5707630549031526,0.7985674342575613,0.5197413598466026,0.2908639807155731,1.8608943186870193,1.0728535055530797,0.13939311398399548,0.584745642543961,2.201983947140804,1.1362738862959894,0.16139433789598065,0.2893495590571203,1.92823628965419,1.1819772728456837,0.25067508062347715,0.40456180130030206,1.197804273483518,1.5530593443424918,0.07006589190988015
0.7034226314281933,0.11862219031683559,-0.033068494002790196,0.030038328555254182,0.5791429833214977,3.69397743148948,0.7615697713107547,0.6214507244742364,0.17122254719224184,0.3860164227919547,0.7740787567050119,0.06919690909317022,0.41059528971015147,0.8876600554292116,1.1900080147565755,0.09188818036587099,0.5017198791814088,2.1208181239795945,1.211644686005084,0.1505172272284471,0.28369577072746593,1.6759577840569007,2.2044859396187126,0.03492693778098208
0.6622016445382839,0.11198016364125729,-0.03217966662243036,0.030359697164791775,0.6207390170833117,0.9178140999194923,1.338298998510146,0.2823224924544234,0.30683770137388056,1.9459289041183845,0.9376837046557782,0.14986634742925445,0.5275028685541523,4.000303892442075,0.9809154228586586,0.24128562866144176,0.28624241109103876,1.6625958322548078,1.051367600777677,0.25026166190957916,0.4498315788143036,4.670844002660425,2.062913787254842,0.19035133282452477
0.5944180351502611,0.09768739915106694,-0.024663359083563024,0.03064531024134041,0.5697551861645995,1.160050535385262,0.9876134163131909,0.35393007953679384,0.44439059279535276,3.1065791210875715,1.0001125524709649,0.21062829497820293,0.6401615350244689,1.7008224581921987,1.0246902966331377,0.13337950989523428,0.2242738222126636,3.026016062014272,0.6652730755254094,0.36263782037886677,0.4090310852976496,2.406635513045151,0.6502591280689594,0.15358676692240017
0.5587561724865603,0.10875608171194726,-0.03394342356172879,0.030458380770647737,0.5837235517374473,1.5687082360946174,1.0361767254042902,0.42473831972758636,0.3762120616602066,3.496781120639027,1.1354662880166604,0.2156276731386511,0.4630587362835723,1.62098022077412,1.0085166011517839,0.12722422435693068,0.3227168093730042,6.149226823775257,1.4712066340212817,0.3792879846523709,0.4903715681240927,0.4485750786933293,0.6438294502608053,0.26945482445120456
0.5472483701438416,0.10148662641448034,-0.023649667345877784,0.025823687373643878,0.5645114928613089,1.3394307152131442,0.9471519833306908,0.386849812879432,0.338625098070259,1.6162147047625146,1.0268882353090312,0.12145260884286806,0.5456593120163,0.7527682678643974,1.6114746186368525,0.083706440545714,0.24767332041073295,7.532042453826269,0.7839935665163755,0.36804063336485426,0.4039770385376423,0.7223300428274008,0.8576884580018865,0.25889830451217677
0.6028058611450345,0.12219941381922775,-0.03176498816925231,0.027198817516316254,0.5808088057762241,1.9591516175614851,0.8544918330339297,0.46704453405507723,0.3762116815637201,1.3578788467319478,1.0945339273680228,0.11576052032681478,0.5297039207114889,1.2986949498768043,1.0726973399176045,0.134290156721246,0.43975026113162413,2.0958812413174686,0.6671351303158528,0.24965054305367135,0.3511871932058024,3.864832534968296,0.8930401213944151,0.1846261401787937
0.6093701453176386,0.12467638811595572,-0.02489488999871453,0.02667974755086274,0.5589851922333677,1.996605177446722,0.9874067855657603,0.4642241402458215,0.3297937716061899,1.0808497941750486,0.9287482979367347,0.11235044438655606,0.5554165722112111,2.4291882467501664,1.17447198539465,0.1806759007396966,0.4403382239856461,2.0228564154436834,0.6047529983209063,0.2362208051207592,0.33623423813193826,3.6420792597879483,0.7855449842834489,0.19924542981573526
0.6073670900977306,0.10874174012052197,-0.02469478455769039,0.025808197763161584,0.5738615354522518,1.6317203385137937,0.9509455927485864,0.3976943830977913,0.4207291376795562,2.316227593368384,0.9711820149123441,0.16849526695080097,0.46603187170036686,1.656322332502176,0.9233371898288928,0.1548899504356826,0.310916231987141,1.6219526599937526,0.8489901089282101,0.1971904479760002,0.3084115972438448,0.42811329928738057,0.860092720984003,0.12667779217358216
0.5478354166657856,0.10746927811309646,-0.026360077960876874,0.026230811852604535,0.5763820630391461,1.6697472350643936,1.0182474077825472,0.4125864259892375,0.2387252524658476,2.075184748642676,0.8559932046244995,0.16726654836875016,0.5850170996079901,2.9223042542464115,0.799554599900768,0.1820329681214519,0.4306143007171917,1.8519779881572316,1.0995645308820607,0.24745148686140683,0.2900513182203572,0.7627754693647841,0.37932107678106836,0.22194749041280068
0.5598709494846629,0.1076478137623793,-0.029791483746682258,0.026322509322554394,0.5978379511813575,1.5318378109983586,0.9848352791760231,0.4012269568787878,0.45394389152223813,2.5201238141877487,0.9757410005156514,0.14689291960109485,0.5090530237823427,4.595800710019366,0.8036609556322023,0.23236506634935322,0.23333988254434404,0.3587576973906787,0.8205322974229445,0.2557299942152407,0.15586788890818556,1.1513334621550826,0.7710849036343113,0.08583233699208771
0.6406146850313115,0.12004353126772777,-0.02998905514102398,0.027590656533569975,0.5590308961953876,1.5950248013406771,0.878128787705524,0.41843603593068235,0.18849468872048902,0.4047786789880381,0.6476559250175804,0.08016039204193508,0.48828520785178037,3.453094140790983,1.486440987494673,0.25173246864958465,0.28965381904578213,1.0577672963936837,0.9651173204149635,0.2074169143036568,0.5487075034057955,2.9175642770558308,1.8770363027234869,0.10851792095376524
0.6341631154770968,0.1071677375684883,-0.038671172687825134,0.02754285775123774,0.5783098667271723,1.706752252991036,1.0188272684528483,0.4026715334261883,0.4949377727865784,6.876805889859702,1.1768109929465789,0.36157273838351406,0.4802568310185569,1.4018003803837114,0.9425968176532817,0.12723486973873016,0.496970639685821,3.0916266211912866,1.0530235520062072,0.26286802212027305,0.15916551267121923,0.7037481654328187,0.9615351154613,0.1169286176128103
0.6400005325799841,0.1069299052008138,-0.02514609361453745,0.026961463833562047,0.5837600126011316,1.179291428571466,1.1357579261632693,0.3281070901806419,0.2476450464600572,6.061281533217091,1.0439430848155078,0.36811112177787303,0.5786976824576677,1.8523837646166215,1.5302641938963437,0.13953616377285255,0.37954122031499293,2.4476150388010716,1.1314848459480118,0.32682634248384734,0.09698021793595031,1.5166952869814139,0.6827134628295051,0.10784161669494344
0.6533913732984291,0.11221263818788693,-0.03148569830803028,0.026999882745360894,0.580482579830928,1.3032821672575114,1.0978862932040305,0.35683243054675745,0.1546469762837335,1.2605014151111844,0.9552938773560248,0.1198967693753808,0.46910355480150717,2.2987116205372025,0.9167909229711771,0.14959141191829065,0.3648689980897462,5.995972524342114,0.6629461539446315,0.3986864407084496,0.6239583422557793,3.0018847131543565,2.3884854384685945,0.08346373640220496
0.6425694686277849,0.11607566858936823,-0.02609592264051687,0.027371690356765562,0.5869708617104686,1.1218776933671464,1.039449292291739,0.3632992055715088,0.10891211838435452,1.4380505759711502,1.0880644691371624,0.10527180978877484,0.43718975351198053,2.0735887162204776,0.8641834378953538,0.15071794196446378,0.3135920798841875,5.640027035185439,0.6676978352448968,0.4825752594120133,0.5905702257846921,3.931497575111745,2.923094715670157,0.08941459363209846
0.5846395222637617,0.10815007644093927,-0.03971980471544881,0.02658182121025065,0.5989697497960738,1.9499928306080538,0.9646534319599455,0.44325425511906574,0.31071147892934076,5.7108149403298745,0.6071443644691621,0.16432044029314086,0.5904772798546626,1.0036998949750318,2.2528203685475883,0.07628965591980598,0.2857889597646149,1.0802169468664584,2.5097208302536034,0.07981719945053783,0.5671897795833687,0.9330077266335574,0.973521766785572,0.2469945465943355
0.6223542149865121,0.11506393608508275,-0.02727819422264574,0.026885955200018227,0.5480791909504277,1.638380122364195,0.8463498426910006,0.44109022477682314,0.3284388703037506,2.735122377799506,0.9018425121330766,0.16444412489933816,0.5943281569491689,4.508766720288932,0.9746421110562062,0.19398537352939818,0.32222183247474934,1.8572195313207367,1.122105919091663,0.15383788987469377,0.3434824463368238,1.6519279798510884,0.60582341572806,0.21515207776679937
0.6012672433097451,0.10754986851246238,-0.03642378557667467,0.027637655438377557,0.588656959991349,1.9994732816997094,0.9481455249091094,0.46265250342345116,0.34527041563567684,2.4043477623604677,1.1454544630466232,0.14231394632108835,0.5166105970847629,2.9631160274570805,1.0256900548952834,0.17474574964228498,0.09331776669954694,0.39890032243655565,0.7486479526818856,0.20693146694100648,0.4752237732157095,3.3896661891066624,0.9671610324916657,0.17913005689736722
0.524108005914253,0.11461965872507619,-0.031057637933070113,0.02796977832465327,0.5637662967285244,1.0407679796987908,0.8332412652641856,0.3597565869103302,0.2831031633015882,5.295966922501846,1.0943073577722202,0.34427037010963923,0.5932661040492188,2.3324777368566973,0.938169836154606,0.16293727802120517,0.47691499958707256,1.9073104039330864,0.5956222694635814,0.4686992249453213,0.24700461434142684,1.704974717997606,1.8110551792900587,0.07825124437343975
0.511703111031956,0.11214485410551517,-0.025245294188869175,0.026121066807805675,0.600449381152383,1.2403930425412968,1.3171282155224644,0.34496023912471485,0.2551862006574295,3.747266900968197,1.1729597092570103,0.25556006287984967,0.46540753979680655,4.834428174250814,0.8745272006285512,0.2485949722558771,0.42152409386375145,2.5577970051189842,0.5647469410345571,0.5278483841529258,0.36369053089111203,0.6038654943037374,2.057273468451311,0.06913637986248825
0.5226704234613578,0.11470670588227327,-0.026604549700457086,0.028225661186276802,0.6045492801968781,1.1293247539644635,1.1953732967347461,0.3272818437939656,0.2855470456151688,4.871326337286074,0.86031474182978,0.23975479601025923,0.5789682638524505,4.5225333333213795,1.0210881904340077,0.2594999916632462,0.3451394127240896,4.155565239745683,0.36390094194510153,0.5592094486056305,0.31074842185944146,0.5438224313834522,1.28932042696286,0.06001905545863741
0.5511926063868523,0.11019441301896561,-0.02765998221657432,0.02489604946109758,0.596686345742229,1.0787693227571797,1.3173537362239742,0.3160323214785509,0.3903572561087711,5.155784920937035,1.1109572306969686,0.2828955594609517,0.5499771073907951,4.193309430553735,0.7704755639851517,0.1855275958893243,0.31001758317439826,2.697842290494242,0.5383858409081144,0.5210657384628085,0.2713505492790499,0.9299803391781023,1.2398912502357378,0.05533955095358565
0.5197279627992941,0.10964817911071882,-0.028251777962710053,0.029629638273362322,0.5721850044504984,1.3729629043050597,1.1019358308291667,0.37777393548899163,0.5491183399384969,4.015358176210426,1.1977319674262759,0.23286634702825199,0.5721658133688609,3.798362493210218,0.9935684358827064,0.24494032000794916,0.3013641095017051,2.86621200394103,0.409904943675729,0.5342331857635225,0.17298582737658047,0.8726052007870032,2.9016226836231693,0.06124774431648517
0.5272061411929324,0.11144297515783612,-0.01809958894857933,0.027492492332275166,0.5769173882303258,1.398237887324144,0.8966103829094001,0.37848584737749597,0.30829213044491166,1.2133994986849268,1.088565884828235,0.11012000695523702,0.6075201338666621,2.6713878242802336,0.7442790111726326,0.16122870435217496,0.4436425418794273,3.4190660438251843,0.48933537574067903,0.4966038750574635,0.4642149265433882,1.4922601914572384,0.9901251316223584,0.08314936904154488
0.5673660843174012,0.12633427439545256,-0.03384276985857613,0.027251911771449696,0.6060009778401607,2.0522585948625225,0.8673640087443762,0.45726268321600133,0.3332347214851178,5.075423579322304,0.8707417431906506,0.23020288757445792,0.5195105878901931,2.7450859945224804,1.0451152191459339,0.16188805837698025,0.28340189080232586,2.088518467636812,1.379133838958672,0.1628252751091086,0.5176409649577641,2.9475028565520343,0.5469784151758403,0.34768918548379135
0.4213802400283734,0.09449347374692932,-0.02655347855986242,0.02925565288194825,0.5862341797222387,1.3836774487099772,1.179245093959872,0.38056752313324343,0.23791598497488617,5.721560768636677,0.6875317015708907,0.215338035848798,0.2975787453313207,0.24223711427045586,0.6531185970593921,0.08860844207708325,0.30814105708886097,1.7349112850061423,0.6143893085118873,0.46821289785679665,0.4173595999109285,0.4187523992854302,0.4728167076469059,0.2490818202587637
0.41829977048512296,0.1118578501720493,-0.029469107110795326,0.026832594921434354,0.5528157592830819,1.048878553596674,1.0327557455436212,0.3382005281108767,0.2748574944927444,1.4980068964650748,1.0679051797208459,0.13338564645711345,0.2962353548608369,0.551445376831427,0.6645201756531283,0.08822146159235784,0.4901039130164136,1.9045157006540918,0.8973170245274055,0.3087720072543772,0.6605383064810317,0.6738548678388565,2.295955675114784,0.23712627933610772
0.44290799287266597,0.09782826238784857,-0.034945698774443396,0.027312128711892973,0.5746956957521213,2.0549375582220506,0.8365054086908104,0.45877953810848493,0.40944328498886823,3.0761141367739246,1.126015452903138,0.18964395940603251,0.3642346404253596,3.172749269136499,0.5682834365932221,0.11650168197988778,0.4658975940476739,2.667944750102817,0.7894592823074651,0.29130953838162726,0.4691931612749781,0.39464770573754404,1.4342662021057495,0.26923893286302913
0.47383837331053447,0.10693238226950114,-0.020717406853728953,0.02746836363208088,0.5673034298115193,1.6833636778563632,0.8226115256190021,0.4265918081290241,0.26290474683237003,3.608638471039673,0.7000648571787886,0.21581646179049327,0.6311116906733927,3.0414918840245977,1.1771202015181914,0.2223318385249666,0.42145644612234506,2.612084043982148,0.9054004581243583,0.23621344001821332,0.4175472433873196,0.4803218798621028,1.1287356949533625,0.26505146872119795
0.35717695209491435,0.10601016024340372,-0.029935434376160766,0.027576415258740317,0.5921478576605566,1.2802848384691785,1.3041308689961324,0.3312943675022237,0.48204483449452956,1.5364884319259469,2.0481748004647553,0.11241552146031551,0.628302299971146,1.7766166427017906,1.051815122633123,0.11124310382148195,0.4635370785634101,0.6450598444899497,0.6463330186880195,0.47911894703812336,0.4379314147333135,2.808772117572085,0.45336679553298365,0.3115150227423034
0.3339642526484003,0.11475696455530324,-0.020763597189662253,0.027613508580351356,0.55859287831088,1.0877266633778544,0.8682079108190233,0.3690957644692738,0.15282554981894048,0.9579661983755383,0.663304785963425,0.10068633273387713,0.5361410197650789,1.354505325499295,1.0144900397808627,0.12875075662293878,0.25698905626365726,0.43935684292670363,0.31350741602703974,0.7104188269075459,0.3195802579518523,4.653319734201558,1.242479227012634,0.181123680547868
0.3083581187916959,0.10266932725936809,-0.029017802387710505,0.028554188064251487,0.5247017188853133,1.5124026867046014,0.8033403850293519,0.40117614900969856,0.3259325971637751,1.4057431897530503,0.8703222556150908,0.1393606690776683,0.6098183298698867,1.4648176778023347,1.9381483660161818,0.12782319294668107,0.1478461752536932,0.5669315282061927,0.24407594945585082,0.7053862478151756,0.683181863526154,2.6248949674486894,0.5294980484936384,0.2030079699179429
0.3050194967192045,0.11446529060241138,-0.01754188632738607,0.026709311336861125,0.565125312811777,2.4035512273089727,0.8408152839507406,0.5145372302466263,0.2953653090565399,1.7491668162473073,1.4510263168451145,0.13968121769011577,0.48736245910335346,1.1762638325143076,1.2339421170244402,0.09569859119957265,0.48098199439231853,0.9974709911557541,0.6118261505708558,0.5113130563591359,0.5709966260265065,0.8907481646752989,0.6311935487968717,0.28995385491969217
0.371900553378525,0.10059996071424285,-0.03081229962953647,0.027470851742541328,0.5721291035691374,4.499965524972691,0.748132945854758,0.6519671734101451,0.29658713538481063,3.403076545218078,0.6481833199443697,0.17838162880218575,0.5126795174764754,0.8947134541520242,1.1242439171707748,0.10496705693629796,0.2633314570347233,0.9573787414640926,0.36908391120147027,0.49037630552351147,0.4544249460721792,0.4429387153845736,1.4141608843924802,0.18169033529398096
0.3655909863783818,0.11271050283369519,-0.02601986175748415,0.02690654701677874,0.5922018669568561,3.195460414812348,0.7588839800592861,0.5746591788045552,0.3125583459704211,4.544461962882955,1.0159578382414414,0.23749531491069986,0.4547844675778856,0.5594581167639279,1.035453029946524,0.06962982298096895,0.38923476042142613,1.2970831585143738,0.551799359213006,0.4987498840936617,0.3471249266230551,0.6739197208654172,0.6992023082396577,0.2516270044723932
0.2954762772997622,0.10926279184842407,-0.022388841312229305,0.025785211498173127,0.566207222129283,3.015425686680452,0.7883634099829383,0.5485139820507087,0.3105011135589258,2.787828856411755,0.7846019210421302,0.18284322427279068,0.5888018229580549,6.26631750974086,1.0715393888122458,0.2929379578780049,0.298827333247354,0.3775402541588685,0.7436916180468465,0.39649841467133556,0.41411850796164745,0.47407554839701965,1.2930304342770083,0.2575750574540046
0.6474917390942186,0.11610164958662647,-0.0386556203043019,0.025172337571753214,0.6002636910862357,1.8961249669727136,0.9611340510879278,0.43284219240545624,0.32613264877065834,1.7723772839281111,0.8638552997027515,0.12852596420507328,0.5205637323089591,0.5942270445652931,2.3591486247041185,0.06823346468445567,0.4193178149957377,2.2268645507391147,0.8070667375432731,0.2654270510516409,0.17468833853387777,3.6672263793804234,0.9932904346000013,0.1347737768006556
0.5658084033446692,0.11896597518134824,-0.035221978752373255,0.02610382798236547,0.6026735523346177,1.1768024006718736,1.2978604295779634,0.3386239381874558,0.33239719541700813,2.334790637093609,1.3834129630492238,0.17756885902970163,0.49181168017592186,5.26719903934591,1.1640355892769592,0.2664089024400068,0.5014647210947761,0.8566744381370718,1.2733093006063594,0.22502406306788478,0.23377242493804606,1.1481765677680287,0.6702977078865225,0.1468820887420179
0.7377346976617906,0.09495956066197354,-0.034997568166465085,0.02527856573859688,0.5537211426087293,2.1692739774359033,0.8026046825824139,0.456159776316334,0.16101744180833716,2.495028479894597,0.6442506989982437,0.15970627923384836,0.5729611689036017,2.502635029982296,1.4928451842088266,0.16836496762370548,0.1947421386947952,3.296003559744289,1.252009056745121,0.18543846451977014,0.01935434537460477,4.993212254328644,1.1398390419239917,0.22580347992365918
0.6917155290305032,0.10635358219466862,-0.01694633330198183,0.030767182263229196,0.5412747924036749,1.9377767088050402,0.8667231134770986,0.46363459221127484,0.34139682915342684,5.749955814974041,0.5663220060593911,0.1952021070579531,0.5297707277959572,1.3587520467632288,0.8335320170203844,0.13038523976195956,0.5272953013010858,2.5540969564390306,1.0761006151375498,0.1380800228697211,0.20026973898904002,5.145653825882614,0.696358857462493,0.11914776151638422
0.7046117149574207,0.10724059189612745,-0.032745556405584145,0.024681823972831536,0.5973753448470523,2.3443101997874,0.9748976247722859,0.47018418917778526,0.12128817246727007,3.7264009842860197,0.8130340577007363,0.20320787405175672,0.5808446876472235,1.6714179982697528,1.378170466557472,0.11583734163933188,0.5019469877400963,3.503707698965103,1.3092957454970906,0.1771838231597955,0.5433578873416014,2.793785256191417,0.5904495785677206,0.10433697229656282
0.6822682939179399,0.12562676707507997,-0.027690880800610006,0.030145388578620102,0.5996587626471789,2.0115046632087132,0.9376264314818574,0.4697362687091484,0.18127056742330996,5.762491645562064,0.5310634455682843,0.18901085208954324,0.5387804614830994,1.3117174474802524,1.1628587682878775,0.117599155831753,0.49926809767747066,3.6570455435770977,1.0757151652137935,0.155597730503171,0.5249227499829897,3.766235969150298,0.7351190206725532,0.10654686389627975
0.6804763410444518,0.09661019657986486,-0.036559905413368586,0.02888044781682266,0.5131050913798513,2.399990706372338,0.6743018223253469,0.47973184099307586,0.37330532896713076,1.0961546677555194,1.75332740829966,0.08470804181010899,0.5235552527860263,2.0739476230104814,1.1292668864307724,0.1395145466234014,0.3130995410041872,3.5003903135792456,1.522270053210237,0.21427102205118173,0.3232287566169817,0.7612236138391225,2.1325895394138943,0.11427199050571961
0.6075879828356822,0.12604527066740287,-0.012695140766062686,0.028515277260914778,0.5813361308959875,1.4365162886310925,1.0246520691960534,0.3931155485758502,0.15889770243275766,1.9591116453333715,0.5138437754704434,0.1571344655213427,0.6029770658909497,1.594852691585792,1.2814848116605346,0.13977786667138897,0.42769075258820755,2.3763341539003395,0.700445639356848,0.2583306498809047,0.46737668225681245,1.7225532091438887,1.2737648858896762,0.0973764967404873
0.6582276825644285,0.11389655612667407,-0.029490659200447154,0.02618909081969235,0.5911950115318372,1.5246424240241203,1.010213250452076,0.40319517933253385,0.12540143681541527,3.4171398432157125,0.5581480383443777,0.14110924265207914,0.5527212818415741,1.8501372293084284,1.1800812955961253,0.13194825523233944,0.38228256996104576,2.3151636088673944,0.5283890503547072,0.21891119059472847,0.5211771020441456,2.7699572823896306,1.5480021974937659,0.10450335627063362
0.5932437323171141,0.09229248669002252,-0.02466461021834492,0.026204486475960638,0.5732359251440716,1.2378078604481657,1.0891784276748089,0.346255992531794,0.49189316540157696,1.9671851077245577,1.5421463110177673,0.1462116351799374,0.5769572769792762,1.4399805805086425,1.2088197943933008,0.12491692199805993,0.3612275365893376,2.568961588982833,0.8505099741140886,0.3535951019210228,0.2468812849607263,1.360505081107304,0.6804507802417284,0.15093593949470727
0.5903759139178942,0.09615062819740536,-0.030077761661653588,0.02612295977169196,0.5893045418619172,1.2197573241265052,1.0960470362351822,0.33747124026281344,0.5130924024868413,1.8352123809412253,1.628615353629548,0.14045314102306963,0.5530743012353099,1.6246394004012277,1.1280350461613753,0.13528438820452618,0.3781816600779344,2.7178016990833282,0.8813898630782594,0.3736613151751811,0.2652099399278465,1.1695383286015644,0.5815014321499815,0.14601514159911758
0.59529652023542,0.09607549698548248,-0.029397621805900935,0.025806472164560324,0.5913149721505889,1.2011893788396344,1.123995398981338,0.3343763050327522,0.5099175067653828,1.9604717511217225,1.6615469633004842,0.14948419254735615,0.5494083548618585,1.752387833467766,1.1997865447671134,0.1382059827821568,0.4006950337578763,2.9133203909630856,0.9258837895803473,0.3765343457758331,0.2712832321978731,1.1006021196943292,0.5413041652650936,0.14503485458715856
0.5791062927481989,0.12724393271494894,-0.02659179796295767,0.02781313508659696,0.5928911986532869,1.1782364820636329,1.080494543027739,0.36135402798471794,0.18857839450275254,2.2637703440504797,0.6295667055657513,0.1145074507072866,0.6107754774642231,1.7119140312011851,1.27305088556749,0.12373737497853754,0.3977421493920098,4.46626164057771,0.740417622383152,0.3642345411091815,0.38735243172138706,1.7009300567793506,1.023091340181057,0.18872313551890005
0.5245647904540036,0.09835312666255931,-0.02241380150037465,0.025893625118588663,0.5466735771506694,1.9211781329902986,0.8718139737804645,0.4371204642705469,0.4834550045476726,3.671692166355088,1.379284567486795,0.21954644428125872,0.5395800912373604,1.80244887167289,0.9583918508567815,0.13583097766793475,0.34909876624880204,2.3406283189507975,0.48995479125957303,0.47274695880498313,0.33950184105992814,2.4239963222150838,0.6026190373551781,0.17452965893518305
0.5711842915376631,0.11516202646565218,-0.030825812424627952,0.029631386707815947,0.6019884302005609,1.2202816600524138,1.0031640009768457,0.36267415906349243,0.34698734015134136,1.4897783412675436,0.9309709240015606,0.10758505406302558,0.3871580412685165,0.9659684428372018,0.7259494641990069,0.12796612917528694,0.2949027711806524,0.9523103326071012,1.30702096407436,0.12181351725599525,0.2252987348893184,1.7237480416968625,0.38384322454654024,0.30443235023277143
0.5282151622233804,0.1198970062997383,-0.02211168956744776,0.027281052127579794,0.5440168086845691,1.3038369479343925,0.976408115638926,0.3758164677474956,0.26302762070563973,1.7294396408361532,1.2325271120853825,0.1208282724405588,0.353007701639102,0.9371674156967389,0.8779013775613549,0.11996526752955997,0.3194808943898338,0.6031367782982143,1.5537963910461934,0.1330755737891406,0.33665546118750933,3.925426854152069,0.2919684018723271,0.37872112009115616
0.528589994049095,0.10659738295793562,-0.027580365147298908,0.030959057962791792,0.5825537167714697,1.451368324935824,0.9792601506438886,0.40275549527517457,0.1971431201132329,1.4210552564575527,0.8763040255865062,0.12270194634826569,0.4371443233572625,2.109208086550241,0.6793700857404354,0.110657526039856,0.24253982684671457,0.6860429637647898,1.9823737349025274,0.11972796104866637,0.31402818495309087,2.02439494432762,0.3893757514491149,0.3967972393253533
0.5364320037388043,0.12143934886912275,-0.03307111858747177,0.028063995535845036,0.5836643532485134,2.0805781536991703,1.0789465434283474,0.4613174122807307,0.40576185788836844,1.5125035831994924,1.6637876082700356,0.10625495886065757,0.6079844381805547,2.186006397946981,1.6724979235277786,0.14897895994330212,0.46542716984118326,1.0992985232730788,0.9528745751483509,0.14730774694147383,0.2680858291744322,2.076677024987083,0.3405556608563195,0.37501915017571785
0.5218101105060241,0.12615379667414073,-0.03187302274986513,0.02825814800943564,0.6140959316399505,1.9769082496892247,0.8272696199112365,0.45851165691442153,0.3745700203370215,1.1643747531280095,1.5345157000060796,0.09595798236575004,0.5550018116979669,0.9461842334439121,1.8328633037666529,0.09443876712784666,0.3137529706581854,1.1007082745238566,1.2587915712178648,0.18756972290525736,0.2587549183195968,1.2486015325843949,0.5858262095452554,0.30347245011517066
0.5289198035792414,0.09704308596669549,-0.0250827951640799,0.0257601253518202,0.594681169994311,1.428328270956621,0.9566650541860025,0.37869432413532983,0.4257783657158638,0.7304003870786012,1.3038872035111266,0.08380685219053657,0.48131677431249104,1.2983932554856235,0.6018319105664892,0.15240110150167216,0.4501908112140321,0.8148934571426191,0.8167831402711908,0.2425143659030251,0.27561203431911097,2.0348384765926424,0.48342311977746233,0.2275659994881322
0.5301086295255746,0.10704029546643454,-0.024473003530398253,0.028618107790421864,0.5530639773790582,1.4427963036392613,0.993505471621434,0.38768173805595574,0.26434346716153245,0.8666577812267278,1.2519176181453657,0.08624054421172586,0.5041773275679996,0.9445338349033457,1.6047866004742601,0.0932843277030787,0.3539107373491646,0.7837434474881871,1.627421469688748,0.2563602277980176,0.31754620465686334,1.8456103658014704,0.714164289974343,0.19795195554861722
0.5413070155078175,0.11504702686684658,-0.028777104303187043,0.028862958917471954,0.5701265417167706,1.389906919382542,0.8056324947230007,0.39673531319253263,0.3248625028965136,0.900730618826207,1.0942620551381743,0.098300400471116,0.6062752446540973,0.8757982857900549,1.4933073832981465,0.09220087975038842,0.3948061332713557,0.8275054454202329,1.0667498132951247,0.23864641287965108,0.40776883175404327,2.1791471764982715,1.130603720986366,0.19982548125197588
0.557697722589754,0.09644832179367457,-0.034027809039646056,0.029203749587704823,0.5457748748350719,0.9687953645145919,0.9039042618439935,0.34984810463382887,0.49971475182997416,1.8035628453963048,1.2880003251982228,0.11214779777046927,0.5120845401881297,2.564982760400431,0.6476977828675641,0.18653951267188063,0.3986250265931591,1.0050916642179069,1.2386797158094776,0.21620790832074702,0.5234398038238668,1.3452692767874395,0.8469628294585216,0.16527870648490733
0.6179533971140818,0.10050645827624351,-0.03228327247858574,0.027682445108375593,0.6139529050264007,1.3972250915735067,1.2930770662367832,0.3619372961866989,0.3560044716176452,3.7650880848451984,1.1185861562570876,0.238851945378497,0.42198508915213795,1.445238152846187,0.8767011326550115,0.11570777538778601,0.3685682568354324,4.201807453230393,1.1658689633513228,0.2068677956679718,0.39087509449027763,2.506437945897112,0.6162453137168881,0.32989232572833865
0.5885708420507736,0.11853528973571009,-0.027439916229697794,0.028169296545251767,0.5581701126706742,2.1540136252948887,0.8719724699046906,0.49221186950028284,0.37609912431225123,1.8097992687472384,0.9786102700467144,0.13020013364499444,0.505131065163292,2.113502544246379,0.9448875015749978,0.16570203072572318,0.26738545487790555,5.026512219394662,0.5035357637871521,0.3002092267615996,0.49241586060799003,0.7586009933778528,1.733000668007087,0.11281035847288992
0.5937444751489075,0.10505653034959851,-0.01593832822941336,0.02673157613017077,0.51100789658589,1.9358594626223828,0.7579989463043248,0.44942286698780703,0.33754185313985163,1.7007854408757501,1.2883658094420678,0.12738882631243534,0.5393206693568767,2.5208657444274367,0.9986110060415014,0.16321079533470248,0.4277622331765798,2.988011464762603,0.8046100992073602,0.3019510075853343,0.2995228544871157,1.3926763082526419,0.8594451945068892,0.17823191049438517
0.5881707840877095,0.1080732184307577,-0.03400434967814233,0.0274249900084716,0.530693776499022,0.9161497990667532,0.9717550687764877,0.3433478268039923,0.439423152820785,4.427612176569049,0.7819788303000756,0.2040008184599601,0.43709564383865374,0.8934955521902035,0.9262488076037783,0.10213243943343758,0.3075123862333947,1.0068787192896596,1.2586003643027077,0.1873121066521423,0.44205141996784375,2.2476795902615434,0.5771930439214867,0.2040589913049448
0.7240147100114305,0.10816177350921444,-0.029708429457707783,0.027747171092995723,0.6581681592344655,1.473154154747448,1.5399868047949528,0.33496476701260774,0.40199778979536055,2.313455768322844,1.199193162600267,0.17319133973151482,0.40115421804712637,0.9008871983899084,0.940535114546968,0.11107364982986019,0.3719855558556099,3.853268265107752,1.341642302614485,0.14189230243060424,0.4189148850060053,5.764647797708524,1.1752466536204895,0.2168352514472221
0.5941043299408828,0.11991052117342058,-0.025546708711464475,0.02722263731740256,0.49506947524444583,0.7605779171231832,0.7731408003812488,0.3424016685433488,0.16282352953795726,2.2873055044793595,0.6623185149080346,0.1336583111896742,0.6979187086457818,1.889367264095869,1.6045175047112408,0.14326423253582046,0.369741252558362,1.3078132992515523,1.4985850648363315,0.12651674250870526,0.5143310757977307,1.3586129209916613,0.7919322718086269,0.19850905900600674
0.6298134053046549,0.09834160355056615,-0.024854292254012943,0.02552275527222639,0.6328546969937411,1.6634886629808998,1.3001604268149929,0.3752285682891233,0.4152822833017267,1.5335237235103165,1.7053764857380331,0.09855524804328004,0.48214414710084674,1.121662045487982,0.8568448734686014,0.11202064571641655,0.3349157475310699,1.520579066432316,1.2022201762153968,0.14730422440049404,0.22773246911521217,5.506435123192448,0.41085384661048996,0.32022689174413926
0.6296620781913176,0.11352182335046165,-0.02723995056948154,0.02657919324659022,0.6227301047215755,1.675071922088894,0.9914212661706355,0.40655694103122497,0.4577052796848992,1.010628588135539,1.4896593438427395,0.0897988305200468,0.36767226740259806,1.3458403844205822,0.9242913175745651,0.12179928348925094,0.38887186924785094,1.6206249320503106,1.412221924509073,0.1827199156349182,0.10520536821511658,5.350966982040494,0.5491882523345598,0.24359183142226193
0.5631845867366146,0.09790489903181906,-0.021555006601053375,0.02635213076868907,0.5528224758684324,1.3434010456558918,1.005522883374862,0.36569389684241277,0.31274165917179986,1.2699643872999766,0.8346623477836582,0.13134677037399312,0.6876551048333396,1.7439852820854895,1.4844221551642334,0.10355833182943527,0.31071631563768815,2.306414465029677,1.5698794042120445,0.10995405238284758,0.6007603905197844,0.9032469339873976,1.4657290566790995,0.2535491965667448
0.5606978369879514,0.10588461439495798,-0.029307102594939575,0.0291097249525431,0.5959699165419247,1.8763020385904003,0.9888732369476667,0.41451296949177713,0.3621606585788299,2.8555773172393772,0.9917636645011054,0.20441513502352657,0.4752727089631597,1.3105006965646142,1.4671941855434125,0.11854454694511224,0.4000714533371493,3.9310510376183982,1.4103754727843745,0.1438109249744992,0.4050550841503254,0.6330670411740373,2.457678114405688,0.22745043750456692
0.5852593955371141,0.11582186796360942,-0.01971369839501025,0.02855017221690665,0.5372748275933348,0.8787531993131565,1.1172107304017356,0.3248762946714766,0.3869253949371648,2.2806718092786786,0.9844438649931144,0.15406457797844608,0.4848519108208857,1.626420915715493,0.7783256395453385,0.14287080539218644,0.23225115498522622,0.9081309760033378,0.7601699678112525,0.23881963280779628,0.24812526631903664,1.5792971310563984,0.4521244939637779,0.13168419636242393
0.6821512669582973,0.1129331818240661,-0.03407102142769622,0.026489019985722995,0.5755549951890545,1.8597849948481302,0.8819911410038389,0.41685506797514876,0.16784355015003008,1.3893449187842735,1.2094624071423252,0.10616222004145046,0.6089659533043168,2.078092133857328,1.5538197731546985,0.1531485967126121,0.45778280894645496,2.5644749538248104,1.0153163223449608,0.20908653852374834,0.19059392253891855,9.691272902872173,0.792715378314631,0.25810533463397817
0.6489534650504325,0.11055457786392925,-0.03882495931788658,0.029707208741159584,0.5833939247381873,1.9503460903605552,0.9476071300403275,0.44359562385674484,0.14663366489091154,1.1665289883011396,0.9011388896902917,0.09603072359447365,0.5254512169302538,2.6036882083462567,0.9903165549276677,0.12848646266567387,0.42496798725281765,1.485166455511536,0.99535446700752,0.1681240094426221,0.18803234756821008,5.111959875919237,0.6844717944238289,0.26330481863732336
0.6752031816783827,0.10413319098119522,-0.02136360537417122,0.024385894125216898,0.5519924707740276,4.282853219069004,0.7308928493394671,0.6401411223993332,0.2575631577071917,4.142668314033463,0.983390258446115,0.24023139049021086,0.49133588058832284,2.071967940765611,1.255477633890469,0.14592528689840567,0.3312559215976314,6.106863525120609,1.5447593982134742,0.41968850144143033,0.3356265453117117,0.8434669720953745,2.0279488762988294,0.11092925807637989
0.6028189715087289,0.1075925925517358,-0.030895288737434627,0.024290159317463728,0.5668241163029978,2.3905406356747396,0.7935513728906521,0.47051815899315147,0.3292234697633451,1.5644296264963908,0.8824329351028198,0.13564798328493144,0.4587643106846776,3.496934664666606,0.8118549172542416,0.19035015889338047,0.3686099627099852,4.110999427328399,0.8547395030567659,0.23176974232501021,0.33569127223887874,1.316974954846695,0.4790213369480971,0.24497269365391322
0.5874419921804456,0.1094509252856524,-0.027434763102179106,0.02527311563596471,0.5945993709950376,2.054791771492371,0.9412855266699887,0.4536288711725329,0.3414395640883032,1.6997176524366644,0.9827700592820334,0.12251454424737047,0.46319635570605305,3.8126609265259495,0.6565509787417062,0.18605258175162043,0.372410505847307,4.142950944091262,0.9371930011550959,0.23884117525449763,0.3558973052930928,1.4201643489102753,0.5512111109471303,0.2673951338056806
0.5768620696295749,0.10198984707566346,-0.022771303610970847,0.028862834476943818,0.5446380642112744,2.2850392208335943,0.6691225098519846,0.47368464248453634,0.17125744148643768,2.2657190241936873,0.7560960078473566,0.16878427230909152,0.6301933268863665,3.8100538394711974,1.3596706314727673,0.25931007856400207,0.36129751939589333,1.3114906842065515,0.8884170967179481,0.2497300843151931,0.50767184402787,5.238828358545591,0.8361094965068318,0.26327345067986047
0.629087740568094,0.10517534828271329,-0.018864406121324163,0.02596029520294635,0.5831753232248719,2.7855543239530367,0.9256319509022504,0.5316317982551496,0.2564602933472946,2.274638785006735,1.1289062962155194,0.15740281653509366,0.5609233693140357,1.05181183348572,1.7691470451528821,0.08734152149116532,0.5287014719229585,2.869490775605114,1.7918036235962316,0.2094044151569906,0.32062488966053,0.5846308140171659,1.0819177951201178,0.14184798722550046
0.6196776623807074,0.11289403680195506,-0.028992067077739252,0.026593192792563832,0.5668802498480128,3.0049544479032897,0.7838856045404358,0.5509637684930634,0.20667007352227537,6.198978891414782,1.0435164382886428,0.3410641959904297,0.5108689537258776,1.183450052209817,0.9315292450978946,0.11408546545866578,0.27180463275732364,2.7158364689219585,1.0526015358090546,0.13650895641832078,0.42249390343627535,0.7938929744345871,2.697166335470801,0.15042517105854397
0.43529191618835494,0.09591246032017214,-0.039350884025240236,0.02909326424117075,0.5958680812768107,2.5462441909534506,1.040607258669109,0.4802104786330861,0.3092279363368104,1.3653568715331599,1.265530984384801,0.11142017760482108,0.4084713656096422,3.058704818301788,0.8779060810752484,0.18313049747399762,0.27743579595463236,1.236298036046655,0.8909518703441436,0.2008471286674632,0.37100108030941875,0.2546233781366821,0.420997487489906,0.41156594979937844
0.36584176233912535,0.1028324167303111,-0.03268973822737221,0.027984704265712083,0.5254912169115636,4.141868723918003,0.6201617411520295,0.6220560775337338,0.295551698094514,3.8065331348517706,1.4251798124269943,0.3322328152202271,0.5943336661403298,1.4175066100963356,1.2965201946872271,0.09067131259628651,0.4849415025003403,1.3658623521557411,0.5534996351199567,0.5807729247217777,0.6167578863742024,2.253188750150602,0.7911009865524182,0.23553820741026515
0.4478396162640485,0.08053751486294564,-0.028901125769472517,0.030424328679800834,0.5404124870912259,0.7461497055810125,1.1257791081450061,0.2839112103115539,0.3269134371497881,1.8237710730066101,1.2546610860165992,0.15055658516078455,0.6358695348532875,3.3726278184975254,1.0521950250163856,0.17381450653544364,0.46612562607888025,1.3066154604217453,1.04914988048484,0.21676285406721724,0.29760666531163116,0.4276391256792584,1.7143955913944904,0.2777276798025621
0.5304810225359108,0.1328094631800792,-0.032178699030387906,0.029352866048025072,0.610647514970667,1.4686339320082304,1.2565289075415498,0.3978408103015419,0.2500522568241815,3.793740491145018,0.8878233728060627,0.18327243949520594,0.5455039317597997,2.0517864546082283,1.120436610175145,0.1467543327027047,0.22705599645628824,1.2923217813473797,0.614338784866796,0.3525368632023241,0.32095157630758725,0.6375201307698442,0.9504189308539363,0.12006720404413639
0.6058870035719686,0.08718337581754959,-0.02159877245623371,0.028290395200153848,0.553712392670876,1.2258997738839623,0.9407408299055823,0.3562868487452798,0.3074911014920296,1.0815593276001254,1.4420576276523993,0.10536424556178464,0.5120163444909576,3.8297472436381375,0.9031284347133132,0.25888597898002463,0.42017895174982356,0.8263303311691972,1.6641268028767047,0.14533202565379844,0.40411628914097425,3.605194446189708,0.7573164209525812,0.25339399509413396
0.5067623249965126,0.09713128300541111,-0.025070669013816157,0.026418361192842302,0.5760423415433183,1.8994656301304482,0.9793676069418853,0.42405483712019226,0.2818789783973347,3.2401949768221625,0.9061454256432262,0.18152586731094608,0.5041615081888462,1.2697325960882178,1.7863379140195164,0.09462537517432437,0.2680217011067769,2.4110592999680103,0.5764448275542102,0.34914875677943513,0.3120261900720881,0.9070123810276132,0.6261381381916269,0.29432795732562844
0.5069593958778958,0.11360327629314243,-0.028724412578293133,0.028529333865609716,0.6279338170474862,2.0608282890385183,1.0331039627973646,0.4322551451478543,0.30737603963512294,2.857711706533487,1.2579653529188812,0.20793274578071458,0.4739948047916841,0.5440766961728569,0.7604884728825332,0.08754435621519797,0.20926463613891821,3.535003551584656,0.6746224136334559,0.38772171134557276,0.2869759603837187,0.5098708661484885,0.5186761788678909,0.25848083646868086
0.479445807027849,0.10936091966815269,-0.025617427392505932,0.02612110306557853,0.5532576135423276,2.0664359913776886,0.7753445463814632,0.49077917841767554,0.28455672801394727,4.0251204528670055,0.5820172892019281,0.1840817588378527,0.2848426466317748,0.7337186529778547,0.6926773879421165,0.1117167708018581,0.2564815549246159,3.6789799973786876,0.5718428427809537,0.4189896275678337,0.43252353405935173,0.6414611975875395,1.0962864740167881,0.2055170198948795
0.468837409971251,0.10545037426153672,-0.02956828010794223,0.026549549113808267,0.5987029423701228,2.228500986791225,0.8833388552351673,0.4646346129441894,0.14141041155742945,0.9695826828618386,0.6016732921841226,0.11434426539312764,0.6714164949101576,1.3356643643635602,2.2244407222287896,0.10226031484320551,0.40911223719999695,1.919188920789287,1.2892818845662353,0.28329116661694226,0.37565823190241854,2.1330716641085194,0.4918360553030189,0.4361760738814733
0.6261986548608642,0.11439452094665721,-0.02984923671533927,0.028493478408510114,0.5639293596070731,1.3654473926245239,0.9367922842974808,0.38310677682333266,0.4269151130184933,3.340100850896581,1.4103300342549159,0.2360662172804478,0.40211656561558734,0.49293344155150004,1.1377054927828143,0.09042323927665213,0.3702550180795937,1.9274985501096737,1.1851739873168927,0.11401731302159586,0.29604284162452205,0.512436181345768,0.823905353896542,0.1780303348640992
0.6578648106573264,0.11122908930512133,-0.028817206295820106,0.027054649649346216,0.5147371829855606,1.697896107609223,0.8110409601033699,0.4274198838748426,0.34335187401330675,3.1491274003388923,0.8006094785848946,0.1818135328554945,0.5567620718042097,1.6275591558908173,1.0481758420721512,0.14020298922551194,0.34326193678338013,1.699538514690233,2.1415953887740824,0.1211416540610739,0.3126111074862222,1.0376466678404495,0.8370980524819699,0.14062891215328688
0.6713753803843029,0.1012043815965688,-0.024829815846838344,0.02601828395941449,0.5900598931186418,1.8362584563414122,1.0469222977904646,0.4037984986872487,0.33390824717223533,2.5720658730249597,1.1512231108044164,0.19077796552097745,0.5673037274001099,1.8456465141675733,1.0480155836063418,0.12807693034067258,0.36365264679575793,2.005627721584348,1.369466163649839,0.1377880687787305,0.5173325147655866,1.5614269884364516,2.359945375922471,0.1222449448732679
0.6642397665423554,0.10728747505753757,-0.02535271612605912,0.026357493594421307,0.5656318345978147,1.0581761361458808,0.9599823044256486,0.3379687782029809,0.19260824984802222,3.3724731295222083,0.753165972534998,0.18655808641466237,0.5653606988088493,1.0083914737931594,1.4015695258479768,0.10235435166590946,0.1969047249279724,3.4603999265332304,1.3861034581687537,0.21520711561639044,0.307239428594812,0.4280683225025298,1.0827193869117588,0.12050519010217439
0.6246244898778112,0.11600239816542234,-0.03187221544214253,0.02708758714281884,0.5545490937608243,1.5077728802176011,0.8894490844188033,0.41806838692921416,0.14862433775088138,2.1402406945930883,0.7484207450226726,0.12775084804880563,0.573303162290963,3.708770314931279,1.1530832521883676,0.22959123648015872,0.224046877908609,3.6387062372231327,0.8285050676715177,0.26088000963751884,0.46702371276750476,2.45927791347672,0.8971724946298433,0.22522235861851747
0.6383622953363255,0.11424060555111075,-0.032011706314229914,0.029822354255199773,0.5371774177876849,1.6501828827840785,0.7601809663467912,0.43538851028031655,0.13353015346771765,1.337146606473427,0.5585452208759989,0.12290810948815965,0.5933227363518395,4.530878938561717,0.8967509932304538,0.254293405765622,0.18456035424396758,4.447813770994085,0.6952451205414905,0.267912473904805,0.43945496327954553,2.9772582232766065,0.9962908413539122,0.1758255464581719
0.5486799175218823,0.10683462099765514,-0.02791675766691168,0.02582632883205693,0.5658776604522419,2.3998026730072026,0.8668257034959368,0.4981608587954042,0.18447152646511344,1.5492554102797074,0.7370467581768,0.12804830738587658,0.4856059564126182,6.028511291238002,0.696644431622426,0.24500032533586436,0.1913473241868387,3.0590908575564715,0.9139563525149361,0.1992955542264066,0.5285645076964296,5.029363052567685,0.47704062521859203,0.4631693627313063
0.47973316957034123,0.11281068617185712,-0.0339607541625778,0.027113565181763548,0.5644067616408824,1.4871392176520601,0.9639616394990534,0.3980455363236385,0.17058540672835473,2.8156894907323755,0.7375182189742734,0.13740934146894573,0.5127491314553468,1.8043416673294428,1.1379511094042234,0.13696554984095477,0.38002500927169147,1.8440297733055333,0.9044652469335818,0.22071257053162882,0.23410811491738778,0.4833616555297763,2.9746638312727476,0.24265788510535433
0.5153952672799,0.10955090138358713,-0.02382013710217015,0.02567133436829328,0.5385988889338089,2.059190270773408,0.8211972855155568,0.4693586588470862,0.3898596271796678,1.6930799206771334,1.6904138794842678,0.13749341405641133,0.5837546538647396,1.9264161853927346,1.407368590955359,0.14225176743110107,0.3355699407609631,0.8991520949430845,0.8034024054850515,0.26910479110563856,0.5060411299782875,0.8410929222876511,0.7978843535341879,0.18525319112178948
0.543728933028454,0.11233742875238899,-0.021662970032046855,0.026594232004247344,0.6017509382580309,4.331983305872875,0.7447104531127878,0.6472729108002053,0.1313689291532379,0.5662401861206101,0.7668388464396009,0.07802536111995467,0.3798170125875332,2.6755557755464374,0.6293829363191409,0.1626638875049066,0.41713734351051873,2.499664749243902,0.9406655207350507,0.36368915126831386,0.2891410335510749,0.723995281773431,0.9289180608470067,0.1519000738221385
0.47920052214742886,0.1095651856055785,-0.0348799996884263,0.02550802067298675,0.5474045364380957,2.730402341157386,0.7547045133713227,0.5059861735806575,0.10441192153110272,0.31046599444380074,0.6831387792793557,0.06981836109158557,0.6650750585346955,2.375800036984999,1.1074597315316308,0.14234119838777548,0.4829347972413026,0.9720872167346051,0.5837498620252,0.3621486991034016,0.4693410532332532,0.8570145599140683,0.877140215064845,0.16503292315277918
0.45857680549613145,0.10000294153593335,-0.024053193514905792,0.03029071519388273,0.4877448747889852,3.043712204896064,0.6627633874666973,0.5622151442176055,0.3701531527771475,1.1652970850979063,1.0120402020520196,0.09569264716366928,0.5354381879976688,1.9173624001725484,1.2365022630202658,0.15364437482805898,0.2628433055946498,0.9570018649252948,0.5478189980831032,0.278089644407916,0.5543228324293307,0.8086108323087238,1.4836408168745017,0.22676491759082593
0.4725393538484308,0.10509419186130697,-0.021853802430777676,0.027141568635882792,0.534860799799128,2.7319574517959393,0.6629296808439779,0.51276283554281,0.32154516119019433,1.268679090720514,0.9819821605702868,0.1115616326575691,0.5631766999381891,3.178352681312982,1.1255634966252923,0.18461051674381962,0.43176500536231355,2.465095149171961,0.8798742380867738,0.392384985350363,0.5986432659518098,1.0095757582766343,1.6810370259142982,0.19530330923459457
0.5036654684193975,0.11666104336172174,-0.03562461902635096,0.027776034917325196,0.6238851568311858,3.815820942855891,0.8330643726212035,0.6267540629671872,0.42330290870071957,2.67334843916625,0.9986733657296862,0.17869608629269432,0.5262369243710607,3.5056487693507643,1.1297852292614743,0.20500840290528408,0.3062740661144138,1.5277761310683031,0.7905728474719858,0.29371795841270104,0.12753872415209241,0.2711792796741017,1.2554302260828134,0.1642813596011146
0.5135769335860833,0.11479118060144927,-0.033616955350567516,0.027868566495068445,0.587046350067557,4.3498737979399005,0.7997066084974572,0.616719652516983,0.2550200414622541,2.3773947556039223,0.9963530273761295,0.1337478516260261,0.5394271443849716,3.1066769806033236,0.981852613212089,0.17190186749316208,0.3792426619046773,1.273758642005597,0.6975187331858587,0.29637638343538,0.24529727080245814,0.31750078749728544,1.0657744319457962,0.1668949519113554
0.705251702598751,0.11230363207066019,-0.02781386511389487,0.0278668850342262,0.5673768503037182,0.9760476005837839,1.024747756212,0.3478973269079773,0.3707845476346533,2.11560162860467,0.74219787578797,0.13702115445663138,0.6053732012939961,1.4454091839426555,1.1323177497170793,0.11546659286076896,0.2608586801879113,3.105429190368457,0.9160072935489706,0.1512907986608101,0.48169790786664124,3.0569690129981577,1.7213786687539039,0.1008478651211617
0.6491072531438519,0.09282863139799896,-0.03661789069969267,0.028451912974398412,0.5856314437384762,1.283475566887829,1.257717630301965,0.3392543406305172,0.47493415356509233,2.076823425512724,1.1964015008558126,0.15840535734093805,0.6139589314708132,2.926733273636712,0.9783515646784064,0.18092418626092976,0.3978297663048576,6.070625440430021,1.630239230395779,0.3689932841422978,0.2999995379335801,1.0058150393999497,0.5278907851456527,0.2151201307422329
0.6892668269267206,0.1068602091398926,-0.017777563746687076,0.02682588067930699,0.6202428165052342,1.7000613914958171,1.12657950611318,0.3806164644140975,0.2725648241527326,2.8131944656761108,1.2221109050835115,0.19093567821293828,0.4248282346068099,3.2685833941663183,0.85450754024966,0.21266075647637397,0.550513703173795,5.840814547340887,1.8606224622313687,0.3793805018477556,0.1141489436261258,3.384867634129699,0.655406141770262,0.18474805126907926
0.5637789607503241,0.10553157645949478,-0.014022129061496205,0.026779790982454123,0.49255191212277,1.4309221603490243,0.6813902947377746,0.42541990916141426,0.23459660184177208,1.8690744868119236,0.8776049339956915,0.14311950846436908,0.5801691728907116,2.127034282832693,1.221663816989716,0.16211058790967586,0.15218738750219016,3.4845728742887117,0.6618579448865449,0.3803095931751602,0.520791184251288,1.6490474136787316,1.4299299379561803,0.174348492034357
0.5197447410342031,0.10470343122740461,-0.028331658499327766,0.02696907230461474,0.5173109950981478,1.4557054180069622,0.8386467783945275,0.4131536540847208,0.19028437331085088,1.9036236039822096,0.7508438735143536,0.1267335313424951,0.5956808739368531,3.396577768018593,1.1135708218235114,0.2024167874824373,0.20901128649841016,3.0185458623205133,0.6151015293061275,0.3998362415524622,0.4370140624993038,0.9851459467874695,0.7177415152598796,0.2293391035456049
0.513672827355531,0.11107728806923244,-0.030372642423484735,0.02767949784581248,0.5505212416378413,1.9582106401708232,0.7821477653811189,0.46477467126420674,0.33529924369378694,1.865224515778217,1.3259910725491433,0.12998055966228836,0.5023322740458163,7.368362018040147,0.8664986974958848,0.32319311149392005,0.538394524573025,2.024554739401779,0.5368910133352124,0.38794230341763924,0.3014031879914132,0.768266291834556,1.1180480124955245,0.12634039616842901
0.5687819464071042,0.1077455784324026,-0.0312790482748035,0.02821475752869009,0.5511906114325292,1.4369880956547239,0.8106255660217103,0.398058743079316,0.3665402370793422,1.5414319465387574,1.167025567469442,0.12486462261335639,0.6092162333820311,0.94631665095587,1.7372399932341362,0.09193527979731225,0.39601934881587947,1.9256949004419732,1.7518126631302193,0.16357776048198508,0.5400165333291995,2.815867549480021,0.3183170817641509,0.33306639780579417
0.5792386009550352,0.10014589821413412,-0.014172626675933104,0.02822497327864645,0.5522709803711746,1.0244361486092353,1.0987498270893976,0.3274111705071231,0.2830868510699579,1.6449983268404718,0.8661382132638443,0.1505125076424439,0.6071762475915499,4.550545873503264,1.0263039787747217,0.26906521133815137,0.4141956863321721,2.7839100655218076,0.6293677063272619,0.38090989519004537,0.4159897583124328,1.8928252674962907,0.8899508245003784,0.10622769113074625
0.5817490384333708,0.12507060276118287,-0.03655427756875918,0.028177917587057066,0.5356168882262562,2.3613606364622375,0.7191017855396344,0.5090334095261694,0.32380373948813457,4.4722251939449755,0.9276525381281897,0.20805345678339884,0.5962989272822676,0.8829452719694799,2.3421945083481535,0.06929415293981657,0.4078558866287056,1.5012990338637482,0.7617918316984104,0.2606235062978867,0.37329838657674896,1.3657030085507518,0.8018240338267187,0.14108647549772718
0.6211801353765481,0.10213999782731839,-0.028714223688861625,0.02751529802861712,0.5915305734604156,1.5286150595765455,1.0041567421530224,0.3829058865809857,0.30043178990672864,2.8248988507765675,1.0222616337168986,0.174424126027892,0.5550757508952379,1.7926412054082201,1.0928174029862698,0.14600578788688034,0.35667198275429135,4.281256837878501,0.7709748780828326,0.3898912319870177,0.37274346124513125,2.482667010390677,1.1655238379239967,0.16106140499232888
0.6501979773014678,0.11379702676840264,-0.026924673617958576,0.02796909875782895,0.55539800832133,3.809722620120891,0.656235217524493,0.5873322419107353,0.32282988638641374,2.997351789874254,1.0697273509291616,0.2021343685474759,0.5554409134551027,2.3849227922237857,1.1935522500578326,0.156206028031099,0.3244470959696232,2.690098613672867,1.1321284481132499,0.21043740832401908,0.3154178570555458,2.4369395145585733,1.0506274566726546,0.18272971851101938
0.632563616589266,0.12052835630649328,-0.02593493643586259,0.02579830413848177,0.5917780682219324,2.8382701296966366,0.8104911710802103,0.5322541605688391,0.433623666667518,1.7274626450923307,1.0932406457719777,0.11173679321023473,0.5879661494767836,1.5440586006129375,1.2522055611372915,0.1269393479986292,0.33756393204682644,2.037637867607514,0.991615064388878,0.24421404422326493,0.31304189446829533,0.9360604684532391,1.3108206867552827,0.08275484745058144
0.6108341189883965,0.11733563814882456,-0.021877512240201503,0.02557790587445482,0.5311104333168103,3.2389796608498616,0.6764203779784926,0.547253834240044,0.2322475840838928,2.2857877676596225,0.7325352884424514,0.15004245570065494,0.5119721418116362,1.4804434097849672,1.0400597841603951,0.15170232291413385,0.27046841340840727,1.2305534524422095,1.0286217070045065,0.21360054320126676,0.29664756302661394,1.679913396731267,1.332115940201985,0.13593451330083792
0.6845538108029279,0.10993191517654292,-0.023259108835496974,0.0305243599254644,0.5881083178139885,1.6946435313479868,1.09948504632386,0.41361477758455406,0.3813977779249607,2.6191793648275548,0.9270046228952552,0.15850081317191594,0.5420011432570221,3.6248854417591696,1.1278528716153964,0.22010120869550434,0.4763369636661185,2.8154924926349456,1.0904425839638667,0.1202725897271036,0.4302448642742618,0.9934902208596245,0.9075986507357352,0.11226260976964625
0.6385929455045797,0.10428509851242998,-0.029032021724700426,0.026750455072294635,0.5363298904312261,1.2212742234179443,0.815943734298824,0.37913780250840917,0.34690464525074727,1.7652580356157472,0.8813185404627307,0.12401178745708256,0.41470384854149495,2.1901715801167243,1.017427590172949,0.17440094526672628,0.3160597334674664,1.7158857985232951,4.0805837277096435,0.07432962222503689,0.31803713240600767,0.720528359109828,1.1404534669949087,0.20122686781147028
0.6611068456880284,0.09855947099223558,-0.02294447820601115,0.02754446453995723,0.5666617623752913,1.4891899695113617,1.005060824962522,0.3790651655139112,0.36083034823774984,1.9363029622117245,1.309637890562909,0.1807721834427132,0.6730542641291741,1.7723956881806266,1.209519830777051,0.15163372679391163,0.44649365188335055,2.118211846518563,2.0574557408897647,0.11520993044293026,0.6427758946741364,1.7604180048052671,0.6971982694642294,0.14265861114398204
0.6666293358113211,0.10282805909100076,-0.042691924593605435,0.030502622248828777,0.5829477123413078,2.058786008338233,0.9392342051360645,0.4452473891783977,0.18981317231292627,3.6102841398435506,0.5840836958423444,0.15796960126808415,0.40853468377937935,0.737395632621003,0.742588328259847,0.09483611616256606,0.5024107147434124,2.250013673635843,1.110660963318526,0.16902293301328822,0.21843080602437873,1.2720623081080367,1.1374622308558486,0.12444522217370116
0.6640475399437804,0.10454885281854365,-0.03970229210120693,0.028736271185975527,0.5875293071561514,1.944657912427171,0.8597962783050638,0.43677415870711583,0.1920497975197634,4.780156655589548,0.6419488018067774,0.15258569169260036,0.37431215919981864,0.7200290634961904,0.6189999475681602,0.10192201261276726,0.45795127001673913,2.534551259767539,1.2345141868464407,0.1712209726753754,0.228829224734006,1.1327249691946484,0.9809409792014022,0.13437199551171583
0.6767507156561001,0.10635052731980116,-0.022530849565164813,0.02717712736173495,0.5753070736994919,1.82102039823157,1.0056000517957038,0.43499428942643337,0.279241420678486,3.061478873223476,0.5527538278291158,0.15692390405066006,0.45978875021694765,0.6545281731521733,1.3625855049154805,0.08713659790178403,0.3248159846872676,2.7725741082185693,1.8697426725738706,0.14331921541841075,0.32946702947406564,0.7325639491496767,1.0231905505686851,0.12657553955753462
0.522886586512737,0.0996866460569185,-0.026775960648634422,0.02796154321398966,0.5699214107191867,0.9940643872782947,1.165343069730847,0.3286077772658112,0.3332534100094104,1.3813990950500208,1.0602829660169362,0.1177940452417395,0.4916925771198973,1.7698289831352787,1.120098013826891,0.1482629863248617,0.4135227662686139,1.5937017123718389,0.7851149066121591,0.20109573235464717,0.3673938333687182,0.3860024741092497,1.0078689463437633,0.22000681326946955
0.6262514768064252,0.11608472893607785,-0.028655420628625958,0.027679601641380582,0.5900605060626815,1.6764665049421787,0.8674885395234332,0.39954738927548106,0.2533416538200841,2.456176539690192,0.8102073550519437,0.15681713987964396,0.5963356693773516,2.228516221727106,1.0381891824164984,0.1791890771245734,0.19216581099766106,1.3021878232497333,1.04710089647906,0.1558324179034222,0.32531266659628,3.9862335352819986,0.5697103728486226,0.23657367766402743
0.6662008886248414,0.10249205503769789,-0.016841573051089326,0.027724178238805863,0.5619915652572258,1.2392358939787158,1.0958084484474349,0.35331636677579314,0.3269969476956095,3.4982643917832346,1.1252692274293121,0.22078501588609561,0.5155868915060391,1.8475808616468685,1.0317666341246563,0.14278984090186195,0.318502919046029,3.7147488587825923,1.082849200946534,0.21621393650514104,0.5217011529711856,2.2640478492104767,0.8462142656877528,0.17634902382684395
0.5704295228991009,0.10705553005475751,-0.01648445538373762,0.02543150190697596,0.5565072208373457,2.5915471331741338,0.7864568054882042,0.5123088191005978,0.1976407121035998,3.195240420427038,0.8651466747916845,0.1510030612418499,0.44577631590932293,1.5767507027408814,0.9817420438204649,0.10212552973934658,0.4639390046934049,2.72664796423196,1.1944400295103428,0.23526352841931167,0.39123483776504525,0.6874861431685153,0.7342204371883068,0.22811636669136273
0.648038784817519,0.0982952865590933,-0.018505011811306833,0.024519625317960574,0.5865227513486503,0.9455349033826793,1.1798060357005902,0.3222889912032487,0.36607428072490256,2.239359634428059,1.3621692844893902,0.15983929809274317,0.5969752607191046,1.4915290476758456,1.3207026909495319,0.11229145911712052,0.24990139037364362,3.6665398293084293,1.1116033925537188,0.30944928910379954,0.4375467578212632,3.3291652840566885,0.8048805287583704,0.20914004422722013
0.5916452629407977,0.10316678537958145,-0.03192424037447769,0.02234294303144106,0.6104776212362305,1.0929674134774099,1.3886647591386863,0.3013123950857626,0.2626087528398,2.470557787291118,0.6384946234872225,0.15520041322263103,0.46109206253347007,4.383138337590443,0.8900369620421102,0.20254891276089562,0.4780527833645154,4.417569940591562,0.941339133692361,0.259512243161053,0.4429604678399162,0.7427433128931603,0.8256226019069162,0.203396368750017
0.5010744019927437,0.09749456012763723,-0.01666809771604032,0.026407592901986382,0.5224415704804556,0.8932625068914798,0.9532686749110721,0.3354104775645052,0.35046551023352795,2.442026275461304,1.4143423948468172,0.23600257076932246,0.5450234196081101,0.8940760626108426,1.523998471212171,0.09054541901729114,0.32421436234902995,1.4811109571037437,0.43241584690929885,0.5073597792761736,0.4329235612665901,3.5838802569315305,1.2570248185247683,0.1648218115602085
0.4579471549125537,0.1212391601724761,-0.02748692270386706,0.02696086862872108,0.5953815604034971,2.6465188347888433,0.8843541423595027,0.5081105450245831,0.17742351627334016,3.2760018388800742,0.7980780850798875,0.18495651242690492,0.550306746761823,1.4930343169944138,1.247220587397598,0.11402518986992276,0.3777376918959936,1.42322783603391,0.5957172592917999,0.3380732983361635,0.38755941164650387,0.42545901900472377,0.6629242659513909,0.23422340087773078
0.3588089193210911,0.10141434466316039,-0.02928092212225561,0.028653810373904735,0.5400630159720743,1.4333651861711307,1.0141806224246688,0.3820693268736823,0.3999927451785708,2.6467219988331734,1.0543547896671115,0.16719433116918506,0.4793420906983442,3.707344180995265,0.840849425864139,0.2165321092727216,0.4599342814697664,3.18487840432414,0.43754765075999835,0.6696260616353078,0.4319930981264301,0.9387055367043873,0.48197770985380944,0.27378495019467336
0.5982086736298948,0.09577232541239768,-0.029748429306632355,0.02606597668286714,0.566182922319462,1.1951264891326752,1.0107894612265755,0.34824497793724407,0.23531765640190458,2.6772990698974715,1.0708661378135065,0.173136738269813,0.5175284663899007,1.4890724256340357,1.1685963599259237,0.1339841310118905,0.33626624946999684,1.5646397088652888,0.8506066393031182,0.30651144949347764,0.3414454511446264,3.4043831830582394,0.8514911766632114,0.19077584946290008
0.6300042425175749,0.11513868848443097,-0.033560997163346144,0.025784559829665987,0.5802804259081841,1.40674491144068,1.0422517093083545,0.39418316308923845,0.24838684762842056,2.13785942286905,1.186792495639293,0.16746812363326427,0.4617898342480719,2.9769610066433354,0.8485487813445037,0.18617035931890735,0.3614705318483742,3.7774902612668897,0.953256674413699,0.2761840173042968,0.35367518674336507,0.6850434054675547,1.6928941892985239,0.10357630703070017
0.6083262957443457,0.09784061192899005,-0.0235383825986945,0.02888929202917774,0.5817681352355866,1.5674409327783037,1.0924022420092265,0.37954785002503844,0.5204919642621497,2.2397814805889946,1.2062634172996796,0.12744394049989785,0.49457201325273703,4.331540269323514,0.7532344048576415,0.19998260624670425,0.5045470583572736,2.5280932467222854,0.8219482871883107,0.3118787638742603,0.42152389348945823,1.3259759473100567,0.655218557984917,0.11697508414954759
0.4256301817881041,0.10664387961177908,-0.035076267231797395,0.02823340974668689,0.5903921621996981,1.57345803591094,0.9875351889257813,0.3834294496641273,0.33344517414041075,2.7894420216443363,0.9845181476563293,0.14546993947241046,0.568732325528538,1.0291854272520793,1.5173898338716234,0.08651900277822204,0.41609196018531497,0.9945701329523915,0.8947701984937773,0.3095500398303654,0.4803494470951453,1.3952332442653854,0.5167602063880564,0.3659549412023625
0.4262688263457901,0.11342664527753131,-0.0282266202917249,0.02782460029371567,0.5648178913948386,2.303105747354596,0.9148339320213297,0.48348646691247954,0.38090584986174997,1.4173287057669963,1.3370309066446544,0.12688467416951427,0.5441530643284622,3.015874334688564,1.1049460548291847,0.16100166486714368,0.3346902104291286,1.2546884264280065,0.5400814407197242,0.32569966814253437,0.30231829589565506,2.64454446644274,0.2675067123958845,0.4549952450819096
0.5028298757117908,0.11681137896328238,-0.020571014739545725,0.026176040334208825,0.5896666233419381,1.5092059415823869,0.9982187507335204,0.3978162718009536,0.3382760320460779,2.89510685855451,1.1915272516077204,0.23735257109254465,0.49592483067319953,2.4645584017014133,1.220837234235139,0.17330893846408296,0.28048724778001444,2.00435788836209,0.6308523204643764,0.375974692042241,0.3723251631187243,0.6693138674116828,1.831738700720089,0.15539856319620346
0.48317163208865316,0.0890352190960557,-0.021073604299185304,0.02614442375881114,0.5410851558851026,1.4547529716485377,1.0753250276213848,0.3793105692319291,0.21388826290972293,2.228150509665673,0.6965758086402961,0.12676893932054362,0.5275512771467886,0.8204729191461705,1.4295105754850732,0.08490301931079587,0.37778624147019746,0.9930581844704423,1.1902830602193593,0.21114375037343933,0.3883052367065742,0.5399066581982152,1.4567396722612023,0.24541321961246654
0.4573398544318693,0.12111880014396935,-0.03892611533365495,0.02696266782151213,0.6093131666244221,1.1006378761340192,1.3326926929445255,0.34394632571379113,0.4271362676719395,3.490233458608945,0.9965931192054927,0.19499471450818395,0.5706766082263135,1.8467616017972344,1.2568721314815363,0.11623759976391762,0.326225421338962,0.6985997674799322,0.7616574165628446,0.24850166216142336,0.5080070410114718,0.7401257398050927,0.6706667447081394,0.2710269997906334
0.3814726976221116,0.11018793619975784,-0.03161676801510389,0.0264590164028197,0.5376123616960781,1.7535401300748548,0.7180300943032769,0.4569297813830832,0.3040288042133551,1.5812469879175737,1.2922706300405247,0.1385035047790219,0.5893593150454376,2.9986262992125696,1.1224137792175497,0.22054675061748974,0.28403229600326263,0.7872220347015211,0.48194551959271803,0.4036693646561247,0.6051909267794958,1.482782930688761,0.6843716141607743,0.3013399082438991
0.43422158876480704,0.12058806546512577,-0.02070749365918917,0.028711982998458913,0.5620190062085897,1.4413982720213587,0.8684079297125475,0.4060603387266593,0.24098777653238862,3.124396035001822,1.0017481237489387,0.19599992270092215,0.6122831735511644,1.067215077051786,1.2478987391048884,0.12536480942224676,0.42112693106464427,0.42646999368780114,1.1300656492137784,0.38693252704573605,0.2286628382279635,1.2195161251546667,1.4744151706547128,0.05368614030476253
0.4347891402026218,0.1167006347371557,-0.041221578751179426,0.024503155008548674,0.600454132865289,2.260796808329318,0.8634891225723917,0.47989608432153985,0.30191721657239806,4.389680426349047,0.6262670884348607,0.15989630115345044,0.5626512438895065,2.602604181517939,1.1642021588685487,0.1866481819869332,0.3572516336158442,0.30119735913018647,0.4187312427151533,0.49181137310709705,0.2293990472788574,2.035587012357468,1.0755071142366617,0.07187520179143254
0.42576056207780305,0.12655753152179572,-0.020064312890618847,0.027921006649433203,0.5758335158191442,2.0709235993655737,1.008557101552637,0.4871263469712521,0.18195708373239108,1.9075801055831896,0.6425178494648054,0.1499287853682188,0.5046347940473666,2.358633061735994,0.9486047164454349,0.1570341477778176,0.21470164850909332,0.2275567827706871,0.22376957009532622,0.5661182967902133,0.28990813920112674,2.2968411036525027,1.2334452741614141,0.051099262440376395
0.39273103163143247,0.10830277722671354,-0.035019830070464004,0.02689653096465742,0.5775115375608353,2.9290430923833526,0.8098481979240011,0.5737659164357434,0.29656029135752915,1.4499248605366368,0.8400484962509233,0.12405847889003835,0.5593181009130627,1.3625204334870011,1.4088471011616852,0.10674550421815635,0.20310737943982907,0.19915850453534817,0.5026412488992633,0.5006335808877633,0.5792824034115053,1.66934957352779,2.4930135633893142,0.056943589894496785
0.3841364651493693,0.11591462942952174,-0.029660183327093605,0.027476447213010877,0.5797163424851561,3.1334910445224353,0.7865799482062652,0.5608754938040437,0.3956084366149881,1.5746826863778687,0.7379824528676314,0.11952449904311585,0.5216758911664283,1.296500404663185,1.1976539437061196,0.10366226198308492,0.22376556728772867,0.22334593648058923,0.4945082803054526,0.5126299922824948,0.5775062843613644,1.562745503925433,2.304419243961994,0.060769966158723085
0.3307759505919107,0.12062615914147513,-0.026921042155012048,0.026156820828070672,0.5730938402693854,1.860953991065575,0.8879308147734829,0.46859613638612646,0.37855986575793643,3.294186992290089,1.0437921883214731,0.2404419970538709,0.5641060875497272,7.1943083182843885,1.0317416579654053,0.36554137506942164,0.44877053164807806,0.1667126092090003,0.9819044581044714,0.43129639766499567,0.13662957714255639,4.094600332628258,0.5418215034733859,0.17371661568725097
0.32422355843736583,0.12047876862003468,-0.02568843535638331,0.029603061389962746,0.5466702724844019,1.5944054058858432,0.8151467587911582,0.4366110836574932,0.38109812739778043,4.497778368326194,1.029928051147921,0.30088140556130344,0.4599157718278966,4.793054460774098,1.0686847199994365,0.3441543178078506,0.42429859566298406,0.18276176552914325,0.9243721813471779,0.4489498392117342,0.193466298803105,3.9762420742960702,0.6907809667250252,0.18351739292506888
0.13210227428318527,0.10867746603697447,-0.025136805243885327,0.02665816731601465,0.6019301961992624,1.5642980314882655,1.1358933960818907,0.40018458938996765,0.3773946489989682,3.4632326224011734,0.751468505194901,0.21521395525938902,0.5503715733497541,1.439533573269279,1.1078232965025072,0.11496073782217132,0.30014254332425394,1.090592445460212,0.7581197929009427,0.2620050244099082,0.4762060900465379,0.19538384170162834,1.4458459295354826,0.5354300544757693
0.25194682669088203,0.11337120293070639,-0.03270565611646112,0.027445652960043455,0.6150457660857589,2.3834637943107646,0.8599418132346408,0.5026377635184714,0.30942675496500477,1.300506067111044,1.2646379741877243,0.10723828614741004,0.5444320029213922,2.916820933527161,0.9376127816110676,0.17905868654416351,0.23289347947648695,1.9198481263078653,0.8390100355643862,0.21882782600227768,0.5856353865434587,0.2619060545179468,0.6425863017318205,0.5547677203777923
0.7306345302049566,0.09258378520271343,-0.029231107393684404,0.026300827952400834,0.5691292513689976,1.672396622817109,0.916024448651589,0.4189979434964561,0.39125869310403405,0.33932544702944134,0.8187830980497529,0.07190462048242592,0.5461648011368777,3.489836522031067,0.915301066097296,0.16209722732597526,0.39811460453780856,3.457323262279962,1.8468701521422952,0.2220038675181784,0.3355777486972341,2.760432961535003,1.8578587682719676,0.11222404831865952
0.5801735570499226,0.09928720339563127,-0.04292895785672814,0.02904862558156922,0.6004601914016452,1.7789067061754573,0.9731247275765601,0.40295579403620213,0.29380600601093654,5.972215078855641,1.0519543079610922,0.31304369753880545,0.639420698837282,1.1698306987813407,1.7938345329561867,0.0985534616185932,0.42124956355996146,2.4677238522015292,0.6337270202238419,0.35155937355875344,0.4948948712145012,1.165580120418149,1.5727008040322334,0.11455913770155879
0.5952991209001689,0.11077392218214353,-0.0226323587289655,0.026757036069117782,0.5901584198587129,1.5209241946765995,0.8564448678916274,0.39366061949830267,0.2317538083524751,1.4398863325115991,1.1143741449844549,0.128579407236473,0.5291379785949724,1.3672043635536273,0.9947162428157891,0.1117868794463928,0.3981163671043953,2.0831562666476544,1.0987878465413892,0.2593352109101965,0.2237668585196489,0.5461589895570157,1.1272525354137408,0.11818400417194533
0.6178794988133514,0.12988350210441352,-0.036281513469384116,0.027182191166376338,0.5502874824251428,1.3890800671116255,0.9016716805398699,0.3890030315981077,0.23904887623455515,2.0656992386598865,0.9132247013096866,0.13118989712604096,0.5943492724704994,1.3752728368844127,1.9683688028554942,0.10644436421198301,0.46593744153743305,2.5548920787116796,0.9440874911014815,0.23607067465054984,0.23063279042788298,0.5227242838428957,0.913879566766953,0.10953743789170792
0.7071074514997571,0.12065047404347655,-0.03356978365903588,0.030533401122802957,0.5470063902599752,2.528956851894259,0.7587023195583293,0.5002415451032478,0.4913339239453128,2.333853585310551,1.1006156731788161,0.15741378776964982,0.40076607596172625,1.1734923569239812,0.843073202150225,0.13773860670438334,0.22588838986298468,2.7075841295409635,1.3760566447404414,0.2513027053545892,0.2980966617268501,4.5208537500545845,1.5000470176800231,0.07212371960151047
0.4214882202164194,0.10644822128339561,-0.027900373383074443,0.030595949270972617,0.5971016890025982,1.00820822180408,1.3241811795263865,0.30323362406283233,0.28199089048069403,0.7569244692546994,1.294580291702764,0.08513016441441808,0.42035276244070596,2.3458832303999024,0.8389021095693492,0.1844085145230992,0.21272960359074522,1.3339153763930351,1.6492090621528455,0.12301556524121413,0.5931572664675067,0.5575453751430396,0.7875850203155055,0.425012927276355
0.3819567230479515,0.10041660469084308,-0.03174729892709348,0.02610214662163244,0.6179820913649149,0.8986506467753367,1.4706438757432492,0.28301610598018545,0.3738356897202323,1.4338000808496867,1.0115969661334534,0.12240403784128123,0.570521542668121,2.2602712408654786,1.087044588547424,0.15747162025869166,0.24344573196001013,2.0933029758548383,2.0334832053756884,0.10677956926114826,0.34527117578459154,0.27188383909952096,0.2185101603990018,0.6545033095964523
0.48461634342177806,0.10687314523889146,-0.021568622672695627,0.02533467530077334,0.5512143788615756,1.5757144016700126,0.904880042401153,0.3931615523153253,0.4518568162870726,2.778485973764112,1.0183269968256377,0.17820364362344052,0.5408706915875061,1.712550650867428,1.3384753820797155,0.1289678866277989,0.3883168857011879,2.2471441221730606,1.1632461061803319,0.1429266865269583,0.4613755088193807,0.5215258466683419,2.1408594647147012,0.27863235618268506
0.5014385553192655,0.1061271659376372,-0.027023578090277705,0.027446448085244744,0.5780347790151138,1.9462005425487061,0.8817084485182359,0.46209761955787937,0.2645803716925121,1.7105898486984275,1.0008948839394238,0.13290770245260478,0.4939528719440464,2.3656727278773153,0.9403863565752798,0.14445814195037443,0.4903071945655887,1.4431961272466414,0.6606534848517556,0.33171258922482644,0.20397454060878484,1.1063465310848026,0.4950606983683253,0.22395291243119358
0.49233215403844627,0.11290965260767608,-0.03148896751892781,0.026165712062408558,0.5822334499069136,2.812965885152052,0.8416880470116453,0.5420273680684655,0.4248692256980293,2.6030561140608235,1.3446094060617642,0.16005737410082077,0.5589187539223214,1.2511582655948583,1.3349244147061188,0.12525695652245974,0.23331910489442767,1.0821257494010896,0.6909405426790727,0.3776735485884385,0.5796649963470774,2.6587687818406076,0.9903570189805279,0.21796901621520512
0.5078164130583213,0.11536537048300734,-0.03173767347660671,0.02530475178164087,0.555483401892006,1.6753895786636248,0.7824131466347712,0.4537923062068925,0.29343601767526883,2.6170535721256516,0.7562940816523189,0.13979882429427204,0.5057471634114885,2.9274662406830383,0.9193031286815436,0.1713733290651952,0.48801136143009066,3.7422521567315132,0.623202510451488,0.41918174826179755,0.24860048088971543,3.00242507758414,0.4117203395958899,0.26994679937819394
0.45620267210791404,0.1037314784213518,-0.01716222546998707,0.030424436746812878,0.5439164930376809,2.911236024052472,0.6907382533391451,0.574332056025389,0.345796460964517,2.4324637965096114,1.1946136345454823,0.16994348688881153,0.5929396813680332,2.7250184115940965,1.065887450035565,0.19257058176637779,0.3070163810190932,4.512309130928765,0.4657067031963853,0.5347654558272559,0.4003541951290301,3.14204774796919,0.7057162610448057,0.3353417717252525
0.45766771510758053,0.11444249170667183,-0.03784500768988473,0.02698069872544913,0.5844493787424415,2.3110875415198877,0.924992783807275,0.4774066170746468,0.17561856287065983,1.3034329143997496,1.0105584844755235,0.12037920008364603,0.4701784586217295,0.9557805766175682,1.3001246988098134,0.07584677713920457,0.42878691720638196,2.0641174766804276,0.597850898711009,0.5156952410243386,0.37287282966099644,2.9760809529129633,0.5809013608875017,0.2614750842842834
0.5024477522912284,0.11341294763049577,-0.02020854359221667,0.025655537930186472,0.5790494722140116,1.7591312522443319,0.8866099276468157,0.42192223109404875,0.3000059374104407,2.8531427146660877,0.770588837800579,0.12893690152314283,0.6050048223734548,2.827160244197174,1.0871605834784495,0.2161044885996706,0.35233551566716176,2.579781804600441,0.7256195262913456,0.32994627510104196,0.12015229105993482,0.4454413858982595,0.47251231995899784,0.2546513727808293
0.5801335640177139,0.11437675595886138,-0.040106924020992814,0.0287802958873542,0.5502302619111636,1.6835365428445705,0.8545905567646142,0.4402538730485227,0.22668397024035206,1.5223348523861973,0.9144343875737911,0.1442148566769038,0.5495257089827604,2.0579639879225566,1.213426264446556,0.1408470680638747,0.2565562333961847,2.0186685559081026,0.5436418481975444,0.4455322399624069,0.43215659402277684,4.894373791238955,1.9164017084639877,0.1416577546305196
0.5574431210884572,0.10416471441929545,-0.021344840062077805,0.026212812533500284,0.5584640132251895,1.804323284594414,0.8317812306617288,0.4468635387670627,0.38383294257294304,1.4774562530539055,1.094843482243963,0.12904900614627354,0.5419092431170924,1.3645617267146009,1.6139203902404313,0.10593739660509399,0.2725412213370921,1.03199295282509,0.8383218410503918,0.2925569049175408,0.5404110975048173,3.716615203825384,1.1828239857576166,0.2240340556353773
0.5562430242784827,0.11200487691719975,-0.028325567269537125,0.02747036458305307,0.5669202973466412,1.9807012120687288,0.7793327331397358,0.44911286222296104,0.23433031170197546,1.7751552625605582,0.9547690246283418,0.13603325062053587,0.5919747205975581,1.1438438630439338,1.3135613326884432,0.11945917624512105,0.31377706564636265,1.2426306734971502,0.8946936763247717,0.259908007148436,0.43183579949923623,2.097283958731743,0.9195839784315103,0.20311635977107467
0.5906021438774547,0.10605654070580783,-0.030573784545291346,0.027798332607420283,0.566951138843289,1.5840508531843118,0.8844719338789527,0.3975254852142494,0.5172016390107267,3.9725322415663897,1.1149653497661571,0.22610515092494987,0.5359846654251759,2.607205602671448,0.7880863306717416,0.1771128548947551,0.28653707753711494,0.6184529848392307,0.9055073327506357,0.16792851437479062,0.43159983762629806,1.8779197745165204,0.49055627551331915,0.18055325050379498
0.5647245582969569,0.12063647676921227,-0.0205111984471596,0.027097587816368708,0.57315825026453,1.7787708900613113,0.9249178850619886,0.42433879361464527,0.3975628518782318,7.287741145629672,0.9128502001963498,0.3582860324293267,0.587315380942206,5.295033022051334,0.8894616184162377,0.2794313812824678,0.30650474352827517,0.9300814125424788,1.0604165011952058,0.26720219710650006,0.37700780672186235,2.835419429841524,1.3473089845694877,0.17409219790252795
0.6665640526061246,0.10603066002173846,-0.03527888670729065,0.02646955274197869,0.5750790520623908,1.9256365708699341,0.8471885135923019,0.4567014036477591,0.42740969778547006,2.490117570249334,0.9899090597369488,0.17496677651054382,0.5362359677553468,2.344320555978782,0.9639185597963933,0.1412069023896541,0.4197888771925863,6.268939379960671,0.8521874623857446,0.34004804653004667,0.28786924223546345,2.134885143866729,0.8164245831559578,0.10148817323865805
0.6674300827935067,0.09410533921534425,-0.03015101196882178,0.027462702669226034,0.5671475244909957,1.9728372615593426,0.9084604844473224,0.43401796750799443,0.5308284346939932,2.5384929487788424,1.1257748574698634,0.16236595225551406,0.5866431826774954,1.5022152229722694,1.1637053102492108,0.10542675312950317,0.44730100309927834,1.5359998199667897,1.275868518991,0.15419093782774201,0.45381601285668993,1.5109008139656375,1.1768632625271467,0.10478280527860849
0.6599995834640069,0.1093426842968579,-0.041499264607382166,0.027268358711114524,0.616626899293377,1.5518348745790174,1.0995524282506972,0.3753718330484328,0.4525879150597777,2.387706926457913,1.1117972855420373,0.14434190970014146,0.5210881269060221,2.3946987213251516,1.152516845065855,0.15222012997166018,0.3042298015243093,2.4797525401059994,1.3187704425527784,0.100233288254315,0.17957897350676105,2.495383092459889,0.5409442119180655,0.286161090883004
0.6518603974712897,0.08899250021861722,-0.024505652074909363,0.027314590110870514,0.6071688252864547,2.0155725786055774,0.9410172791406647,0.4229096046330004,0.3042400751577318,2.510845264205672,0.9001298599192643,0.21365634348376533,0.44136076826867,0.5980247382313734,1.1016176638254882,0.08085760891091714,0.36863676892223024,3.033747320207079,0.7539200643873571,0.3139298556258103,0.20294912796912654,1.1114958089700822,1.3249919712102693,0.06674314973586279
0.6201829386569325,0.12476935227057018,-0.036047217794761846,0.02968598070842801,0.5825189098849515,1.906827716696825,0.8212842928420943,0.47230373090909933,0.23524771606569309,4.217233822947284,0.5562271413110721,0.18055302544576537,0.4636188173271342,0.9280115442213225,1.0596589212682557,0.10676321308181554,0.3493480798505245,3.3766798175805492,0.6080146606072258,0.24974151019489574,0.17387603531874507,0.9463099446989791,0.7973688713434718,0.10764731131925917
0.6275075512325516,0.11351446136826518,-0.025828139771068653,0.027878534029367744,0.5612069947771822,1.944510147388637,0.9134971072298274,0.4444158276096385,0.15857818981249502,4.217654588552224,0.7297313198970862,0.17189812769571716,0.5640736747959059,1.097825180462211,0.9741399107066213,0.10994544385479292,0.308824528111532,2.059412787079415,0.7109847879784275,0.26311941211935375,0.1695825566630999,1.473361999290082,0.603845642080429,0.12195187059195005
0.6284752164794142,0.11697440085231875,-0.025489250190781954,0.027421340292142084,0.5665469910781883,1.921002936529312,0.8229080713398593,0.46576689145603994,0.15494542772662323,4.126969726236567,0.6066741342291504,0.18119794967177422,0.5134300240674465,1.2027678706971106,0.9275530279719457,0.12262475525350916,0.30096857584848685,2.1907925647668316,0.7717419760245992,0.2318462684570685,0.23335111269356584,1.5089126094296899,0.6912674444745762,0.113293282998094
0.5637505371811438,0.09924325668786385,-0.03113937735386385,0.02890259372466467,0.5967304655898199,2.021143197525921,1.0318458600606297,0.44490344644300417,0.4745368628706945,1.5869671769479885,1.607424106370331,0.11923825587434815,0.5607884181570534,0.9798020608067484,1.614641687553449,0.085475624762911,0.3564280969534577,2.2207607289259332,0.9172188528435907,0.33508634603894205,0.4882419422206883,1.5171524626401087,0.7295541409565736,0.1881430275088212
0.5145544148892507,0.11974391922073833,-0.026928797165242793,0.027551135416805483,0.5526503965831644,1.2089125455138483,0.8614296256442994,0.3793015399802299,0.12499524351405555,3.1469987097246723,0.613758260116317,0.12930251168608714,0.6264484694256505,3.0679275714329117,1.058157589560882,0.17127368010027882,0.3363386217615445,2.680437029269236,0.5599267821327157,0.4759593937336513,0.41469008869669133,1.7653564440065537,0.7928907544782163,0.16336263941085646
0.5059935655025605,0.10362651611426742,-0.024836852534047545,0.028628463869703507,0.509314359516761,1.1746610105061643,0.9414143903350998,0.36661356730953837,0.5818652093167784,3.4478486448968697,1.4532180640381085,0.264001462457538,0.5352893055765399,3.401556927802241,1.0662214834400485,0.2330797915118322,0.7020368956595323,3.5203377165788985,0.3848431402242633,0.4867474105522028,0.16110634973093865,4.612674970198378,0.7334641097905061,0.18455356127228617
0.6896000284342019,0.11058118931578277,-0.03727695903611952,0.027018567981642736,0.5866176676278748,1.2328860583771961,1.1043825150236692,0.35164045761605617,0.3240434178823212,1.0488288991562824,0.7556233141956887,0.0953510588198546,0.4702737676329816,1.4330959306788449,1.105099521633343,0.10206977874367044,0.04584487890733992,2.2802717677646007,2.275243800244308,0.12181088958175425,0.4210398098852815,0.3971275921950791,0.73011076098126,0.1311581530145163
0.6734910833476371,0.09515291335196166,-0.032038084701517845,0.03303871021389474,0.5451326702922966,2.7228473204224746,0.7369559453488617,0.5322566338007808,0.13709979355429627,2.8964025503507416,1.3016770393508523,0.2646847034872458,0.5136956896978904,1.9160300443719802,0.6203406646587328,0.14508820917398146,0.6335287991323808,1.4422008027403839,1.1395491024951296,0.14795180019494164,0.2612430943236031,5.382117934263651,1.4146160313486553,0.20052952008311678
0.6822261540989203,0.10335930787843067,-0.019839145234104225,0.03138345102399749,0.5697664648117224,3.1390184137575448,0.902034491581681,0.5258041677943353,0.15860012815340044,3.1246179961090457,1.3435636437720897,0.2155015629214899,0.5521801006516995,2.011282346707181,0.7315247139675088,0.13193356158070504,0.5236559117914463,1.8114366957335128,1.47193245089264,0.17520917552753654,0.07894554351918577,4.742811224107249,1.1412485127138954,0.25586070265061894
0.5643685628561061,0.11348825524929773,-0.03425588993813505,0.03130309654352029,0.5743467724907407,1.5166492265588776,0.9440571659102454,0.39386484616161904,0.2320117548676116,1.0189470584150937,0.6738818186984945,0.10370956067025397,0.41503165648864904,1.164661773027732,0.8265490351560763,0.12066251536697585,0.33251320015399477,2.031255077626181,1.3679989654590847,0.1672561064317206,0.7445422764348014,0.7196924807843305,1.9012456937050928,0.17189672645261522
0.5877028465422172,0.1330497772445511,-0.02516811361545241,0.027860562705775388,0.5772409514348986,1.116160581602171,1.0344179531704163,0.3669078903999704,0.30657031262361895,1.8474177059970163,1.0668337922965987,0.13411400529655734,0.40636805387860586,2.074058359035617,0.8135911932638547,0.12296975862854065,0.32551084818913895,1.6031194852753397,1.194469738632304,0.16704931846368626,0.47401956527826333,1.01474790083327,2.140116056657424,0.15743066433080186
0.5121467735078166,0.13540833323938503,-0.022670177865577408,0.027296882595494454,0.5738907091425647,3.3273244070166195,0.7172444168630031,0.5835539604923118,0.4245655304866009,3.128804746868451,1.430962999240481,0.2246437207465306,0.5828265319691885,1.5648152413642444,1.5725422077408877,0.13897642251567766,0.44792410884825173,2.3794281183712207,1.1255641788385446,0.26215420965055225,0.4224606048976458,0.9963586254347229,0.5697383358535894,0.2642981603235523
0.49334031693002756,0.08369507267684036,-0.03429794161799985,0.02725892088380717,0.539354608298102,4.891235003844759,0.6955573711751024,0.6192185216551476,0.3176135507656728,2.187245071985188,0.7679695948333367,0.1473746832830863,0.5506504467320262,2.5495427597495297,0.9793702733397689,0.17677338198023507,0.4036059690748268,1.2473761517604771,0.6330137538864338,0.335130655663257,0.3479202320100285,1.1767122034261308,0.48290157392148936,0.2562877889600291
0.4898590617266971,0.1084233995313865,-0.038110465047816476,0.027368107251254152,0.6086204410567672,3.820660933565204,0.8226856807404734,0.6063807229352477,0.36759652610773424,1.7896594936309655,0.8771494717570271,0.13171924783757585,0.6228885980262608,1.2775582403740409,1.789025053777389,0.1055223687588972,0.21724979614966794,3.9112798239755726,0.7484480349302407,0.20323610426840033,0.21682527922443268,2.545265396265536,0.2576929787633705,0.5256989088179757
0.7374256917946073,0.10212083665749719,-0.02014279379129921,0.02797575441793199,0.5516644773764101,1.0261361654378875,1.220353997005302,0.32270731131040453,0.2965424081674678,1.3879409372774367,1.2572417410624133,0.13968307990629744,0.5804558665542471,1.6960192940934498,1.3107899809990171,0.15812836814068906,0.2825136920267776,3.210111439036094,0.825952304622269,0.18341957875276566,0.3020399567909761,2.7426364847441294,1.4822857804702163,0.011142689158132251
0.7313099958971047,0.1118595762226426,-0.032725220631838796,0.02809984767414673,0.5744787741704356,1.881195620236566,0.8651248360172739,0.4322831901434399,0.06578520810132334,4.824733629594087,0.8505953958557558,0.219073888148098,0.4726183776270495,3.316322094412294,0.9924653581853128,0.19663721422716435,0.4515253866054666,4.031014923652444,1.61428301386555,0.21687453909486462,0.24695857719686928,0.8711311505152373,1.3924200428883062,0.03619491083265743
0.7241242611969474,0.1164402115018008,-0.028470092949222866,0.02715207521829703,0.5817247277850773,2.0681586054880876,0.9482538319362674,0.4725756687270602,0.24964297278462802,4.241867334880904,0.3773542466620704,0.12424559102017828,0.5133413803114808,5.191837998080512,0.7007192684519028,0.2353463425523585,0.38884534004908455,3.54057697958804,1.8284466809023825,0.20076788126037037,0.18632252168955177,0.9084008222447976,1.171490459043037,0.02869802141324903
0.6460039178794987,0.12021451872370026,-0.015224364103575024,0.02739778684920704,0.550801308032647,2.658052524962575,0.6780016036120032,0.5214141480269738,0.45680488874181086,1.6462620430127948,1.0655218352535827,0.11060652501834496,0.5674903707424472,0.8135841643588413,1.340191497017162,0.10297152999836938,0.429882463077324,3.046846174115189,0.8171528344002935,0.3159662592340903,0.4338291574105284,0.9482112699806482,1.2071678322518493,0.014646977527286487
0.6600383447441881,0.14081099731087815,-0.034340088799392716,0.02782988908789165,0.5785824739507219,3.076284288228203,0.8733600409532581,0.5956630769310927,0.21481222529906388,1.183082756864125,1.1940649991242989,0.10389663515367828,0.5858808823441137,1.2071661298835301,1.6437183417829198,0.0950263591205625,0.3555625212224903,3.5781486716978548,0.6601622703619955,0.32018728468701413,0.3730072336548256,2.302006410989283,1.2223482081442345,0.011281155447650555
0.6320261427352705,0.1309476070280447,-0.019945638682703555,0.029408489437050534,0.5143479343635727,2.789428001544445,0.6345026108405507,0.5521349393913348,0.3136150933531892,2.1509046616949474,0.8678004580120604,0.143437890921421,0.545479330702099,1.3869634821002146,1.2503210150558508,0.1102048793423683,0.3646895372006076,2.5426922222368233,0.8008920337312851,0.3455145646013126,0.36379391287126717,4.775270024855676,0.8416751456355572,0.011065240901147107
0.732171126698885,0.1137049642615934,-0.037307594665304464,0.029977673256125523,0.5219746113894252,1.4350976984438544,0.7814588961337012,0.4013727089722733,0.307798137670991,2.203523532858637,0.741330135935974,0.15365424789611692,0.5968183635608486,2.8344050718010654,1.1545527262817754,0.1996312169119299,0.2553519100045147,2.375236627066769,0.7842493362471428,0.13122195785285382,0.35184990319120407,1.1151232718446003,1.0777846946276302,0.008112464662403613
0.7361241257158155,0.11673635867665068,-0.03910820711149346,0.029322918439435564,0.5341097663136001,1.353804733279915,0.886477653074386,0.4036358645915825,0.26262011501888965,1.9589416234394608,0.7719561658915207,0.1380001468673046,0.5536792450881135,5.239646666567201,0.9573569932640068,0.24784499391551873,0.3654777083726555,2.4702062870029327,0.7635264304524814,0.1137606758222792,0.5247005376895434,1.2351780138349593,1.2518168500135913,0.008534104179873308
0.7750078894439602,0.10160438605300577,-0.016774719823271514,0.02776054735566356,0.4990143865368452,1.6584388069239577,0.8123382265973321,0.416752280843773,0.21407890295804097,1.3959591561516016,0.6606116464294659,0.12173329714156657,0.5556264957483567,4.3862009280901555,0.9890709922501953,0.24217097164923027,0.38877612916913185,2.4908221165366053,3.8995615280762856,0.12887086716039947,0.15642957761952578,4.453929464953379,1.0437885763376191,0.005479491008442059
0.6345150685759987,0.12156127454941636,-0.03050661383998148,0.0269265383871362,0.6043717524019935,1.3946145404795085,1.16763357528973,0.3712262789378946,0.426387739485036,2.8925181328273895,0.6662221795553982,0.1382938548316805,0.5474273576253729,2.467809354477781,0.8089532701536123,0.16139454974444373,0.4049843579052259,6.759787659160911,0.46169193098858896,0.41553055336107814,0.6252496832033358,0.7891510215075689,1.3385510790262305,0.013663995687173911
0.7005606140075037,0.10735629259849847,-0.024802233643343104,0.03029555812218525,0.5518048476704339,1.100482931323298,1.007083970846253,0.35525498110934134,0.2460434661909467,4.452547328768794,0.8492372514669813,0.20974904139205947,0.48802372615184153,0.8818977795793305,1.0743714049482356,0.09831644817957709,0.2664398420849945,1.9517499412918504,1.1899177538212968,0.22520430370004546,0.4337194152361917,4.512372047815122,0.7390718362690272,0.02156597168173377
0.6707097246610905,0.108294690963824,-0.03412931390181801,0.025034761285595494,0.5940148802196589,1.0766238381960789,1.3111251915003845,0.30918276538201567,0.43009236682231794,1.5062954909469723,1.384975705130285,0.12387714054905169,0.6193336958610881,2.089588298275461,1.2849852582177796,0.14139605836328312,0.515423631127118,2.2324609045819384,0.9172106646531094,0.2073669784308591,0.43308603116835076,0.6451450774244764,0.8807083246019018,0.05655394301039169
0.653752255381027,0.10287482054333573,-0.02554133890662551,0.024801431924615543,0.5674775608814061,3.7227376332279065,0.7774238854632027,0.6072111119202049,0.298919054690234,3.2409621833262428,1.29972331500873,0.19815594489574204,0.5191706007584451,0.6413068438186836,1.5378769089000022,0.07239916631623432,0.5129240811595407,3.0415985203098233,1.2962614518478475,0.2098304940979229,0.39795107761032544,1.4630561405091282,1.3461753400067904,0.14454202909296626
0.6186283829645353,0.11748517123316132,-0.03222115927913085,0.027682730240291747,0.5744660855099795,2.455140565658834,0.8155056382467988,0.5272833205042551,0.23163441325612602,1.77158463895982,0.6964493147468954,0.1285536738180142,0.457029457631381,0.7631179829168855,0.8403795933624978,0.0950276775152102,0.24105088012405151,3.011641671036979,1.032392514231717,0.2942899495002151,0.23090839633424465,0.7371778140069104,0.4832011360687984,0.1401577436742055
0.6952805028873881,0.10768169175611557,-0.025925762920617195,0.026472208980545756,0.575087181671856,3.001396204986894,0.9105506463544066,0.5519779862739989,0.22428235113075057,1.414602500539369,1.1857969996071809,0.1167334930685934,0.6165842334244732,1.524595198541435,1.3190874032564226,0.12538066178569665,0.5591539267699946,4.398048906074135,1.0324070822756097,0.27232534032018607,0.08826275628619232,2.5705013578415854,1.6309199169770485,0.08543740710119394
0.5456960495720167,0.07227359531936195,-0.031436309782477946,0.027181985437471176,0.534776320798861,1.4101056457222676,0.9240791072588834,0.3746724731876867,0.2992740303410719,1.507434483742278,1.029781768204358,0.12085100383739475,0.572976170591357,2.2417760503485953,1.0775042250676248,0.1301310341360164,0.4835676408288878,5.166571630386877,0.8192863604034392,0.3211348754919979,0.5156300043500797,0.98668796005326,2.243187560433334,0.22641307252484844
0.5709682245400093,0.11950268288707824,-0.021972469297261335,0.02867353759155477,0.5280664026692466,1.395936094031198,0.795448879668501,0.4117692994165746,0.2855172932765639,1.176061085191147,0.9059211622430529,0.09807814399720634,0.4873035997872298,2.675123464491216,0.790650166788828,0.15832376073950125,0.34658929809506783,7.8391606083487915,0.6104544348093256,0.3226613802284892,0.5372332973193127,1.0044418403459727,0.8036156986680637,0.2026265722240397
0.4323972196446517,0.10614469032829675,-0.02207762400208624,0.030626231333261672,0.5803391481716107,1.2198252661065294,1.1997830971732193,0.34821264869587365,0.42741029949423126,1.751627791431995,1.1723191267015307,0.1363717503045187,0.5444714938335629,2.3812778305087745,1.2743170267978745,0.18433035764747976,0.37278439918753203,0.7188420900301675,0.646306249526084,0.3623098136729113,0.40419170406469723,0.7956015013855673,1.0531886580281824,0.2069938859531949
0.4186338405578982,0.10046790058648515,-0.037885639773874095,0.025196582425130756,0.6350573253144098,1.3384378510573824,1.1990025578220762,0.3506518769333543,0.3296652783642144,2.778007007660318,1.0082178321413537,0.15316382952992308,0.5836204610528088,2.914569463211983,1.217494563828392,0.1600315187771365,0.5180943066960421,0.6675963236381314,0.9841936123293196,0.37109019521751807,0.20125560746154325,0.5959397244837482,0.584931395870251,0.19021241424906746
0.4156241639342791,0.10037096364873527,-0.024171509642905972,0.027443454497708457,0.6114246200011805,1.521495934786484,1.2499775329413265,0.3610149211761128,0.407876635638609,2.190585347443488,0.9884700701779181,0.154395055173035,0.4746497839173809,1.801522139221393,0.9509680210680221,0.139932072282254,0.5626066541422283,0.7218902671747062,0.7648104118423918,0.4019631075588283,0.3069399767850756,1.1992780260199463,0.482695035711325,0.2126989296109689
0.30908257043213255,0.11568557855017632,-0.03146900554788371,0.029517597614682166,0.5490356827816629,0.6839179378588623,1.2058451305879958,0.2818968847275668,0.19070035056170748,1.4708792252184848,0.9004903191665342,0.0999657188418332,0.6408257021277014,2.0966885395081354,1.1298058115730882,0.14992224979674612,0.3283924635704969,0.19998043321809897,1.128936639339795,0.4291542393037328,0.5360676533522678,2.235248712265279,0.9119796903525104,0.20743435352944803
0.3393649531232961,0.08705531240171104,-0.018924339933373193,0.026216682313628954,0.6067569024486662,1.0952033460401551,1.193323307013449,0.31261771346116546,0.32638474559844943,5.594113161340898,0.6002632804386523,0.2515632307410955,0.5556411354632582,3.6145649021438904,0.992552548613395,0.21264599455332694,0.35011457709018323,0.4710444722156309,0.5142706494142606,0.40973655794684116,0.39829805829089054,3.2135925611441167,0.44013243674767966,0.4607521168735164
0.2823738241621153,0.11152337847349574,-0.03738204766671768,0.02839262027173062,0.5566912249177323,1.5369606628386463,0.8928812871955127,0.405751019729158,0.1791115134426708,1.5268496849675648,0.6465728597156252,0.12494865476689564,0.5196813236691215,2.6095222532440254,0.8116326517785134,0.18130464765016782,0.39525531720089774,0.15298250403521346,0.7167870949972673,0.4039701187223157,0.5841911690933743,1.8798564082243812,0.5682702506571555,0.3180805057686009
0.2624070692294912,0.10273108605055514,-0.024863851555126742,0.02782774244077198,0.5492329921058143,1.26556270242045,0.9622423879150219,0.36874680879120086,0.3330167178565006,2.807581102638327,0.9062009929369598,0.182938518078831,0.5051337305057422,1.178392361923343,1.3245663910145333,0.13029527536422025,0.3702123714775571,1.721869574697659,0.321293482141527,0.8647628949588856,0.40950490369384623,1.2306611877971165,1.0330814817439586,0.18833772991000192
0.35407989881333995,0.09245896917741496,-0.023384188520870205,0.029803970026239582,0.5917803875446227,1.2320755945593003,1.130114569917839,0.3511551610132267,0.43053178112011503,2.4171823181802656,1.0128114993922228,0.1485413415947044,0.5064037167984671,1.1657003406038038,0.8495609031011099,0.12051501264671799,0.32152823417288695,1.2581106439174816,0.7337355729526275,0.35317852875956574,0.4479171554065912,1.1446064763934716,0.23987542114493807,0.49418807500673334
0.31357001714903965,0.11221899025805734,-0.03659511488177589,0.02737373541939186,0.610517543041545,1.686445630234647,1.1956971947619799,0.41284524020066543,0.3015556258993066,1.9229267322159627,1.3082991997714515,0.1468452265850139,0.5688436819136848,2.3784544685753715,1.4026299592614062,0.17111297400525405,0.535869574940075,1.0503738988469122,0.49551484866340545,0.5795616434732226,0.4660875184375061,6.489571145922382,0.49284636592023107,0.42613595296487844
0.36726438299738906,0.11316441433016633,-0.028087047285357148,0.028267444599230404,0.5332789812364099,0.8669719407658437,0.9218870243316101,0.3170832471698456,0.28905021709880235,4.692258310425475,0.8928671883020275,0.22737229851819615,0.6282611416630878,1.0280350992052005,1.0975910733428251,0.0929457547171791,0.2749283237784224,1.1810016497640312,0.3063396875269967,0.5092293988784576,0.4967944047585234,0.3854220290682511,1.1036696170348972,0.199850663405277
0.5222001977982086,0.1013536352176181,-0.03303102407701715,0.027254391861862425,0.649899197665918,1.3759990427806827,1.1930006361043817,0.3618154576690452,0.44096476716002075,1.3889455529672856,1.1782107074886226,0.11654591579481019,0.3866633445489425,1.2412043909630808,0.5217967101952147,0.13091060015898331,0.25124233221034,3.0113021923531536,0.5706932751888085,0.38415511218455917,0.5152959345437522,1.0284072462633906,0.7165613093760711,0.18985539382844704
0.5337395985601836,0.10809979461715825,-0.022338974262562886,0.02682597941762925,0.5327086150024599,1.8910806240664502,0.7927504037269156,0.44792403791114876,0.20525507931173656,5.733302607895477,1.0194633451942319,0.33577248656611053,0.614693703080823,1.5871118140293115,2.037502715017689,0.11193293630636182,0.4982837348969992,3.179480337136905,0.9190529607591852,0.3763713032465566,0.3174292967169218,1.0028085335977015,0.550065148818294,0.22446685793007945
0.5432916591559434,0.11032203895804296,-0.039954374304143725,0.028462982904289703,0.5473118687941029,2.3187792366651694,0.744505634922773,0.4857812240269807,0.3904198926719576,8.129084439136337,0.865083761327677,0.28888609861647857,0.5502212145232608,1.614322432969057,0.8527132388811037,0.13295602212768737,0.23753117404601207,2.9515423969101784,0.3881178114583556,0.35542912337223154,0.3750964731560619,1.6842201705595123,0.775720721895255,0.21125667417901434
0.5570369034485138,0.10646831522193322,-0.03927958111076632,0.026085396871985776,0.6190944000991053,1.759454215559077,1.1472804092272078,0.39978409613737403,0.2577907699846849,0.8235355826867385,1.6976743078340253,0.0836978223438832,0.6113852164229053,1.7334183367535825,1.1027768869160623,0.1310807159684408,0.5716434512582854,1.0508925670137277,1.021106316014273,0.25174966815339433,0.12400026918310933,0.7830988648699673,1.17077240714019,0.11906533620138812
0.5852742248182968,0.12756934080663052,-0.03765964991445834,0.028809445028142738,0.5494916659886555,1.7656501527303172,0.6893214077557382,0.46028381006698227,0.22645882085847485,3.163116819086311,0.5893788961704544,0.14622597596675244,0.6328572019749723,2.071807518309685,1.167526070741731,0.14322084435392712,0.1280547113403182,0.402388683906527,0.7450558468481798,0.24465429514485268,0.5163896101197237,5.408936338916229,2.1483518535953037,0.17258907081386896
0.3732343145776949,0.12011421083706718,-0.023963300373162393,0.02820100813283847,0.5849906038922227,1.5569130857228721,1.0885372023678106,0.4138536412225127,0.08771857408681821,1.849408239854342,0.3537511057024239,0.12223857057110372,0.36539712889741177,1.7447839565826682,0.9685259586762689,0.1396606124737624,0.4542447137630092,0.5215556863446057,1.9531096328833601,0.42923847164864337,0.16685340572458704,0.8612498770961737,2.980342366718781,0.04545216128776064
0.42329720709536867,0.09621649425231585,-0.029760802949562827,0.029791366344609084,0.6512208859209233,1.7011182496568753,1.3709800756312351,0.35767044603149784,0.11269403773113239,2.1748793374114364,0.6901986447035959,0.14175775658804154,0.5593350934578687,2.239088757815296,0.7857648679524601,0.1568911831257785,0.43042974032275866,0.5356103229558898,1.2873793609977655,0.4073430536180854,0.17748278148219032,0.7323017166076541,2.659672816807951,0.07897547789479788
0.6430496618688138,0.11165363491949731,-0.033556683236943705,0.02673841489435687,0.5632284077262176,3.418999412535341,0.8719241026811534,0.5976308653961354,0.17708134538354525,3.3700604221696304,0.673577131604013,0.14990029816067788,0.49259881115787957,1.705927096858072,0.9208260578933704,0.14864632321073393,0.3464218312156681,2.4316855777749815,0.745983882092654,0.3106801025826441,0.15408733730573876,2.2723732867557103,1.2896001334456662,0.09568527087972677
0.5671555359007211,0.12455407964378346,-0.026637677889946674,0.026430614153239784,0.5563825754240366,2.31342904672716,0.7765281083149729,0.49923086491123614,0.3268988098873562,0.8795013224633829,0.7177765849952061,0.08534021861360538,0.5943508669300439,1.5476747890353888,1.336116747257035,0.12046152453132772,0.5108883245571498,2.8272420868312245,0.690953106543571,0.2552569154290897,0.061161707552265396,2.204681065077754,0.48046222487833856,0.2523921058757506
0.5137771403362198,0.1206333189161901,-0.03414816236841029,0.028099121169617783,0.5459428246314237,5.1253952843627335,0.7014696188160254,0.6888460234204693,0.5327256511956711,1.3449802699069067,1.0022608458472932,0.12663286819967323,0.5418263606923566,3.132048720669398,0.8288972649099531,0.2003900075460671,0.43734360835262087,0.6874146230063453,0.7242283567141454,0.20938990435491234,0.6061007455512548,0.5325014515051494,1.393362844834811,0.1345219838358628
0.5699214765731232,0.12717845927894256,-0.026895338833244613,0.02660688166798505,0.6118660876787297,2.085277292386996,0.9302698628637829,0.4582454353400976,0.28845661434180914,5.645131692058967,0.6571633808147501,0.1655143941693801,0.5869420625451317,2.5714823095291504,1.4713681718452132,0.19288759603811562,0.46659477456225923,4.981627945509966,1.613421308491131,0.29524225992861025,0.16882153283451662,0.276014352074003,0.44830842173957086,0.2547532198770429
0.3374292677284884,0.09999121882461845,-0.03311303461183195,0.028691073984148722,0.548913702264021,1.1708395172398067,0.9491575638327433,0.36672761304552637,0.3178066530731754,1.002790787105363,1.200070141313578,0.08506734701794035,0.5765164505626896,1.9502370144443217,1.098022053621858,0.15959994088043244,0.23110137368914918,1.316582674143711,0.5391841056610466,0.2815875758417492,0.42730444797155254,0.4368468973197334,1.520452839309269,0.3682334679644028
0.28514980686387875,0.10965864591707937,-0.02389530760138551,0.02536067525211601,0.6057993771731458,1.4108563777823966,1.210965178889598,0.363385557187553,0.4362172983217633,0.7393576129958188,2.619749103045644,0.06887777821950876,0.5307869676985907,1.634784363571888,1.1711169103296184,0.12782032761744083,0.4339481067227688,0.5099578697530744,1.1074813833416266,0.2779291207462039,0.4483330931804824,0.44412690141527067,1.3132968390869626,0.3465655535042721
0.4676512117531335,0.11666393415694008,-0.021216110994637445,0.027395833441409244,0.5439227625274116,1.3359101591053169,0.9076766063913572,0.39256799941442644,0.17537466297765125,2.085203116517723,0.5320919287243354,0.12176452245399673,0.6082005542374271,3.9523947591237616,1.1672407301439676,0.28101221192425707,0.20877401121167677,1.1640197907373397,0.9594951026414341,0.24332939691926578,0.4993257375071674,0.5154468615321973,1.0941115002254864,0.2358555921592051
0.4448923548968908,0.11159095998029885,-0.026570895982670182,0.029399315150635905,0.5782799924100762,1.467778493307058,0.9948414177174633,0.38741081539020195,0.17040371446924774,1.4038757828017236,0.7110434591143575,0.1253273402480281,0.5294012688863553,2.4065192528761377,1.1608205443200355,0.15640448775839857,0.2457047791852994,1.2831401759091594,0.9524358585651768,0.24985454584692177,0.512975069084186,0.5019769511369727,1.1203130145141196,0.27670451672573015
0.4782561527921238,0.10900415753833492,-0.028223017184886193,0.0253495598940101,0.5907216006995671,1.3857985302099636,1.0818137988991003,0.37868457725416915,0.35137815615779405,1.8336825096081129,0.8981473446912472,0.13172439594586513,0.4949123205616167,1.7770024522750303,0.9020031960430128,0.14581756763875148,0.24921813146160163,0.8255670905152493,0.8529081140148753,0.23662244500278376,0.444981948268965,0.7223306755655091,1.0243049008543152,0.2495858125102997
0.5241333735612104,0.11940836156445218,-0.02615722761465679,0.0258740850228733,0.5814509003782985,1.9748622265392255,0.8553364064334029,0.46859145353544013,0.2963500362777536,1.3701034663092932,0.8034846046280677,0.09920235003248755,0.5330941676786407,1.4303709388384114,1.2223777624772234,0.11808688306537272,0.32183757940119817,2.3502702611377884,0.8099101783873482,0.3126381679258124,0.3630109193058171,2.2477847678716785,0.5412350214680834,0.30264573222785973
0.7413207276249196,0.11403933718231768,-0.03400901965910432,0.02794356444824497,0.5715802722626339,1.0710426432341569,1.07974890028299,0.3400736486644,0.28600266572080607,4.608047947973495,0.7344366752146515,0.1949184356872228,0.5599499026055648,2.193063957098479,1.0607451549827962,0.15665612854291425,0.3348959934247762,3.2976106421317763,2.1391473266923806,0.18460555177881857,0.35650888012918286,1.7934478358476018,1.4700511712544633,0.050400852458641
0.7735020766036578,0.09710903957898231,-0.025355590077546196,0.02491446875303128,0.6255566606831395,1.3195490388559301,1.2338838283388485,0.3366444571575998,0.3682633397497794,8.036708102706681,0.9294669612773069,0.29680853838334853,0.4509413762721502,2.5778997224859252,1.252975486803895,0.18118695101195925,0.4386155184117408,4.064778526384619,2.22393476537876,0.1425316910930466,0.3239452149884608,1.6685379337950754,2.5621345634169006,0.054449033002781366
0.7442647951902136,0.1033477649524391,-0.01643055815092623,0.03004180274451988,0.6071868634763076,1.2135522611300587,1.0814571834504934,0.3587274564078416,0.2941049205173168,6.809208468352444,1.2185925682912355,0.4554672982744018,0.46975397243654543,2.7587053696047388,0.8147932364650715,0.1754713981571085,0.35713832657750827,3.29457419184675,1.8662506830545573,0.1293533108822895,0.4549115108514172,1.9863664191569173,3.340797833982154,0.06572938644232615
0.4440273794097162,0.12000852976052155,-0.02796023477743595,0.030106938957540977,0.6036110084016201,1.5621905512157457,1.2141555191855844,0.3745330193927903,0.1304636382314666,0.4281614606836602,1.182394542553357,0.056301385251768775,0.4110802463411698,0.9577071131364931,1.1707952279120883,0.08060198635214214,0.45417639496167644,2.9846087600500417,0.8098140332381023,0.3967898610936169,0.6009383284604094,0.901141629816993,0.4570318736877778,0.33811287369812315
0.4130245021257666,0.10353806221342056,-0.025416059122374306,0.02707646344396651,0.56139548488986,1.8114094824234983,0.7864069207739938,0.4389407949333253,0.48846933152864763,2.6834352245064816,1.5353393737618133,0.20776281596390403,0.5908006670556764,1.1814480831307093,1.5347373973345657,0.11632216067151047,0.26953963523522767,1.575366386830922,0.40600214938738655,0.5212338497881234,0.20724877898515723,1.7827993282543912,0.5581072917759929,0.29487413128847073
0.5939588602431833,0.09886325015103993,-0.03712381138569171,0.027587989058626538,0.61919774588687,2.048011201552835,1.0788682304844184,0.43116344393177125,0.33777499118068127,1.8711996574402665,0.7133386018118462,0.11738791799961644,0.4803717597805263,4.138724996617549,1.101316420669234,0.22352166781941274,0.28521311199893323,1.005910280401136,0.8615270038489188,0.29533050085787876,0.5013961481149195,1.084369675981291,3.0490951785512865,0.058075658757060285
0.6083638388725406,0.11412707796648582,-0.024922649361945107,0.02732018645450158,0.5320378057954899,1.531117414674135,0.6764123804639972,0.42650052935103033,0.06541539733451301,0.28769628053682117,0.8186583971957327,0.06566926213649345,0.5698961354052892,1.833634771609689,1.399726791483071,0.1309898556074293,0.4387578604057596,2.847255619057753,0.7802767253426114,0.3514831112217657,0.19982141739585005,2.1498420305721155,0.724387386639621,0.09496726169674556
0.5673530211579357,0.10729841955370875,-0.025598408573045094,0.028845486885289987,0.6154863354846003,1.6311333665629055,0.9483539219280548,0.3918745776430186,0.5019574590018753,1.7018911137401984,1.0139183300869061,0.1358398035023965,0.5328319576916023,2.203362863843157,1.2075085691542013,0.1762497552785894,0.3703951086607064,1.5979715418305063,0.7615156251468264,0.3576514039873871,0.25420210858468306,2.0826367933525156,0.9797864790964398,0.10081600194246043
0.6041819932275596,0.10970462123527196,-0.021486261505294674,0.029561029079362786,0.5361643608294622,2.0388162254573405,0.7596756251896264,0.47940468913292883,0.2569540961154396,0.9175684627492394,0.9511891141503096,0.08293315702323824,0.5562092139273168,4.688569918362257,1.0337604267820382,0.21852810427404348,0.36919788900055434,4.137441402241555,1.010992837866126,0.269147778246826,0.4186717967334636,0.7944679123282365,1.7770476223821083,0.15564133911484426
0.6128890731765376,0.11123407571241671,-0.02606414616685018,0.031209936089012815,0.5352259069104991,2.291293547367296,0.6614760220586787,0.4572819117244553,0.26644812850056426,1.3991608077697961,0.9959113866784585,0.08302383890502996,0.48656038495052517,4.179063148821373,0.9465315706658771,0.21850961834665156,0.35595074338966687,3.791013866750501,0.8319462652780772,0.2652052740533326,0.4463292466401032,1.0448948181440667,1.1553394459620459,0.16428911826917822
0.6193964103336614,0.10873070810305453,-0.03517398896170014,0.029406532249068616,0.5612990284342059,1.1095263697078126,0.8937659067081054,0.3615262218385728,0.33232440788519324,3.140125241993431,0.937250646903166,0.14833075174080418,0.5317802341174132,1.0163926644014858,1.1932358853116687,0.09249130825576557,0.28791657495754,1.5219463190639637,1.8913696812595593,0.16529397326293813,0.37622697782802816,0.45631298779968893,0.831986523698268,0.15260618888393365
0.5842700926078954,0.12225639797150496,-0.02089821163366217,0.02729395604017565,0.5425871290777836,1.096009388193167,0.9535673011831021,0.3605828164633097,0.3376667968838597,0.9945473045996424,1.3452669348974076,0.10300571806277824,0.4960173582789105,0.8127604910899431,2.1514550557816765,0.08325159198314597,0.3583872026204792,0.797701816773503,0.5083572360761331,0.14704964394493447,0.29695048664671947,0.5229001644689317,1.4868066984370938,0.1504894646100205
0.5858487188901794,0.09704857051416742,-0.02358949556667667,0.027235385090862717,0.5994383248770441,1.361197443386799,1.2379345045310983,0.36077629099695435,0.2722252055114905,3.7266195597032565,0.71896391625701,0.2055469234866541,0.5257601011772692,2.9460165118121124,1.0511753458482052,0.2222177273514714,0.21848409767587765,0.47541471204440894,1.5546341068152973,0.11041186138309847,0.3610978025625588,1.258974182469063,0.8426675652039863,0.2267765470451671
0.5835055611173605,0.10361357196045352,-0.03175455361576325,0.026243095623600037,0.6441066083243016,1.2991312340284873,1.3148166662742888,0.3406845778911687,0.33151547564596767,4.6068052222761295,0.6398831183815008,0.17596405605659526,0.5354212100458782,4.346476743661596,1.0067605468598786,0.2506234960253649,0.25754892650430233,0.4484074223237287,1.440930587415281,0.09913709568942827,0.4095148859902869,1.4288267294664936,0.6884288139667408,0.25110293706304465
0.6150253654019406,0.09897039491417985,-0.032408640766986296,0.030513248343768066,0.5942007003178166,1.7638351040512634,1.1038239425925558,0.4101984933034076,0.24768529304282122,1.7337856566113794,0.8586186698988353,0.12060518377047105,0.43456754854933705,3.3577001193239138,0.6068412054651728,0.1617055389258344,0.2500196189182066,0.6265141900230268,1.8157201540968082,0.09199459779671228,0.6084815980111354,1.2907417109467239,1.2772103428231125,0.17840644536676784
0.6346864038328816,0.10698021436789783,-0.02847832262205428,0.024562437809198517,0.5871503740584523,1.6102143765939494,0.9193294818304635,0.41292305819790864,0.42180145962393617,2.894978885376542,0.932250684531598,0.19341676239931463,0.4694099115937198,1.1591292435068001,0.9721523958479655,0.13771373111489904,0.24294546360989833,1.030028370628396,2.1327116340089134,0.07996152549204984,0.3451468215957297,0.7481755646386354,0.7338973042626004,0.15882213974417186
0.6214361600554363,0.11570608925304623,-0.03129104968050967,0.02767279009025263,0.5668760359301138,1.6792729219453104,0.9080454477352758,0.4385669623639822,0.27421711026081447,2.595510842037206,1.1163704905773935,0.17236657676872882,0.5136736921908823,0.7646541676973375,0.9069156494375361,0.09874924186777984,0.38986210181435865,5.167978436485238,0.7970848376841584,0.46317235797494627,0.39799114780822725,4.203998257514911,0.8938119367954671,0.1212962172940793
0.4752037388069712,0.11900342313527343,-0.025222638873238386,0.026171012993654822,0.5203046887132322,2.546646803270947,0.6744222323873044,0.5193194060370961,0.38294998941692787,2.5228277303004907,1.004548779933178,0.16529787019457376,0.5470176652713407,2.829376941509527,1.000271437434176,0.21230261759437824,0.33168173748327195,1.3604673863942498,0.9668363173430297,0.14957652136122065,0.4677726344384686,0.7842140613128794,0.8632411433676801,0.3363625111389963
0.6502922459164333,0.09713467386327453,-0.028257189878401822,0.026365001072348765,0.571488343125941,1.7318465130874408,0.9471809156290811,0.4164640195110048,0.3481469573068187,3.0403167477515947,0.8751861427969436,0.19070903058079236,0.6283932470884798,1.1853252813725248,1.5748992881044173,0.08738850638139299,0.3884864447782193,3.463986907656214,0.6903478522426773,0.33473469490114327,0.4192727053198347,2.127951944666208,1.1100153217212654,0.0666746790956786
0.6803800629968876,0.0921571306368491,-0.027464683962090588,0.028272213567416795,0.587978966031377,1.179484286866329,1.2447303627476938,0.31907874171233946,0.5010270244181977,2.2260540557214363,1.2684313362931012,0.1738307844278565,0.5157502617633158,4.401821482393984,0.9753288486229051,0.28436850332876884,0.38654694935161554,3.127563198246152,1.04944436518253,0.2393079312081371,0.34491176506852966,1.1873596818469876,0.5533984556271447,0.08253156265285866
0.655812124040893,0.116076877581709,-0.026810922876460978,0.026231555032844946,0.579900996107679,1.28532364106428,0.9567217439796971,0.3759123646236601,0.19521690164603037,2.359683872055984,0.8729168447579004,0.15443445608561926,0.5832655718278636,2.7791820165659282,1.0920796824334704,0.16534761715995738,0.36578448420429327,2.2730774285202604,1.1650346423224995,0.2366748318681671,0.43206421623464786,3.2895549119445335,1.6708447759463048,0.18370492754000614
0.669066438487807,0.10389592409263987,-0.029377434243306987,0.028598456241271147,0.5704680247739062,1.6411660090351394,1.0115074788854705,0.3874476054774084,0.28430184260339836,4.1884370577701695,0.5397879029392032,0.16289202748278914,0.5436138595002777,3.9713427244544928,0.9294024329253173,0.1999055821413139,0.5192541069270843,2.012057940114563,0.8117366631498052,0.20580566225918095,0.14702700770327784,4.621530217926412,0.5615700121373511,0.11329119142966887
0.6619844476176264,0.12190382726574646,-0.028207848556238896,0.026578243181919668,0.5738706238090554,1.7294063867521716,0.864677874754932,0.4462256867402561,0.28610074944699365,2.990690157306521,1.3163346705809524,0.23096478586423755,0.582862760749173,3.535137293649942,1.2259150577560183,0.23654439331206517,0.3431218743048457,2.719127023258952,1.159577688048294,0.29020153800530996,0.16730868360324205,1.6890650572686496,1.489795864150066,0.0710879573399789
0.7215239079131647,0.0914512872611287,-0.03420953410331963,0.027032403314710674,0.5730827109398701,1.3999286794623533,0.9470430816316371,0.37487983529708085,0.2754189089689016,2.425706454243455,0.8706114880130545,0.1694909748112854,0.5016495208950249,1.546682226448944,1.0451007870017117,0.11545203551006641,0.4713406298443038,3.209955871222985,1.4149803311906755,0.19708874407275734,0.4169302901628184,1.9426625066815744,1.2504001433138356,0.06342549815146359
0.4714306497042597,0.11598199199124441,-0.0373046189313506,0.026998071946380483,0.599594731425647,1.2880875893335229,1.24392855776671,0.3542894133724707,0.2984906415810258,2.6093506461500335,0.8064963472848223,0.15182648314762648,0.5277955336551894,1.4644126398803654,1.477850344625368,0.10963898250664338,0.4048809283994288,0.7961258929238877,0.9570479444145283,0.28739894980059405,0.5435173177870464,1.0565921654865595,0.6209969481229538,0.22644482788205392
0.5667146888444449,0.11328835669760999,-0.01789973487348173,0.02628904408817161,0.604482659876877,1.8094987426941798,0.9791382817983898,0.4276233904396271,0.2925428380698275,2.2597378726663395,1.0170551085920798,0.15779761057320993,0.5610756179437603,7.273315932537688,0.9259922067895715,0.31587995190329093,0.43551302068410636,3.9081313684586956,0.6328646132110515,0.47503125251583833,0.3458641051825115,2.044091256276929,0.7892614780639592,0.11294732315366807
0.6148539825917753,0.09636942959883331,-0.03926273450457231,0.028823828541439955,0.5449794695022788,1.3907073059135933,1.0277462211017283,0.3553291727848531,0.37035434610631723,1.5532975403518525,1.7887139698243957,0.14849085070427098,0.6378578759265549,5.657883185899905,1.042357547809187,0.2910949993891311,0.3404986480051164,2.7763451998321105,0.9251371939655224,0.33854799980028516,0.5860054940842881,1.7994283125179624,1.2119525268687292,0.13199156383571853
0.6112382977224803,0.09748399584185106,-0.020437139004843386,0.027778910981264365,0.5337812942095893,3.496193367974568,0.7758905172638644,0.5830501696054735,0.1887406412568199,2.243831326490141,0.49183155612540036,0.12517464203597553,0.6007622878616589,0.8288262301470734,1.4469644523482033,0.09289745940224321,0.393518962839916,2.084054140915987,1.655679291273482,0.14660699126178994,0.5570410521135812,1.249859909522015,1.0023603184910748,0.20353260447300678
0.6630219408153925,0.12829521236653718,-0.035603229776887006,0.028205275962187713,0.5563601321868961,2.3217976327321592,0.7604136381673647,0.5153339971080518,0.12659978066682875,0.9383279346728485,0.9852156245062935,0.08364548614620565,0.5977228023722175,1.2916383347865754,1.5342968686622052,0.08085446514144229,0.2980259325493812,0.8857105140800534,1.3179157740458087,0.1383842097955083,0.3434703086302021,9.043786628281035,0.7332624858158073,0.19515212012567576
0.5502823067076147,0.09297448407408831,-0.0415548833742829,0.027380627633967584,0.5656244013737912,2.669912143132549,0.7567297730252566,0.5273190337964747,0.23577038054090105,5.127027250744187,1.1095964973645007,0.27037995953966193,0.37916011598114474,1.0946212439988212,0.9287923207827004,0.10063965573357705,0.47010727113008965,3.573697518858921,1.6411813740710972,0.260792872968026,0.4573932253113248,0.6477944288720995,0.6762292479551862,0.2986354062567503
0.447266567725298,0.08776292346815635,-0.028844246339162407,0.028175064564230707,0.5292593827114581,1.5562921869117248,0.787141047367889,0.41620418234326473,0.2991120313111723,1.723640683998664,1.169985391528671,0.11782335312613557,0.4729841553654698,2.6246962168592005,0.7943025923919662,0.1500872166370044,0.473810248118289,1.069391569607731,0.7862661448555572,0.46840735349787876,0.6234911582748138,1.695309537405211,1.8745697858889034,0.11815694989371317
0.696839323685715,0.1044231371982773,-0.01812020399774367,0.026804610388083475,0.5565618562983995,0.9162393519764144,1.191230403860341,0.2974159577184883,0.3835911045567447,2.9739493171494127,0.6902241542207759,0.17357312707843298,0.4342074950021601,1.6461165701199507,0.8663686627985215,0.1630025136194913,0.27889001659960333,1.1908657223769497,0.9409603862473795,0.1410061788623487,0.16776763951597726,1.3898486308772944,1.4916642422269473,0.0506454373653425
0.4668484556333024,0.12293358822653479,-0.027262070325891445,0.02967071679794957,0.5353955740566719,2.6947559234482106,0.7101500539576667,0.5268474192957701,0.39675593239439555,2.2209183607328677,1.5263228434143212,0.1499325007978111,0.4117099162962845,1.2609390926832513,1.0036229874748153,0.11762822649420182,0.3150785799765298,4.306016554992083,0.44793399091121266,0.4250115910080992,0.44282723542014985,4.643705727876135,0.31740346684094994,0.39247604216725146
0.43222117556597295,0.09642297958293526,-0.029369431871737274,0.027082144380933284,0.5416254150505813,1.320518756276039,0.7796826994435887,0.38596263009044063,0.17097767054235477,1.2317298467614042,0.7889333657227566,0.11315752503064513,0.5212861607375125,1.434763041891038,1.6843742443658802,0.12386828557780977,0.4064204727283619,1.455609519006713,0.6808430629055053,0.43457427108294955,0.4361453049152776,2.472755861330197,0.4555582798589077,0.31836370392109786
0.4323910159989163,0.1026210356587897,-0.024475990550835613,0.02767525196715423,0.50748629550205,1.2568902486650924,0.7910467923329859,0.3846448048178534,0.1130436529654479,1.4628144542157935,1.1433625306594213,0.11091536004722685,0.6488986919286719,1.6183523043439982,1.4662673389419298,0.10396676780902113,0.4967219599500365,1.6714039696624667,0.6194330919749446,0.4194636256755086,0.3593223683652492,3.4136333659869575,0.5351188663908382,0.4101967430217546
0.6973154569235445,0.10211784628096807,-0.03374916146878559,0.027446774635561364,0.5274310496433552,2.2828834996916005,0.7375717736322612,0.47649047410193174,0.3051226339956492,7.113178182608035,0.5645469364653078,0.24578681406025413,0.6604204868104738,3.840172927249798,1.533545144428073,0.24930452474752607,0.41777389260933867,4.6693181647793365,1.3788222721478354,0.1856940805171978,0.34527449738266736,1.140319006354608,1.6919395393554022,0.10112511880184229
0.6030082117674496,0.1255373575174214,-0.024626843609710913,0.02780376036187805,0.5892237409431856,1.7617034474702091,1.0415899613727337,0.4196258751244035,0.21349377493214286,0.3838512356793687,1.3563687162937128,0.0660062669160455,0.34418734927540656,2.847041830943802,0.6498131419358482,0.16787563859686258,0.35290750408281396,0.7829408676731597,1.606841598468193,0.15981859013809108,0.3053889721295763,0.9383901595336204,0.9533540537596512,0.12065669083116658
0.6159467142425535,0.109027752603276,-0.029190606889832903,0.026209767014542827,0.6047917887406221,1.6196543176307796,1.0539148623236532,0.4080951055273767,0.28757930187938907,1.1491112735977065,0.9229188956068944,0.1010558656495623,0.4274996422828927,2.7930321282048687,0.7686629383098014,0.16559065343017018,0.3891840813207194,1.7082670708807146,1.6072222546775412,0.16326292862857628,0.3268595458741635,0.6061354967839261,1.2459551014741903,0.14073034407827872
0.5936233854452215,0.11367884331773626,-0.026480015202912672,0.028415472930740027,0.5395808740684617,1.1421744166993268,0.8457829453824627,0.38726815717362556,0.42672243390941,3.6522168903940053,1.6024255314243705,0.2711144706873556,0.6865810215702909,1.1206060634390826,2.1133783986020394,0.0926904805778022,0.3641279747888149,2.644545344993917,0.9962313050298031,0.25985029599460574,0.5833301901137199,3.0962376609054383,0.6905658799560287,0.22008878032504547
0.5943985394538878,0.11456660679765915,-0.026447214601900033,0.030122514411774576,0.5308566724544902,1.1340010819675685,0.8481864024519409,0.3739427568972788,0.18213371634302647,5.231073173770176,0.6920050464397067,0.16888896018013508,0.6710255517420816,1.2216711125765518,2.270945737658581,0.09370608770675855,0.3116802466045603,2.2814456641521956,0.8945305814881434,0.25383066792568276,0.48556669344798264,2.75242636218508,0.9544186513128798,0.24522927966921185
0.6376661744167074,0.09541149295426472,-0.025189391344157097,0.02320574774988572,0.5822735905710373,2.03649127029954,0.9922799616008573,0.4574847264396473,0.3961963761511424,1.7929568442447579,1.1352062625324113,0.15611847703650578,0.4215626777032715,1.266271187840506,0.8709121486305066,0.12107836580730937,0.44499135475621837,4.12238221776895,0.9689252153967852,0.30261341320079943,0.48350452703048635,1.2763522671966725,0.9618067502983337,0.11881326385057438
0.6401270857398129,0.10057115152633142,-0.0351851262519704,0.032000071086333445,0.6100680927435644,2.1426771921293435,0.8810719858397678,0.4492508934391039,0.45867738369391053,1.4065538664674213,1.4334488812564343,0.1349159753929692,0.4988164913413079,1.3345576461040933,0.957447658335682,0.12121016445563323,0.43940116121214307,4.63558787953556,1.0445721961308518,0.3549322044233674,0.31327605132180525,1.0774564953609622,1.0792838396272497,0.10068184602920827
0.7055413375055658,0.12177048053963799,-0.015713433118550307,0.024068323602171066,0.5683646675467205,1.7159030459231799,0.8926171001476908,0.4476239461706608,0.28340835632249756,3.0133168067146605,0.7714781067760034,0.20380538198915396,0.5014871691698224,0.8920893530525206,1.1287005254916642,0.10482142610359131,0.2943874129919466,2.8526464894531314,1.0828307691129577,0.13088959869652242,0.4680724271219512,2.212581619039202,1.123716111600195,0.05259046170693325
0.7114971881995457,0.09153267347989376,-0.044811800976985304,0.031591514157642,0.558151674989105,1.5300334342385264,0.9222156375911309,0.4165553175926075,0.41926345780335195,2.338067158912297,0.8190106766642578,0.17400321181089465,0.5792226615264987,2.43798261606919,1.4759613175975788,0.13161556577475378,0.40950841028377816,2.7369306949353724,1.2925701096193674,0.13450293026529114,0.448022076548636,0.6539567724153709,1.137180261053457,0.0635039674150283
0.7418418042127873,0.1248031729820969,-0.02681797700809906,0.028940847320935215,0.5861676106209048,1.7327671060784104,0.9065974736693281,0.43101253585781246,0.2830509712151827,1.9236177457867867,0.7396467547587384,0.10263460502043464,0.4563119230675747,3.9870896842127292,0.8711745308414294,0.1878628842696899,0.3936578290309637,2.1865415003247155,2.0860723816465967,0.10807118524768139,0.6102445435155908,8.668710366292421,1.352202606583958,0.08364982116338505
0.6861024920400922,0.0831676877390864,-0.030468352287576512,0.027554146824921893,0.553776748389489,1.1447875047282072,1.16832178851837,0.33648387304426014,0.1953858868273821,1.12795873996048,0.5388786740563168,0.11616832353082929,0.6858861513369945,7.982079189823634,1.0084721954097953,0.31901912526854065,0.4222400030307668,4.349889757888101,1.3800321255513712,0.1790681954036323,0.305317123726975,0.8875753093103476,1.5469519504234595,0.12536634144774125
0.7044546698744634,0.12044112300656529,-0.02410144384517083,0.02750884147345059,0.6082795921812499,1.1258353012682596,1.1894037833044042,0.33077422513723237,0.49703048567441516,2.689202963603538,1.1954925310932945,0.19637671712641855,0.359019925388673,0.9892013379289453,0.7184704799552858,0.13386421149305858,0.3655278455080559,2.794600060988115,1.353932086598643,0.2087160617308476,0.4459059081604271,3.929019060120875,1.765675672531607,0.07193219708409739
0.728482633517785,0.09063583578710856,-0.03228340411901969,0.02659208987881282,0.5897603352213063,1.4262944182995383,1.0576691973297854,0.38734268507075653,0.2823362892015441,3.5530520739273985,0.9890476233317606,0.21245846889066775,0.4288181963436679,1.1006970745244722,0.9573506018660007,0.10349882322307637,0.2830080237454065,2.6084432744219543,1.3659647282383178,0.1851598728390492,0.28236609071812896,2.1792815109140684,2.2156001222052786,0.08735901473408608
0.6636594202000563,0.12493285970407665,-0.020226529738773362,0.029401627600341936,0.6233256865161848,1.7897323747014833,1.0846439254409055,0.42022200326933035,0.4282384057986434,5.464240499250528,0.7749507452697003,0.2081835772229781,0.43542312699975644,1.1364210045060679,1.3414713369087854,0.10008670446468626,0.2113565413194082,3.6742472258890295,0.9956632629513612,0.23741449774804144,0.3589021037506576,1.108789700125832,0.5458467031272095,0.11184746459986393
0.6113650944383986,0.10198765447752975,-0.032725288881380724,0.02655106806142984,0.48186973465155813,2.114137358756837,0.6222998707162256,0.5003668227380248,0.19735997665054072,4.78188780928829,1.010763675185707,0.23711370958591035,0.513112661241372,1.3410395043117342,1.2051971864715105,0.12197329977990956,0.49000807358312876,2.03020177069887,0.9878667780334778,0.2749274285972252,0.3918703741122092,1.2303792466823769,1.3494306475098927,0.0980840750077546
0.6238796774278391,0.11788657976112361,-0.02576323559202321,0.02898969422718421,0.614212780218512,1.6797450034514925,1.2326737220948376,0.40208294734581196,0.3063456393093066,0.6825265226231342,1.1760971133728182,0.08289875883080709,0.5621458219159949,1.8162960449228651,1.276362546371556,0.14281058120132228,0.1911336166886991,2.2653270313743104,0.5680997076641832,0.31991509275335067,0.2637865319031531,1.453833644731576,1.5313550348163965,0.07253994703782599
0.652129920598952,0.11404470563398363,-0.03674959684580213,0.027056275634178697,0.5234702614047744,1.5146101708320538,0.7255096251996447,0.41952726076304386,0.27894890943932066,1.1972218134046113,0.9482988267935312,0.10553311390127329,0.38441862505098773,1.43819236931735,0.4449494924597817,0.15632645442944926,0.262007466509773,2.893743840309693,0.9760842361516955,0.31507651755380656,0.5282456452596771,1.9386598980436285,1.4290877782013607,0.06610446102437424
0.7087792416066235,0.11081778421778156,-0.034365116707777525,0.02790746571727402,0.5669532034210457,1.3848610365149667,1.0671050381774976,0.37368847925525683,0.33961095674860897,3.5856931671380377,0.8349378862374385,0.22301397543947224,0.5185039073521626,1.336191832985534,0.9297875239457408,0.14992419912823798,0.4985283003902852,2.517958239932352,1.3210390899557791,0.15334474136602497,0.11607711577716397,1.6896590550594117,1.9877995158022728,0.06301476484977138
0.7534804708314424,0.11773843555205374,-0.02972370940181308,0.028862893171793594,0.5601277021044713,1.1941861614233285,1.0353689979036085,0.35404887510529065,0.2633860316922627,3.6534305951042523,0.8977754735676375,0.2273762087908295,0.6356078551414849,1.1037295916698089,1.7441501419345475,0.07714299884729313,0.2779876725586177,2.920010554836611,2.4770484770220804,0.16414241443858593,0.3595591473077827,2.6164551778572194,0.8082062295495157,0.049478881641038946
0.697725196965268,0.10781028448190544,-0.028738050642459118,0.027765291708281882,0.594420668401595,1.3249113163676223,1.2204944859053353,0.34775281300596916,0.3393981465603697,3.34847402625136,0.9175121812830285,0.1614330734229815,0.35746046790816205,0.7954125945101644,1.274414729057635,0.0766992196976815,0.1430735892952945,3.6330032265886154,0.818777776633317,0.18724923514238329,0.27549964304102226,1.0708247463399914,1.6275343791211494,0.11343636645116303
0.665417937040386,0.09305621452824558,-0.02613138598867154,0.02876475431345987,0.555637411246625,2.167652105771785,0.8973024645247057,0.45520256125626635,0.30885251784024953,2.603301388192348,0.9606756560514625,0.13695031073020583,0.5377268302487056,5.63499278353106,0.9304743879816966,0.2824685037026672,0.3578488915579683,2.355503471525738,1.115207499435663,0.2729388342263482,0.26749591474968004,1.648850949941256,0.8642928420004568,0.09780956612408298
0.6134981422235047,0.10898146375015855,-0.024409529957601882,0.03000649942139065,0.5955635455505719,1.1343692241986452,1.097999390984103,0.3365396409204316,0.3183752360090022,1.188424585470424,1.1231333964791088,0.11857051656659291,0.5634748995297685,0.727967176270267,2.17576241466861,0.0695679078402711,0.31274217063055265,1.881926668258069,1.612469253759315,0.1408447690712002,0.42691836899309343,1.3199980494820673,0.8731717350773408,0.2293880359610799
0.7204761650332056,0.11662206760516651,-0.01844419524277102,0.027936254454831288,0.5491794263208928,3.268084004099058,0.7284500291541149,0.5507960526580489,0.39336746440966014,5.172422848476322,0.9185141694573631,0.26820044594204184,0.2756568180726068,2.6853159277456387,0.4044604543239674,0.1581319027479153,0.4052277050916385,2.1598519469159463,1.4152709134639556,0.11650538208736959,0.18611525715760424,1.9838915398824755,1.1812676051754432,0.05090608477833832
0.6729990842860127,0.10592481998396781,-0.02390227038787173,0.02737007085180453,0.5645113456767057,1.6360273268640064,0.9957121117614549,0.4100531045952724,0.39892499028335043,1.3974251148847996,0.855662158561488,0.11804182621363606,0.6265452906852402,2.7840929782612505,1.2183859570048146,0.19837300406578803,0.315878617413443,1.3033177228786725,1.3166911688013454,0.14239260820143265,0.30118171910412517,2.505338532247099,1.405751012846247,0.13209623807152282
0.6173392501378622,0.1146239157801912,-0.032421798616950125,0.026681246905798036,0.5801851323744207,1.6169853102001215,0.8597633448969216,0.4258959714384164,0.28703393284067485,4.837357420040677,0.8606106468910878,0.2307254047932823,0.4456120392149506,2.3491728458789294,0.8725220847941662,0.16354374445577155,0.31353535623608225,2.797419637903802,1.6344766477562909,0.12090907998127427,0.46421807826147615,0.6478669741212545,0.48321846033100163,0.22732011025442908
0.5444057184935417,0.09241745484802955,-0.025812385696050287,0.03011235502911248,0.562115933927095,2.0350483485794517,0.8076826542225728,0.4451913745965523,0.3837144424058205,2.589863959581243,0.8792313610430385,0.1789007327843867,0.3712455020565558,1.697750031560361,0.609141857182419,0.14534803305446053,0.38360907356728025,2.543532583949271,1.1114425508470855,0.11776622620242415,0.4618318018020969,0.71723469535126,1.0251432180308755,0.29144937168457746
0.35576400118104806,0.09931648996968,-0.03110400407698919,0.030000610608324336,0.561181447815746,1.952537679460997,0.8676261291111408,0.4455908797766129,0.34541401402545563,2.448222728517902,1.047582526026893,0.16162998811848078,0.42662490114001134,1.9363189385700128,0.4617859587725588,0.1537141088218091,0.4989993982111442,0.36361733354491055,0.45595125728068575,0.621350562195886,0.3149659089713898,2.945094805827173,1.4863703048577055,0.06670406563736506
0.42157869839753875,0.12812112918050317,-0.026392629180812102,0.029350516986260875,0.5818954639383889,2.054554249734728,0.924293562233002,0.484304388264854,0.2144795258861977,4.0673737017567,1.171021464872917,0.27011274785852774,0.6481725497682129,1.859825982678481,1.689903355975052,0.13229763666183195,0.33638628857700753,0.9911962490983695,0.5341812257836428,0.5613650987977598,0.2980036326891882,1.227768195380548,1.1555925162440628,0.09897165770828602
0.43840679335915944,0.10104758922618665,-0.02562272661379154,0.02779170230765796,0.5398170375182874,1.4365774943563057,0.863503796892072,0.40051768645210883,0.38242899726098784,1.4587894093997775,0.6938658326428236,0.10458237461552017,0.3504835446006756,2.1993338547431716,0.7408244889984476,0.13906775345018962,0.42031298509653975,0.39684986698182184,0.7261179446674422,0.3547144672809616,0.28906852645260467,1.2503393507694465,0.8216574442533625,0.19455083118614733
0.4847595207100125,0.12642138743907494,-0.024355221485718878,0.02818991865081615,0.6030546404448895,1.5048474392949072,0.9683540313731006,0.4018128675536423,0.4843543627276769,2.7809173646883654,1.0983933903569383,0.18032755192325622,0.6592499076119654,2.6997741783933393,1.4892278844063789,0.18401525267561836,0.23463976685649685,0.4431376988683703,0.7648828657846618,0.33223008956791106,0.47263618005197017,3.589177195805304,1.2373938144385135,0.2011229599727471
0.43630599601130005,0.12143350157271678,-0.0276261525216927,0.028426025506382624,0.5507056414482895,2.4723906710008223,0.7925918521621301,0.5185719435172192,0.14589410125767424,0.4986222944214008,0.7644554350667646,0.08244431305307942,0.455429410950376,0.6838956827998901,0.8582606830668117,0.09532980152082984,0.4536958034162639,0.49339014859724506,0.7734924500875987,0.22998667434811018,0.5572231601175479,1.2166494555036402,0.5785935316082765,0.30604665724675906
0.4133152028013032,0.0922543399401215,-0.027440461035397292,0.028747244984812983,0.45305051383528644,2.6797765960703153,0.5827724082229783,0.5163339179629071,0.3417956739573695,1.3383650898679875,0.9861759181440645,0.1323279335431265,0.6285528208722997,0.9806355738950969,2.6962772640489123,0.07436056544800976,0.14738829294721206,0.2822924324337216,1.4244656203474848,0.16148510244282785,0.5882277975105105,0.8004632671204343,1.0174674712649712,0.3292259180066052
0.40455233559526027,0.12380243590468026,-0.02382704894861384,0.029626023086103057,0.5908231200385097,2.2346904797645992,0.9058215992187463,0.48958210025184484,0.2866570031684313,3.060764133767982,0.7620900296429333,0.18272920518151428,0.41654003314862004,2.4677105332727267,0.5766324942768896,0.15490743967958434,0.277009180632604,0.4652628544852903,0.5186986254525674,0.2680671428567212,0.44159734540603685,0.4675893611295014,0.7440800786943333,0.27528684850926044
0.38463925710204167,0.11645100419295033,-0.036362908744183436,0.02665597456434406,0.5775511536124643,2.5772264858546308,0.8416999466576651,0.5247418204411923,0.19014949180278504,1.704397635208042,0.7891740378027711,0.10347334527752299,0.5701047632848322,0.7667979284158761,1.1300784710630944,0.08946195005212923,0.43465089652850564,0.3279042322145544,0.7684476333711835,0.46837493222647675,0.14516799863540078,8.303736419746025,0.4854538469652335,0.16950471547539583
0.388171005804256,0.12293112797587791,-0.033426673221250855,0.02830510433564672,0.5419541332697864,2.758638980623775,0.753310669962991,0.5342934883221295,0.3024520605646282,1.1856501759178337,0.8086311908221617,0.10409893944360696,0.4817630724683217,1.0004662784058391,1.8948685662914335,0.098726166389502,0.35364763054552995,0.40568056403738334,0.6691810190329378,0.45402859638314935,0.10481336791696048,4.44619385362737,0.520836609929582,0.24018525392560044
0.5842765116454123,0.10415565537153645,-0.023979690299346504,0.029627075047429938,0.5831725667208177,0.9766297313546087,1.3006142076462397,0.2846674156412613,0.33603841573115445,2.276104704670263,1.192223509670746,0.1485977456076019,0.7192474111751284,5.376917595801831,1.0327735031981797,0.2380825366400569,0.34380229647945093,4.067515780756193,2.0353697816091794,0.140693392544585,0.3326165705422049,0.3020432865046923,1.2018093745705158,0.23415029305130308
0.5524309876135501,0.11315520713714132,-0.024925918029121443,0.029440514212140095,0.5641609356894933,0.9436896037574004,1.1545486186884464,0.3101464734414829,0.3684720826420503,2.0343302284241864,1.1215700806191244,0.15513552954743232,0.6558131104797867,5.445787449913031,1.3038869636311117,0.31247791904421196,0.3001115363360773,3.228915220615139,1.8607459240001634,0.12208074916334107,0.4927130707183688,0.4003687582597322,1.5665088508699592,0.24958555524520162
0.5017363653728297,0.11883474706358449,-0.025373119771767143,0.026166323226537985,0.5661624875052533,3.0840245770874923,0.8629134034913295,0.5686575308091848,0.3307947533437647,2.3528586514916747,1.081601013264752,0.17223601681602407,0.607069241912051,1.0942512770714325,1.6439560992525635,0.081633987964571,0.5342970749063013,1.0615034664867233,0.6590914686460061,0.42902394185669,0.39503032482571576,4.589030697168015,1.2112131477687895,0.15946962249449065
0.5084049863010048,0.087173469603568,-0.03684981060344095,0.027920175374897705,0.5237951895049188,2.3678574482235315,0.7393183434091913,0.48920608230019413,0.44061139703655305,2.1997154741070744,1.3693328982452218,0.14618242364502468,0.485264818269703,1.3555370681864847,1.2932412462049736,0.12994441474588492,0.40948013894523155,1.8065813291347776,0.6887570683017641,0.42619523759507216,0.40094523035841684,2.3203998113460687,0.5642542927206399,0.2279393079057148
0.5017452923452862,0.11992414406276854,-0.02250970351961269,0.026965271289039586,0.6028923130152052,2.4368840649230608,0.9663448924073753,0.4978480018014465,0.28942414409589307,3.8183500067468943,1.093636651270034,0.25269411348005,0.5525811733180365,1.0614789044509156,1.347196346798658,0.09282086399029031,0.3455472912035677,2.009062326388506,0.47216067007188406,0.37343489314190914,0.525826004254661,0.9168028454101252,1.5348291781394046,0.15659354996534897
0.5019350391902403,0.10682832877586629,-0.030336975125590738,0.027980852345439393,0.606040058155738,2.3829728098051963,0.8973450258744282,0.4815651833046647,0.41811083657575154,4.990299706882822,0.8054756971111957,0.21962596894615305,0.528686908827656,0.8950539202719293,1.3399065688942018,0.0887046482836129,0.44457592320482003,2.1017434776877426,0.42927299776752803,0.43146877078401885,0.47491484076868234,1.1042102185760643,0.8799390495938572,0.13641687674119385
0.679467493900041,0.10046295096783096,-0.024742909281344674,0.027341746319877614,0.560381685589291,2.4205489314228825,0.873234435931998,0.5061259183161505,0.34590092639481584,0.6767116818926028,1.0276332586976151,0.10220268990640188,0.5646977757788509,2.3364640681347932,1.0911657203169556,0.15203807137895117,0.2039789299637446,4.546184442269081,1.443490828565835,0.20479384908991266,0.47947572950974193,3.2461606205307985,0.5763592334210537,0.2121512613064756
0.6301733713974532,0.11404053280208556,-0.01871303702195074,0.02644126793784224,0.5810539098061904,1.6683348141750072,1.0150200895076236,0.41619671334565717,0.1439411867451371,5.084602133710702,0.8868917838135352,0.2703834203449743,0.5253962301939744,0.5504717871384431,1.814336940065334,0.06906961629340813,0.5193772229116234,1.948260216759599,1.1219597725818753,0.22052490333091046,0.36635918624015956,0.9064571790443039,1.127906049674585,0.09036846327196202
0.6161830867296941,0.11319413580089357,-0.03608308695668642,0.03194976926370233,0.5323217414850028,1.2993651937043385,0.9307430669360712,0.3918816066032822,0.5300176352372497,1.6407438319386534,1.490912861743156,0.1388185562037505,0.6235995885486337,1.1539214875947927,1.9060938862309647,0.10638297270804051,0.2512833447142099,4.327669344926667,0.5331423264231102,0.3345230715939463,0.18198355393406315,0.9258089774581151,0.7942949846667379,0.09451440164331958
0.5606174829568182,0.10666106139159796,-0.02544356465889607,0.024913907941401872,0.5396039257566139,1.2030770400756934,0.8323178162661469,0.3889705939341074,0.2877174124423734,2.8386315974403082,0.9867446673235822,0.16406824877478893,0.576760360825762,1.211196084327924,1.475826088278203,0.09128745655629977,0.39851942302646864,1.7577031540205126,0.5640642576801087,0.4322557764418363,0.10926993908880576,1.0424611762352327,1.1600012684116934,0.05901621205810402
0.5948123984895103,0.10686297151664306,-0.026882397581584044,0.025506395265086256,0.6561629314790065,1.2987609714421158,1.4565547468648332,0.31827019677808377,0.36005802701185724,1.7716690623590612,1.1974461093999251,0.1368420252945325,0.5328780093945535,2.4046724174957745,1.0688113535883064,0.15356152993977945,0.3359290526861432,0.8292855743070289,1.0761882808937033,0.2984021124034722,0.35410864732326913,2.0631870514599497,1.6912402802716144,0.03858197099307175
0.610257045185841,0.1225747106869542,-0.027234126273131654,0.02845595804299329,0.5260962847350039,0.9441487654716649,0.7924030566014648,0.36281913385287407,0.43877469385836415,1.1758110175641427,1.2192294763490976,0.09609748750708573,0.5957388209050489,1.569219176316187,1.2542426065026342,0.1303446542329388,0.4521771955102269,1.2454333295982172,0.6423947259648606,0.26113049878216144,0.34954448048501036,1.1564232309860447,1.6154802685547907,0.04253057861458763
0.6352846950100863,0.09681795613157305,-0.016668033878029724,0.027272652836013742,0.4837353387983902,1.2853739224021477,0.761101135695075,0.38433261743376035,0.3386402043212942,3.9136729517014475,0.947156119048287,0.23336634473117954,0.6242091650249599,2.6075352103925473,1.5165104763064599,0.1913929149453316,0.48049563667683154,2.3619029832934193,2.629400876094162,0.13196013158711803,0.31537946987193,3.8903220898673423,0.49329620313413347,0.3160039645468079
0.5543890069269425,0.12157008726368103,-0.032558704691517525,0.02867609903305255,0.6538890379642026,2.131606106903234,1.0564915419268361,0.4510923940738357,0.35091087974736707,3.1265428830317123,1.0375584103953854,0.207390346953358,0.4490745543435134,3.9073195846453674,0.7567327456127334,0.19020206277107057,0.10022440252049772,1.2012952677766782,0.7610271309761745,0.1733139263973834,0.5929358570571529,1.4781250662503695,0.6360687079246549,0.25955979790446665
0.6131843613439592,0.10489797546174369,-0.03435919601460416,0.026196196307328556,0.4830440885178634,1.9427329514552845,0.6955139241840852,0.45375675443228836,0.30267115867819666,1.9996091864333083,1.0087736359209574,0.12111723682469674,0.5825322643596672,1.413776563741348,1.4311638576739891,0.11604969045558436,0.4737418030212357,8.25065001991424,0.951617542406996,0.38797158730904846,0.5477212923316918,1.4367264264345851,1.0111312827755121,0.20039100991105382
0.6197377457231028,0.11928028724801455,-0.02765360377254855,0.026144572071741257,0.567231878462551,2.864895188761495,0.8756800358101052,0.5369879349459179,0.09273066734163476,4.34576901187591,0.6793659691329882,0.21673600491560552,0.49971377719114757,2.106226499297772,1.0952144155897023,0.13192963113292938,0.23040420530743078,2.7453422872251454,0.9225516489198818,0.23371545297649585,0.24686064685832299,4.944061064936565,0.4495453509936719,0.29830895904827337
0.541265789121686,0.10953010557561037,-0.027682404183128693,0.029127773478328862,0.542624504470568,3.6777490730952054,0.8941960487559072,0.6273091979333815,0.37194819885552055,0.9708994547719438,1.2813881927150472,0.07331275476053269,0.5770710298430896,1.0541822907179896,1.525431366830597,0.10409919702328735,0.3568811780095203,3.6919792861073395,1.060149677052024,0.3595325401273543,0.38626788881348817,0.5289770274489394,0.9004477413163657,0.2239817955004052
0.6044759337866815,0.11737705052666128,-0.025182341164609656,0.028952845211345803,0.5250327572270732,2.9704929911613807,0.6018692103500846,0.5326017879785825,0.22898918286653316,2.9653286515465935,0.6138043705939218,0.1312647649699735,0.5095235113683267,1.6002554735089427,0.9093510563787355,0.15190595362450135,0.4422181925178779,3.013923139779459,0.5702125273532945,0.3382158183946179,0.37630438042818964,6.497674217212978,0.7889017825731152,0.1422814555888534
0.5914286967192469,0.10683935498079528,-0.024929763933540926,0.02647216785908337,0.6282245343511467,2.133417954478422,1.0818746128700893,0.4308505712596912,0.44094568729350603,1.7671780597278843,1.5659673103484042,0.12810977840361207,0.5982438252878558,1.409086849898201,1.288132728262062,0.13531712947791782,0.19287106720058173,5.351872778388255,1.0089871886062016,0.3395865747971823,0.37117612021244456,2.4960516873253926,0.5378827966880578,0.32317097083406715
0.6559139831892871,0.110319395625072,-0.021396478553778693,0.027571167854038584,0.4903423952536617,2.6279507076959754,0.6751738981512756,0.5264251909872378,0.17221288202090274,2.404256220533584,0.6167661126421258,0.1079195790862267,0.4052683799852283,2.1890007226329953,0.6351105929927352,0.14290413382043624,0.523413936487066,2.079338552355999,1.0890712005756815,0.18379176617052675,0.3965473183991713,2.372179861686241,0.6936299146431781,0.11566240676130261
0.6979909757900318,0.108565878624541,-0.024707441820191144,0.02777271094525285,0.6093848984131899,1.2185620247524656,1.3941053864081456,0.32327657471053767,0.5368634702890074,2.4681279564038223,1.4608159106928935,0.17594682812007822,0.617872587103695,3.020513812544034,1.1624751868732486,0.2022611095259861,0.24654648261195872,2.504448795753184,1.9614657290047204,0.16988320143266875,0.2972753465957766,2.2847162572550452,0.7570494019876194,0.15428857801008056
0.6738192634402104,0.09301212937289587,-0.029579853137728755,0.028515953189531228,0.5611345209542111,1.0763858603811933,1.1151201674236357,0.33400510410358325,0.1494477591934995,1.4423782215995615,0.4823571764133464,0.11347144009729054,0.4246160782893413,2.7845767905391456,0.5921476290539458,0.1640861872747496,0.5190594029645547,3.4024084134298307,1.1493471546826493,0.1652951327371635,0.5236219490802698,2.429993533706415,0.9157837868175154,0.1554380221832453
0.688749129336174,0.12378645261044441,-0.024085824933324496,0.025905778263907574,0.584864562400337,1.4499239071067964,1.0725015347500466,0.3883532569267808,0.4916433228871603,3.5769708718780895,1.2272320640943108,0.23365178164857606,0.5807618609365734,3.5116460026055236,1.4354037839254565,0.27860005274579963,0.2564558588369351,1.6474783676100535,2.3074573170201496,0.11712315198669128,0.31935720857971595,1.5691707719295906,1.2748157624412624,0.11689917772807563
0.5947899916736901,0.11234880995444661,-0.02135147714585676,0.027284666189482543,0.5874235828462697,2.0442154965972876,0.8310272721981505,0.4521109683525879,0.470621187041534,2.5335077169782343,1.5363510147262864,0.1668590607028074,0.5749645893285501,0.9422177200718823,1.8023973869540473,0.09246466292014419,0.36317107358759193,5.907863131024952,0.6726485787616664,0.3719185868915948,0.26261944125338094,1.1474968188656078,0.8457558296062138,0.17092375144287664
0.567390348569571,0.1050565949001982,-0.02872323207583956,0.028620615996017743,0.5801526079572188,2.4444616327500874,0.819042230935659,0.4869502684179081,0.2072691955332472,2.817121885045627,0.6300499058962319,0.13387142420358775,0.5698026250797079,3.8014471703120845,0.8559995415572091,0.20344783771971717,0.41805803015492266,1.3342268418357972,1.5442005871465236,0.2012949015152839,0.4519408939095905,0.9767061302305168,0.8610012261912985,0.18150472524240518
0.5737433805040569,0.11085448430250411,-0.018559155283943266,0.029327896865288052,0.5798243975823947,1.5234137800095762,0.937642034363768,0.41144963674405166,0.4492938166446736,2.2043407313878784,1.4710370235170567,0.15382536165945415,0.5896697255697357,2.832080902846405,1.1034583342003064,0.18979771629139167,0.1535923580735956,1.6270764367482475,0.5608704405446121,0.2599823647455415,0.41966165197711913,1.092454883795714,0.9858536697616872,0.16051027778220286
0.6042117400809445,0.10054264023400897,-0.019692823075848454,0.02746211016475348,0.6056353102124246,1.150937490955107,1.2956164894098094,0.3278660841115981,0.17618949045121607,0.6548452070962473,0.8751610546479048,0.08285407627537818,0.5077414702279682,5.291414540933034,0.7321229722388418,0.2310366475767085,0.5507619897004999,1.4561290943395249,1.7038331260776676,0.21697832417864452,0.2548130602160338,1.7574167348113772,1.002150857538665,0.12507922979457103
0.6175377609918814,0.0965524523262091,-0.024724328935259873,0.029309427815737633,0.6011713538840187,1.2763485202070537,1.2276848577203228,0.3413287798504292,0.21467690359502756,0.4997750219359088,0.7059096805981816,0.08599539940102202,0.49585114522865464,4.02106015378269,0.8644883781886029,0.22030807737351005,0.38559485115602565,1.0408155422621783,1.0767190924123529,0.19480457068338353,0.2582513734115318,1.265001581768315,0.8254521908215477,0.1306475717838123
0.5765860778416232,0.12047636020997164,-0.0348373278143876,0.028065621975226423,0.5864731424004255,1.3998082830530718,0.9393693606745347,0.3946382967640022,0.22125545682941525,3.402396611148035,0.9401320006417894,0.14528068974601782,0.4199442235886318,7.382407863336442,0.7507389987565698,0.27789112887614265,0.41226334265388376,1.0408281742410774,1.4137448094843754,0.24350814511167243,0.13174712653144602,2.0473717546671293,0.6222199345337617,0.14037484273494416
0.6271051051281088,0.1094422707382693,-0.019922614787502645,0.027063470594202912,0.6145990870512141,1.563139655491871,1.2184908212846495,0.37332208949255075,0.5367089180976718,2.5316600611642555,1.276837147728803,0.19794680624388583,0.597698333621183,4.108709643776711,1.1772979512583481,0.26478949450032213,0.4841048887250577,4.253880658517621,0.6264990082401064,0.3053527356418345,0.2000346664493929,1.2273532232639677,0.9506266221190864,0.10002362924478718
0.6205734634608089,0.11196089273952647,-0.023130754705610698,0.026797794389089663,0.5389703218660684,1.0176312888428525,1.0537911186100843,0.3344136815391132,0.3332075385935189,5.700833179026707,0.7081227825610789,0.2296951479469108,0.5400675216272274,4.268130522318066,0.7510803890095185,0.20746821667485774,0.3002368929999806,0.5230001523146474,1.0160243080325186,0.21535921548370038,0.2626361541974556,2.572884873579546,1.8035172627736866,0.05795878688195685
0.6663370279080569,0.09123133552219408,-0.027579328539295418,0.03004510061052426,0.6092737745222537,2.1073782837516744,1.004595369524803,0.43787887278433724,0.05507220045000679,1.8379770922025505,0.9889910622174681,0.1317042729593656,0.2723295293908245,1.053876587547511,0.5995379526906761,0.10888288453402012,0.4770261926209743,5.5592081024500475,2.2691645197579,0.4884187608073475,0.5105712648864406,1.3347949431326118,1.1526921070323088,0.18413998324323977
0.5997379975966821,0.10116745343210201,-0.03722675681823492,0.02661308203326616,0.5854333886476334,1.1853645391675711,1.0905842440356177,0.3430009733821208,0.10017560131194049,2.4061856545862645,1.3568754568516692,0.1935181257096855,0.6531818410156117,4.473758468368687,1.0796824455880973,0.2087831726457361,0.42671854672364756,0.9222304033916979,1.1799369676399787,0.2497085192965327,0.40816387277680877,2.5418190151336835,1.5174994477696364,0.13368367432390402
0.6015803511212533,0.10487834680533663,-0.015568804786016929,0.028552306413416294,0.5023651983932998,1.065823016550644,0.7395511511097549,0.3848079325496004,0.4454283276664828,4.301695311173411,0.651242955032708,0.1778338233886295,0.4897393070622817,3.668463868962011,0.9992468503345954,0.2288587112195545,0.3157082805870057,1.4747844424181404,0.8785525348662337,0.23090652233542214,0.5711892261233001,2.7153234895688376,1.0370290146307029,0.15276369854751193
0.6111169475228742,0.0982129732500577,-0.031410845007018975,0.02875242516312963,0.4948743437204878,1.1707988802336884,0.8615148754018926,0.3826766266879,0.25342218888107776,2.9175379137842414,1.2361892151283156,0.2376415765827398,0.5394260835617211,6.810835773017185,0.7505864029004425,0.26895814794343914,0.31695248587799996,1.5487262536991095,0.7585301698430466,0.2791792520699699,0.45468272145577293,2.8869619594726235,1.0182402032842348,0.14781487423166598
0.6129574889302539,0.1062116867449524,-0.026022179536209444,0.02647799792574016,0.5524400973939817,1.3773904338666816,0.8698618968021514,0.38312699550594936,0.34458690416177584,1.9299689771781554,0.7262151014103886,0.12194265535327373,0.5081071137402954,2.6916087716944896,1.2007636322705144,0.21508846332609008,0.23246911522969246,1.8120833449194114,0.716495907868251,0.2563946365167786,0.5638854716859005,3.3202172035065893,1.0014774069045151,0.17796850799598948
0.6841229896502569,0.10687131107130703,-0.0216513968504604,0.026476679053192582,0.6028654066658363,1.2176408018496339,1.2945845171533013,0.33689987532009547,0.45297344073963464,1.950066900774451,1.348710691656413,0.12245676861778763,0.5977359285116106,1.8706554411725,1.3701000276716775,0.14205900815061137,0.17571659515662524,2.3557959310666585,1.3794342342348036,0.13493478912801904,0.2728403643588722,0.9166993193015024,0.7047774970090231,0.14173966679032313
0.6927302861693818,0.10927311550018329,-0.020617640594531285,0.03138590099674363,0.6060165146880772,1.1580207744440691,1.069089260152241,0.34004725114135315,0.357888281328383,1.5365379583739243,1.1594070307699398,0.14756826515685115,0.6239618572182346,2.340939267615741,1.230583732400436,0.1844270682239096,0.23373776676957128,2.943074192555313,1.9432921520106923,0.12238788043238776,0.3564656335727534,1.2836168192802693,0.9683061437190059,0.12829736511143225
0.5834942681268473,0.1114318124881999,-0.020391536714455948,0.03158958447997657,0.5796195199833742,0.8266100814881171,1.0756981937402197,0.31306782979257475,0.18533458860766486,1.1905058733634644,0.6963151887489064,0.13029353620041875,0.5602148000761117,1.5403236521527295,0.903277703628058,0.12925087362586835,0.2746492875779657,0.6537516963839423,1.4047900743095043,0.07420877504574692,0.6749109320692994,2.068442885834947,0.6976190532195189,0.26435066263994644
0.6034636502442384,0.11274650989409422,-0.026290859339217883,0.029086627595193888,0.5470015260301871,0.7621895018774095,1.1677802014982979,0.2943729423572285,0.28819464186461596,1.9280620913201347,0.9527606406764413,0.10822066742600336,0.570910212037098,1.714914238410556,0.9597299722558714,0.13085192610632132,0.25287237597892614,0.8747235458040138,1.621644966703902,0.0903832542053581,0.6444584327123329,2.7203434968164095,0.8117807264000693,0.2694784345832746
0.6099556311440275,0.0863355068901097,-0.020718945524918507,0.029080859894679782,0.5333344949172846,1.4087204878096107,0.8155045392126377,0.3505982578580133,0.4221900294728163,1.8109821544633447,1.0006834871736219,0.13798436463634223,0.6293555575920547,2.304580754989359,1.339500004734533,0.18263991148814038,0.40228013184356376,1.2961717765824816,0.9997511154992021,0.07958082683127543,0.3813083942259132,0.9237676134506598,0.5134463673121265,0.2683541698604057
0.6681866091999907,0.11479441469206442,-0.030748504661214118,0.02698895079649428,0.555977673984892,1.3245717583141798,0.9156948914041432,0.40469162723908036,0.19415198961479996,3.238793879953642,0.8703298245229614,0.16283951400236468,0.5071021453796027,3.2671259578003005,0.6343942047900526,0.17803172976768777,0.16811956296610678,1.7028598665111692,1.0813951711996952,0.1519292046711815,0.46094992909983484,2.8449298827048564,0.8970116145476212,0.15397518799729384
0.7118514677437591,0.09543246202128773,-0.03475489903635038,0.02717613684088027,0.5631369099633446,1.574938182958445,0.9726530880708892,0.38445657094157326,0.36236015548801387,1.2649022080371677,1.4727766818452743,0.11405012626415716,0.4722450391065482,1.240883971965426,1.5945449791178619,0.09150429809865712,0.23281509635958428,4.456984468982955,1.2970378972722671,0.2867318257814135,0.265385451897405,1.0814645963149843,1.1650845366887175,0.1059210202959855
0.7065668066385407,0.11557756890989274,-0.02162402614141522,0.02695833109779961,0.5872963907025928,1.39072118611579,1.0588596160678483,0.3972172870302005,0.2919893431227151,2.614088240486239,0.7471012715917783,0.16019098728280667,0.6169974237763141,1.3515328258496946,1.770606836127528,0.10668980927747485,0.47320575048642427,4.67744403759006,2.024248505209009,0.30349124318021975,0.49506600611146623,2.6414212011141864,1.5277913990525376,0.09306773705316958
0.4147923496177705,0.0901139799255876,-0.0243091548288053,0.029546274025915784,0.5331350145853644,1.7523327217344706,0.8031339588840569,0.4269623450506093,0.3832641088340805,1.8942017438538405,1.0445033119703786,0.14499417867709297,0.4674296233613334,5.800431585555508,0.7808968506553586,0.21378071580677752,0.3946752628982565,0.43715241745787997,0.8051209502436072,0.275270836565819,0.3679250286971477,0.9148511017074124,0.38100844553666896,0.34864662544617336
0.35551603527060976,0.12259412503608969,-0.030315706104427347,0.028702003682166046,0.5817155708072982,1.3908823624936442,0.9478839775726978,0.3994165752567517,0.22708275011032045,3.0364080917720746,0.6819589005676298,0.1453411821028625,0.5615198595533516,1.9590118894237738,1.3553754433770429,0.15620269118082197,0.28658392038394187,0.4573357226948126,0.8987279658226708,0.3789845654709633,0.512314464078604,1.365384627925771,0.7835664354005446,0.2676148693580733
0.4360097111282512,0.09609881933981856,-0.028901082762205182,0.02572321251485417,0.5671648556667837,2.144063484692728,0.8469861206887148,0.4564851762384665,0.42515088656871874,3.3985803101084713,1.2099757918855554,0.22478823136861517,0.49133707148807054,1.2225884738060753,1.4276948284728437,0.10351406819225645,0.3146394524237676,0.5394610407441053,0.5650315161339456,0.2638867816337904,0.4422641794501631,0.5117075576993249,0.812164517260201,0.28264523395110785
0.6421076653269269,0.09824221381426554,-0.03220662632645438,0.026198015278988067,0.5900417403326619,1.1176096565462172,1.1923212421127152,0.32959191629166196,0.3435680140239203,3.5875932228885117,0.8018196083092202,0.1905963328695411,0.5205264219752526,0.9473098811447092,0.9974928043118662,0.10695321868198239,0.28802198666094386,5.893750787692998,0.6997615018059832,0.28999595044185256,0.41118584655052776,1.5551375151790219,1.238942556127515,0.15868831275457784
0.584113753856613,0.11106173534884724,-0.022852887790269866,0.02677706944037077,0.5820186929166594,1.8491104708483113,0.8921742160924848,0.4376774876584149,0.20016367993116588,1.4044508822943793,0.8678912596123695,0.11569809421829248,0.465309918484731,3.7132165059206588,0.6979995102100675,0.2088553944958831,0.3712270810642723,1.2485319799444532,0.9011304748138687,0.1667890513028902,0.3805886054812178,1.6528699194067868,0.6961398528283517,0.22750524074427572
0.6417916341025935,0.10666585278671051,-0.03627599902606823,0.026017598113744503,0.5533084540463031,1.1088137872180381,1.0150024912861537,0.3529427783430161,0.24852682929196637,1.884965274976065,1.1982748643847854,0.13963748270588702,0.44211421219656977,4.4393645316048636,0.5898796489385412,0.19140210765869395,0.3375190067298523,2.297137529080438,2.6706841324084105,0.09970426197444208,0.4609619578203798,3.092657833643979,0.6279934804750806,0.3314366820304087
0.5945633092066603,0.09389770100194098,-0.021365269810030597,0.03061040465018909,0.5509251775770168,1.4398987347354555,1.0632556111521836,0.3714590957171532,0.2521595471995293,1.6663181205383282,0.6991754910336329,0.11298190945559357,0.7154714520230643,5.296943648636637,0.9858445487519522,0.22864928924389316,0.2598176644242362,1.0418920693808262,0.8741742909267805,0.16422475150396842,0.5659915426414073,1.6040599104895754,0.9761005145530263,0.21219739389055697
0.4981001727016568,0.11972489413623238,-0.029377126299998717,0.025416611221240414,0.5547610558002748,1.196311664943716,0.8860697896392358,0.38502756043255953,0.08859550019142734,1.7117445605107267,0.5645811609212601,0.13047230957742226,0.45778865696917004,3.821472067801004,1.0603461073237284,0.24797843370655173,0.31602205841492503,1.3551982031325516,0.5802255777122729,0.30121002595131713,0.5522649642623781,1.5432247479933991,0.5790866843591581,0.25178588310199224
0.5466089507980377,0.09487142917177085,-0.028108168200163226,0.028530628799298078,0.5847177724693439,1.5161562688746244,1.1063137029590633,0.37887194642552574,0.26565849983542644,1.7723973004584144,0.9089062837263401,0.130245189304703,0.6040118043944877,5.650892606364939,0.8331252957287777,0.24071953082593384,0.3709691028956715,1.4627313540601874,0.7667340681539438,0.38035370251170464,0.3622447671454652,1.8648639647407201,0.7932869763713949,0.14544330226086488
0.6714264534987263,0.10139571530741277,-0.031288425438855016,0.025608747582566163,0.5587707407031578,2.813819654660197,0.8604995512798205,0.5068051089136199,0.44097224041197564,2.216904689642512,0.9695245231018729,0.15193541889791293,0.561982632332167,0.8920375775125977,2.376423197957796,0.08730080863759962,0.3249999474635492,4.5349166675344375,1.0131202991060515,0.28735660149978576,0.4241026258570626,1.4862544075221826,1.4833897059213088,0.11858913945423379
0.6378558799567822,0.12435252551191857,-0.02801433961733154,0.02745834144949825,0.5934868742162662,1.8972170173350515,1.001621077459187,0.4407484083280169,0.10830073428672804,2.487337123440801,0.659544311377238,0.14564179056219592,0.5176012274595203,1.045357460082936,1.2466156519645406,0.09654164583406054,0.45365124297707554,3.5474014943697574,0.8547367841919244,0.30014912958987616,0.20557345257574272,0.7366762681106117,0.9072541397587439,0.07912202611116968
0.529814428774449,0.10808626035950829,-0.024000982223134567,0.026702409552789456,0.5813162869924754,2.0851923109730057,0.9125577079036477,0.48256301110354505,0.2269660443475395,1.4640496889182206,0.8191685218850948,0.12380022778179466,0.5331219423773528,3.416748860175377,0.8930408699067311,0.21312425210107774,0.27609948369898313,1.3406506900245319,0.9957292836699411,0.2782734961565824,0.19998607992830697,2.95786246661694,0.3128102108236017,0.2725080974147726
0.5668866933382457,0.11507052405311294,-0.03197735924292507,0.028590983252141607,0.5472482379538002,2.802175500278085,0.7391066612919674,0.5153724859856468,0.2575873106882433,2.8129546578203755,1.2856601576730469,0.22087985502547308,0.6372826765840874,3.8532291510562744,0.9705787612136786,0.19229561144220678,0.3525297287752572,1.7157475313327042,0.5122678673711147,0.34225018666859264,0.6649695381930419,4.560556875602776,0.9841183390670102,0.17235503954968773
0.71635202572242,0.09862741456425726,-0.023650208552233654,0.028440536536902622,0.5302231812194942,1.315008471304436,0.9154280409997143,0.37762674110511507,0.36100846063832015,1.8668102009960073,1.0013863311491047,0.1450850754307808,0.49447477158824277,1.427732872259625,1.1651015116438619,0.11742611650581317,0.2768946320274591,3.1037459788201343,1.1844202714404428,0.20501359764831642,0.409101388993908,1.3319297925708844,3.54328875550264,0.04942502481497526
0.7045695187752337,0.11698507824122265,-0.024233162114658976,0.028007624509631998,0.5925383011735282,2.5640633709144978,0.8569805404715534,0.5183273055853309,0.24670380879955553,3.355340062385063,0.6631610520796183,0.18160124807071767,0.570048875644314,1.1160134251098117,1.929505540443761,0.10377665511856761,0.46526718763179015,4.833164225721673,1.9073454371781535,0.2434671540722007,0.29310737112089347,1.5777203427351,0.8138234043468001,0.09422649495469528
0.6283389725187822,0.11280985338508223,-0.02688201287421432,0.026057661859475306,0.5344749595787487,1.8990614308757239,0.774763965475542,0.442515717218426,0.36920295854150215,1.2271510477663214,1.4725473595121163,0.11608448381251543,0.5934531534838796,2.8612163964951476,1.2159332068786732,0.19963556961236525,0.24536847405036136,0.6611959677411462,1.3838119952628676,0.12767361700092597,0.42903780380100237,1.5327812206664695,1.0995321139429353,0.1415037846337472
0.6913542262118578,0.12183714502177564,-0.02425449736618458,0.02589039075097725,0.6162936161581114,1.355659076017109,1.1083795071779743,0.3685123238208282,0.2780505532327052,1.740428524875771,0.9034150546121126,0.1374745379007678,0.5584338039732231,1.9357283895936668,0.9698337730094794,0.1486735537311399,0.32962167322414515,3.42912411544074,1.408398544470881,0.1891998792439386,0.42757974229971035,1.7548294559873725,1.4459743262111564,0.09249622349675343
0.5384677189911341,0.12728235180389982,-0.03182605555506188,0.02643648923210755,0.6183911282225297,1.4101834054138973,0.9581924737660097,0.3906304675056597,0.4192212512371289,3.0725472079837894,1.2947759616761425,0.2256894615892462,0.5294589528747682,2.1977781542488675,1.1484948011930358,0.17476314179338912,0.32141124213392724,1.6676713179347158,0.7887910311429475,0.3843163138398087,0.31831114872239197,0.8209506053948167,1.7499452524329577,0.08069512467469987
0.5025476746342984,0.11762271745356348,-0.02385697067174001,0.02762607115588973,0.5837255567993543,2.070443730976497,0.9562908898751538,0.43758307699872434,0.22146904006077434,6.514028132058406,0.710141048585619,0.2570364012875274,0.632550323181505,1.5603053803404103,1.4548600708227315,0.12078988969501442,0.566940745533993,1.0914127978529438,0.5329676004846121,0.3864942089662231,0.11843553264960346,0.5704479797044744,1.280484378309677,0.09007545052065681
0.491475700785931,0.10797855485392317,-0.02890467932158781,0.025721356593883856,0.5458814219653128,1.9958891637916572,0.7691913501076812,0.4737204414791893,0.2311104462266273,5.531028581257353,0.8462376234561407,0.24679414309923758,0.5870653589951643,1.244692028539348,1.7691425607098206,0.10444214138352313,0.3967316609419416,0.9580802113865687,0.831988900459637,0.30464708861376183,0.20272033573921375,0.3636038439801164,1.7430223621322405,0.13396759579882273
0.6278070877663102,0.10812454403547388,-0.03054863662629521,0.028156170821996177,0.5068842765533299,0.8424753883259369,0.8021754502539438,0.3349125250511252,0.1693439497855166,1.0010080712421088,0.7227737970769704,0.10779441947558517,0.6029093922332708,3.728418080775902,1.2291938694310363,0.24865342206287042,0.47509493552218796,1.663781604495422,0.8753945786343518,0.2131368347950972,0.3107410715086314,5.032343976442286,0.7879554611238501,0.22419041524804348
0.6258912806543664,0.10214236807068146,-0.014385265410788916,0.02946321087177739,0.5343661364632156,0.9792842438369971,1.0144192767196736,0.3382221338739209,0.24724698841644643,2.019711877490445,0.710063171693264,0.12638592351032096,0.5438842494490748,2.4898776847401844,0.9265326959425202,0.17399127982495835,0.6670074605279147,2.4604814972377764,0.6412261305798421,0.24553308895612724,0.22431751093225508,8.187084830161343,0.8978984787998614,0.2699391546106593
0.6309166663477183,0.1014113712500259,-0.034923024206050125,0.02552372901477577,0.5777925411136011,1.3002388122683226,1.0187211622219088,0.35888804887054643,0.24805721570704517,4.294723246695324,0.8470086521069135,0.21572247835403288,0.5919505186076239,2.7569031990762536,1.1168824268989124,0.1704276848446868,0.559264432403093,1.3497129762733697,1.258131357762438,0.19808470014376753,0.23227842204107746,2.9569416265822075,0.9009678301323505,0.1452957717735668
0.69540244861311,0.10947035791123917,-0.04243898425248053,0.029021494929575127,0.5519318539739201,1.226089668654449,0.8712624552075523,0.3878146143999236,0.4562799986438021,1.4593435096418819,1.2224968041482367,0.1063562954835812,0.5809342901892903,0.8689310976573994,1.4876776858228327,0.09912157687153886,0.10018505649244658,2.105320041855182,1.772836727455361,0.10744951421813333,0.19256447043831865,1.434192220759549,0.7413277021484342,0.1485125816295897
0.7110497868793129,0.1085108301065474,-0.016942200687431037,0.027897369325788603,0.6098312441601405,1.6457877937520438,1.3104569398899384,0.3763223886322661,0.30813350727017763,2.7843334105343205,0.7250422214606007,0.14831666085048636,0.4681182458860336,1.0438153995373234,1.3911669166454304,0.10370689668676226,0.24041453515457353,2.7819743548370495,1.7655243843916182,0.14785415512610495,0.11733087472342973,1.0968259856959897,0.704990617959551,0.1313210416935058
0.6158697018176694,0.11364357686347826,-0.02958348954645942,0.028276776107720877,0.5691685367625507,1.2992309781486904,0.8614582885868912,0.3764421500484045,0.339498077877401,2.9427231054771386,1.2499568162653951,0.2319495737320908,0.628040340348248,1.299918349056763,1.5935578590727246,0.10585745896246408,0.45226199563904607,0.5581858143318854,1.2651093324254665,0.15690288326529495,0.570985235050753,1.6458372383073743,1.296849698696677,0.0847987369926956
0.5804840245617041,0.12057670951009107,-0.03829209808438735,0.028470935935105343,0.6342911564447129,1.2486339300488298,1.1369345940724915,0.3558988835309113,0.3293631185770812,1.593236921794214,1.4566916376929544,0.13819418397406832,0.47077398151362565,2.4790177240861238,0.8465721559657821,0.17528272906886067,0.35189483047258896,4.672954377250939,0.5863866189809053,0.48298708955622627,0.2540354929023647,1.8937516626683033,0.999235610373993,0.09263450163112827
0.5790889014827698,0.10595761447334037,-0.011520356365734672,0.026820747531066527,0.6068586669781477,1.139598071920474,1.4140304786737021,0.31723197330623076,0.42840257712970864,1.3567097293328316,1.0845793688403418,0.10789553618318982,0.4299601893891022,6.727424742441152,0.6622338385297751,0.20343283085513708,0.4514254263590416,4.704767115832937,0.46554778655203277,0.44684732029489715,0.23385519230650434,1.0693537137939213,1.0943115982419664,0.08348195829780909
0.5874015532116138,0.0832386582580645,-0.014989232866616273,0.026968134523567562,0.45173214168297227,1.1793871040461534,0.7118808926346439,0.36001542710495976,0.34755112942126387,3.6192625966929968,0.7639461411601706,0.176341897864516,0.6558275075570722,1.1251073020957192,1.7586189197334923,0.10074754871540868,0.21572443222000967,2.8494328765030654,1.6548717063665233,0.18847848230114167,0.49025620733718694,3.217046004713982,0.5126075898081793,0.44060531799004626
0.563094867053039,0.09076355116687568,-0.03028144733542531,0.029328991404941673,0.4938607138798661,1.321347266206866,0.7076074260193915,0.3922983929176696,0.27272367371181444,2.5782986659207032,0.862538682126127,0.18119516074205153,0.5779055296459461,0.8725387904641199,1.3627081068621565,0.0940206673554927,0.3103303950045858,2.443841131527921,1.5212073305794056,0.22888804936574084,0.687541976921765,5.841162176497599,0.7073198220831991,0.4308230214719144
0.627404958792918,0.12069527390173787,-0.04016986049686033,0.028638529603056493,0.6058991501133583,2.1340945368254065,1.0337669758730073,0.4590702379144028,0.3448996543770791,2.765424601671764,0.9274992049993633,0.1753299627129382,0.5186135044075001,2.2840440976300393,1.2598789208562833,0.17861283595300523,0.3595076158492098,3.6451057251684884,0.9637168306819656,0.17082962936923765,0.1334006351091203,0.7479118842607207,0.6107437085870925,0.20671947453674905
0.6197518083724448,0.11299282514130803,-0.03154290738422384,0.030117195374611543,0.5009507756280785,2.1566047745019468,0.5726892499174918,0.5038992313106471,0.22143786520557696,1.4818131907762138,1.0040763873384257,0.12442239671480555,0.5767232638152922,3.683990627948216,0.8386923950031856,0.224379067165828,0.23810646764605253,2.4426233279697813,1.481744344254708,0.2387976757159104,0.6530325093781036,4.798110641383661,1.4080548185641937,0.2786377064618107
0.6961601854648516,0.11127251104637316,-0.01570540451333404,0.029696978276281028,0.6147849205403844,1.9015309646277938,1.0212361893180104,0.4487191558742766,0.34694543129548083,4.5744356448947885,1.0151551547644142,0.23851299554029198,0.4934516597580469,1.1945963100314902,1.0701362775775887,0.11341043330279307,0.171013558689453,3.491774769055191,0.7504204958353764,0.18375802369352554,0.08932586065560048,2.6587444365482584,0.7627350099923906,0.10917620689291671
0.6708113141045097,0.10161598199562177,-0.03557004161315463,0.029201071638055635,0.5423076564820297,1.4258342460355773,0.9572638878374118,0.386299983961154,0.23481322311709046,3.0353861316056907,1.0068944141819007,0.21903835666814594,0.5452710600473715,2.0225539606174294,1.0464972034641395,0.12466239442955485,0.5438039008907157,2.6323544362233,2.28263837011802,0.193669006346509,0.5715384828724089,2.7483839306541062,0.8864309123326204,0.14212216057039032
0.6575003260549486,0.08830008553937073,-0.026192732257190758,0.028117281614097083,0.5891382476588751,2.2087175028276436,0.9426721012952546,0.4444772632459144,0.2675350143068212,5.236679214714019,0.8392682717543237,0.28224886948094163,0.5354516946173423,1.8802397450768633,1.3522438737405642,0.12556399602340582,0.4735035235510099,2.2249458141128113,1.2138659093857875,0.22528679653529432,0.17715829914238285,2.902778313618926,1.035188005944289,0.21215340967049007
0.6629266630663133,0.08951395777656551,-0.0290352175071207,0.026217963403132663,0.6038986285454594,2.3100864604862283,0.9610802956732947,0.4476068703864293,0.3261012757672566,4.388013966338767,0.9079965572825373,0.23580462046987416,0.47887391407191365,1.3041892785432285,1.0296467634586013,0.1263319848914171,0.40106701791522326,2.533990645552775,1.8072515834961222,0.21643660146049457,0.15868710220964374,1.830816591906669,0.5075640344778564,0.17924434856599747
0.6687888092100284,0.11107000305942381,-0.027673975833392237,0.02850785206879431,0.5504755005422026,2.010687159313646,0.89919023238205,0.4610372876453689,0.29927118252820856,3.197499176491549,0.8228103267137454,0.1779565482566006,0.47034468627273296,1.0806876445468747,1.1104182371545446,0.1000436022987583,0.4639790342635714,3.8525186800780156,1.324683006502738,0.22602621988687738,0.18105587435209333,1.8119422455357908,0.679869573899806,0.1678158277210878
0.6598948709299137,0.10755643047734675,-0.02744913000802445,0.027251418745559204,0.5873700003173652,2.3798182501163962,0.9223788473317956,0.4882412910500931,0.149416117901878,0.9480372589861823,0.7115936299015544,0.0978639871650824,0.3447393492150722,1.5291522420157821,0.6442320331395961,0.1241329575549989,0.3001206941523885,3.1758480672245124,1.418891885587003,0.17983713436851237,0.5953063732496531,1.4073738462637355,1.0577767666009255,0.1579171138710353
0.681390540223108,0.09909034276372847,-0.026551549867671765,0.026393571807430394,0.5883149101024936,2.214030362602721,0.9176264560996712,0.46669319046512403,0.24034393720608477,3.1939338062904876,0.6371933369771219,0.1560563084608807,0.5810808788833175,1.6265857709949743,1.107602290383625,0.12558403436652513,0.4041847765945377,2.423191693134858,1.2410014547498345,0.16918109441300044,0.38794498587100146,1.504852095821825,1.9291957239920428,0.09894285296378384
0.6242425625853998,0.11905034904447918,-0.030165968083881486,0.02850270142931349,0.5893612064662074,1.220028121917591,1.0333711701119062,0.3513735710975,0.12732750954047994,2.694263342498659,0.699258176500952,0.1622982760294882,0.5623635899293312,2.43492186846146,1.0624700902727024,0.16108194552081484,0.32314513512606075,1.1386175308944144,0.9648240017993011,0.25674874519056984,0.21597160809462881,1.2380345964686768,0.7252909608021344,0.06275966795324155
0.605111164243568,0.13279778040405946,-0.02262162223580602,0.02803846583954898,0.5668094330763241,1.030608167994622,1.1611180946456707,0.341247370453461,0.10317066184297558,3.5451695595734956,0.4425365829495825,0.11668812111789112,0.5301758990679547,4.598086219912343,1.1574747573125141,0.27288539223878644,0.4703322801838978,1.1590271173692814,0.768327409286412,0.29026313644715035,0.2502802680072567,1.7932665230477045,1.0766898667545082,0.04530155291774246
0.719979130681036,0.09736336529203073,-0.03103697999127447,0.027793010116406943,0.6107323254624925,1.2208131226407417,1.4359840649301074,0.3068687213674339,0.22364095876237322,3.8827609288845375,0.6495672431508421,0.1581065646115901,0.5665130153241923,2.1056284850832268,1.018668616984954,0.14191679362013934,0.3947525966046662,4.809743431085128,0.8146772303318821,0.27791252633776314,0.04937201286306808,1.0547730918167688,1.86718435070796,0.03431590827232019
0.5229008537001081,0.10376299442060785,-0.028659053659932935,0.025863922895343863,0.5743882515416815,2.762378912596798,0.8530000338407568,0.5047121859245063,0.11735993355002892,1.2159282555047397,0.8891458929306448,0.1271575597200133,0.6191783216330874,2.7592031679804925,0.8949820506822702,0.1533260511316729,0.2943776725522339,1.195041648362777,0.7264862999676911,0.30432847917963873,0.2809130521912829,2.0124393811215544,0.5015583007187366,0.2646730978076172
0.5434963914355654,0.12778959768390813,-0.030847706654711038,0.02870648167678386,0.5824761103902486,1.8472439119104653,0.8453680438061473,0.47095720702159033,0.30083909819601734,3.0040215723813315,0.7399145161138538,0.16737113998897432,0.5413875964824659,1.6964353715487965,1.4981663116559936,0.14890317567986594,0.47063980602948097,2.739750221155611,0.8525514376522313,0.2982374655156555,0.18688956417144817,0.9766541764819262,0.5729707477393501,0.21194631051454987
0.5599929497364294,0.12003751663093291,-0.020682872687701845,0.029321864057989176,0.5781985199461503,1.5115486456342473,1.001248001895209,0.41324042171353315,0.25580876752115617,5.8699764786915605,1.0034803032293027,0.258558575182519,0.5690400489307929,1.6423251042015932,1.147360453792417,0.12449564786042286,0.4951116499965969,3.281678091229578,0.8615371117848364,0.3009440200668385,0.15072803881285685,0.9366232815404449,0.347768660737499,0.21914741342723046
0.5009674482700076,0.08907885746948059,-0.023795946040560307,0.027357300272806834,0.5944701717007526,1.2719428179388792,1.1166844649617453,0.345670170270169,0.37510308502871215,2.4686047032687926,1.02634285581837,0.11665992072466647,0.5513336106583819,1.1726393524737135,1.1256355960994888,0.09284775414956735,0.3108678192961017,2.5727910914861463,0.6235454861083385,0.2888489565936866,0.48737583022688313,0.8036566470846781,1.9649960719682817,0.23778268163398905
0.445633789867661,0.10817620865475966,-0.03165191171013208,0.028186978471143067,0.5982548183121204,0.9515971587240911,1.4569074415284387,0.28838170477468483,0.36639319660393244,3.2026392561217643,0.7019921434173901,0.17378477262515332,0.5861165384372292,1.1388699801927131,1.183736186894521,0.09997352562853869,0.20203286557044983,2.114694596649468,0.7872192494061336,0.18733380134222663,0.45974374806745943,0.5249617524092213,2.408019741399895,0.2958530094627294
0.5391988748663353,0.10492473026634445,-0.01701031940883476,0.028813151964757547,0.5730761404249182,1.0820900961130369,1.1954184191826271,0.33341813819530053,0.457077582193619,2.7040766109194183,0.9340152672206096,0.16633163288926014,0.5459257109739598,1.5363836740022951,1.2386605382679012,0.12578386495856822,0.2518771532297551,1.8950518089698263,2.0050129072417504,0.10413491646862522,0.5885533091531548,0.5277196794440123,1.0018681229520119,0.27085311356521113
0.48719160508789516,0.10804278738817794,-0.024615277901126487,0.02733260641507073,0.5741106850955668,1.1916297659304667,0.9349581642203056,0.3414469874940504,0.2472701215074031,2.086845556026018,1.1775116987245469,0.1603728637304468,0.5927416713172389,2.9689058468088088,1.107365759216542,0.18906944667203046,0.2864219763107974,1.0708702882782182,1.202987089146313,0.1161309982916906,0.40180763264335123,0.5729186718314094,1.924311080339635,0.2843167426686732
0.5905524729991867,0.10577925243749339,-0.03014637307046676,0.026246036529955732,0.5127856030972829,1.5256946534936193,0.7787351319696431,0.416757315914831,0.204128855961011,3.745731071148126,1.00207971919309,0.18947525137213125,0.6365845681763165,1.4477074246697144,1.388149046169732,0.12034628470072675,0.32607968481284827,5.935385290914333,0.8456777610273398,0.4992066884747775,0.49184181491361745,3.5864658765670043,0.8271382399523498,0.2502080689165413
0.5928517279368345,0.10468839709092607,-0.025749456166730248,0.024570799117987343,0.6086017882450746,2.3244346745948437,0.8689092732902832,0.4529115971154119,0.32078426923815373,2.6290912764575953,1.1587968806561957,0.16492501616153957,0.4861861037535782,4.250163354305097,0.7154738379527417,0.23064700771851884,0.3915808026691312,2.733378130588767,0.8022389977833183,0.2901953789785977,0.32868384218398666,2.172768928233081,0.5625106271616428,0.20579714077306732
0.611459589064133,0.11398621304188047,-0.03166759442509745,0.025519586677241923,0.5254817852382093,2.2196129422423883,0.8007112038686465,0.5000587155881999,0.30731976765100694,0.648710839366297,0.9322032517785501,0.07754106904710756,0.5945616068654895,3.6621772984195435,1.214609352629159,0.23862875880045703,0.35628851445523607,1.1457374232415165,1.061586388401328,0.20728108419154476,0.4852824944082499,2.521038106538385,0.9003720970643347,0.14606549618646056
0.6216991476541284,0.11922264866265089,-0.027650746307004193,0.02416104474514874,0.617177763921377,3.072611013229321,0.9928827705170308,0.552657642314286,0.247683497481716,1.5391291500941082,1.1687605894570543,0.12969378904680884,0.39669053387919584,2.0014342650349426,0.7249229441152397,0.13406979302350341,0.4021231516286906,1.5478007530814937,0.9354290804328799,0.2458494549997054,0.1044438399914871,2.9028697701193265,0.7616959525985106,0.16179313198777073
0.6762900827263999,0.1023038500199198,-0.021716205377904155,0.02694151766721219,0.4719724767362626,2.514427499311693,0.7037927055097628,0.5072541894604397,0.3874120713040161,1.3515733191274384,0.9627055487552094,0.10944360715518073,0.6521864738985307,2.2002103848344623,1.5528151722372534,0.16599066161884088,0.4593680476744368,2.5474407050361654,1.2658635900093906,0.1369195332522356,0.14795153288534302,2.1413669631471763,0.5764391096365556,0.16779172694347577
0.5679424862142761,0.11435267942523464,-0.019409214417724484,0.02579552504556026,0.6316261993687788,1.3371518140699636,1.3218094690653244,0.3420733479572685,0.31011942053988223,2.116352923968223,0.8542236267004906,0.13512329212218555,0.5146800333184758,2.3063930807986783,1.1571444928339054,0.13887215192263513,0.26807093258616477,3.0383918445133618,0.9852305167911845,0.1948737714348551,0.6163348945718833,1.8897791927570424,0.6591177916879323,0.3204054515130894
0.6414955234741757,0.09488403293502634,-0.02741812798780788,0.025862092181221846,0.4520574189348612,1.159934962945038,0.690497844725587,0.38061150136651034,0.40644906335974607,4.505517601069755,0.804434113078731,0.22943785523755755,0.5060371666160651,3.0920746292775174,0.882375748847252,0.21855172587987606,0.43443994466927394,2.859406811603551,1.0292501922917057,0.2782889223291364,0.1862083490690038,3.1885088641965074,0.7336995699996578,0.15046190311470647
0.6751071639812827,0.11870836704463197,-0.029008499571408778,0.02478696898553362,0.6414058835071053,1.2002809276879856,1.4886704212382538,0.31481582452442786,0.39323750926735707,1.5834147472412234,0.8995746638671515,0.11916998705705202,0.4452104154301773,3.6744928235440684,0.8919836886089388,0.16392336161446708,0.2996129476732382,4.752366481147349,1.0476564218822029,0.24979245479170661,0.31838248675144926,1.3619484704184817,0.86530086390715,0.13215528007187627
0.673470608514344,0.1053997305760741,-0.020872103519014196,0.02915963578990446,0.5140363566832813,0.9249948097524138,0.8118979046246546,0.35617376658740835,0.19895424201284376,2.250540528648474,1.1297146269391298,0.16936313440968567,0.6509048777358893,2.2612820902574042,1.3174715695180306,0.17292761549730568,0.24602440669266779,3.1856641126548317,1.3858660169556427,0.29383552727379203,0.47509414242790277,2.9945852045510764,1.3401823222335407,0.14734296954608
0.6936825970249549,0.10522828476370669,-0.016409562213051614,0.028725693637646217,0.5159931556745639,0.9124188960939779,0.9060433990407797,0.32985503987791265,0.24955519121062306,1.8207431980680397,1.2711513753973391,0.1686390119423858,0.558038718023034,1.473910384434177,1.1277931987113041,0.14006127818082065,0.18418665439790383,3.796270196942627,1.2694375274840755,0.2805605148237698,0.3414180925718159,2.003150007260277,1.5402957936791963,0.12429131604276852
0.7166385325314186,0.0984850676068172,-0.03316834867883873,0.02802946870482477,0.5870878717944502,1.1516203369955924,1.1483246535036893,0.3264240164849094,0.28441577710054855,6.661165751608734,0.9438996528268787,0.3460307940011352,0.5591728563244462,3.5173889560601435,1.0867810602724066,0.23605545817462556,0.5527935586063734,6.626605754607838,2.020203846334116,0.24257521333011434,0.36427449907605375,1.6142483077154552,0.5397825847912389,0.13277485002821102
0.6385982109401315,0.1101365073096511,-0.01634115355616771,0.02848881413616314,0.5979286608867103,1.5534589772718748,1.154112463704316,0.3820095244928802,0.39641523423129893,2.067151485510089,1.1914601425469518,0.15377128395996761,0.50724503716024,3.3572158233621234,1.0375440265305942,0.20104071018393865,0.2677162349098451,2.0481076593236605,0.7532245748922877,0.2605688851377382,0.26408302139560585,0.8260096759869492,2.4660811282206185,0.07476939659761693
0.625641458981292,0.11312201515690813,-0.030924869949752284,0.026347623358636333,0.5854555390016845,1.196524610148715,1.0237881867171745,0.3682832999644848,0.42979253349738156,1.8411455852984895,1.3871607420108063,0.1321970908413098,0.525761511784876,2.6842247611558405,1.0629440515715705,0.23173807020111858,0.2887839546629464,1.9950302140044878,0.8791080135376466,0.28691234971267165,0.14694189302812827,0.8523978208270677,2.0674355173240855,0.05948312130876242
0.6009453393100269,0.11453257125010728,-0.03885150066434086,0.02613040573917613,0.5983074638807757,1.253967303138818,1.0975684143439521,0.35357248361375027,0.19011372113586456,1.5043215207790959,0.741903154620182,0.13907360639569305,0.5375136791110271,1.7511754003352575,1.0589736471260922,0.15484303335155547,0.4657120746423088,1.2692191128899049,1.3952881539667992,0.20818334850290338,0.20970111030025615,4.0109935239617025,0.7156982350264459,0.2007923102684013
0.5911808188048486,0.10895489597239978,-0.02096086890562774,0.028079029611614598,0.5616088892945754,1.192323020101485,1.0786744192913538,0.3510591715774192,0.3143047854220331,4.645652262888436,0.5339989518845433,0.17506301140226566,0.5244893521026709,2.1699676347550505,0.745387234171027,0.14258955366136503,0.18188058432204887,4.244900748387127,0.8199658277020998,0.30495598519788286,0.49983749481102757,0.655994239421688,0.7617863587659172,0.1696797302995253
0.5792167462714465,0.11486053416878494,-0.036916560278314796,0.02978730888269978,0.5978881823092161,1.1174199674416605,1.1545381287792187,0.3378604687907089,0.4128136821812366,4.033099935239449,0.7293121127375228,0.18229225258456414,0.48655719620235804,2.139296225569428,0.9519661717211374,0.1589753089632188,0.2590319467869225,6.87205675735569,0.6439412088914425,0.26222459576651114,0.42729617221229743,0.9090122218986546,0.6094031958791705,0.24849191351129601
0.6215184146458611,0.09258854445669966,-0.03220382326168175,0.029528341811694836,0.5729465720283745,1.244009593917957,1.0298604399698252,0.33790357858075415,0.4735013440204301,2.340651693807533,1.051336893366154,0.1437096929093014,0.6173059555140422,1.2644155156008905,1.3347465594484547,0.12459093079842506,0.515596301055994,2.641481770606396,1.0089037993928593,0.3448450670239385,0.3479962940087077,5.317679398939111,1.0051424187083204,0.17881799079496913
0.6283334036344352,0.09943645866752418,-0.02258461137999007,0.025535269656937757,0.5632010784427423,1.2709001860015205,0.9134488004077617,0.3727040353846517,0.3048491635180785,5.165780084454753,0.8774430067875569,0.31271725362441816,0.5173688833163165,5.357367105756697,0.9609319726708678,0.2600508694523501,0.290707255083701,1.5298338421213367,0.6822121032399213,0.26193625347980143,0.39174884628486295,2.05823208916491,1.2819940566279533,0.11232383708290931
0.6122265843972635,0.11197523529776808,-0.031684271874080294,0.028840157704960307,0.5986266076903661,1.8042705681025337,0.960640969259082,0.40744405753016766,0.31770252367845137,3.275264069433429,0.9546773083583481,0.20359245554011568,0.5662685657076256,1.9393589718379414,1.3039070286481629,0.16486081442006023,0.322904709986378,1.3959681991061734,1.9412292202912265,0.14421709478453484,0.47318961547691923,1.1348350618039844,1.2001362891094223,0.1707112562490985
0.6686082218979144,0.11145520123962092,-0.030535414820119327,0.026553788131821503,0.6145365647535773,2.798109308752133,0.9777189701611921,0.5229747843550449,0.3012410888275527,1.4207388657683353,1.1522550120137425,0.11268607713239964,0.4171044664617413,0.8668289385995112,1.1655133535789552,0.08596632985568338,0.4358424382741811,4.925833532157409,0.9257002778675053,0.40937723064721393,0.47578415388504397,2.513692588103035,1.9828696660293934,0.06585505089017242
0.6650483981174176,0.10647537527080655,-0.02456372825086612,0.027984297928593565,0.5796057474887824,2.013582521330377,0.9378514639720343,0.4576080811444083,0.21124495338180843,2.5890454877977063,0.8923433514619159,0.17485403655430087,0.5525524786725043,0.7489270044989313,1.0952643483609232,0.11105688352414489,0.3945697743589784,3.3605132552569583,0.9531543172391048,0.31180752080132135,0.25952711752506546,1.7177978357983175,2.4241540689734644,0.06041998957657398
0.7095950906625872,0.10362938066950532,-0.032836611494651946,0.025334563941914884,0.5646835385195357,2.4751360889852227,0.8720629474475969,0.515886236122711,0.4331257346711529,4.5256401854929535,0.7610073036315778,0.1781039042855778,0.4617790102433386,0.8714733470427931,1.5343505846467365,0.09224887894514816,0.3548810266442911,4.280564379468841,1.7205452307667193,0.28750759659128855,0.3827628646318408,1.573209123199773,0.9588177780682127,0.09874032283021576
0.6257333194017017,0.1134735491703265,-0.028986389029012617,0.025136943588560803,0.5692796245360033,2.1594625640233422,0.7262610391167257,0.5105352437519839,0.4202830647487652,2.6240769515500033,0.9536240486414518,0.17215216883249754,0.5840729940419662,1.0785788312303897,0.8558186262481985,0.11027353807480687,0.40272255517275957,1.3674635327333826,1.264913912421482,0.1580051667317986,0.3970271080341934,0.9758695975981165,1.838934789864442,0.0749805819435723
0.6649577251815586,0.11166679097206099,-0.027361391440893352,0.03170559711761235,0.4979229757517908,2.100462485505042,0.7119772626901307,0.4594354162336299,0.2662017866616184,2.6372141209662403,0.7919634107992918,0.14806660069057231,0.6439293497129531,1.572467460480026,1.6836765400974734,0.13598186749469346,0.33326381377934766,0.7123347536451761,0.9457098969878205,0.14741600646008315,0.27096533249828386,1.1947240493247384,1.3519970960211098,0.06285299310184372
0.7139033763443442,0.093709925783475,-0.027390762650213913,0.03206191283782966,0.6083808822199045,1.7876267468370293,1.0736619773352187,0.395282134548829,0.37166177137428646,2.4958491813157644,1.0002250209995294,0.1553576218741404,0.537667616976653,1.793993400959449,1.0917125054859165,0.1398306827015845,0.3608449743576309,4.103320612335261,2.198716868315555,0.2727446092277606,0.20569972123963548,1.865612682078103,0.8049351746246551,0.15344190220062
0.6006943016486052,0.10152444416137754,-0.02769480252516196,0.02413220860597458,0.5379079358362061,0.8080886713936842,1.0314038199411772,0.3104757543276431,0.3560253109641322,2.366048641576902,1.077582122901803,0.1715894542001938,0.5528253216130613,3.7154036930333043,1.0983210174070714,0.2504299805135491,0.30338887077234067,2.392299388100376,0.5930709575528408,0.3005542388813618,0.5487204591903486,1.9432483719724216,1.6428548314088056,0.1288906719521285
0.6183712541044449,0.1031067523607622,-0.031151318468685196,0.02491824413119591,0.617422269826085,1.9025308488558803,0.9442164188913047,0.43185135640030337,0.2463230450566292,3.97297824145364,0.7691393941041915,0.2011082981207468,0.4257976666827807,2.1613558447406254,0.9627714225890847,0.15095600755808322,0.44040466730870653,2.8286904527771846,1.3584093045735055,0.2804310927179772,0.2773697413795855,1.0095120240539526,0.7560602760903062,0.1499041749339644
0.6162200718630597,0.11668609892044957,-0.026168653353257305,0.02535760001985858,0.5618003469875072,1.3438786691373654,0.8594486571767581,0.3977622224552554,0.33344579174564304,0.5642380817059576,1.3637185031195407,0.0692280252929596,0.65071627380631,1.0075317545716778,2.457500908297677,0.07422813341281084,0.22427672756101602,2.3597292453965464,0.7974332090041316,0.2959948676449459,0.5512853416348482,4.004214049882473,1.219651944563271,0.1902689495911039
0.5882572044403979,0.08449316116574936,-0.0253404251725169,0.024658575463149063,0.6131179898523454,1.037798203249324,1.4428691597204955,0.2865327420917659,0.3814735002969534,3.4387335673372394,0.7582169733385098,0.20498607987086956,0.5178465033221622,1.7575655678070505,1.133520822351864,0.15720183883137193,0.42339623814301736,2.673857671007809,0.8648490948749354,0.352323030631655,0.1888296837971558,1.3390023116262273,0.749029212674129,0.16110270464698742
0.3934051395812965,0.12814294031992854,-0.019157943943990292,0.02966768345743091,0.5959165455187968,3.9608248792426406,0.8315378611618286,0.6440392395775542,0.25835062863445507,4.475436137034396,0.7040422261412299,0.20410539491220692,0.5637219667400923,1.1389746566481225,1.0719331244031853,0.1152392317236989,0.4563448494358272,1.2359323455104714,0.9273318696242003,0.2630003557422845,0.43788213519756175,0.26579558847709206,1.343129914149921,0.24001428013634743
0.6855489676831468,0.10740302176888682,-0.03012536001728201,0.029505663356609604,0.5863912691938061,1.4959122920421262,1.0082483633289874,0.40025093945268525,0.3620072999167887,1.2075084591779623,1.0636773501124825,0.11688679124536826,0.5085898454141875,2.907452208144042,1.3222867259085758,0.2224572718836528,0.32814850598651835,3.558386475631702,1.3435132618369072,0.30647006278114075,0.3771376137708024,6.976788081226862,0.9665219683724856,0.21640284859330863
0.546267257817927,0.09847281257420495,-0.02032482939533981,0.028290632158030196,0.5780307795079824,1.3577843312623576,1.0336084852605119,0.3942730745701137,0.21614453902357014,5.850511500525435,0.9163655862587711,0.28633424983328165,0.5597025344741856,2.455623944636195,0.9342567741290355,0.15035320249930134,0.41314037761871514,7.238248263068738,0.5073945838665932,0.496796074806199,0.5140200777810073,4.120392283048323,0.41091847369143675,0.22832577025105794
0.516095566079174,0.11765970221008817,-0.03833797999334776,0.026319280341168073,0.5509605880094046,1.191918180640212,0.9023142712843896,0.3586079977193653,0.1599841561188097,0.9601323725723366,1.0197329184107577,0.09443916786816153,0.5368731141664449,1.1276694725539822,1.358361250147905,0.0908428598109374,0.49194771089749967,0.3158885929049256,0.7071677192598312,0.20884182972522927,0.2588948875195421,0.5206285563131918,1.1731043701733175,0.16531443498863854
0.5321662417897695,0.11633053217400735,-0.024375809132054647,0.030077590918785535,0.5987874853759376,1.24712844438049,1.2252145338315275,0.36060869727829775,0.29365721233867964,0.9902782734079231,1.1009874369070614,0.10156553661911916,0.5281713316596278,1.3771000749429003,1.3010078888118786,0.09826041545082742,0.45096928390430013,0.505383504894127,0.5488162129510743,0.2274426687258339,0.3118257067804856,0.6600785448247728,0.7664050754180974,0.17247934550682142
0.4986907220568955,0.09881870304024891,-0.03256285148929791,0.027652385992014722,0.5313761501490415,1.7218595343125689,0.85050867030148,0.4284923537182554,0.3554175160776927,3.829976870921886,0.7662184002039546,0.15365519492653296,0.6266645141897419,2.081037497891251,1.161090352599782,0.12927531910739143,0.272802327256445,0.4925135976540324,1.635891297805906,0.2418721825207106,0.3423953244252722,0.7117849737938301,1.1342048382781347,0.16165408796557934
0.5232649133886269,0.09499454769191418,-0.029169267396227286,0.030067520846149862,0.48750376335632584,1.1923922707412404,0.830600031951765,0.3810497582001566,0.3807728040627628,1.7797045447723245,1.2976567993188226,0.1291241451053257,0.649551024423604,2.3528845365271414,1.6370812296903254,0.1576689729854473,0.32154787505471283,4.118001153977082,1.9186985277573119,0.23324998185886447,0.3956056780043277,0.2703423952980787,0.7775878439014219,0.32636248454664485
0.4706082553803841,0.1047266797454531,-0.023038570967083637,0.02945037755614996,0.5937450329593795,1.3676496392340491,1.0313141108216093,0.3724747452308491,0.288765643225102,2.658211995267726,0.6937053628070161,0.18149765222446326,0.4825282000931689,3.2376913234587086,0.945615016397084,0.19961901958558764,0.310787147018858,2.511132678909302,0.6954363007859127,0.13787119557839944,0.5419372269634742,0.5802440622219653,1.9678937565032644,0.28971298636188286
0.4786907675421665,0.10042904571421311,-0.0321471077510489,0.02560626373496067,0.5885507628335986,1.1620135470065103,1.3067765462424468,0.31837871283843977,0.4165975186872262,2.284638566036474,0.8642806507435107,0.13067558915397312,0.5826494361206449,3.017968607889478,0.9101733210515768,0.1643901302016,0.48644228732534667,3.61328189768524,2.047829595662111,0.14016714294924332,0.4000489202947829,0.44420510369127963,1.7960752265025821,0.3336463382240224
0.4262966453739607,0.1091339821421871,-0.020828676003632567,0.025391468956611582,0.5798531114249986,1.0453990449413157,1.082086373714949,0.3367295797374296,0.4011324758401961,3.0995196186007266,0.9173962869068433,0.1657098589871949,0.5767309117757429,3.788198653500869,1.0637174940020264,0.22786946260701046,0.2408469411612894,1.2793450932040356,0.7372950056676094,0.25740688885972657,0.4373757662293316,0.4288000117309627,0.6606163025472126,0.33473666724230666
0.40659064176615795,0.10296509810906852,-0.0280085367884137,0.026024796202283845,0.5729801565212875,1.8645100141324198,0.9608102297064828,0.43512509868428445,0.3114714711482621,1.7006756513431014,0.97861969704852,0.14184954682183554,0.5567749962034956,2.5676598852223322,0.9067677163137603,0.16499675360204516,0.4560056722033163,3.3134595626723207,1.5131497319650418,0.23168499249596053,0.43453440542181937,0.5016596661538767,0.398887717543239,0.5240565758995273
0.3106767015930682,0.10517796602185166,-0.025711326881353067,0.02728115255781636,0.5362129459086304,1.2400787223276621,0.8433857852828442,0.35872875460469705,0.3746519615714141,1.7663811906878224,1.1592802634834638,0.1362023224313555,0.6019067836185888,3.1004392290626126,0.9664915363101488,0.20801523656397516,0.29010483756273325,2.6498387053775967,0.9317635960411382,0.2468110166445786,0.49116119167002814,0.24636325266870746,1.3439438299540523,0.42289362920591683
0.3076473589931032,0.09006758228277871,-0.029281313519954603,0.026450585594424196,0.5534243378405662,1.1441453774501378,0.9193388965823918,0.34836598125976065,0.190643374764166,4.031367361703871,0.6848584108439769,0.20186087307093847,0.5789051537130319,1.890310473402788,1.305540790372034,0.1266299898231088,0.4328598388748844,2.2756722089068697,0.545729641236771,0.27011294943611897,0.5990060704745626,0.4108132852011652,0.4129269491578685,0.5601576292102144
0.49700322656182744,0.10425785158500538,-0.030448572954648295,0.029683586737791007,0.5453015517564324,1.344034020368024,0.9509726346834326,0.3888816542655408,0.4206500581341236,1.0638327855759442,1.5528856896024177,0.08544226249992451,0.5827318541963907,2.1279670549471925,1.2032943388055366,0.16736944266734435,0.5623292023191256,2.4823956131437623,0.9534210990783666,0.10941308366054187,0.4106168217889044,0.3066960762599199,1.3574117595512938,0.2787730064202599
0.4848982771251897,0.10599095876749158,-0.0215665210570588,0.027557852907880775,0.5298679658330598,1.2140792569039187,0.847669674007818,0.38642578292684504,0.31294559889010864,2.6136979060547025,0.9778430719556324,0.16829870672470504,0.3689374239199026,4.706847968552239,0.6758917487064493,0.19860780674786374,0.3575146281920675,3.94186722139567,2.137159125746729,0.10739013602986773,0.5736773562925129,0.504728900403375,1.3591070674966383,0.33778373880278617
0.5495425421770805,0.0939233651464298,-0.026282527595211037,0.025252654867454472,0.6080448326114638,2.07200452416095,1.0441541861019636,0.425212811927947,0.3709719481705632,0.9715335574643582,1.0965987912473345,0.09213789440119506,0.6731307685207413,1.643999951972562,1.4266951237326304,0.1279225798504736,0.37586530031976073,1.4405483367415888,0.7420260154916071,0.37354453289278927,0.22422914559678217,0.7341869269187883,1.1641468313687189,0.09905721119926734
0.5968090479539798,0.12476944104349502,-0.0328727177480093,0.02756970587405795,0.5454781823754888,1.2726702187638503,0.8439094298933462,0.4057740190381332,0.3382036422279931,1.9439764002066064,1.0682989713344266,0.11756769979030511,0.35404947301823014,0.6887695305745689,1.1573188372143461,0.09267822301607904,0.37912777408904347,0.7723622718014883,0.9152753986868014,0.2004662149087419,0.6179773145127889,1.797360984869061,0.7544812955498992,0.10864761785100888
0.663521939007468,0.12507379637232233,-0.024097149273443207,0.02875894007320998,0.6199183758363122,1.289496436712472,1.3601607689274162,0.345309588084523,0.4380753459023325,2.8068781433800183,1.075593218194588,0.20312505976731116,0.44724167954570665,3.438830142387252,0.823473348789343,0.177850650437341,0.4467688205468579,2.495940683752431,1.172723910974606,0.24322684859477364,0.23153836177961842,1.1013095376635782,2.102251249746904,0.04587727524050106
0.6571119649013355,0.10529154782287072,-0.03187050771773651,0.026396918464249592,0.5894066533574946,1.404120639287688,1.0872411387678493,0.37715410644067554,0.13407865240598743,3.453716783672058,0.587739715678574,0.13687068231375013,0.287154141018193,1.095535196510932,0.6221718358221493,0.11151321830076984,0.3734246237102572,1.3386470171906018,0.738299128552266,0.25594854577676185,0.19486483982586986,2.643413343830102,1.4937108097540959,0.05742368296727602
0.7204419154610714,0.10708050220456235,-0.02903780387458457,0.024859024805813305,0.5546859280970937,1.202368380827589,1.0137084159012848,0.3493093777013217,0.38689607771568335,3.274998669490742,1.145331104903805,0.18946145635471698,0.5945844777495715,1.7358155354699534,1.7454277118459944,0.13174798090778875,0.4102313953611746,6.209952731527242,1.7262109950977986,0.25568884150372834,0.41854649840982083,0.7771837437445764,1.351735183401249,0.08637641777055449
0.5884296064272556,0.12176533378214423,-0.017903209888872656,0.029511545214193566,0.6240746507735953,1.4800438225275672,1.145393497163579,0.3839784146333643,0.2758005808643598,2.184331268607443,0.7438884476553878,0.14636055181533777,0.5495140633173391,1.8358487421211684,1.0758089993053583,0.1608890062908918,0.23824211364740405,0.46040490971166514,1.1837081388797386,0.1852647978068932,0.30655266818959837,1.056671555233248,1.0325919242353725,0.08180949856218844
0.5948143384547959,0.11804944509980124,-0.038472188728863536,0.024603379263973046,0.5868096705439931,1.2965411291879656,1.0680170339781354,0.36237371697155457,0.36236721126396804,4.255113160870923,0.9094977357493781,0.2211896779202286,0.5099455909076817,2.649679186517455,1.026351544960933,0.1643842214749649,0.23624936717728823,0.33616512112096975,1.4239156013534464,0.18056303955013783,0.3955190228307163,2.3141710030939975,1.4741910436358008,0.12778682986845782
0.5811936998219446,0.10974554210088554,-0.03885839804400137,0.025336441714507447,0.5408316875147839,2.048009198110396,0.7487012990846343,0.4762554248643352,0.22312334086968183,0.7564095641024751,1.4911591892683294,0.0686660549126169,0.5956973731934153,4.620102016924607,1.0848383684964316,0.2387316900179624,0.22762845057651238,0.9377453309616716,0.805047748115594,0.28382954359143175,0.25357211012289554,1.7988865149395312,0.9599548185914686,0.1552703924421293
0.5980699100768637,0.11728531073181252,-0.024458009026196447,0.03159770287116146,0.5368461090992044,2.7556909902810136,0.7462316443769484,0.5368276145428875,0.33964603736111343,0.3776409820286573,0.7232360549994313,0.0851935725297822,0.6106078442740795,1.8809514117901571,1.2256197059124692,0.17834450940177554,0.3452181706103992,0.725227235760125,0.9090194695446955,0.17961446903342773,0.32454889676888343,3.2727536499600975,0.5595018402474072,0.13228125247678307
0.6035880773938725,0.1269853813821102,-0.02189883607667127,0.026759571100228415,0.554499144268683,2.0646758869065094,0.877000437849151,0.47577372662586714,0.18939963665752604,0.9299250269723283,0.7914497833898676,0.0958456404290971,0.6639436055303866,2.298968960422272,1.50282509381926,0.14340263706125506,0.3261657919717691,1.0162299444817344,0.6452699082700467,0.24509873035359708,0.3424599817584991,3.0195231684792354,0.9165685087369279,0.1489747698053697
0.5937240838569265,0.1001766382638147,-0.025390693301107232,0.02870939985197805,0.5892400728289563,1.8362598859279387,0.7917169599790049,0.4391252949479571,0.11329517547967381,0.49678143456560675,0.6167362741896228,0.0777959234939401,0.5445848542451773,1.5628188985904887,1.1450754791013769,0.1285747039722475,0.39141835624824955,1.3622712571894746,0.609902727505067,0.24618650666268999,0.2607684671735011,2.262960661886765,0.7143365639470393,0.1847818204140629
0.5285604307835864,0.111820221190901,-0.020803522360697477,0.029573594892803857,0.6209312239427943,2.2303679098423266,0.9571178119863691,0.4795878253485427,0.21602931655615196,3.9938572668381243,1.1958472000154423,0.3028894553580742,0.5296703530642379,1.6153567370531887,1.1648517675436143,0.13978659243950373,0.44891155103698205,3.0841079962263245,0.4954557656244375,0.5215736236884662,0.40139868245230564,1.25270757357054,2.862818171906539,0.049647153139846405
0.37947026283337987,0.11369479961675369,-0.02316528337951638,0.026102623813141858,0.6008894474024173,1.1311977673945948,1.2292567714471945,0.32546424088772175,0.17338713258600782,0.7341450895859567,0.7346727507967291,0.09642230759565741,0.667619201882196,5.4903791399272786,1.263231782251949,0.25040511967865614,0.5407402762789172,0.7267442664099858,0.5967533165932838,0.5018255181908969,0.2556716193380651,1.4978085936734704,0.8539214703535213,0.19817154573953752
0.28704149977511123,0.11024280705104336,-0.026277457419202444,0.028678742128398077,0.6009164851020337,1.8571604542650089,0.9291014084846385,0.4253034376507419,0.1318257373198607,3.084529034628008,1.3467055131216565,0.2343446103908823,0.5916816469060839,0.6229509612294184,1.2500476788114876,0.07254074761663254,0.23593128984779407,0.2877639055199926,0.6697379478239094,0.3519761526215788,0.5152296990484921,0.5182999072519179,0.6294628772496069,0.3732666130822015
0.2981989778603271,0.12277623468626862,-0.03482470088618505,0.027482524736688014,0.5788625143065472,1.5752144567058828,0.899087175222113,0.42274573302326396,0.22692349567800027,2.795442043074238,1.2103664667742795,0.19336967027732838,0.5162052402629281,2.016425039263578,1.3906418250081256,0.1199070305624752,0.3606785970412575,0.5388624794642953,0.6556914578748594,0.43359169760371447,0.34279890110804057,0.6171704249322617,0.4438759607595502,0.36305289032425675
0.6755935803243178,0.10151904607615617,-0.027182724228938474,0.028532836882843783,0.5127178776931542,1.081179242020676,0.8523232567443864,0.3785956322353868,0.17364877889200905,1.992096285434249,0.6616104250103102,0.1466771043710595,0.5672567155608965,2.125459421039757,1.1792909398807376,0.16542829665095926,0.36972161864992137,3.5853405244093963,1.8561738742707454,0.21612373816650007,0.4110330164927937,3.7602105445366765,0.841245903167335,0.2285003567227213
0.6485383032351787,0.10776134963618357,-0.02625603829084905,0.02409478981529941,0.6097384688567582,1.4212553186472443,1.2340779928684842,0.3674289771706109,0.3282758383073178,4.479121638444644,0.7596905326772233,0.2144003949735574,0.5586456381584705,2.2025351378284834,0.9787681045528583,0.13056523528273845,0.14758470351724107,3.4130731511671284,0.6687259229706595,0.26932192013600686,0.39781605869796816,3.8306121821189794,0.7527598618463296,0.18594051165400713
0.6883535838505421,0.09580540845014085,-0.03236239796692419,0.029825496760294577,0.5806314810770236,1.1307757199697241,1.1593525697810516,0.33435976343290824,0.3857218752679009,3.9406730443598352,1.0646172119443136,0.2528775772767023,0.5982232528404064,1.4273733136439914,1.6080925003803097,0.10113292575153264,0.34181527898556324,8.106195576625092,0.9313249680655618,0.284677647888146,0.49263009327429846,2.0793931511889774,1.396962008810305,0.16110343010974634
0.6249142827099965,0.10989909289463047,-0.033341891656269454,0.026991244314488867,0.5813173954288395,1.2422643969754823,1.0057056330620977,0.3661381570074107,0.24229273936782622,3.0749445955953987,0.7974085104532779,0.1933429102804982,0.5486705651617562,1.959358168319476,0.8515029922564755,0.16224497150571215,0.41168640226307607,2.2016337291597456,0.9762162570875145,0.2796120465795122,0.30320824002845037,2.8077160455937538,0.972117477090902,0.1210015897730078
0.6330762286964899,0.11263456906764178,-0.01920744893222796,0.02634331792139848,0.5834573719850606,1.4214703789992682,1.1299126342182981,0.3720960076087445,0.3284910131593981,3.0573155429391847,1.2402409469004796,0.20926006810739894,0.4901975424908675,2.655154283193341,1.2089592058635987,0.18107410885017344,0.35956604110075996,1.8351907209021014,0.7256508204470891,0.3072070923699566,0.24235091305857703,2.058159411215973,1.2095829396393978,0.0811094100405479
0.6254615997353414,0.1194961127566887,-0.023191763219756422,0.0283894595609927,0.5818102440673101,1.3037302713385723,1.04668059351475,0.3749652534967495,0.3368071379118235,3.0492125447120095,1.3143133337668838,0.2409284381555692,0.4433593856827971,2.811123484466377,0.9144333707617645,0.19301462012554113,0.39162071841603857,1.841218088369217,0.8051330371567978,0.2912665091620238,0.23697793645906168,2.2756598621237787,1.2955746933814218,0.08881262693682648
0.48887637207120516,0.10752607238053402,-0.02792713805174629,0.026374216377578107,0.534102437702158,1.205090143071191,0.8976834059875551,0.3739211590836592,0.23821612192686056,1.327735302925792,1.1245894671364725,0.10705140681387433,0.5565155763088183,1.0294459317527327,1.1762825041004061,0.10321188530101685,0.34066913454604536,2.0137044055032147,0.9389617432013155,0.21834721601421478,0.5868990337479009,0.8043004342029747,1.139292958582598,0.28113077857788166
0.5393139905462525,0.11276350012922758,-0.041638865039149583,0.02504927305152522,0.5971667994425558,1.980574234651469,0.9809629329405378,0.4551865533377569,0.24137329465198423,6.357675616847529,0.9533816535068717,0.28584026791657724,0.40051103193023074,1.764905207483402,0.7832879800575494,0.12372123425335944,0.49798996204810236,1.8464098446967128,1.4608510774365937,0.16998157176488854,0.2619111957348554,0.1751416568356825,0.9579769067531985,0.20331575823893658
0.5535849110765726,0.10693864760217055,-0.02858520554209827,0.027631747095749046,0.607074770879816,2.1029608088666647,0.9173263936177535,0.45402418897542246,0.2800372444949775,6.395022848478246,0.8229694139363471,0.3210985141112533,0.5053376261491724,1.4650121117980197,0.8099046115256627,0.12283490852751278,0.4019079383839334,2.7642805442671152,1.2972781863989757,0.17103956028973136,0.23939827183689905,0.13752909327341548,0.8665255996429526,0.2096169744393187
0.5356115328463528,0.11736438998895833,-0.028585863514848226,0.02752928270303723,0.5547194843037023,1.5934864797776742,0.9204644729475898,0.41171572313751037,0.29771192263780727,2.961697022265761,0.8496421976808926,0.16605888585754025,0.5906254911655276,2.1149085478171523,1.4423964806087426,0.16903571748718596,0.3076102532014815,2.0349163793539113,1.204334161247687,0.20854188078966773,0.4803584604886032,0.7685945011778242,2.2532346625892337,0.20610187563088106
0.5508668233479079,0.10669788456222036,-0.032617687284883734,0.026409471457971102,0.6265125863365357,1.733000850899182,1.0080727511340073,0.41494123633095914,0.39206479431714003,2.367716395516919,1.0500668983792814,0.18323930895927765,0.46840804495323174,3.5360029628041287,0.8328569524907853,0.17451726424736952,0.4757621169496179,1.3364202620224868,0.8821013238431771,0.23907571377061038,0.26370542305367656,0.4212514512742698,1.8301859315844464,0.12053854721238343
0.6041191322152972,0.09849644822379477,-0.029780662782109044,0.02603428104910338,0.5426689598587909,1.2886344354224584,0.9271414386736014,0.3859617750785462,0.19881293668036024,1.2774815640889232,0.8019717745206278,0.12402632151945679,0.5962588549607,4.295897994182605,1.646073701600635,0.33548703604070484,0.19302641477071183,2.934390893235092,2.039421165862107,0.17144177718865833,0.5189399850189286,1.838028761020639,0.594500302831881,0.34269827666429614
0.47443031529443097,0.10990623338404364,-0.03177975601149245,0.026375739761397787,0.6195164275590058,1.262430740414683,1.346874841541684,0.33510738722346717,0.2953910365918098,3.7424024790974104,0.9733727107805795,0.20557085971434957,0.5901765552027622,0.6625972857115577,2.506573928938938,0.06450254274483835,0.3798632707029886,0.5646231891027182,1.7809007334950457,0.26732137297564446,0.38236270571590303,1.2161354556813282,0.7024597596371437,0.18311271681761046
0.5194258709297837,0.1048699805110094,-0.029318854681114517,0.02948864314106091,0.5704784542524234,0.9277967214597532,1.1270882419072619,0.30656970030729913,0.1418572993183917,2.2773595117529744,0.803195374880978,0.1799532665491263,0.5719943950613954,1.568270180233708,1.3362777632953335,0.12011366950629165,0.44935085323983404,0.8458146487208686,0.4513776224754049,0.2792524776439528,0.41087806092649715,2.6187431946483923,0.6324741355956824,0.28869842584727035
0.6504510804035326,0.11388565937386937,-0.027711312885258535,0.02558285523585417,0.590536785818311,1.7496949186648934,1.0113588435543879,0.4254685407165827,0.24403150036896495,2.3384251493985855,1.2548476400738937,0.17848538628135627,0.5210256778113305,1.9264596306783623,1.0688969683370322,0.1435420107644648,0.16925677941685924,3.2042140897164573,1.690926257547928,0.19496911340436804,0.18498648008690224,1.34023789094296,0.5849136423913085,0.24718487399256184
0.6160506911714652,0.09983165630919816,-0.022759915039013468,0.02901559650904141,0.5914365578434371,2.0283551999588902,0.9645317030834468,0.4328594957035413,0.5197714159791565,3.3461370023031995,1.2887682419848112,0.2198193120269552,0.595646608646664,1.9466404058414528,1.3864580856650492,0.15998283978567573,0.31383836130051684,1.6317762746270643,1.663976328493839,0.14336548140427,0.5425147153391847,1.1162595704920613,0.9145420016908359,0.189867254764473
0.6735958054482322,0.11800530822878161,-0.023019757299357194,0.02937414207944241,0.5829812797818542,2.4430711562239695,0.8421857654254262,0.5062314329953829,0.1433640046580386,1.5461001643091397,0.8259230551264548,0.1282485907176259,0.5300282158691246,3.336581086568482,0.929295466462381,0.20101704850403415,0.3980812664943796,3.3884145527097687,1.4997238602937126,0.2249139493155062,0.24475091447639064,4.244793525740037,0.5464162232391824,0.16896813502738772
0.6599867113750638,0.0933515131124322,-0.028369793440934776,0.028590597572040435,0.5337150561251263,3.733966388341833,0.7213886236357018,0.585330510897418,0.3804414773078435,2.860917174730416,1.0373165566836031,0.1918997875817068,0.6507388204485242,3.020646395578548,0.9389475572237191,0.18758009054146843,0.15591812107660089,2.5785447357378186,0.8830419177196592,0.19819007250975934,0.17606863649669866,0.5898093764297232,1.5344086593535433,0.09789622328745048
0.6945537436990823,0.13721211991075877,-0.025788264680662393,0.02995420978705611,0.524775945518752,1.9909264430413636,0.7287813577352795,0.4843576969141292,0.31803717741687465,1.5553923195482537,1.0096130381845108,0.11902633832917339,0.4893807294146069,2.731853114580541,1.061844079225771,0.18481200166714484,0.40364857535345655,5.010262607032611,2.9966960181231093,0.2927144946826728,0.33622598328650816,0.5894807727939197,0.8886239869773953,0.10867181983433996
0.587596681235643,0.11606000049634445,-0.020227673105778356,0.025513444790470963,0.5648749145006662,1.7867702934837142,0.8137281161012775,0.4437726736624495,0.22717103320152796,6.672717393298999,0.7635112432461556,0.2917650353851977,0.5142249022980993,1.4750782145553472,1.1295945402352625,0.13114123924898885,0.3192889311024314,1.4252008750087017,0.8081673082146654,0.3131399195720731,0.3404605568731102,3.0455063205456923,0.9482266207300869,0.13009850483249488
0.5748631102259701,0.12274185277143462,-0.031839675478288997,0.027851745109114416,0.5421786781782131,1.5171863769009435,0.8189668462498626,0.4181721696064805,0.43081481858028614,4.615759389513577,1.3086140341199048,0.304382367739079,0.6310522913679165,2.432795932584023,1.2427705997754825,0.17204616221507693,0.27082295490928116,1.58900451699554,0.5827219455896282,0.2902390684870121,0.3592745298552389,1.604643379821174,0.9682495947826639,0.15302686685358743
0.5868789837467904,0.11220949016320499,-0.024767010752038604,0.025262399736524947,0.5540541852072646,1.253572583180669,0.9968949895977077,0.3702182847552612,0.3518987412272084,3.395130205311696,1.2624628945351348,0.2418098365103048,0.6396092721920844,1.9351360495364152,1.3415149455395456,0.14063025368716364,0.44521916009503926,1.5775741438842892,0.4660669295834399,0.3045085749299226,0.19649984906290052,1.4646264141992318,0.9077571252947758,0.11542286259564308
0.6814754301053074,0.09799825244426923,-0.020919204400390953,0.025683999652327354,0.6131926346705896,1.2320623379197466,1.2027413611041602,0.3345387923137925,0.4006656011273227,1.850626122590568,1.1571648590990116,0.1443689115765894,0.5840803868524879,1.8377419373749264,1.0613191634251908,0.1381771494191204,0.4093454435731074,5.063751170251182,1.0338746815432647,0.27420019923259203,0.41444476711116884,1.843814565992053,1.405480059397955,0.10992147116539666
0.7050826901118773,0.09861330447753776,-0.03280474463058626,0.026505928263134887,0.587200201428926,1.392554367626487,1.161616917878821,0.35986833236363464,0.40730652048705124,1.6755561864435868,1.3658545873823027,0.12508837630178363,0.4225564657017973,2.4767585735516437,0.9603072913816103,0.18434787095305027,0.3823330492274982,5.845575805263776,0.9557510066167773,0.24064211078553832,0.40483001816338565,1.8049464882122066,1.5501397194702424,0.11767700456197717
0.5765808854333141,0.10980838297436551,-0.034499650611697005,0.028549221194146684,0.5563364246983776,0.9864156957097793,1.054180268794222,0.3428828099469843,0.16557113842645071,3.094419201794225,0.5539512746805028,0.14541274284584263,0.5945474884904545,1.9956288317937982,1.0850323587985464,0.1189260289242482,0.3561775212839465,2.6697938114457247,0.9382742295105101,0.2106201890001605,0.37935322091323204,2.736570031605223,0.3511541598020889,0.3174400132681897
0.5666392788268165,0.09772270026136598,-0.021098284524939073,0.02788876482610968,0.5827434498637354,1.7268915402007394,0.9989817447428194,0.41985953039428714,0.37486120233339976,1.2571678444860839,1.8732822668941924,0.10163672249075965,0.555991804337111,1.1613391827749546,1.6641611470222142,0.08534205929037378,0.3016151585972501,3.6053906974360164,1.2172060924707329,0.3034572524974573,0.5381334063259294,2.9822755099673106,0.5373523109603652,0.379728832856488
0.6412874890378827,0.11762092494291827,-0.020552393542755787,0.024449612952565675,0.5312195187948178,2.312406269911249,0.6652342154487222,0.4862755744200265,0.5047972104976507,2.906982724519417,1.563294548630046,0.2320924578596043,0.5324284363750376,6.357758015239704,0.8982310441444205,0.31767226069394344,0.24774765202781618,0.8600226383804626,0.8455983212716209,0.21896032488181655,0.38760540679300165,5.474144508789459,1.1279410882631082,0.06299263633843608
0.6511003730450754,0.11640253532003289,-0.02597590727276084,0.02979773927710826,0.5545793887467555,2.7131895960465586,0.7111568491950324,0.5345393058787942,0.2788171650531529,3.7887258849148684,0.7674812315665557,0.18886266529344256,0.4373456405790028,3.1798862582718024,0.8021265226177445,0.1770443093080722,0.11806345760922901,1.6689060272262453,0.7484448862697161,0.28903695408192537,0.368648721175347,2.422681609853451,2.764234492858725,0.057254685341916765
0.5896555744721965,0.12450003393573614,-0.02636031631197194,0.02660756766726086,0.5631565423896441,1.8316732136719034,0.9362632769910946,0.4415623006454374,0.44073512474878057,2.15166890032362,1.5662619208708684,0.14495486388742967,0.5704466234490206,5.1704816371089635,1.3172355359004237,0.30460968851425185,0.352777750479113,1.6878834816572537,0.7920084420748914,0.26874350363637717,0.3229227668399809,0.4120255058040436,0.7989783317051716,0.11175581791653821
0.5999285545150657,0.10579603534204109,-0.03887893199048581,0.02764047861855355,0.5636268578243196,2.4323381276688343,0.8188318378691766,0.4908283061863187,0.14390898171327285,1.1414985856492186,0.8785325325294617,0.09651591737620371,0.34672964545661633,3.488287442407456,0.8522536978886877,0.1958658416896521,0.46883971057549206,0.9462993540885001,1.1497261166903285,0.23876371159346468,0.12601503137724715,0.8456727587341901,1.8845402450708253,0.07765111262933529
0.6092239644272635,0.11952643706220756,-0.023337096928717153,0.029591682379479397,0.5726704918903249,1.384660735693759,0.9472022327139005,0.4152231295843502,0.3603351124202168,2.0735636693130157,0.9372605579355926,0.11369843667510357,0.5812269156555047,0.8497987231535534,2.5123841340369593,0.07564102259852495,0.29702849817666904,3.7375127944913613,0.6425906399468606,0.32632195934179414,0.528305601532416,1.011414568633356,0.8983086076782327,0.09912446890263663
0.5938827081030058,0.08719694036389126,-0.02494921528226187,0.026267571906362253,0.5876577101453564,3.1641103171104117,0.8488948374727427,0.556852384091358,0.2847857682461677,2.2630531221841297,1.1206554832247866,0.14464724742282686,0.4445640348530736,5.54941399637606,0.5263180146954423,0.19822543994320618,0.5281723954856734,2.2871410908966463,1.2469151254049995,0.2782640072661814,0.357669297505008,3.682624685554603,0.5059196344546935,0.21518406867963769
0.5942390637204793,0.08483236844285348,-0.03180409186913087,0.02983833506823266,0.5316340837696213,3.160220413476718,0.7507059518219188,0.5528987593538727,0.4296625223117265,2.11906420528153,0.8527886596352409,0.15013909504313167,0.3040814749222604,4.9114973033848015,0.591438681299215,0.23259258233664115,0.5079238485488673,1.7695532390594075,0.9675732671013436,0.26127146994310324,0.21731069763123437,3.1072252704839824,0.7353178854726915,0.21575457698553524
0.5923715705503727,0.1130648142128239,-0.028951653799285274,0.025240254560026217,0.6136667327279969,1.6016572957556765,0.9935995717732832,0.40072938415063325,0.36156592937042814,1.8581166415868122,1.3546603638356824,0.1495553513761271,0.592187760424524,3.103322467423856,1.2190359684817613,0.2204721365110055,0.32477138646353926,4.446852837490477,0.9845778513567204,0.35141935501732835,0.4434306022773848,0.25047150927598116,0.9788768943366302,0.128757975561943
0.6066338175409239,0.09348063744932227,-0.03096459019024429,0.028072071225770705,0.5649298799169171,1.0236686508102175,1.014507820478528,0.3401532816191171,0.3201973832492432,2.656501202388267,0.5541763026151317,0.14489422633329596,0.49135792386853755,3.49968438974178,0.9064871285988797,0.22510031156500232,0.4223193228387417,3.772336459511271,1.5816209605753304,0.19677417769510205,0.18499147432955176,0.4776237214773794,0.8788083713125261,0.2056645728178198
0.5798436153642359,0.09602356300902264,-0.023090656947570207,0.02741175723208403,0.5788664179455429,0.9775359972205825,1.207890968153377,0.30431805875968854,0.2484289575683094,2.19712917590881,1.034540798354461,0.19231349195465128,0.5352070252926819,3.7374871559622673,0.9609916857338825,0.18628845068497035,0.4327062475290215,2.9277071939035335,1.1253365618737816,0.21741368103743028,0.3958418422703168,0.5763260830691986,0.5015719180256837,0.23665619937991966
0.5036324070993262,0.12628474335655243,-0.030307380423313927,0.028963722255808164,0.5991540620799112,1.3388745115977176,1.2414964668096153,0.35388998881171124,0.2859941280698888,3.1952687135500475,0.622060537760646,0.14492576678482452,0.5837604958578702,2.674713827586506,1.178092668575714,0.18794718289533416,0.33268078368198484,2.3798585582573044,0.8614882051033075,0.23009156476188392,0.4959197179568412,0.20297239903283687,0.6402732176458038,0.24234677403085564
0.5302919430448542,0.08081727518217419,-0.02181539297415598,0.02916964617709576,0.5515146046449786,2.8065621374931466,0.7861102321343864,0.48986423954118963,0.3492624509398692,3.4942792427829628,0.9603097698198448,0.21454045349693285,0.3963461711728775,1.7073260157436085,0.6822019987815457,0.1202414622553463,0.5112128629675421,4.811988602171996,1.1147778775743826,0.27005402988757937,0.6344919346509703,0.40361066639973214,1.0590960104207774,0.246351420247773
0.5763194777212306,0.12712712956902095,-0.0335298285336716,0.02795645648148918,0.5659451125603885,3.689206372504067,0.7721929237869631,0.6195023744919275,0.29004578906793493,6.0586602654756305,0.9062289824057365,0.24601046612720479,0.650137211777592,2.1492227412151914,1.2888756677465132,0.19930033617595783,0.20955022318128427,5.197285217992626,1.6444040314450359,0.4209565681623062,0.193278888633735,0.4509331773812507,0.5736286664247958,0.2514644935148038
0.5839667632262199,0.11204607985580238,-0.0336871746984147,0.02854649085145894,0.5574730486909877,2.932635605006932,0.8831377141793679,0.5440650387610936,0.29685231572998677,1.8894727119067753,0.8679697775620532,0.10876106286999283,0.41828907144394195,3.214875284679537,0.4977740152594938,0.1762355521105805,0.6095712280165302,2.145372204822436,0.6423430349096548,0.22405305914940923,0.47590701204639735,3.685246038892683,0.6758841120210944,0.25353503104957725
0.6036901777117218,0.10542002170854294,-0.02740649532083187,0.026245607238668357,0.5882922934567332,1.9237018333559934,0.8702136957427321,0.46297051995249877,0.3117031061795785,4.945342119817715,1.1880341876005118,0.28677767023780487,0.528959196097057,1.4806295116662267,1.0253721107048526,0.11187628928312704,0.2791264429556902,1.699622700280439,1.4511343623297521,0.214716253232846,0.3643522203888537,1.92412683615302,0.7190928248916411,0.2310845402656971
0.5964013849413587,0.10513759860357913,-0.024712779036831035,0.02816451687850973,0.5775164437950973,1.222485216371136,1.2227820074086184,0.33401050985791364,0.31880051988313296,3.376401777584876,0.6593950969743023,0.17689101575205596,0.6207103684567299,0.7067602012896105,1.6723952340837103,0.07874518926628193,0.436727781885378,3.3241307567776133,0.7846917282095441,0.22942727881025565,0.4416793247004755,2.374814693806103,0.6620697285029826,0.25985336009158133
0.6321927644196546,0.12139318006090778,-0.025434732463135268,0.025614850410234525,0.582409177040125,1.253416891628515,1.0183009343418739,0.36727373190374973,0.37378988283373826,2.2523516933530856,0.940839717305054,0.1688549469793371,0.5462602468491278,3.09273073567839,1.1338639494246456,0.1969626772727949,0.306832696518997,1.6144179791173823,1.6854145750771676,0.09401561298121064,0.26619827331576984,1.8569237312637104,0.5622185301647772,0.2472326092157222
0.6283517857513277,0.09871408531002529,-0.029848597106250853,0.02670594621423475,0.6168636515402431,1.3172226505374247,1.3370182628413918,0.3250996346695046,0.23118108453205427,1.9051180516812736,1.1617144497762175,0.17980146562477267,0.581602877676338,1.215971303228238,1.4525244532360628,0.10281714885078459,0.2643015538353454,1.7584061413604304,1.200614921370365,0.127139184598443,0.5114688960386303,2.06771179223401,1.0301696571167647,0.2654331929505544
0.6441145395123102,0.10015242109906498,-0.022042934203553383,0.028289701656738275,0.5300075255800211,0.8887194001776555,1.0148343830042996,0.31382274822829204,0.3133019105217395,1.4432301523542168,1.2942132967245064,0.15076703700704616,0.5631196378708045,2.0035804335039984,1.2399230396961727,0.15894073812999165,0.41331706909600174,1.418013729505216,2.605161477006914,0.08379817195138052,0.4584304427474165,0.9312973287256286,0.749075425628885,0.17468707611918557
0.640092096903746,0.11262464479482612,-0.036061860197620484,0.026883333138168253,0.6194426787099476,1.4062011827998788,1.1591421504063293,0.35952042366036013,0.25483656726502174,2.1892651847030784,1.105651603260505,0.1411069789312558,0.5846503164977449,2.7959283611979395,1.0708314187404755,0.18033044013415914,0.2247318864626709,1.7719984258220582,2.127072775088161,0.07361485096511047,0.34425423824831325,0.6364019873232901,1.461813158904475,0.17654776334691188
0.6403337472561227,0.10675659479987575,-0.037936032529538824,0.025860236748424557,0.536793046024494,1.748403463836528,0.79315986442269,0.4307903678378918,0.2705830661816857,3.8145296638778876,0.687859107710269,0.17324618419760504,0.5940952842995865,2.5427968435312827,1.1792133669544602,0.1747002520049783,0.4666272553372881,1.4439103702579956,0.9777023059667387,0.23905501208253732,0.3093186651843215,4.1122742533658485,1.287525779519192,0.13111545249713238
0.6427215868470111,0.1030307322190918,-0.038244656698722485,0.02630739254881384,0.5414978261230751,1.7663483437185898,0.7818787826857834,0.433503284023048,0.2508550532877888,3.62717935737099,0.7296954136792339,0.17350314741762313,0.5846157449465779,2.6088884441015603,1.1768612583634277,0.17425287505909628,0.4483993997767456,1.4480991173436415,0.9846388493172658,0.23911224898934821,0.3055735661931227,4.124127605438015,1.3183823014433262,0.13223294829954152
0.5866982583840893,0.12643127861097003,-0.03153631788445635,0.02765365707755318,0.6019602969573673,1.791070895651007,0.9993371771127278,0.42703333628092166,0.40315164410973386,1.3685394771423183,1.3036979050976003,0.0988300161863032,0.5197351610259207,0.6288986219561782,1.2899177406477789,0.07906737086445534,0.17516738249592623,1.027478756232439,0.9929265416113768,0.1925511763963267,0.4504315022441217,1.224498336214616,0.8921451979184469,0.17150428335613915
0.6098911085287342,0.09216819072860824,-0.023883016909974287,0.02763418431601545,0.4652545247704017,1.146400127523173,0.7514391313058916,0.3666727700049296,0.18714613179359813,1.1636551248238867,0.9632286203186039,0.11906852388209392,0.6825135449878211,1.6697577451447636,1.5344398593012003,0.10809055421159607,0.5054949670860863,4.349041712063037,1.1306316481929894,0.23258010399593754,0.4003509152635733,0.9475233080992084,1.0724219157887158,0.21651030871126312
0.6135039915710563,0.07982109558480995,-0.02244407361892367,0.028292841366296655,0.427625126080903,1.0150908327543904,0.6453063913999402,0.3634898205453997,0.4021293878139058,2.132503319160683,0.7160649770516195,0.13029629055545097,0.5730857944071914,1.9510354633795528,1.2308542599479146,0.15710482147461768,0.45991433993907593,6.0506347889147865,1.4087056662904418,0.2691470740033462,0.6339034457576586,0.9262782847291241,0.8377558859828794,0.2123343973916035
0.5848229659431051,0.12246808634662153,-0.02187790423934093,0.029032010411876582,0.6509504783907851,2.597324428525493,1.0143452127235804,0.4959788084472237,0.4484253738814457,4.118849550088561,1.092976333473761,0.24234789772223775,0.4310205467530598,1.6665385172641483,0.7744300649515465,0.15747547940896692,0.13747701087030667,1.135718815352114,0.8173265941117073,0.2634159097101643,0.07534518468795265,0.9518339208988152,0.6913358578480292,0.11313527788780767
0.5935116155782368,0.09518351759190982,-0.0331216884065002,0.027344048641316322,0.5687503412983034,3.1920827929396176,0.8685550827932029,0.5659983879153474,0.3210480224650178,3.527216980854014,1.0837057819420999,0.23081537291520018,0.4855438327647089,1.5708693376845853,0.9853631904317973,0.1453583783357345,0.36653891723984894,1.1289265169418599,0.6348375649288587,0.2706576287889461,0.09268326175741874,0.4924478768055388,0.9181709582409975,0.09881448129277855
0.5234281647982635,0.13184911110609573,-0.02947401804539773,0.026221986736665346,0.5434436205361711,4.961503169361676,0.6283577244536788,0.6796605725918728,0.15858866878922853,2.0175431382506996,1.1708555258107063,0.15994105642898546,0.5363671556221625,2.1018911738092347,1.2917811642204615,0.1618768665103641,0.34472752894994263,1.6002414250016863,0.9138172214657473,0.32941518806053904,0.4823579385639157,2.406138768519407,0.779328855033574,0.2134834474510681
0.6115811808485949,0.12126900767321068,-0.03586231028880063,0.02459705705452209,0.59161709178494,2.306148146993969,0.8280943999778149,0.4880601365047277,0.21511665859983517,2.070447400641637,0.9390743193672703,0.146749262411918,0.5438783814085073,1.249815417904728,1.0443356072452603,0.11126574997421683,0.36327747212572536,1.815568324884426,1.869264504979637,0.16536660759018618,0.34802588844148535,1.4472220974557028,0.9127505141145733,0.21560053924412775
0.5638432376150861,0.10920048630201015,-0.027638358225433955,0.026659976419318675,0.5721258430384958,1.302210031830413,0.9394567346068358,0.37264003991919065,0.35262708804292736,2.6752548810770267,1.2406518046544257,0.19341557232194517,0.46481275706684216,1.977987665285499,0.875218334123751,0.17148730721201863,0.3718921437640991,5.312013075275746,0.5582104310502897,0.5085921491661562,0.39184256693815667,2.391311694507147,1.1795220616939974,0.14703343570380448
0.6973132981717405,0.1165603222496011,-0.02865748545870938,0.024775681207275985,0.5804395185530934,2.1723925825594828,0.9066854137877274,0.46852717754087475,0.3939112471083541,1.778845132145495,1.3822939807490038,0.12925808470841443,0.5767822891445621,1.786312624543128,1.1802501372194978,0.15675202939879843,0.3032673628010046,1.4783712878643882,2.0938313290413757,0.0904676039768281,0.42168306649106435,2.0194425206840996,1.2685768310584424,0.11271078031139807
0.615826813709053,0.09904293553384631,-0.03732918226337981,0.027531966179390178,0.5629000620035607,1.6667774466263776,0.8429568838658454,0.41245237348781255,0.32762532653200765,4.136903114395175,0.7950908549296579,0.1824049543067524,0.6201807612205177,2.3110240637497217,1.05349281040101,0.14501447497351308,0.42691222893916647,4.0532673982670335,0.670520618004773,0.33867883758244294,0.3281948813890797,3.1709742732541075,0.7743414558412568,0.18066295538394772
0.5961852955176508,0.10044940133018439,-0.01761851501687392,0.026224114604049796,0.5599815850310714,1.6752882551955133,0.9500263733442887,0.4137487646214875,0.21337979641503965,3.978460204574589,0.6563862230292243,0.16733812080857507,0.49470456079873354,3.0909413136482673,0.9481571231305982,0.1999828742989233,0.2584642985571272,2.867948725719413,0.7844586671766711,0.3305807160074865,0.43127834017294536,1.6809626885420685,0.8207573987197939,0.17319949843936086
0.600858476544443,0.09881770118836171,-0.027514917431438236,0.026624801871837384,0.5912012832337458,2.523738709449726,0.7966602141014897,0.4892360071493816,0.3505004163156039,1.3640590290156356,1.5916453745799948,0.11891188827171438,0.5667868430059225,1.0463024831883114,1.1402033908212574,0.10810263180081649,0.2745038663709015,2.891074203423042,1.0141895250949315,0.33467478052375443,0.4232442172615438,2.2948514980063335,0.7204399095614354,0.2100096380840042
0.560598706074602,0.11688846802070195,-0.027715615128557306,0.027260389928900296,0.5649053317231454,1.5778161819704384,0.9512519148704677,0.42143156027911327,0.4113933069518709,0.6878737240664197,2.0131458533304403,0.07660563160317996,0.5633311662900179,1.6047350601269181,1.4218855118987517,0.13617513345595436,0.4697244163999137,1.5179838049254075,0.7077538142468909,0.23368804841016544,0.49019585278040784,1.9329515531047199,0.8986281074363642,0.21275607946879743
0.5687115568651707,0.12107597610189058,-0.023986244611898314,0.025544198872618103,0.6096946090290111,1.5889349843096132,0.9867601041054498,0.41573175537240437,0.1476320269705856,0.6998301788995768,1.4250894765593038,0.06463273426842137,0.6118140643528995,2.0322595548059033,1.1743537126988288,0.14119229872134512,0.45002072116429787,1.9451109223626595,1.5701235541036427,0.2609173375945933,0.3946516622268881,1.5020230685238816,0.7815139965046685,0.1913845651503767
0.5768391776704378,0.10202922083238203,-0.029885831333617333,0.02734923444188556,0.5205099165377911,2.55569779043583,0.7379412064562467,0.4992237790617918,0.22952535015591694,2.1804678842637033,0.7632617687408645,0.12745284835539883,0.5286111602422668,1.4235429372812654,0.9587877134927335,0.13460588461778852,0.23338605635790138,3.237096811398317,0.6482988126277927,0.3533067423244763,0.4913339525045493,2.2381400618075036,0.5514071852147516,0.20968487746726203
0.6409868602981627,0.1272402076547818,-0.032713678646952946,0.027857509728651055,0.5979014005754278,2.036997232902805,0.9827582792748042,0.45453023827579664,0.3404838038347235,1.9691853704860305,1.025431977475475,0.15064181690297934,0.5586329629343382,2.799097391923562,1.1300945684183206,0.22850448280628882,0.4192467715338279,3.6354352255291373,1.1515529074603583,0.19737195024186577,0.38090527823806836,1.2914433153413487,0.9803882415735469,0.14424614331969984
0.688025926408991,0.09570491352339258,-0.028400157709398067,0.029037651494981304,0.5278981411941662,1.2885174892745528,0.8197703900377031,0.3942329611756711,0.40161472992658453,1.8581324476295173,0.8629776631960038,0.14314574462177887,0.5241587229288535,2.5704051157352854,0.9682643503853738,0.1709891139753304,0.23323287902637282,1.1219546850101592,1.181631291650435,0.14962441012454558,0.3354977969116328,3.8565693837758164,1.4351383567526932,0.1467426422116647
0.7063808970771989,0.12185510123552816,-0.023680289052136573,0.02561874344740937,0.4921453409151202,1.1225784528149492,0.776765090966991,0.3770221697711799,0.3200581466640732,2.04019582450206,1.404930828080885,0.1590117814839604,0.6299183244441482,2.6845624426867922,1.3047589637316122,0.1920238449735424,0.2132430030694908,1.5825364166215843,1.7636777332016043,0.10553126071181736,0.5781902393814612,3.4324743364898755,1.3861378901126626,0.12295548399351494
0.6470656211509596,0.11246343840166159,-0.027460131135149533,0.025132354880124882,0.6218349540185306,2.480214765859691,1.0208948639850606,0.47274478609795223,0.2842956262125382,3.7679756032184266,0.9284270249189125,0.232824745777295,0.5703991464217657,1.7370366950387748,1.0766847725480588,0.11632192806070377,0.39332429569709865,1.9758190239788358,1.067422413762661,0.1529112323386332,0.3920424473357282,1.0794950937915637,0.9359841649040127,0.14942675315792966
0.6355497067332131,0.10813506590122618,-0.0353229292293699,0.02818258341899339,0.5834551696936031,5.017100637032471,0.6861321088799655,0.6652803431342588,0.3164538128019899,1.4704241161317035,0.8096897307121452,0.11465098690896158,0.5215568298324513,2.471905287908449,0.8758914117050646,0.18804883563803745,0.3933497964226454,5.324724514774583,0.7722016475906327,0.29957515689414765,0.459447089986949,2.4271325608327405,0.9687710245286321,0.15299235182537732
0.5180826833589067,0.09283408511335633,-0.01803976560646826,0.028159026529944238,0.5658244684450824,1.1371342805437745,1.062308894907625,0.3449389186221553,0.25551833926788764,2.4245587087980183,1.0772930936545784,0.16082896794579976,0.4969805631497409,1.5954111255647239,0.8813074872733563,0.11902295773133226,0.24052863072383893,1.401319744119842,1.2179269860830095,0.15329202098153788,0.6094979152676577,1.4640713805886076,0.8299709784739391,0.364340939435222
0.5736992736227984,0.1239643509128017,-0.02129200389582382,0.02519010595245147,0.6104870356181035,1.687445829482912,0.9673142810392821,0.4091889545497332,0.28702256580244706,1.9582573024975989,1.276532155836534,0.1629111924913585,0.4345565514341952,4.877576373530468,0.8999918685742914,0.2714678266592315,0.29761943498101845,1.2582624387402104,1.802336510109602,0.10679362081490006,0.24431243654011167,2.62571846102765,0.3540465868682159,0.3540085004900411
0.6619846554276312,0.10120905587640208,-0.017476829720375755,0.027326106856111896,0.5547141828066141,0.8949702752974494,1.0237907431388582,0.3134443141145874,0.19954563436078282,1.8577745103136154,0.9724886614194704,0.12699509374033588,0.5162772693678201,0.7631319760963357,1.2383477838877455,0.09283124144318385,0.4696759226952474,5.553803791360516,0.8078687602282013,0.28841790825457464,0.3461485555193637,1.427015444858903,1.850221805133182,0.1204134444834755
0.7299959347925823,0.1020443692942846,-0.027450448193163838,0.028073638333326833,0.5761250867440064,1.3783241157588138,1.1988289235259852,0.3717759463580789,0.3725628782186731,2.2699830399023373,1.029635462955198,0.16218071323679437,0.5647881534179616,1.8267012478259643,1.253927039438296,0.1519974489687473,0.19532469618395207,2.5379025157750386,1.5070923000305159,0.20276034051917602,0.45665129115414027,3.71831025673039,0.7353595293945131,0.05425009368979795
0.7243812896610482,0.09878581581782249,-0.020303960061615025,0.02760207720974202,0.5720165201412812,1.0441610303306337,1.0149178268156702,0.33244380028208687,0.4007728552196463,2.345519322890914,0.7958844705138175,0.15401574363710466,0.5699903538944061,0.7098284993149303,1.3091495213868038,0.09527034971737074,0.14343965135381154,2.2866009277851775,1.5164295637798688,0.1798651077113643,0.25854123504105,3.0034430832760783,1.560306370019944,0.08391650073317865
0.6097366908225419,0.11192222963566781,-0.03005315360982929,0.02554901145561779,0.5778348156587099,1.797531413133186,0.8914376059311508,0.4263247740388594,0.35795169927226156,2.3015328329288773,0.9542734778297871,0.16743586113015083,0.6012132411219958,4.543610783180513,1.2887215661431224,0.28764001898687813,0.3602807080070321,1.8128941874916742,1.922159335253338,0.1475264326712824,0.1763733577142038,0.9909196094859531,0.4410927308324589,0.23641840760242827
0.6508441911164229,0.09900384330166195,-0.02811168672420234,0.025426680366608997,0.5796155222616906,1.1575536940341968,1.1052091957101653,0.35052675278247014,0.3504943219007137,3.7848018704238653,0.8550097030351995,0.21182810052094617,0.47738293934232473,1.0573730807665127,1.2122095580461671,0.09917161685549425,0.3806771146340122,2.306860241523598,1.4089671717177188,0.13546574395866923,0.3033144197767088,3.0991774098897844,0.46026702966351396,0.2424329149154004
0.6710243079433924,0.10837840356047715,-0.031153991264637294,0.025369840189989376,0.5807608765654849,1.541014636343496,0.9721397828818094,0.39519974013739456,0.3754360892559791,3.080342749355244,1.2219866034116131,0.198840839023981,0.514829581754484,3.085732085564804,1.0775028662182506,0.21799064228432052,0.38596203880908053,2.296246366046601,1.730599469456626,0.18783755485024756,0.4091983618863954,0.8109527287479673,1.872013194673149,0.07872747030066364
0.6767484420185428,0.10142486188457095,-0.026741499013997666,0.024172316000077465,0.602377067353197,1.5161395064635226,1.0747261188451933,0.3749851125428246,0.45613330870804747,2.8342779923491004,1.3007835363045004,0.2178019029144048,0.5121366731883612,3.1687912217108765,0.915864623606264,0.1815696048219235,0.3215678906999986,2.1460640995424987,1.3013290441531027,0.17829731777644342,0.3750059146637006,0.8745128782114654,1.6528465331417637,0.07582200460991936
0.6367815151472146,0.12269791539114464,-0.026279666773990386,0.028363983335199995,0.541149127205767,1.5460110438761743,0.8705413422363092,0.4109569880069179,0.2019462298248522,4.29504665467912,0.7513194000675225,0.20386598626679509,0.6140541145155002,3.0887581508439643,1.068065582297734,0.20104175086883747,0.3290762570951048,1.1474492280668223,0.8999850709313679,0.19435758953337412,0.4335033850100889,3.019284438811115,0.891411270060695,0.11458156357499039
0.6359333405730201,0.11357544137985569,-0.016259593199580136,0.024282696303519487,0.5514044835807802,1.8664489895157046,0.7791957715796021,0.43642251570055157,0.45783944820236355,7.072023718077595,0.9852564856188724,0.30258365218173144,0.5744253180639679,2.6671218468566713,1.0772759030469974,0.18008937304987174,0.2254676197407865,1.228343465741914,1.0629366384050398,0.18023732329540795,0.32289707035065285,1.0490575892564467,0.9215677182088732,0.11199051764774201
0.6214020141240648,0.11950609804963833,-0.0375354802058176,0.02696961392725095,0.5605776931726247,1.9933091834149383,0.7941978221465017,0.4583271040092354,0.44053427209639695,3.4841440721763037,1.0330011846602296,0.19967625873067593,0.5940250208503148,1.2238888732990914,1.3821662070647198,0.11234185799431771,0.26240471951879135,1.4038787227591727,0.8425909193877077,0.26402183222464226,0.3921325317225456,1.7504796683379014,2.178292474639606,0.08469472045102916
0.6969362247396088,0.11746346699738874,-0.036834404056999025,0.02766521298389289,0.5767562905860164,1.9837539882601734,0.9090988304614437,0.45505602717844706,0.2837179487382753,3.8664895836715614,0.9206153021768048,0.19195939321295713,0.4073676569254146,1.2404578139326254,0.8176311883438632,0.12103924661983562,0.42553991026453775,2.8687711135698932,1.224111488680002,0.19691649602909567,0.19370515767060967,1.716908057524635,1.2477554465948173,0.07500740943837074
0.7056566636383304,0.11231590783327004,-0.031437534838816325,0.026752962988372733,0.6028598415080801,2.0485167861604374,0.9473947966400779,0.4498748639260629,0.34669318438809943,3.6042533318359307,0.8826307476292609,0.19117378070897612,0.5138200417834761,1.5408154888270622,0.8379752168134924,0.11934670454894729,0.46570866638116976,3.535719763076657,1.3478039585317982,0.2092136326156082,0.10804180555715431,2.242337949459052,1.3334691340065798,0.08356213724054372
0.670629585794191,0.107101645315005,-0.032016780707826716,0.025431907650030346,0.5565180776160855,2.8904108948941687,0.6773692192972149,0.521781247479633,0.36763908822357194,0.6465567940105154,1.5667487695653104,0.0646806921994415,0.5195927765558337,0.9360382749344153,1.8716318421026272,0.08067593340232712,0.3393531412935228,6.626963980146852,1.17858838479502,0.48591178987397443,0.36125100065900934,2.4923505027682826,0.9447359355876648,0.15423083695846718
0.5631942258927288,0.10433898884878069,-0.03205429297886054,0.02689409620227504,0.5900112180058166,1.5955127683795713,1.0780881326854066,0.3943021275707356,0.45541252534813653,4.1664827090058525,1.1217821006537985,0.2626609116390527,0.2911166322490738,4.187705306012897,0.40158770760024587,0.16252945015385378,0.3702403296218057,0.5674527711255849,1.31957901479489,0.24886829507999134,0.23980464916525504,2.8673486708640556,1.0227845998932867,0.12916482945810587
0.528230895038316,0.11433301533560396,-0.02944776212758509,0.02935450743702943,0.6261814964723526,1.6282257694385276,1.1629420865918996,0.3788053468270643,0.427937874581816,3.7771516366825653,1.2271272911277868,0.23326765859757714,0.6741127124425246,2.068930449601933,1.5715380725581982,0.16555116138205492,0.35846686569811936,0.7186355473870768,0.8965571366034798,0.336263577729475,0.21287808779594775,2.697643343161852,1.091845963231287,0.1382343828284715
0.7412810435992341,0.11629210366955851,-0.03907787158466396,0.02889377968459629,0.6128222841336732,1.985991860144855,1.0662707846593478,0.43311480636177335,0.5289331296667186,2.107335335917484,1.1682765638886532,0.12966339403559138,0.644440742942339,1.8301360930703852,1.2848585903031982,0.1407991761112169,0.40633232345804254,4.370846932765924,2.542363984336826,0.25204906160810725,0.05697268801105832,1.226273360836291,1.827428574041044,0.06511951913666729
0.7267243222277557,0.10093561145770015,-0.022091707123578656,0.02798778370599018,0.5432259176365466,1.343163632063621,1.0073260297331181,0.3884371227587755,0.2635731485895283,1.9328774507762676,0.6987804366750173,0.12912902055168726,0.4628034293148836,1.6859276706292123,0.9745062020576124,0.12011647393599341,0.19266249122773457,5.993674023084659,1.2923695413821692,0.31860371052887065,0.12839100497328446,0.621054029328902,0.44132673065986405,0.07113844169714048
0.7233424601051782,0.13769770277556137,-0.03374410698944812,0.02956725111743549,0.568905092743468,1.6056719981953556,0.7718767562558067,0.44899394412376614,0.3385726840144131,2.917751124678411,1.182072250498006,0.184549393977731,0.47180174868389996,2.091574275370285,0.9380061924546157,0.1406640024743927,0.17308714442393805,3.794648649109024,2.514677622478216,0.3172480227688787,0.4356876792454864,2.760922084782218,1.10169765723809,0.08619866990105238
0.7194960462336795,0.1308215259434596,-0.02483421518908955,0.0288634204118849,0.6065417041543832,1.7787659129169533,0.9773368174395515,0.44602128034246014,0.28548945357057276,1.4937522839703192,0.9282828262803454,0.11822649227012287,0.48031572516786075,2.855803295055931,0.774957445112566,0.1792244647085444,0.19632815171881296,5.635885542326875,1.632348205572945,0.2873230558737727,0.46144079430403895,2.256231319361278,1.7670053569293294,0.07785708471627541
0.6986002434961655,0.10120370713759261,-0.02979010015002863,0.02705406555651023,0.5313943693139074,2.730093288818042,0.7461911029568478,0.5028167680591119,0.424633721800984,3.851998948297244,1.0477037395798035,0.25486719733389357,0.5696809517036462,0.9307088584723123,1.7275946484323148,0.09652178154119499,0.27760798542259385,2.6550745167469323,0.9028603266681634,0.19808842316153918,0.2769230800618767,2.029204493034405,1.0528482413346658,0.07936597355257023
0.6328363578640429,0.12272360990286105,-0.02936298589628661,0.027029532567761482,0.5933873200159948,1.550973980904143,1.0077632633551612,0.4037527800074915,0.17788944935786188,1.0616193883790093,1.0340093431669812,0.08388201439139205,0.3779275441473686,1.1130363450685434,0.7588386851293206,0.10838110774006586,0.44621018895517367,2.2278326155112658,2.163828210536462,0.122544118157548,0.4466861454080128,0.6222114272231632,1.7433867534446805,0.13481093602665803
0.6149759225733692,0.11084502585907896,-0.04528050177512785,0.026644416124407263,0.5635074770508083,3.571534050652063,0.7611806841976019,0.5839455489322819,0.4166791721155449,2.55538433579994,1.1641871264086983,0.16941405788420727,0.5749268202523325,1.2921536133922196,1.432682188015408,0.12561491540156533,0.3105715291891732,2.5957707650653217,0.9934218104130004,0.25811411117505084,0.059292281579915555,1.200067886533369,0.4777524939051878,0.18815134260754024
0.605748649223031,0.1228833328911189,-0.0281517469049675,0.02928114924083291,0.5689356240712844,3.6840930388945856,0.7755314968422847,0.6032023602484039,0.36845831873214974,2.235242782577748,1.2726655578768244,0.16659312922624814,0.6520429897464475,1.7223400216236928,1.5725569117905351,0.12160077916224882,0.29864347672679803,2.5062276821575273,1.1540028067534984,0.2522632442517552,0.11192888478234159,1.1900181768732663,0.5876032073279859,0.20193368695210612
0.5485115632012304,0.09624737703935898,-0.03160499170198188,0.0252962468736492,0.5494643126863853,1.1776657368438372,1.0169035408707476,0.3539823556118793,0.11395308137744345,2.8012107620613023,1.072521834196009,0.1710402548360748,0.5061640407906115,1.7231338115982322,1.1882893502622613,0.13312376513583055,0.2038385220766965,1.74600630461955,0.9210501806778614,0.22784371279565732,0.6108205559343636,2.472652542543668,0.7901544485269295,0.35069244690507523
0.49869886997723045,0.1081365238469049,-0.029709765807549315,0.026316961716941905,0.5199084233345453,1.0509608150789371,0.856298084853357,0.36461149107409463,0.35371269141025397,3.196871043204803,1.054647706340738,0.22211505926786956,0.5731586808920824,1.0653919684144983,1.77376591925419,0.10087602943897828,0.12432848194247734,3.077538914417819,0.5802070192602474,0.2709297890270272,0.2723974839668377,0.837826297327194,0.32988368341978047,0.36625486059402024
0.46707617882757874,0.1198789159808308,-0.02317156746084586,0.0269426747328309,0.5488656796260246,1.3484839044623518,0.8306273878696405,0.3993141314490839,0.32177970726942035,2.014897865712169,0.8343304300812591,0.1390908074202179,0.6213305033934515,2.7104069334208574,1.09988278687856,0.18488171073378318,0.16505247415000868,1.698269410597202,0.4751028016962612,0.24942377687613662,0.407944338039884,0.6210392652807841,0.5172852588750704,0.31915679280566644
0.5185416562203731,0.10594636872972465,-0.03354471943063985,0.02832990550459659,0.616910019290978,1.324504920802291,1.0960018963309213,0.346724553255423,0.323844321244668,1.6504947697121082,0.9742792512333708,0.1251386634694467,0.5220295099754351,1.9399110539795583,1.0993667711482065,0.13801646774154916,0.17541479505799046,0.9353726110573571,1.0998676686500046,0.23638348579743054,0.41199804372731474,1.5378794193034488,0.5994985822118559,0.3046251986972096
0.5313949127078392,0.09852334716109788,-0.03026956823577204,0.031053323609700575,0.620544653047524,1.010218286900745,1.165061436118917,0.3298335042057878,0.33772048661545334,1.9954649830468987,0.9484692258626087,0.13837547739106246,0.5408181956116391,3.578223218407826,1.0866333370815344,0.21375670602297708,0.4073161055953669,1.4231066807711161,0.7697741116974074,0.26220638701116905,0.3855178313404014,0.7852986243862434,1.299153357554946,0.182399516074116
0.5701450970072038,0.10405102850651984,-0.026347727552404845,0.02414037102394484,0.5678461869962976,1.117710101002181,1.3573387632626583,0.3090956005917158,0.3631840797737138,2.630535191146583,1.0301774599024072,0.1834780326509865,0.5152256604079556,3.3718696642078343,0.7607218657707439,0.17645533515385134,0.37896552413397305,1.765933932351694,1.0419753217169452,0.2241091406375211,0.501729140134372,0.7967631282880698,0.6141611153105475,0.2069841079759334
0.5488962480083897,0.09402060383581223,-0.03296690873655639,0.030221728842414877,0.6238637421085815,0.9887190267140233,1.3225697224777966,0.2923274470158271,0.4848260606583646,2.60960789465198,0.9152192148974996,0.17764781040773694,0.5225384818488714,2.5868713613945404,1.122141339333414,0.16677948092820172,0.40094863263868014,1.6674293714368273,1.2041605184085558,0.2435005179475349,0.5427516759937556,0.9499840333062699,0.6051895124451424,0.21348084216832092
0.49541573292373703,0.11662921788727314,-0.037056273247997824,0.02957296086561796,0.5613779812407401,1.7298574376929263,0.8973736690372717,0.41593539691040443,0.251229068337242,4.066939865907352,0.8079202640105922,0.1747901043507062,0.412201909812259,3.4527771637804734,0.8581746330250345,0.2148957418250762,0.3126407995148667,1.0737718539590833,0.8242906601318368,0.3366741897463237,0.5113487617363929,0.5755706634855837,0.957003637566354,0.1582763489530268
0.6366210044663178,0.09443205060829049,-0.01643763559903472,0.02859922703019874,0.52683147668447,0.9708403810141255,0.8822769309155838,0.32760846270298094,0.43148707913768153,1.6573221409504992,1.4097701358420336,0.1254178036980412,0.7220162666025826,1.3847011587981164,1.5034947107786112,0.13714887417210422,0.3977327753025161,6.736540686084775,0.738738684480776,0.31977713485303205,0.1826415522442119,1.341262478376555,0.8766414082945976,0.1515661822651696
0.635083406397726,0.10108874853145577,-0.037658223330106474,0.02884110282850176,0.45510462576623345,0.7326892042093934,0.8265933441989768,0.30786357949459753,0.28940689694739463,2.960065237782141,0.7742315344223709,0.1641469725016713,0.5570766798379861,2.1815955363967476,1.358791497790331,0.16259718207267135,0.46765459505586343,3.7356803271287293,0.5162518096995796,0.3203373045725499,0.10495145105517038,1.383305275620054,0.6033060945706272,0.10689838798638404
0.6556157747201569,0.0951713063630909,-0.022234820199272913,0.029454682413989495,0.5001255315765829,0.6376176989462765,0.8867802345691942,0.2954680521009912,0.4874753596512028,2.0580407859021586,1.2191300605296345,0.14312053478900513,0.5682854299323248,2.1431977128405673,0.7268441205654094,0.17747132293843856,0.26886016376924377,3.0456202012422344,0.9436858002623657,0.28820651102573314,0.2950953999662462,2.636315597743166,0.7861473007154223,0.1273357716535785
0.6650997398415628,0.10954545712906241,-0.03361584611396247,0.029269889994708167,0.5451137827825475,0.7754833064993623,1.182808461922181,0.2930652639283253,0.353355270267122,2.0442533363015434,1.1624559086912076,0.15015005387447425,0.6226694433927881,2.814801200237716,1.1160355757271287,0.20460242455943342,0.3479424935195845,2.9951758310966583,0.9946346379322266,0.2882879751845595,0.30457266132464667,2.9804851775545123,1.384022680081382,0.11742166814322143
0.6709462825492853,0.10532554419711249,-0.02297950892777731,0.028708834493451643,0.5380265193163591,0.7594925978612449,1.1957531002815145,0.2914297244238446,0.39453687342626004,2.1608000650023005,1.1169892044389118,0.16612583382623614,0.6138647087865837,4.074902985242689,1.1206047309171856,0.21449007421426272,0.34872255285724013,2.278014150930172,0.9038158974726492,0.24530577670085796,0.33073825961890196,3.897396111201857,1.2762140336439907,0.12794434506242056
0.6686112484716288,0.10701807851011602,-0.02671994275553312,0.02631397100365456,0.5843661991834834,1.700017994022432,1.0163548177002204,0.41260224792709566,0.3095662900123817,2.431265880175227,1.0289470046188758,0.184290858478347,0.5840823382439692,0.8954641916969959,2.2051086428073337,0.08911416848004292,0.4021327919302227,3.185573127989131,1.3343167369450846,0.1847712519807686,0.3637901032392019,2.0962832191484027,1.1301208994319756,0.18357670426873948
0.7188990609270328,0.09976375707492739,-0.017957975999592295,0.02739783936953494,0.5599715670913142,0.8960071352638225,1.2113070982854504,0.3029494129950825,0.2753396641392076,2.047654207284727,0.9730344727169485,0.1478438059982075,0.5264012316464717,5.717083041538208,0.7994513223982467,0.26263324316551395,0.272731339276444,2.4596634707226386,1.350532005702015,0.16701723258451065,0.3178148182962982,3.6252547399214836,0.9350039271377305,0.11064493814798222
0.6212824018728778,0.10982310245853161,-0.025478207102694408,0.026152863064652306,0.5875810659576512,1.4947614915900713,0.9898500896260239,0.39479667938245894,0.23490539823541462,2.1648868414544298,1.1500402150004498,0.17009004212299725,0.4668298143579503,3.401407289796111,0.7784846344782043,0.20372886883656355,0.42238800260402454,2.819170399094106,1.1163346107107153,0.2512407073317365,0.27289319992235117,0.8139300570054263,2.6217112035676418,0.10790582228317445
0.40711603323227463,0.10594549275632006,-0.028094150252338777,0.02703044063352134,0.6137921518118168,1.866415900699714,0.9740528529423917,0.41817301424050396,0.3540979152448016,2.9149148458243794,1.1589000517376038,0.17055745719994064,0.5049442229893036,1.081418952647225,1.0145693404147342,0.08459645563968228,0.35727042724009006,1.6695850695307854,0.8023168595412921,0.32073949409774755,0.5191920123022787,3.410832771689957,0.3100871724394749,0.5368176514834145
0.5737252052575663,0.10410130079187338,-0.03515813047577663,0.02892585170275909,0.5458879972401395,4.325697791985553,0.661341629982871,0.6185033772055779,0.4074627600511698,1.580090113978381,1.1116723222505365,0.1398529005276941,0.5086822364883771,1.8450038555717851,0.7435721846101163,0.14050219300725675,0.30208457661808685,1.470383668981186,1.093861095300379,0.12387779985476681,0.4466523802778712,0.5736173976632775,0.9595549605258522,0.20965254732449243
0.5896338713803017,0.1078944105329745,-0.026373667681329312,0.026525935660467813,0.5768592163642726,3.1329274298892913,0.76428380349565,0.5505629331199966,0.2599868560020081,2.058722424168083,0.795806591693247,0.14212507753996048,0.6107171063725944,2.782530573465433,1.6280361307014948,0.18901907484433925,0.31841070214336414,1.9361341648108985,1.5727497912567234,0.15547334222436793,0.43158559472768404,0.6583919742932803,1.1364636787722326,0.20146488655638792
0.6395913606083888,0.10193245937758719,-0.029457618406579577,0.027163189945514712,0.5251932272164493,2.425142374239452,0.7593776836802296,0.4882465629153302,0.4030974714044433,3.0352722555829783,1.1994796694554937,0.16577409061153225,0.3353865023435834,4.027918165766888,0.43639291235491123,0.152574636559537,0.37277382845525187,3.3609785010521405,1.6238984187750678,0.16294172534048698,0.49597835832890597,0.981835631679844,1.4184149115594389,0.18665649838076698
0.6177162005888512,0.11309463525304463,-0.017115618377423522,0.027940360166910733,0.5634960436866344,2.160910081179515,0.8146753696080951,0.47457356415137036,0.25134792651185023,3.3238961134634084,1.034383798645393,0.20141248438296785,0.2749183271065308,3.2334834595297,0.41908920379918074,0.15225377831015457,0.3027032087711256,2.6530064036925887,2.384635591415704,0.18437334480605627,0.5815485592524556,0.6660266994911743,1.4006434414879514,0.16980310612676072
0.6220217538489824,0.11004777797303696,-0.03847173403432385,0.02988238690024084,0.5135688712066638,2.0197477606175585,0.7130024667171286,0.476717060998159,0.2844644896864016,2.5017221912684913,1.4413262115115397,0.18643362078962958,0.3451736264803696,3.2651483415454616,0.6801010365496515,0.17842255560861373,0.23091720869926982,3.0391569492518835,1.2471830867257403,0.14779508775291192,0.5426346467949191,0.9051050543400201,1.6733915350427337,0.17937114882244282
0.5894874095070836,0.10341344085267506,-0.01605295509121819,0.029157485873824572,0.6198483907957884,1.3625012619327663,1.211543867566498,0.35584158365954244,0.289578429877043,1.9262204919486103,0.8457127236755847,0.16097579385265048,0.7179508496834445,2.205049961464281,1.5895372758499846,0.14370375218908463,0.3337756984459319,2.825057623293728,0.7941773582147341,0.10555322778762263,0.3977637083502325,0.42569660097458756,1.4229484912557864,0.18335627027599857
0.5152762699430357,0.09927665125721129,-0.021886059095890985,0.028357779093586267,0.5506246069134119,2.552576361683461,0.6871086684973153,0.4845326366680222,0.3831998703228585,3.16221231673794,1.3656974460130564,0.23537175402647012,0.31160091859344813,1.7069950600431185,0.5163405053808939,0.17288932130631438,0.3565951540256993,0.823180280818971,2.6803229543937634,0.14185871511067957,0.459443364767647,0.7059531429918152,1.0679614866929021,0.2244091624983113
0.48798415242050697,0.10304633633500515,-0.03336861753408194,0.02786965129733916,0.5881729405984252,2.9489576367072208,0.9272179859827037,0.5573364515054251,0.4165815556822915,2.4074283891399424,1.0961300687345696,0.1640774584320228,0.5076846417642945,1.5589354932868178,0.8715986640649015,0.13720349463112014,0.2221960015510471,1.4202916445845235,0.7889804101787155,0.1843973921692303,0.506424462812462,0.6525269138448604,0.8786684158350504,0.297973716474518
0.47119809396029,0.11983472846581873,-0.035055436426633495,0.027673145738475787,0.5110950525371495,2.0674646562061825,0.766015438638407,0.4711193530446495,0.3530195204824907,3.5053705385909955,0.9230976536169312,0.1977031363809043,0.6346094468162379,1.4122002138964487,1.843272574318851,0.1131318704158038,0.42207731665330805,0.3718180886741612,1.0041597990590463,0.37072718605017485,0.19319328523002022,1.5129711887546653,1.2080824453126704,0.04634492317922777
0.39629764625454156,0.08630805096921171,-0.020677992330886952,0.0287930112211298,0.45663621351123457,1.6296119567723004,0.6958771168444143,0.43093664506727425,0.5033009825356003,3.2195202867586685,1.5189152738871545,0.23070518044521526,0.6418480285354332,0.934703637839574,1.2252639302616486,0.08996617055200556,0.467638033302689,0.4825123771371026,0.7623366124411397,0.5244401345147747,0.18700525473443955,0.8408532644806076,1.989514750444598,0.046420927612375824
0.5025829602754244,0.12532688107053253,-0.0384683947241165,0.026480775373658314,0.6490496590952315,2.384009532853508,1.2347954922361175,0.4946861067096378,0.20538630090340124,4.509593630690628,0.5501159840836436,0.1665012352759807,0.503848853542206,1.2593252474048513,0.9607915990607651,0.08927509071713004,0.4230273311833859,0.35716843357320827,0.7928141821308969,0.3375945303574365,0.26473899480563073,1.390409715488566,0.6943056136960154,0.06653086710474605
0.5833726600498778,0.11937914533709228,-0.034213252563992824,0.02969945558235713,0.5151978304340473,1.5016560848415208,0.8334858501600682,0.42331077280146545,0.45163484499316475,1.0656090154017899,1.7617727069383335,0.09406434612699069,0.7330655975825207,2.8023425286521872,1.2418327341643265,0.15767894922743855,0.0987749255384533,1.205192767447849,0.7527381232636493,0.10272078802507421,0.5912462768204069,1.2462462659861422,1.0743546492920037,0.23506075766922205
0.5993925007017559,0.12460724364727913,-0.035709742206190116,0.030643508914885882,0.6016406592466046,1.1489454978578761,1.3099670427921306,0.3350084219146042,0.2065548763270603,5.363705074546884,0.48831539840289023,0.14287051259828432,0.31301361785023174,0.20180693713665435,0.947409038220675,0.07277484110459517,0.5293271456224766,1.9383354949882545,1.7224639434656361,0.14989488868075684,0.3123006277141168,2.198152661062345,0.4830987972007234,0.24634941556012482
0.6228888860137187,0.0879902780996434,-0.0188986643272353,0.02802497117587487,0.5504017221922994,1.15216047403713,1.0404655467812964,0.34223102003646927,0.36730999327571184,2.7340969052919193,1.6371369402103737,0.191028504996763,0.408972296817662,0.43571455216766836,1.3515963505618902,0.06312221460235398,0.36510067110482075,2.035161093836127,1.1183485596515357,0.1266707988726501,0.42377785344107954,1.37880293353824,0.6156343221164888,0.2702617894594357
0.6765260810305802,0.10855531605160951,-0.03652764248988529,0.0278403267693491,0.6174721036479333,0.9752673621083896,1.6348221272748158,0.28103439567092214,0.31241114556524735,7.06680361918961,0.504601390407989,0.19655212875345882,0.25801796519212183,0.09686889261740193,0.9843707949181624,0.05469112837868815,0.5010640758948236,2.8122712788019157,2.079459572620104,0.09580222360302822,0.44647654756096017,5.792824962006437,0.5205400498727685,0.2855374493940286
0.6288163921148463,0.1010674921014726,-0.019377383596954862,0.028352261883571036,0.5893848447910565,1.8037274981536802,1.0094785263031636,0.4138245988316633,0.25790930038779064,2.6828584069185966,1.4814926978579124,0.19851799933411618,0.42955945970970894,0.40693312317016433,1.0839249323716817,0.06458192544103777,0.4191640762637481,1.4853361724956784,1.9276257357095992,0.08054863744360537,0.4883054111836315,0.9596993490540615,0.9037570606180809,0.21850146032168474
0.619092528159027,0.11893866187784456,-0.036446786754191725,0.02834923016339123,0.569357423965198,1.1218635226091,1.08924080163198,0.35195063141530475,0.46704336434577853,2.3701405785677583,1.3082671612291223,0.14807596641139645,0.482544107324158,6.374546007882205,1.0607971443381392,0.30362776544451453,0.45575939155104456,2.7269192314186994,0.8177419114305052,0.31273530761365664,0.49735085683922,3.909676733399471,0.908139443841638,0.1567147406766008
0.6292105503238982,0.1102461345911555,-0.02745419463085754,0.02676015331937431,0.5594537191181852,1.045551295825567,0.9305889205224628,0.33921284125635554,0.326637265013521,1.2715113383701409,1.4249428744805568,0.11110204911575014,0.5154105723600911,3.623163729250171,0.7381883883671108,0.2086239967026148,0.37301441109887096,2.582800397448091,0.9884456729993474,0.2884762941115612,0.34463454431687857,3.1938263860846194,0.9076793590963482,0.1558899059704638
0.5287759886949052,0.11719506871673133,-0.031183990852568604,0.026396159089010846,0.5998451067334855,1.4106198917552615,1.0999193898307758,0.38618075400531804,0.34740966689788744,2.8099730998590426,0.8897208972050692,0.1665922106333504,0.5819628781909114,2.962588152168962,1.016971558441903,0.17289258756099715,0.36187695688861254,1.569588278233461,0.7019867509273168,0.34208654516829534,0.44538834623041496,1.7522853015771138,0.9058981727087225,0.18515919502207207
0.6620651932397318,0.11380954217407283,-0.018970402043740335,0.02695522077729961,0.5811432401314048,2.981351944975442,0.8406947528942507,0.5522610451229146,0.17319794012246903,1.2322465004139387,0.6421140512678071,0.12770472072785602,0.5607454185708628,1.5365899347755156,1.215110556895193,0.11573150633178926,0.4442994262108029,4.593948720975292,1.9312761482626515,0.26822729786169563,0.4029681467994933,0.8047712816255926,0.8694891964997821,0.1375120523325706
0.6982229642750738,0.1092765995192683,-0.013684104185935424,0.02989192016312295,0.5859224057736702,2.206787073163908,0.8951739958192138,0.4709983719294474,0.3605370395285767,2.6778630601236744,1.4269638760692942,0.20357531510558752,0.6314268488141795,1.807296075827289,1.5016362960502014,0.1488868453382461,0.19721076027197534,1.426860739058114,1.0927595208311245,0.1655149124950373,0.40443483534987695,2.6029519480578402,1.1400546810920142,0.05737634067856555
0.6758687490835924,0.10069288104023116,-0.017237361898087434,0.0307157089222194,0.587284493236748,1.9794028072392964,0.8759895538063195,0.42611852582358645,0.1650724742322587,1.5006895944072611,0.883111218231714,0.12844453422190363,0.5452266746869261,3.8088920284261665,0.8196555381784313,0.19406444618325278,0.4086805622613165,1.822671782570828,1.3020224340952626,0.14737298769134125,0.20930252808799446,1.2657414310189001,1.2526365330375742,0.1241791248516428
0.6755895068514312,0.09862976394184539,-0.021480992499188386,0.028526616503198626,0.558230697811289,2.0121698666296672,0.9957683471100502,0.46493616182896924,0.1945542879423735,1.9784503460122167,0.9643815937670529,0.11656817200515698,0.45421389930099726,4.6167888613652455,0.711878220560152,0.23952366517971221,0.36086333996182984,1.8125639853610545,1.221559605608054,0.167480558956746,0.17641435252837392,1.5916590601695035,0.8203360709984199,0.1386454653040789
0.7011904554072054,0.08669174402979767,-0.0338547978846135,0.027275345520125303,0.5509014085004559,1.9050267489899402,0.8592458531454877,0.42027185175356246,0.4719547311863387,4.116054671094108,1.0549405266736442,0.22844944726690863,0.6147102897068955,1.0306528392556322,2.005365430358976,0.0822162890188827,0.3404542202133845,2.2280019733627627,1.1401644296101316,0.2334599575838308,0.09275474255309868,3.582138929174357,1.0864754260188374,0.10385623353861972
0.6400210261368204,0.13405317825765056,-0.017227183300863178,0.025546102561135126,0.5956710823245847,1.6060555181283716,0.8982583251094178,0.4286254831625842,0.33590247491036496,4.032454171980565,1.0541439067073157,0.21753307205578545,0.5357980539186716,1.9867597823822305,0.9859005087784126,0.1506901524451769,0.23304910230832482,1.5991465789307626,1.2924709543657893,0.1361709564449736,0.4177890214211765,1.8075322603063366,0.9122375096650193,0.1654488687756758
0.6577102322740053,0.11128040751917265,-0.03435398843380758,0.030305564091099923,0.5916615469347842,1.7818259830818282,1.1939874182023724,0.4205094249573683,0.33651259618987023,2.7093332769537937,1.442682728649127,0.2384405992883078,0.6095911247149193,1.1524104086892362,1.5052978531937364,0.08568159870070567,0.1422672532595294,1.3705974505033314,1.1839407713674983,0.17878213533907197,0.4616201465555907,2.49994340614095,0.8226682508517084,0.16935075834397564
0.6531255147329064,0.1403795744495173,-0.02132985223090242,0.02549947136254839,0.5842386888957765,2.155088404627088,0.8440317054193585,0.5030938718633471,0.21271163813646973,2.670610263873083,0.8895479332851574,0.14727171833407682,0.6205508651375261,0.7723933145096304,2.4737330428093007,0.06493465971442222,0.3054532906025023,1.9505943731439326,1.1289196826171097,0.15915125571198574,0.45028450753767013,3.67057997135645,1.0670955654012249,0.1718636538378765
0.6458480453032154,0.105528800439017,-0.03204406799103304,0.028503621006579122,0.539382155726674,2.624128448493105,0.8197674234320194,0.5199831539175416,0.32520357019273777,1.6922504779013539,1.1096039582508157,0.1252056862774105,0.6422151927666259,1.1455888383784014,2.33693537630614,0.07797637654730362,0.39118659620182356,1.9638460657611365,2.022131561878932,0.12603332360701694,0.30054341483898034,1.6947003931497304,0.5070741602298158,0.2383693704627543
0.649469635159671,0.11448107265416732,-0.028208867212635866,0.025172059890684394,0.5846797006223372,1.0322086966948931,1.0264160432606821,0.34661260245600944,0.42761353589457446,2.2705896225928837,1.1688115109138857,0.1889813901389706,0.5319962291298991,4.842845645204195,0.8763136477722427,0.25855016049464974,0.16999242529501712,2.0511429976785687,1.1729703747937161,0.18572560209459685,0.13514760399588627,1.7239005997681618,0.6381497326016027,0.1602615093366832
0.6140321244381847,0.07530629576657241,-0.033108392775219396,0.032363743634379986,0.5828935933497096,1.1846136075438929,1.2791818872688312,0.30726663270702315,0.13935235655293007,1.3045749586483988,0.5619337101400831,0.12360176973126433,0.48001106242771646,1.606996990482476,1.1906930982081372,0.12434633925171532,0.33557675694136896,2.7074899752484414,1.3300358551106115,0.23917875152881443,0.5292894920732316,1.6433713606587588,0.5549227024457726,0.2704981406833769
0.6350181245917995,0.07986851528198091,-0.035566192098295646,0.028602380600260376,0.5664610688022618,1.0271959871267402,1.2425582331782579,0.3181459156495678,0.2439713113414624,1.9932381522941272,0.6003049325760049,0.12259683616797096,0.6426413729649043,1.6021793803010511,1.111755721975175,0.11883106548258039,0.2654809033174475,3.111595904708221,1.9943527844789797,0.2167764177771907,0.6100453030534027,1.713714235122215,0.5416924159352989,0.26218713438152647
0.6444358963222413,0.10530931679455378,-0.031890247060613205,0.025728652217370418,0.6199475838242545,2.1037610591405436,0.9339654324050678,0.4348155059819576,0.28570109617595263,4.079903392808168,0.7208532769169448,0.19370676199385822,0.4775858504066133,2.910758209337124,0.7300241379972701,0.16678531682119285,0.13094226991624364,1.0550931750341548,0.9247777700306479,0.1770004188515609,0.2994504301745612,1.1490616794435329,1.41820163583983,0.10773778413152062
0.5347526645085803,0.08826573202027396,-0.023240643480682777,0.026741564238726367,0.5730875686015569,3.0406000920764584,0.7625746735667808,0.5262785165675504,0.2710577051881529,1.687341356968191,0.5157839344990326,0.13532949186293616,0.5448230825889083,1.0218069871306195,0.962368943725112,0.09830473688057294,0.31976754551625813,2.682465708953674,1.5931418788809872,0.15847704920292507,0.4907609028042156,0.7056888826424759,2.061581528951533,0.24714436764561482
0.6098000422040453,0.13022544828694593,-0.03481792835825395,0.029090008021615092,0.568616645590672,2.4597701772667486,0.830814173003751,0.508754793335068,0.4126218438151286,1.4330991958938875,1.7418216881462394,0.13128271798171243,0.5344548532619507,4.201891679137836,0.8668599326693488,0.19652843816039486,0.2339291334750079,1.301436254050333,1.5747308268900866,0.10625419856418045,0.309503691429192,0.9444604806349013,0.5291768557030411,0.22844517037538653
0.5130347118185926,0.10878038622491984,-0.030316060605718852,0.026448561842381466,0.5424649014697256,1.8530947973418768,0.9589516830038679,0.4561457584380338,0.1969540502270632,2.836468297854382,0.7499121101858626,0.15989450272867872,0.5647396036945737,1.8310370998402221,0.7964662328396601,0.09789871406378556,0.38679547933654823,1.7059716583870117,1.3156067126074482,0.16993608683124573,0.5339985259172774,1.1935939852745923,0.47485539750730377,0.368694717541956
0.49528881089573507,0.10142828612635432,-0.026808271047606917,0.023742352862588724,0.5946856593512607,2.1868076225738675,0.8387161589249215,0.4521101347684897,0.2969095172621822,2.8630293261151514,0.889694841137727,0.17253353089346074,0.5868943991076123,1.0079746981959852,1.8534110938384805,0.10981155689756392,0.304144329823526,2.1103678573249955,0.8705527917820471,0.15263497258786668,0.5086574328731358,0.9727618568707637,0.5858117244816174,0.3878192960900274
0.5293723531391246,0.11536756915029155,-0.033515181520029434,0.029090623558458113,0.584445495181888,2.693799132083601,0.8382463368475108,0.5321807959529643,0.21456833951683454,1.9829090985659128,0.77638434546529,0.13837594392722372,0.5630999911268966,5.103431251941191,0.7697591562361703,0.2056414842333673,0.46679170488502997,2.792774302884638,0.5904067193021645,0.23987111944303302,0.38695201692959696,1.3999357808370505,0.5302492568081015,0.29219908904452163
0.5103289943110648,0.1215971349964501,-0.026442611082471115,0.025740467583980325,0.5621136662360773,2.079206120560292,0.7677245332260313,0.48333576324055477,0.28837793863030714,3.03751803513749,0.9470352746678014,0.15541649458243473,0.42622334943004897,5.780797255028469,0.9596021553380948,0.3271123850528062,0.47852658982947094,1.9263055729481529,1.054430360020851,0.31757139105400073,0.3620838963148954,1.988255111517976,0.507910668132747,0.2516503768887438
0.5135515982804568,0.09578928142079113,-0.030405667327899708,0.029944030358818714,0.5452551237874844,2.3380028976659064,0.8893392065311674,0.49081598748133987,0.16427218294908447,3.2037402788598444,0.607960435209322,0.1272400518176363,0.5922570540097132,3.9840638086974556,1.077946348828596,0.20674411720226438,0.5213958829691168,2.341690152218748,0.5082039871206316,0.3835124605260288,0.3352414986169802,1.6921822220948133,0.7207808228442449,0.2569643662531818
0.5001702874137332,0.12863675206573907,-0.024256796916372794,0.025921003267354713,0.5533480439246623,2.381174154051796,0.8505973619713466,0.5309183992779126,0.13347812019237848,3.58040654556701,0.7693933988160458,0.18933059204352948,0.50460478148448,5.059353640866679,0.9142217971115543,0.24071364218068872,0.4231588671862602,1.1877046690721593,0.7533472441217415,0.321452643780377,0.3678406778998511,1.4846784208117232,0.4256944583667922,0.19902680443804532
0.579386130162265,0.08600994848626481,-0.026875914174120462,0.02711203120495842,0.5391502179420008,1.1235224493244067,1.1011390711177194,0.3327173839778295,0.26832491953964444,5.85403675467472,0.4897172483952706,0.20758539627618275,0.5819541496210491,1.560978401918025,1.2969921483259776,0.13063221350827733,0.2943448821811064,2.8276913379850432,1.1492390024218258,0.24168567565086926,0.15815426686018533,0.19288707972552815,1.2562891914503376,0.17382187948128647
0.5497022112957748,0.1144658144876053,-0.026618584538319428,0.02825113920681131,0.5867505475724559,0.8952739253197407,1.2192379680382575,0.3133878845071956,0.11383190347033093,1.5984725797286548,0.6868758292830008,0.12017499318507345,0.3772756786979689,0.27785635862088803,0.8800635730537555,0.0739462571642212,0.5494385960768084,3.739683902305223,0.8902287694909704,0.296134678737606,0.44730455926480545,0.6945835113775095,0.8470205033425574,0.18972029758023945
0.695030247111144,0.10598222170647656,-0.03658523235501402,0.027546490155204387,0.6012535174106455,2.447367518662611,0.9154954059775973,0.49418444915043874,0.4459948080009438,2.10532403710974,1.3013011521727005,0.1451764528276068,0.578859935975613,2.545567047968814,1.2452300312234383,0.1527610534247746,0.2685170159838239,2.92831628734108,0.692010794546973,0.2432925961546742,0.4211782083372823,5.855069527941791,1.6012030350151545,0.14366689719421
0.6681501202529716,0.12251426027323564,-0.018304938596162598,0.02548883231196532,0.5498639518997751,1.7330464782750614,0.8701339770148898,0.44319963371955484,0.20763659568095053,1.451229270437379,0.8449967595261999,0.11459000193856818,0.5225193815466349,2.6527101027023634,1.0459805611453152,0.20141858645121966,0.32642841875505074,3.357972217292243,1.3668597826612563,0.18461745547278585,0.48870050121782954,2.8776378742483524,0.928983581134675,0.17155965702750925
0.7024377754653198,0.09568798953366593,-0.03602800168465959,0.029689426855535023,0.5774354834392098,2.09330825985334,0.8397059392037869,0.4408518437674601,0.35020408657793245,2.167429970243584,1.0383742492932186,0.135716470400521,0.5268555685722429,4.6782290312029104,0.8670050549806327,0.23237185643275585,0.25242201524820734,3.5973426772617167,1.1632041073914796,0.20006573371812664,0.46547990775613285,4.332859636253635,1.0301175982515007,0.19353763159075277
0.6489215765243921,0.12335099703603689,-0.027349642896380578,0.028733841349418508,0.5825141364709095,1.4979402905128687,0.9633619533211069,0.4126910774758866,0.26158855690206867,3.982455847860405,1.2722921260760516,0.28832551069548684,0.5568838413046482,0.8785929231132619,1.3669072406149168,0.09082908703382775,0.4230438383738909,1.7662285395749828,1.7530987784943721,0.1581454132074133,0.37976610505950253,2.6519595225049115,0.6286860846155733,0.1536952114890136
0.627665862431296,0.11594654426443564,-0.024075505493658875,0.031041832346136364,0.6450582691368626,1.2031996740174986,1.439548201008575,0.32303755611375073,0.3114499546209235,0.9736168127162792,1.1882348961482878,0.0989315836822075,0.42130169347253044,4.338854954216611,1.0935362159345086,0.2933740053097935,0.21954020135414376,1.4244661060091828,1.7735577558287263,0.12299376505745208,0.43902810055796354,1.003525854110275,0.8998610947401076,0.18310609318192445
0.6403628572618876,0.09660245906941801,-0.025776919448993522,0.028526960618436285,0.53297744895249,1.2262786794551064,0.8450043423771768,0.3736915952541837,0.295357888566473,1.8668089467779436,0.9533005525172572,0.10759715745283632,0.5922858211608916,2.256403071260142,1.3631910670843372,0.16819226058123665,0.4361259851411788,1.755127241827838,1.6812378738548397,0.13650185094585932,0.27390806219748376,1.9545809359344535,0.5619158052174679,0.22228295939778117
0.7037369716959699,0.11036275503903549,-0.030235776150147192,0.02837907480168754,0.6137763059754833,1.9734751501985992,1.0628970485235438,0.4456776956469196,0.19478704984786085,2.7219618115800897,0.8670512931016403,0.1532473212373709,0.5293542974107842,1.0862252523107252,1.3479379654808794,0.11736127539384371,0.2693262725590594,2.044670360426209,2.1966349479116367,0.07864200837913761,0.43100070886687153,1.3250213003195022,1.8949719689684863,0.11944913368814539
0.6363672225796202,0.11397612254825465,-0.028910635630513184,0.025076671010546517,0.5803337611768816,1.6607859237836262,1.0263656755876562,0.43188178829381085,0.5579818697369775,1.8612502557932138,1.793899977186427,0.12555367903853504,0.5663370059062925,3.4776546385751277,1.1430261386412475,0.2379472671274842,0.3543440233035314,2.9725135172045785,0.7839633097751432,0.30091378615723546,0.46306951674498215,6.391096079785613,0.924915823031827,0.16404506060582588
0.4105866802207774,0.10980015968417053,-0.02579170348719299,0.027796261299773244,0.5733955923108844,4.119999585534544,0.7339519397256467,0.6154908202251371,0.2465423247267282,2.740235524689949,1.0915030213928387,0.18695518223081153,0.6082985835379079,0.9874528488300643,1.5374698010184205,0.09969169215917661,0.44102227912195985,2.0698914723719475,1.3187192563443983,0.2240969963729426,0.24962289199536916,0.10978235903672817,0.6084286091045272,0.34632311190035253
0.22911137327761646,0.11324328720048117,-0.025271699791538288,0.025530027312580982,0.5315373251315878,1.509054876653591,0.7570434784093331,0.4104688621444602,0.28517604360327886,2.0490466158033454,0.700099729172432,0.14024101402411496,0.6376993720707159,3.8659432189133702,1.0936046945408666,0.22111686161474034,0.27284028258503745,1.0517485828724251,0.9806533726228351,0.22235767036382806,0.5498925553425762,0.45481983806503756,1.2795393408273834,0.49276116084732086
0.27368759395567643,0.0920370477860517,-0.03296779982424713,0.030293675871977635,0.5534728671811404,1.4352379197317873,1.007800603988883,0.39071030539251367,0.13869809686738022,3.125844522228627,0.6409029893199489,0.13491628108644532,0.47009754760257133,3.295147234931303,0.8730338319677347,0.1745137877409954,0.4044892791199533,0.5763100323067633,1.1816793663983793,0.21385891140104143,0.5579359771648885,0.1497292196641951,0.6506285806480031,0.4473373713999368
0.6520131544467681,0.0887483928820876,-0.0337671815080875,0.027979488342576648,0.581827412733005,2.377501086470758,0.8205407824161035,0.4653752703761451,0.19910985361664044,1.336233523272664,0.7470873469415377,0.10522817576376145,0.6191274781113034,1.394690717089066,1.356310046376771,0.11863751610117484,0.4359186144076936,5.160343807288487,0.8560840385966709,0.36839766659985007,0.33101043336405345,1.0516225002385897,0.6468251353974883,0.09811541447910725
0.5939798547082856,0.10874397057616472,-0.03806583718559599,0.027576047318725636,0.5905083981761642,2.66329453073077,0.866124949382987,0.5017669059389412,0.41682518189614315,6.365526426060309,0.7195210616855136,0.2227681070065955,0.4875768724318708,0.8321570271312572,0.8245590592757659,0.0971491205290673,0.23927957078741383,0.9925885870333966,0.85592462124465,0.20902211632699183,0.2843791545668542,0.7981885135632688,0.6878064027521548,0.15185887748087842
0.6022407260395588,0.138984443659455,-0.020081453985123825,0.02889260462714987,0.5676524165932528,5.070535498506615,0.668377310949219,0.6770756679050116,0.3070129472486368,1.7411001821554375,0.7930564959586289,0.1235123877934344,0.6337298943616113,1.4484368644621823,1.5644487390816402,0.11158219768180022,0.3935782375146912,0.8618230797005499,1.3922684215038243,0.11522812395874218,0.4535307082614613,1.39240687136903,1.1171805068452394,0.1584507890934624
0.5886183932757357,0.09680918924932434,-0.02892530101964087,0.027422181666128368,0.5909159052501034,4.556846208193297,0.771097757552673,0.6215799864915612,0.5322071372251842,1.315850899329647,1.4818842246894142,0.09073690773036415,0.5349216716196322,0.8176366661207485,1.3934164971108594,0.08473931399901975,0.2037854157649671,1.1827761942862016,1.6947552652126612,0.13556868663783894,0.32505127609893897,0.41324132839645683,0.7827545181822118,0.20976410292598324
0.5900943573227019,0.09017862150386345,-0.03430083785831817,0.027744293759904354,0.5894465187685501,5.0023788257849455,0.7245935827917277,0.6314802082543116,0.48521531854499633,1.0803634656899996,1.4613820344638175,0.09126863196582313,0.5253855522210013,0.68409090928829,1.2651537612122115,0.08049620009766315,0.20261576860463676,1.1646704679034363,1.394343840279014,0.1349247758364793,0.30222465567632567,0.41557875365198815,0.8180402300137507,0.20525000061016885
0.5450373642594865,0.11167195295985574,-0.024117099158901863,0.02798845338700868,0.5816462074146851,1.2710341173061892,0.939539229325637,0.3920793865242733,0.3645025042099996,2.550465953337981,0.9155144926537611,0.17326568995092825,0.5066154243873539,3.1927218495016754,1.0554408281631704,0.21339916235682313,0.15867237400865075,2.617999838765825,0.7372001695344519,0.28806601055493203,0.3414265969274862,0.5701054105670412,0.4825733549341005,0.2255454931912598
0.6523043393528786,0.08409869850860487,-0.0265670229424887,0.02734092363773037,0.582840946084823,1.365706781222227,1.0923645161553666,0.367991537878582,0.41118171672722875,2.5293701544437144,0.7742960572318879,0.19218132356824472,0.5785085854679872,1.1615602352631886,1.1059627005345822,0.1079488244684209,0.43141578252169865,3.1668040445326335,1.3663489127336683,0.20984470575185812,0.40306717646200596,0.8844808707753398,1.0344314598929052,0.12857417499334997
0.5324016766379394,0.10794949550473408,-0.023105429925893373,0.026340808543245622,0.5791920111076347,1.5661418753594025,0.8331264648184152,0.4177807299761845,0.3209605013767788,1.2983595671861305,0.914732472988934,0.09823270601064399,0.5018045624223197,1.0834525781769813,1.1025388378615844,0.10890637761529791,0.21160291931943043,1.8618173285613444,1.1757695104032986,0.1659483550583637,0.384001824101205,0.48325639829559086,1.6865054575192826,0.2209297908893831
0.5500444313251031,0.11912177291601751,-0.02175551939358765,0.025638196152128916,0.5530580772123626,1.691953527493909,0.8785769247221448,0.4277960037655551,0.35640315153538654,0.9534844975275742,1.1041010341064248,0.11035390066072912,0.4036909374308193,1.148722124943747,0.9072749860380613,0.1243343209339212,0.17998220705442686,1.8111762992937266,1.1126733168960026,0.14618997013622384,0.3169429345692626,0.42410242630000433,2.0984468787998525,0.19296814069657509
0.5245710384795974,0.10610683105216662,-0.032985161245455516,0.026359764308723884,0.609690585915601,2.212087167277157,0.9427463874074419,0.454909869262252,0.3349408256718123,3.9726563425867223,1.2034743072636593,0.22984383802405017,0.6108526061645883,2.1723240102964088,1.4229979187317308,0.1546794995955584,0.3413935134959426,2.728010576522124,2.0180045144476217,0.15445935477722525,0.38499236649934687,0.6333803240824927,2.9330151047934767,0.2667407303185214
0.28557459236252797,0.09633873092535387,-0.018280141852503536,0.02906228963311723,0.5542536425177634,1.2555270027656535,1.065363296710703,0.36304901223592534,0.442202459131082,1.6776493018007776,0.8708929788111411,0.13041982411847633,0.4395226002361776,1.8254271664181663,0.9008442162014892,0.13853114405852654,0.4209334405342036,1.370101895632944,0.3618506212406452,0.5172647026887264,0.35397135589986284,0.4805885012583739,3.0592738973061127,0.26023416137236965
0.34246428817915214,0.12109160285345283,-0.02449025751693343,0.027543564056496057,0.6053631688392745,1.2809552589225328,1.1388074244754778,0.36143030650287783,0.2854808680077469,4.725761250257271,0.88307336010622,0.26890503800951565,0.6503407401215339,1.7916744927929378,1.4733055965981328,0.13882354449471024,0.3597665288583105,1.1527293198026767,0.47900337849563634,0.4120221654662063,0.45662995934334094,0.5507261732975072,0.9982509879003415,0.2891746386352586
0.4874557993549969,0.09218038233815716,-0.030957982335792455,0.027361581359108975,0.5746066159775929,2.5030931918875026,0.8463180346532678,0.49585263327060797,0.37643246774910694,0.9544500947750235,1.0446837747637379,0.09610673507911285,0.48875140131225836,1.076519223316286,0.8254221464558527,0.09534745592949861,0.45808634931426784,3.1053453583685893,0.7968177078029578,0.3440839011787516,0.39328586034013296,0.4566311135049975,1.2477388261330835,0.21964720983220518
0.6003765099812528,0.07613931051572156,-0.03274566000106224,0.028836935783732396,0.5979230745312177,1.4178297727345317,1.1441545080092301,0.3555592220227229,0.3514276777564757,4.130841885376784,1.1205454772263514,0.2616895984169341,0.5076300679937533,2.794606417883813,0.8349573254025942,0.1454095089608508,0.409553738106005,1.7188484299605868,0.6180516321090602,0.3713612685027535,0.34608511800999,4.352781113638232,1.0742254670941895,0.18562559238886267
0.59399997016104,0.1050945500802927,-0.02766116651822853,0.02552862562725004,0.6008792051334205,1.5290590508594668,1.151405078928178,0.3747346709432814,0.32406653919381967,3.5532054642850355,0.9014867824318502,0.20911044045220734,0.5233502538176762,2.3529601652167176,0.8394614278911194,0.1439340609898642,0.38943702577430983,1.657158977365965,0.5583882315486036,0.3118775843376695,0.41689345495811014,3.1226412626904687,1.0532279369972601,0.1512806363329904
0.6153387464556063,0.11550645767653134,-0.027675540720482526,0.027586783843421954,0.5848148336177771,1.0973212054387695,1.1172789829368708,0.34301630786636106,0.2838752755567894,3.2996989355016035,0.8504160097698472,0.16960860800999997,0.5678591679621721,2.534065490713993,1.3539512917422882,0.16603798152426757,0.3618223282275228,1.3060039708321791,0.9605061794304272,0.26558091215569646,0.16678970796302453,1.5322996910079811,0.9517795029674543,0.08921815073797558
0.6363381917326124,0.09938274135934626,-0.023953601528103496,0.02626809207024228,0.6022224106526407,1.5980897477547524,1.1920953919358435,0.3768243667216417,0.18768858936294505,1.6423397028478244,0.5764999862368719,0.1264700957442612,0.5284290170011187,1.3266765060867596,0.8263663008777493,0.1154193974312677,0.449985464219279,1.9190558158079902,0.5796298444573939,0.29806457123460667,0.05987166354345079,1.736003180493237,1.5885921991885903,0.06553251185791165
0.6133753892030054,0.10800411096477608,-0.03121747490716954,0.027883991824503587,0.5618676497498825,1.2988878694315753,0.8936741205613296,0.38459528656796776,0.1556434976479943,2.8137538360456853,0.5355706387490402,0.12749639027542417,0.4766842856013204,1.3952012399488145,0.8851116720617712,0.11342702709994891,0.2298679927809246,1.924289869696716,0.956557485534798,0.323997211136991,0.2876267732494497,0.8743964113594366,0.7046276379556664,0.09247387887259019
0.5798631754198047,0.10773275868785757,-0.01816650382141144,0.02662648085076268,0.6049438408694288,1.4375571272580903,1.1854372302259364,0.35563852242305566,0.2860771173651215,2.115797594074057,0.8291417261703441,0.12425112242159855,0.5449692369005604,1.308697471396211,1.1661276501378,0.10593325616218977,0.4549139737847553,2.845562464627157,0.4532229608055786,0.3424865935046825,0.16884583042006926,0.9007420598153657,0.7414891381707798,0.1310618549771313
0.566032730392763,0.10310571837501802,-0.04223463059741354,0.02779407088601538,0.537561194113896,1.1055655567541636,0.9178787047863601,0.36093706095245986,0.37860807330886703,1.150998751553431,1.2745402466239961,0.09468735065369777,0.6292338082836839,1.3152176504085629,1.4567187347671382,0.13243272905055975,0.28499303747796023,1.9799969268045485,0.8003404103214776,0.36794963131582165,0.1911463256305962,0.6602038679675779,0.9163689300678006,0.1167221164580652
0.6061947356073673,0.11175126750090598,-0.021194490601529798,0.028984233308873522,0.5784199577649856,1.5548267603835995,1.104130062559705,0.40691586377571753,0.34135098794137336,1.0579139148798369,1.382607440127618,0.102348451076242,0.5097521783162905,2.1751453808927557,0.9571798545019459,0.14374109291650555,0.26661833789322087,3.7593083658374384,0.5594672855263215,0.2733928444975696,0.7710030281892736,2.700896573953004,1.212721661021482,0.14648351160382048
0.5500668946343066,0.10551532099499283,-0.021542357548502925,0.029217684897982463,0.589787048723454,1.840077468480801,0.8881994456081943,0.4355671311046344,0.25317873123409296,1.3323139011256893,1.2044043495794734,0.10840304890036485,0.39981923299041666,1.5715377136155801,0.9043211602158224,0.12909796829820286,0.3280271723161565,2.2753418734309014,0.7142725525256078,0.33231118241549434,0.899646934173911,1.1603980867957866,0.9102656287795297,0.13241036280705218
0.7221134604231914,0.1018921728079741,-0.04172851639761675,0.028230708594950114,0.6028233227362375,1.4449586193259791,1.2497594289946323,0.36556291210704916,0.3333504126800074,6.718967509375339,0.8227493585692603,0.3025709018218066,0.35000779816488314,1.684523467863017,0.711715908151019,0.1134225541327105,0.5200741604191026,3.6931422256111532,2.1655951464569365,0.1516396794572247,0.014261445374106677,0.6296724843575078,0.7351179292649536,0.0928205645371936
0.6614401964706982,0.11923753581246882,-0.01696111669963575,0.026703048452057662,0.5588661510204159,1.3717538794041737,1.0125265553762868,0.38590120890975993,0.27253008165732073,2.883655141146638,1.2448893981265765,0.21836752361430034,0.6544267799673706,5.2633368794142115,1.0071393565203965,0.3262514904490388,0.3414657622348631,3.458371139899516,0.7604767200165179,0.17495986247343226,0.02089851850109256,1.0387583606388577,0.856507734020428,0.11587445849414478
0.7260513771228412,0.11404303207196097,-0.03505585758037702,0.027367091526640314,0.5731913951277912,1.3278612829660839,1.0597904988682347,0.3719889756254272,0.44158527636216055,3.7533101179832347,0.8609263391943135,0.15112830438437955,0.45005288056785614,5.967024628603963,0.9925301792687171,0.33896393877691433,0.21207472413985298,1.5837545724445845,1.2541632015847368,0.11805412935573939,0.11289856903337525,2.4482562154489527,1.0915152259276244,0.07725287022326044
0.5441456481635258,0.09258511868605705,-0.027119593003164265,0.030994659510036035,0.580164803038137,1.6346755932047425,1.0205937922846036,0.41134361631011535,0.42432191776117645,2.0328053433064324,1.3352802784573314,0.12937358027734638,0.4053568758336076,0.44700143621571237,1.4989674677248173,0.0782248597733929,0.4099453753539903,2.4598981812755887,0.6001841622342068,0.30649554222526365,0.5842796902226164,1.1613691565999047,1.067585800091768,0.19070755542807516
0.6079742732321848,0.12269452812756032,-0.020035447730122037,0.02987960407397012,0.5660320876000232,1.4418615612659766,1.06982509541311,0.38632799373106075,0.1946550751089488,1.9437858553635299,0.809277925366236,0.13492845863430777,0.6202927442592033,3.983264936462194,1.116119781701888,0.27169505244528647,0.29656625213701976,2.10663524732345,1.138572856181036,0.23993392611660175,0.30427471119974214,1.0070249286599742,0.726818297073723,0.15282635697207744
0.6389234366579994,0.12127388903493061,-0.03263629239466376,0.02497326591096027,0.6099277675806545,1.545015534510214,1.076332950241417,0.3839606803698446,0.49916744957266773,3.588610415032681,1.1262095625377162,0.19643289999102714,0.4864935214727375,0.7664736650136137,1.3125187350192749,0.09736935181002494,0.29698502865469195,2.3680905105253482,0.9175863999010212,0.3008926544189144,0.4265420735625917,1.9479413129786591,2.0186449239463236,0.08604976213356645
0.5875664091629351,0.11250310887210112,-0.04161554927952601,0.028884551608359853,0.5686801912570473,1.6361050154146983,0.9719278744054286,0.4082800497266467,0.20345482739246523,3.0374694645713722,0.620779695315094,0.13920253154975723,0.5670715192410779,2.2548082356982,1.4108755058216984,0.13554237432886748,0.3151253469513293,1.619521542365908,0.745746631522064,0.15133824232235124,0.4900039291945561,1.348438387019909,0.5570552225130266,0.2717531355230137
0.5777632125931886,0.10261807292227135,-0.02552829648989779,0.02920482317454101,0.5934861497341125,1.3792366489901895,1.0741977075161884,0.36498360868771357,0.23887860929256657,2.827695563310744,0.7157487328676324,0.15263628738740267,0.5702208145455283,1.3748433720090258,0.867512422799984,0.10734062480493706,0.4394695933694123,2.0190549903950163,2.5831912302292492,0.14436031655435666,0.4340353660619543,1.058904354196127,0.37293940069185677,0.30301347549745394
0.5337741493177127,0.1045843738651972,-0.030266411974646627,0.028322580697605123,0.5625119781570066,2.580469251551295,0.7829591846608688,0.5148662599478426,0.11740659078332588,3.0075298530129073,0.4369170960713875,0.13113665934788435,0.5215637763609906,3.3996359265162432,1.0434884816412515,0.21958361913931024,0.3604749215396289,2.0498391935574936,0.5640837919001883,0.5356707737643199,0.39902271248930915,2.7351817249140145,2.715582717989237,0.08094223743834764
0.42910481010933493,0.11965997550640484,-0.025540517247868395,0.027096483788516056,0.5711045987821727,2.397726753538988,0.7320831875669371,0.5094286963818395,0.3064988668474771,1.607238100958249,1.0588197566620752,0.1368293654909608,0.5074854931444185,2.4382249822804436,1.1626573174841344,0.17586953000589595,0.4153718334038307,2.406596220271735,0.35665803857687306,0.6885692762332445,0.3562565739245542,0.6896294190954119,0.6651793881414397,0.04974812399049343
0.4376807364266752,0.13094991527703817,-0.02416735622028176,0.02716180217745877,0.5837883445052326,2.2424911948542245,0.8699130033108878,0.49765685438772966,0.2997556336529471,1.6851701332347488,0.9437464620036403,0.11946236207897255,0.5309670764500154,3.3990325102538526,0.7585170900907058,0.19545757358637675,0.4266235018915886,2.4895588761221705,0.3468571622577411,0.6478394665572533,0.37717412666806144,0.7384606298015893,0.6912259127709157,0.05584817830936254
0.5829953999178632,0.11430580749255384,-0.031807898821130616,0.026299294898571975,0.5823550170102847,2.4162310381586596,0.881152159652086,0.4938632756269541,0.31428056922393155,4.22908353034107,0.6746072872814071,0.18666758397246253,0.5854965968314333,1.872147332999655,1.2407097833583487,0.1203848115902782,0.2041147628554166,2.1726506594337307,1.9046695935778297,0.13796407370368707,0.4051988721212579,2.1813451144469007,0.3718733350160548,0.36727667499207967
0.5454224175981379,0.12012824476437695,-0.02540384867392527,0.03144158615826756,0.6078773061657207,2.5124076143406198,0.9335622231755335,0.5053984195280531,0.2766552107283834,1.5053157438292373,1.1403089784154188,0.12026404197022826,0.42907869951917366,0.963322819662007,1.031405923831817,0.10337427571434517,0.24963835056385683,3.0192884103155335,1.2082778542719377,0.15386988328178405,0.33550680095163565,1.9790776906685212,0.4630865351686205,0.44519957998515874
0.5696908779827213,0.09985055525233642,-0.03311015643774403,0.030119483894326997,0.5484132110165783,2.052388822942635,0.8571400170078768,0.47521609203310233,0.30600298311614327,3.8506234258195966,0.7809696866178714,0.2011022639995055,0.24883662818719013,0.3053657045826726,0.9762621394178733,0.0786707108654256,0.5199334845171072,1.9147954824750324,0.8329828595337772,0.18033508912670687,0.47443246061776695,2.7254473282981952,0.6177283186241329,0.3260925108487142
0.6380481886310793,0.10681176492635196,-0.02178555612118511,0.028485796410059692,0.5254277465773219,1.1400609735279719,0.8802250830249672,0.37087809426882473,0.1927722663838935,1.714088206188939,1.244125291508356,0.13626206698223894,0.4831932147762698,6.343967891652131,0.706830501484698,0.2215860714042425,0.5533203391719398,6.4901193282416045,1.3476847387071347,0.3616824597127081,0.4533975761683018,1.1927980862572192,1.3893640271955534,0.15798738188265332
0.6127258400586097,0.10449470010729921,-0.027193984275089938,0.02591986825751183,0.5734273552380255,1.1912766344045969,0.9992580213415039,0.3494206351502785,0.4269120114095309,0.9639900922492658,1.5015335300313688,0.10039816347046164,0.5414195517568845,3.784895555799491,1.1608165940557247,0.25677984932270703,0.33380655869907006,5.932066658137249,1.1863515480856202,0.3975106137405717,0.4838494255400317,1.0648779102349948,0.9506318727640186,0.18679454402954265
0.660454402559011,0.11266663192699224,-0.020831659946236793,0.027790607879475147,0.5788691082135843,3.613827468383768,0.7875435486858171,0.6056871463521776,0.2819050605970016,4.600373961936928,1.1612141813359877,0.268342128674212,0.6157355581473034,1.4538509510421236,1.1475378688975666,0.12006475706608499,0.3242919305901081,1.9000207255172517,1.1330225664961913,0.24737090937942283,0.30684831101357884,2.439509686869691,1.1251060824760308,0.08000377389959201
0.6436979948683362,0.11117516196557264,-0.03627891544627949,0.030215692582168132,0.547613352077251,2.9201752304916875,0.7466927797448606,0.5147466107426515,0.2991973928066957,1.3220087771152342,1.2016130177104762,0.10981005017727305,0.43757018932997627,2.339876945498956,1.0111728964133935,0.1943026130679572,0.4036239296824789,4.503323756793958,1.1230353650695424,0.2399681403305125,0.3351880318169415,0.7258073524218329,1.0312061092274318,0.1468856069232006
0.6063725282913414,0.10284004778012203,-0.04028378791955835,0.027132086283820092,0.5936471411148813,4.48933940815507,0.8220476961997558,0.6370310075759894,0.34010851263133485,2.819420927239168,0.8049131415901855,0.19343217108246546,0.6159801451830657,2.594705601645751,1.3723419490919384,0.17833759228240267,0.343624251467279,2.060597632904749,0.5825144077742599,0.3013363760347129,0.37298874698155093,1.5245055553715987,1.520647096597148,0.1123187990828018
0.6028137462357287,0.12198032821597138,-0.02714799035549174,0.026607643440625404,0.508442674143969,4.017924662154094,0.6291830788643555,0.627302503021862,0.3445071790452009,1.7803098288040995,1.0168267550565195,0.11243659117444642,0.5831468920843947,2.6321075256458033,1.2064282099263506,0.2064912028255677,0.25189491406015424,4.166584170866758,0.39376104534180506,0.35095043193784764,0.6444126473488994,2.0700115953884617,0.9313826107841136,0.07581945095639085
0.623284094124081,0.10727270309961735,-0.025588302707293464,0.02481213953073416,0.5924584041919027,3.373806697201127,0.9121088787137918,0.598334339514608,0.2912935013367928,2.1581876575354513,1.0458979715172247,0.1415065973393553,0.4530593442809689,2.8763947832660848,0.7996205779644373,0.1992582128339381,0.4104087219854523,3.8242257940030795,0.9785332156904636,0.3831895807836531,0.2450289863881332,0.6071249371277466,2.218140057311873,0.06711554256518142
0.7125879618808968,0.10441346970054342,-0.02427311452920012,0.02640741071952826,0.49893331307054944,2.904723374331019,0.6075752404531972,0.5235290473817865,0.28084076330122154,2.861674710472885,0.7869376101965398,0.19255226547535767,0.6098886074018742,1.3737360477218283,1.5858679472552355,0.10532344343730868,0.3494684738839468,2.536544349592091,1.9446661954512594,0.1532790772548621,0.44194556506172106,9.983017681987368,0.687758095261042,0.1614968711566455
0.7228588726815197,0.10022304728827347,-0.021382762704023436,0.028972202289526572,0.46353282799915596,2.8586069161390104,0.643380621492765,0.5179362863901462,0.4611791564592878,2.9459013085770676,1.1220592611379987,0.18693666218275604,0.5939553377601872,1.0979102708395978,1.3674767363165625,0.11664215868410897,0.3627900212120835,2.746934619312259,1.5103277839600038,0.1478282504012844,0.43872283726360595,7.890255719468151,0.8359509872716011,0.14448839008509204
0.6933212241663848,0.11229142427746895,-0.022246467278017563,0.026606021270600827,0.5180570794901821,2.093478940712862,0.755930039733475,0.48294491854223043,0.13031450598365008,2.789767507669915,0.9713407580062303,0.2083571026645863,0.4838272282747422,3.639231756583805,0.8569658250347886,0.1831172116555812,0.5182411869849171,3.669896394086425,2.057365203620622,0.11351004834095767,0.16826274613828618,1.5189876814621168,0.6241134413362194,0.17759635570149723
0.6816281825341695,0.10465707205621132,-0.0316068166908727,0.025065393195896422,0.608672372050489,1.270371790977519,1.3097607128290158,0.3234775398128501,0.25911204956989153,2.6245700647260506,1.2243758330255516,0.17207809195363613,0.6263277409063494,1.4532348369882493,1.581069817192142,0.11597049704062569,0.200518578363022,1.4505369103430297,1.9632194846922584,0.07672306958554757,0.5041389708876843,3.141235233455165,0.7496801930485344,0.22915641264286585
0.6833026262418506,0.10843837237343937,-0.02864275227944049,0.026003824820427787,0.6199756518126812,1.232388653383737,1.3636474278897777,0.33763137431301177,0.43242449303319314,3.3547368907787702,1.2340406751509947,0.18670407046875104,0.5879429560771066,1.6890647556555138,1.4872918990652337,0.11526444803813343,0.15237695836499693,1.0450515679044807,2.0118012282316635,0.06922767222586525,0.4392349789807153,3.099802421152537,0.9269174852272313,0.2238260035710307
0.6690916638285531,0.1069017485685927,-0.022842326621301243,0.029171700472724865,0.5843491061431461,0.8790463829553065,1.422913101881679,0.29708770396421164,0.36890903791229573,2.644661586490805,0.8044767836622503,0.14322424086867555,0.5569784338168128,1.0812205121500489,1.6400297664367696,0.094944592598738,0.40135677467412534,1.7773566785701513,2.489478742915052,0.046047015437970386,0.4285433687116053,4.466131920060999,0.5429543591227607,0.29234793188284897
0.6564451115417049,0.09120551352140017,-0.029439197019338843,0.026357813930444295,0.5989234252351665,1.221259152093953,1.2008018678325902,0.34325011529752947,0.47318999664696804,2.1464823018871386,1.1091905287808368,0.13908555847133053,0.6026621242620815,2.691767137814202,1.1469537570247414,0.1415561931509552,0.4301145678923762,1.9119755611315667,2.591272818983624,0.06350098277326408,0.5220286006478072,2.0269213409156923,1.0556582800099044,0.2543372415211309
0.7341029645897785,0.11663298660065873,-0.03882558566354237,0.026209093548420735,0.5625531827511545,1.4590665805417702,0.9024183882186882,0.4051858323667368,0.25076232387360486,2.004820346708118,0.7338419109328861,0.13143564692484488,0.5488168315614245,0.9102923804665923,1.7043396748037423,0.09682191675933097,0.31916395606418213,1.4927729170331887,2.8776230596784083,0.046215296647823,0.17481948954747664,2.811117684362695,1.0164770645935652,0.12315172274793995
0.6456742999476732,0.11514011133587655,-0.023527018864524313,0.026089801604731035,0.5347761865497989,1.5744079676630582,0.7832472863695634,0.429193666528493,0.4106869484320311,2.8837719160851405,0.9222165722346664,0.16561777122475668,0.602628747261945,4.787184019169708,1.1766946298163832,0.27204868092915035,0.22192362184700293,1.374495390707205,1.0648741226541978,0.13724142425944033,0.13509326005458325,0.579727854916132,0.6209792063694392,0.13256399227965238
0.668113633035268,0.11588829287380313,-0.03182971444739132,0.028534628121154225,0.5388746266499668,1.5812725975218784,0.9016063174938737,0.4104018980370823,0.26105640855072765,3.3373057446925225,1.2159723480420954,0.25470610537355276,0.5304819859978571,2.0510965920312865,0.8882756200300673,0.16091517137614886,0.09559919607927427,0.998917087007705,1.4253792732692594,0.08238146634566018,0.4979457866395937,1.401046327327984,0.8784990370742292,0.1498446772659746
0.692961237700629,0.10011339744258599,-0.028981244716410032,0.028856170606053375,0.5737163958088668,2.3436625548011203,0.7500275907460395,0.4928925828775026,0.15010314959147822,0.9129697715573268,1.2714188078609072,0.08854426151695745,0.40794195548217566,3.5021736049655496,0.7336794115079183,0.19560428802258384,0.14086278323546628,2.0700878492862302,2.1750403958157936,0.07927886633941597,0.27201990481827265,3.4204715873088882,0.5785354424080557,0.24447060816207947
0.5591974807125611,0.11188184175180454,-0.0255500353939033,0.026233693550257772,0.582046917085448,4.074506741823435,0.8379087944823461,0.6275436129147465,0.48398496018415194,7.213607334789441,1.078823569775923,0.3494913256289229,0.49450577664275414,0.7815251357916623,1.6518539578950309,0.07670296457213588,0.3693442403412912,2.966252218138448,0.45374188097917234,0.4610610646386057,0.15196304122344106,0.9767349894553087,1.0262282132769895,0.08600445542938111
0.5709533742030665,0.1172869945488456,-0.029549227798836595,0.027953144176941322,0.5525772021748535,4.0871371519634465,0.6622349872667861,0.6154179353309553,0.34941406894609517,4.541986500611534,1.3022549126184546,0.3041192661099675,0.4883446791781078,0.5989661787733082,1.2694018185336593,0.09137670684945089,0.4975577401013755,2.9850110519009068,0.6521256018978762,0.4023263030458708,0.1998531584407143,1.1847362352223243,0.9533255252220243,0.07830952768443654
0.6182522661780339,0.1017486852195041,-0.026728080148429156,0.027640326971187457,0.6192188420573268,2.6616533018799786,0.8663250854335571,0.517825225820218,0.2421295316187886,2.214060127881816,0.7448099557239799,0.1329226301321046,0.4669417494261309,0.6602189341265278,0.8490467673436535,0.09675310090277206,0.2963863083639986,1.2884304660409143,0.7845491906243911,0.2526271826884514,0.5402870414171598,2.7080395884371105,1.6052107580923711,0.099398815604655
0.6666335182052573,0.10803971339937045,-0.02311321109187358,0.026720311280206757,0.5972102788465936,3.0902144653815866,0.7989509759613735,0.5229947574313483,0.3546929934062246,2.0599417664962716,1.021193871474933,0.16355183882373375,0.5631825159926673,2.1758557888205217,0.9120241516123315,0.16686732663093715,0.25743517224996265,2.80610741261028,2.1059383464700265,0.1139651435282357,0.3095291381372136,1.73622008356717,0.785237060784736,0.21473466181636108
0.599715045403542,0.11019182198733508,-0.027012361580106406,0.027035618007918524,0.5678906174484006,1.5267393807052154,0.9265620293010749,0.4159114007520979,0.2358068210766959,1.9106443349253166,1.2811404007787024,0.13701609851400962,0.5214129962541791,0.9514525307960738,1.613269364269122,0.08927006616914666,0.42586465092754927,0.8302510693879469,1.2453210540382542,0.2217536834439379,0.46817952491669723,3.268724333466569,1.2081239740540013,0.13949726009802646
0.5933347215642477,0.11968429331101633,-0.022845049001899122,0.02703223019202642,0.5975300397604345,1.6464948457013624,0.9334275994723438,0.4122420807162793,0.2435019261965675,1.053960159608219,1.0108792211362156,0.10080580451265361,0.5273594992014841,1.2717431239938113,0.7974911931293859,0.1266891755809384,0.42618845358555746,2.426644177564316,0.9837828494536904,0.21714947533359275,0.43249241915288217,0.9874348434185701,0.8662162116626795,0.1652414692619745
0.6028545205500687,0.11737576981079202,-0.025149368666595437,0.026529055372478454,0.5637035183777177,1.5625848533835205,0.9442008640728988,0.4094544247814734,0.23823570085753318,1.0211120932704212,1.0607021575849007,0.10428577194009044,0.4942739131419815,1.485055771368633,0.8155407310153558,0.14840734648624598,0.4075403502732158,2.560604218968727,1.1048678515641368,0.218017232704149,0.45074813619123005,0.8648292101511752,0.959735314770527,0.1566133021157118
0.6146427988940276,0.11481314264376478,-0.022788179632419085,0.028450020368591372,0.5988426420432564,1.930645311872698,1.0792756043704959,0.43496628446957275,0.2991626826041306,1.427884096637805,0.8087456420476254,0.11957789224961203,0.5356027617965426,2.5044325513237866,0.9132921205449993,0.17847206122190667,0.4829872719747643,1.8264378802659234,1.0931113513516926,0.23140496251207,0.3516175601798488,1.5710495141841692,0.919295184233513,0.12490188809706057
0.6414275912209896,0.10949078758774708,-0.030841076184327142,0.02759642497778817,0.5596132222705915,1.579901936937517,0.9342521991372784,0.40195480864504896,0.276027594617964,0.40837780607719176,1.695906395422842,0.06460717390093952,0.6072421621500014,2.3829370433235644,1.1312514621918992,0.13844724923217078,0.3288822549909304,3.924303431657449,1.5272279364268035,0.2049116248546174,0.3235408415114999,0.5329516959461089,1.3256694240194822,0.15149333318678757
0.6454672767186351,0.112492678485541,-0.035498029982376424,0.02779644572682017,0.5757706275111854,2.087504826029734,0.95715901258056,0.46770498460439336,0.24483791790734968,2.7574229449372063,0.629311740226591,0.14827353456019207,0.5167056867351019,1.0603591885081745,1.4053479290257447,0.08736680514927121,0.37165710321057005,1.1230050535033356,1.0227825204319214,0.17852637737084995,0.40293280545048415,4.354142379952661,0.7322596010608664,0.14565381289117685
0.6992220631711715,0.10360934826732573,-0.029130768721727266,0.028556881174296868,0.5500537070236992,1.5761912426875553,0.8802315798341679,0.40539144054324233,0.47715825403761886,2.1482203840150955,1.2234763919933593,0.12850210283466224,0.6357851574500339,3.30274793961566,1.0214928255530815,0.17882590656776007,0.27541557650641146,2.777928345474507,1.0596299195442984,0.21538059930493103,0.23214586564651682,0.606029029423946,1.7935782502909943,0.048578992817577986
0.41560530579317284,0.1292795283092162,-0.02597837200169053,0.026040317535851672,0.5124998347801993,2.9680105288978287,0.6853363564675358,0.5474206599704539,0.3862727153874015,1.8289524309517862,1.2296474448198143,0.11302194688682166,0.5414567516485154,1.4086740090546697,1.684292866286598,0.12462277452425485,0.2644337851455399,1.0739935039753032,1.0733501494417839,0.20584132155733328,0.4824946792868851,0.3679050714668402,0.6386924500706944,0.34480905104287374
0.4607924216099762,0.09709538287148853,-0.03138709478435163,0.027962710618684106,0.5846702706749473,1.0464236968416485,1.1016421778065604,0.3170737164638887,0.4099699516199524,3.2716200493375185,1.0480575276781718,0.2238370037266294,0.5210488207560902,4.272742119624575,1.0400876888765753,0.2880298703213282,0.3187886121256379,0.4823009221187737,0.4723467376614243,0.4407434672037457,0.39355438510789753,0.4259312597375073,0.8422694198962045,0.09361216642416494
0.46589610924030317,0.11030276857459005,-0.02899775566833262,0.026491191147172088,0.575520484237822,1.21069294926701,1.1285905975538022,0.34344709704448523,0.48361424179378354,3.283539311470119,0.9969597090159167,0.19263180739349614,0.5198348486718493,5.681659187350694,0.9873604782551568,0.25607772973884774,0.3798401552464436,0.4653191983944276,0.4985989704074016,0.4364209227021365,0.371884789585772,0.7357791545606825,0.7582459466113057,0.09297684856033861
0.4795988044939284,0.09680722157012656,-0.02014193792974511,0.02841828668338544,0.5794490602180081,2.046921203023497,0.7756310416322486,0.4376863632772935,0.31893917353209794,1.7543044851141953,1.3583721908672335,0.139792469835846,0.5358317943994617,0.4923235582653013,1.2355707024230922,0.08325340373215712,0.30275321018084705,4.416183649367176,0.9063281167852246,0.1959363341987509,0.4711784203920762,3.044355621254776,0.41700081268484573,0.5958553798008303
0.4908364300094846,0.09980053098197,-0.018792483368343566,0.02999935120764321,0.5525826259666953,2.1710727347664642,0.884147995840439,0.46178258110658604,0.18356816385877656,1.8981810272564983,1.007125286606904,0.1414431005627741,0.6496369309267805,1.5926680731813943,1.1230814879463729,0.14661964354022675,0.35703663187666157,1.2050685324577053,0.8544209632925547,0.29892757747779797,0.15971962406878937,0.2085848545470159,1.7631834963179185,0.15201547434603116
0.5083880289566907,0.09077166418978218,-0.047373288975003654,0.023854814584973568,0.5795630021556636,2.396739011251563,0.9093847144509165,0.46399800056584917,0.3416024525148779,1.13254835311614,0.859436139233317,0.07700323812931252,0.5016365164973928,2.255900500820289,0.8968782308088594,0.13291097038705832,0.6208821895933417,1.572198442689036,0.8360312073868457,0.2754102192520562,0.10816304795135524,0.3615225578003863,1.8791779005747569,0.1759248827075664
0.5010491173459611,0.09367192737370114,-0.03784632144219904,0.0260206749245142,0.5851656272001923,2.0292605857416324,0.9505086557655551,0.4466991422117257,0.26632017330320795,1.0549050524369645,1.160399740659133,0.07284229012475553,0.5230561442195326,2.1221614288797404,1.3055058607188008,0.13266488491070455,0.6172805791385838,1.5556077479271708,0.893942406423138,0.2811730941117328,0.1567189830289295,0.3311200173415659,1.685275770632708,0.17358155380307058
0.5528256551012444,0.11272847752850229,-0.02930902470950244,0.026394726374779107,0.5457790515267807,1.4878810235333713,1.013368998399879,0.3958717287813097,0.2683331829484312,5.9440179565635844,1.215934787899721,0.400068151949897,0.5965299440673179,2.1659722671126644,0.8454923739563037,0.1397554905537782,0.10608229501512668,3.189840223313909,1.804388356348413,0.23024047923731272,0.5613269456827652,1.708805108357668,0.37076606980086024,0.4133886307994292
0.5948718295432531,0.09294922204137579,-0.03858056501289581,0.02485254667438006,0.5578867054933841,1.575378015005645,1.150553602073644,0.37158237498549684,0.36098263121186813,1.3044407425588411,1.0941231999383136,0.10998723053235983,0.6019405401087808,1.089230660240565,1.6388713560473958,0.07973560771443057,0.6284996134293671,1.904281964599098,1.0509075339061464,0.18100051578447993,0.35359900892689694,1.1869501291341793,0.7443713924849567,0.23381482759260705
0.6029646727159774,0.10726554909861168,-0.013784456250813221,0.03129088085148648,0.6158305753094997,1.4797400198207022,1.2433024391382914,0.39561065575656035,0.31631902549223084,1.4864518332548842,0.8376441363003386,0.11208125342469613,0.5132196539140634,1.3503319894801042,1.5464036523071638,0.10447287506121157,0.39886142572823713,0.9070803595001353,1.9633090564171758,0.1758675336779824,0.3539530286268258,1.4355608505461603,1.1695875187793445,0.12099227659723798
0.6463131483979978,0.11792993233137104,-0.03714524428713259,0.02893338764625825,0.5688520608909438,1.3712302316099332,0.8088575340209441,0.4092997203064745,0.43477326246251974,1.123658531748442,1.5792246180249532,0.09654323486483397,0.5676109827210872,1.128426278832,1.3298058022600083,0.13139734377440984,0.2994725114494988,2.9830416250336067,1.0382068850655284,0.192485663507145,0.2793878001471653,2.396502938816654,0.5078603024618117,0.16410633649724146
0.611205130180875,0.10548359820339803,-0.020280401240740056,0.02604733762928225,0.4958091505373448,1.234202355167741,0.6934971971676117,0.38697109838566757,0.22565464726265708,0.9814088822619992,0.8193604028332772,0.09380561936983334,0.5457052522986691,3.7584650467407816,0.8353644729291312,0.20393738344607926,0.35837942660255834,1.4844429174553024,1.0795186839730544,0.20376493015849315,0.1907253008561992,1.2595097474777006,0.7325785323125663,0.16341362815496666
0.591803366450393,0.11960311774748551,-0.03170216947498371,0.02585256149710349,0.6189667767783001,2.282829565846945,1.004380605696684,0.48170202141252083,0.4266595236398229,0.9660910253925564,1.352168342945352,0.10136823756441038,0.5937618154898935,3.837833123037653,1.088128053844113,0.22195925916635267,0.36606073270831385,3.7356372743189072,1.3091711760392437,0.17025692170406742,0.4692301370150818,3.386512619672866,0.43998987676936135,0.354001582408722
0.6440232385674121,0.13023940646773513,-0.029751245874359556,0.0304548509537645,0.5347513447442459,2.819296952580133,0.6661384583888704,0.5450546151564754,0.17885708701962605,0.9984782139534419,0.662616963417185,0.10524993043983392,0.6094032833982228,2.04032447082413,1.4832526323336581,0.14425779930697633,0.24528816114077284,2.4308744005134257,1.0390002344710276,0.24552592324104236,0.4028607546369409,2.4088631159828537,1.0936947687970002,0.12227253314562272
0.6678859517265434,0.1198352479092129,-0.02837277684398359,0.02999282632422896,0.5429288167466011,0.808400778120195,1.1805135429078355,0.32006197271889486,0.3253389287850799,2.854344004800513,0.6496170123809504,0.15827103438171358,0.5487495576997191,2.0023149311663593,1.0375918234684873,0.13111585020721112,0.323186950592195,3.1945589387604856,0.6682871554166478,0.2131610310718297,0.42388858513554345,2.420086146320648,1.3497491849191932,0.10361269003408853
0.6956691847636517,0.10345727045858079,-0.02653711581437911,0.025905575216371282,0.5778446949852706,0.8964933227348861,1.1891504846824201,0.3178943124575208,0.20658516063268345,2.275266061646734,0.8167209512866451,0.16087986373738422,0.4759689681779506,1.078818319516669,1.3572975720633362,0.11877164751722366,0.26348131439655686,3.0678957031126752,1.001189167786915,0.1952533408647216,0.37122222534913035,2.6308623887565674,1.0691834433848282,0.1143014191948273
0.6451799921183385,0.11476002949360654,-0.02746590963595096,0.027413137863806013,0.5220315348050969,1.698500706632394,0.7315247387814297,0.4202868794602325,0.44547955564370334,5.102327045859255,1.0388721125817975,0.21789618195997001,0.5569927180197684,2.408131424990725,1.236705185213063,0.1788691078549875,0.3308323525322604,3.5492959551161425,1.4371374988661019,0.2949144630233164,0.4325286282548226,1.6083641511196496,1.2420984945674698,0.16715996357486507
0.6879738271005018,0.1136677579987823,-0.030114414501087677,0.026138443933174545,0.6014042114910574,1.4404470345918705,1.1558215621762957,0.36439334771538273,0.3365067115975049,2.4507197647204473,0.7242990272065727,0.12564870122980235,0.5463980900615751,3.3563356163721636,0.9152278044312305,0.18359802049626844,0.3953740559786247,2.959804536545942,1.1402587810469067,0.15947989098834675,0.34387759556010117,3.3672453351121447,1.0730498785857114,0.19476336858132742
0.5377518733510941,0.1121922679504019,-0.03652963268806747,0.028124640179629862,0.6158778238044521,1.631246592394155,1.0251088504433088,0.38374354116108433,0.4952031460548694,2.7321758772830353,0.9997453456842085,0.16114182970068272,0.5661537161994883,1.3412422299585294,1.3464233213667594,0.11022003056363423,0.42167689556159615,1.2237292025847102,1.2792062871508312,0.1746155454328791,0.5205682538891375,0.7955795005995311,1.113665731614169,0.2115224370951928
0.6049797433822551,0.11808868836466131,-0.02875617210248028,0.02895735866431974,0.5529615713913286,2.3336851090840556,0.7955438798044164,0.5049950362753014,0.27200926951819593,3.3110381010943626,0.7364353302885391,0.1673959318089554,0.5268288355460616,3.7494322114727363,0.9767478065169702,0.24646907863245468,0.33705077660139315,2.305000352576688,0.9402733174851928,0.17138464675251128,0.38241561808804436,1.8843829259114337,0.5857557621192266,0.22973506965601237
0.6243929716504666,0.09246903548074153,-0.03316910167206708,0.02815587847478065,0.5587045528065481,1.895133480367747,0.7700273757604438,0.43972526217705027,0.3209253223327119,0.839352446650599,1.0882234537648705,0.09199288101034937,0.5601073831564992,0.9160665880286301,1.2296903068270488,0.07868128139913139,0.5758035489522545,3.048221275914942,1.9796984050382411,0.16619682428076737,0.47103792579277093,0.9472199764531781,0.9415579456322458,0.18418075717005922
0.6164225770741553,0.13063893196546256,-0.018223317074903187,0.026914589426772606,0.5777834500647877,1.571284465216688,1.0313652573156378,0.41960265548051073,0.231685167374007,1.1022786143663539,1.2480262344321476,0.11256271716835638,0.5357306971489314,0.9719985462191244,1.475621664683107,0.09997523821012101,0.223838033015451,1.8343715344682945,0.822194527845638,0.17745916445137344,0.4045578873915729,0.7032375898901556,0.6265603459549911,0.14265123709664793
0.6518995586802022,0.09101731051692183,-0.03669660070253876,0.02804772943842186,0.5596400089887001,1.7686103739285781,1.047687797249966,0.4374818324784949,0.22550691061980255,3.7163061170109635,0.6579407031035684,0.17848083050273855,0.35223683804862754,1.7270208414182482,0.7390387263153964,0.14508886856549924,0.44247876141258063,3.7141480540701535,1.2929933234929452,0.31212681558032285,0.3573022454107307,2.329484457895179,0.47516049708709146,0.16188638516617807
0.5920075088651917,0.11888834126081933,-0.013105677271336796,0.02750683115022653,0.5597327458846086,1.0061358886144673,1.0073139793573538,0.3545826898486441,0.3197834151812564,1.4677217876418196,1.179685780827914,0.10339395413850576,0.5637949862425647,1.2511268894187717,2.2673436887782747,0.10820677497727309,0.37361825412326866,1.4547171922447437,0.42935151807222655,0.30976888744095826,0.456245210108286,3.162823307771524,1.631533366939205,0.14399247759631764
0.6721571447941237,0.11535736458525127,-0.01964091813605144,0.026955347369395907,0.5362639549707827,1.993020162308396,0.7825392764425013,0.4576544373061326,0.2372452551710417,2.044855021757887,1.162181295421504,0.11075972277487915,0.5445869194177054,3.696802773309177,0.9621548870481268,0.20172359791060288,0.301641474688794,2.229926926043275,1.6936936779298823,0.23235228991850454,0.4532971484703828,1.5341169699369281,1.9919407967796012,0.10029900276558695
0.6938023715472994,0.10677537475941194,-0.03413426869200435,0.027098600237104455,0.6008748607457349,1.9189037073183934,0.978433385197188,0.42669008545249887,0.23836354592594436,1.934163143601809,0.602050516717761,0.11956574638646555,0.5126911369292559,3.7569834109405176,0.8382130972131558,0.21091682955194474,0.17021822855749352,3.6864865928764923,0.8865026402496006,0.194797285572735,0.5246098016641755,1.49072191168679,1.0625102782601057,0.08983187261096885
0.6353667887420118,0.10490184880704571,-0.024258773247523218,0.026969007177055963,0.5226254876367774,1.0060989846978423,0.9714523808442416,0.3501783782782131,0.2881822513291144,4.239948533112262,0.9576344564264426,0.21663257732159422,0.6680626907703774,1.6248099898833834,1.244129852271808,0.10653911141265711,0.28783160952094905,1.3849712307971207,0.8570148591308807,0.18347050502719367,0.6080680140278404,1.5453900904310067,0.9335545364692271,0.12994372782471586
0.6347330059477809,0.10045990894949246,-0.022034402894355577,0.02700498804069622,0.6091572791287688,1.3807366219693582,1.1066424993309645,0.3593693605444049,0.3917955685431236,5.40570800678518,0.8157766239042921,0.26839211225972087,0.44228030182146927,1.8782978306092815,1.0180259198670547,0.1525550826321015,0.3042280590870558,1.8301631851716238,1.018013913441054,0.20825818205987792,0.21956343358801142,0.9987175670152084,1.2305737004438557,0.13542156908818845
0.6239813487542187,0.11304323229972163,-0.032868967578779815,0.029167767680149923,0.594307411296072,1.0917385207231867,1.2983873132759287,0.30773935214567044,0.23163603593858764,1.1896923324628323,0.7118866926176516,0.12976225445344483,0.6241258855037211,2.2479378505378533,1.1252368988034034,0.13068814462200917,0.31922373248849734,0.9845331877591783,0.9710940143058132,0.20653304801317465,0.4740696676958032,1.8441025002687004,0.9212995388150401,0.10190795509320642
0.5192146780067558,0.11212038231312044,-0.028384546271954143,0.028632126728271663,0.5717061543101238,2.138514579580248,0.8276712171627938,0.49164069573669605,0.2337199215670478,2.3199758503033316,0.8243426548449087,0.16031092904103528,0.45948242105018977,2.1164443091272824,0.7331029445997777,0.18287334891175164,0.3233308461164731,5.602841290841579,0.6805868687236422,0.2940260794984027,0.11703478002090308,0.42195954154898274,0.5901866717907094,0.28478127506494466
0.5719033544938458,0.1149464415037206,-0.026759628702734947,0.03089193764191026,0.5922419387729188,5.011400890668848,0.846037986577041,0.7349242686815429,0.23103742913594896,1.5280141832086171,0.6294924422579791,0.13484450382177332,0.4619068619732841,2.6561931473257587,1.1075696217449642,0.14673281650945028,0.337083947348377,5.234888153234463,0.9756522055734388,0.21907446114650844,0.28372120210462515,0.36316732592654305,1.75668443571851,0.18744447571117342
0.5520447445380975,0.12159562910190175,-0.030882581363227805,0.02501536288918717,0.5510397799636019,3.2316200793705723,0.7148617379625093,0.5931670389120147,0.25214823721351676,1.3160298069138014,1.0007804399385856,0.12792881422440155,0.5624292353488208,3.1229343864313206,0.8798228474344151,0.17600371771986814,0.4632607315559729,2.381130984046937,0.6607964985539121,0.34054067174037617,0.2950813096947535,0.5546325923306455,0.454629738441638,0.1211896614924066
0.5206659921913798,0.11758186771738993,-0.03026604020785927,0.029838107848494742,0.5411495913527862,2.82247974126718,0.6725955388834568,0.5484139144334405,0.5140585199575455,0.9360755810092884,1.877119049922229,0.08095198461042419,0.4247508372470112,4.662842635203227,0.9860346895210497,0.25012933816968647,0.37690905168531347,2.2595893346287714,0.6732600730396051,0.3642353939389728,0.41721077901635134,0.9344575167228917,1.5995740347404215,0.15063943977128352
0.6247991992679013,0.12504198860708468,-0.03618139982437036,0.03011570330733071,0.5415258372734567,5.190592565994772,0.707741781287779,0.7192847749824296,0.19495794657619467,3.7776384653198467,0.5638801773033022,0.15985153004281624,0.5122671879673026,1.5926906974802253,1.2695232621650494,0.1519883079252649,0.47624918785903203,3.234862109465408,0.9500770082896732,0.30885277117818444,0.22547982176242864,1.2924622481428905,0.7751318494120691,0.0900916101520304
0.6895842213755775,0.11881682697710362,-0.02428543885791548,0.02595524731611652,0.5791974055595066,3.7606604894037092,0.802193733705336,0.6190530653018443,0.07649162732157731,3.9327368519113053,0.5245783597186858,0.1487490560235694,0.5318952078107662,1.2125482315262042,1.3392850341987872,0.11542133750741981,0.19009257200700333,1.7609246286264022,0.6842204141677748,0.21046543720560457,0.4010018349329229,4.817163896228625,1.5597118772576792,0.06561319744824792
0.620368681078725,0.14042267923699006,-0.03499143268674183,0.02863398072011134,0.5701145861114767,3.1726361021856464,0.6814392676114852,0.5821841345783796,0.20320519413242674,6.919444492835087,0.7153597060532974,0.2050530079115173,0.5997343430338288,1.5057242444743888,1.0005410566339785,0.11589069406680964,0.4433618931562087,1.7044399267476844,1.1710851112441474,0.22282964692280813,0.3675404098155639,1.568820232307945,1.6323636009189222,0.07755778455261338
0.5780244694081644,0.1155046051891852,-0.011580067626496715,0.032057369716309854,0.5858883598097555,1.0112607765222572,1.2730888201892392,0.3210564525260439,0.29599021523992214,1.013858964408615,1.1388306754844113,0.10834183197569336,0.5209060036003327,3.228311285294133,0.8609951969747142,0.22493958993904947,0.4184510213617695,4.569375203396283,1.7931582716760714,0.18062859709057003,0.399162570686611,1.0229152804060775,0.49075415410765905,0.3238080481809769
0.4867210734828908,0.10821745693188042,-0.022839249518306303,0.02567798213224828,0.49670627969961295,3.557977316420045,0.7213006862105218,0.5908052016559193,0.2847522305287224,4.424669989943834,1.2044326483007068,0.2760548705028732,0.5453390671773025,1.5049857823926385,1.2015406766049628,0.13200054030002495,0.22210303670009426,0.40846994346962534,0.8153369665290067,0.2831979335445889,0.593874082869731,3.1659423094477566,0.8560781160805065,0.25335401502422256
0.6004919315844479,0.11790434920882793,-0.03632738975698968,0.02919707078003773,0.515110592001337,1.226351885062309,0.8205785694832475,0.3932414956122385,0.2430117649997297,1.1099541124644505,0.922923275021725,0.09758407283614891,0.5696634656483552,3.6850015975409254,0.9452822693599616,0.23777881832172545,0.413653681936041,5.226805201526272,0.7444382148357901,0.43092221645624273,0.029672874341360688,0.7601146348626272,0.6036476094601536,0.11562905475218663
0.5860761499487404,0.09436413582835808,-0.03189632120252619,0.027919035044839006,0.5743804141749418,1.0754089345696478,1.2446274060419316,0.31534236702863266,0.4695820939004422,2.7498960066516047,1.086144671933286,0.2092678273749075,0.5093858522063005,1.4988795433711009,1.0966093047286816,0.14002492674850908,0.28255549635638627,0.45671183392181625,1.1723369360314795,0.21721647312938086,0.7244842241122632,3.7832635879890275,1.4452521468822537,0.10960403020578591
0.5911334897682495,0.1206139289853616,-0.02069895123857651,0.030308834889757087,0.5730950169215722,1.021181421110886,1.1567074885789639,0.3376250261254702,0.14052057689433411,1.9947301272369553,0.7751240415923398,0.14877454176033256,0.5925422903545899,1.261961587253543,2.1046869026040493,0.09039030125149022,0.2941066314687476,0.7411621772675029,0.5643764022331311,0.2507287481215831,0.16203551381171083,2.158387615500229,1.026548037450725,0.15244263635214472
0.7177144154416844,0.10067797432185455,-0.023987450313618437,0.025141589731282697,0.5348337554292415,1.4735526823319722,0.8743319498118876,0.41808138281331064,0.1268795688085656,2.5787060021656987,0.5718214906090517,0.15202156343333484,0.5139520448027521,5.216716728600261,0.8245496289563307,0.2381544014309729,0.4755164492870544,4.798103179794673,1.722791580865197,0.16805749221932031,0.5215324592016662,1.2332324596145114,2.8828302630419835,0.06843296761880752
0.7238721658850428,0.10265497661087314,-0.031970209440204886,0.02921906449407361,0.5438029036620949,1.2371768768897813,0.9732869093712344,0.3514620895441033,0.2270261653948502,2.12973149889771,0.6223625003848012,0.1119265663939794,0.5297266635718019,4.665837264333214,1.0831969058143196,0.2501156897509101,0.34977888109173766,2.2933958379604285,1.9527314809210945,0.18379052348260821,0.5063030009685778,1.80090572172666,3.876016995001573,0.06793995833254249
0.7089798577682453,0.09669532727387323,-0.028471864114836144,0.03128147155011544,0.4983406966888608,1.1862137943175444,0.9982594213853672,0.3629181695224209,0.24193042011349877,2.049921792090922,0.7380790170768289,0.17398406504702507,0.41857054443286706,2.3606672945571305,1.3921347181149726,0.21650196542617267,0.1880737055310204,2.7428158639598568,1.9214842391154499,0.16882303327301398,0.6297997180508786,1.725873763409919,2.6950241255969876,0.08667638793490832
0.7028399186443524,0.09174673566491007,-0.03124107926222301,0.02734884927115148,0.4961472738475771,0.8974840826089252,0.7560538603870962,0.34526401874448426,0.3339698843713781,2.565334372743979,0.8385143176325226,0.18466959805974037,0.7209681216847306,2.6674140553513603,1.1732684721861057,0.14180049240663284,0.29103836253108434,1.574696902288871,1.5318224015806037,0.1496449655833086,0.42474002126061255,4.970962081808693,1.608882287665631,0.17011188199736196
0.6454402159201995,0.1296947362961639,-0.02675382244059475,0.02740565705525532,0.6131340424120222,1.8441897939931977,1.0435108413371825,0.4637097368838519,0.276846335419073,3.7431071111571983,1.1748697281427267,0.2608958038043389,0.42299190548450033,1.8792519002052637,0.9535762720877717,0.1421095229579402,0.4159714363816305,4.249018167690828,1.7718138867764677,0.25333456124870807,0.31345231434537985,0.6179431096988907,0.8469969131104741,0.1333805958385981
0.6541682255892677,0.1002256112369825,-0.03375876718632096,0.028877684367730996,0.5593891338276553,1.962863264916592,0.9130138515158296,0.4419353990131851,0.23418799383088337,2.3633362069049073,1.3301826714977356,0.17855839470078222,0.49535531717435294,0.6608431733791226,0.9023648345098673,0.09742502479059859,0.510076878957356,4.775129210588163,1.6355399666819197,0.3057887831162667,0.35768373676065573,0.8368392857400693,1.0048580997755427,0.14578093095268144
0.46259110822607896,0.09455050589609901,-0.02212793150814708,0.02805790414058988,0.5412730864494524,1.564645908973746,0.991252007449046,0.38443060315988425,0.3774427495012397,2.6999669676464295,0.8997222232820724,0.15261302310729785,0.3821007843005811,4.0479987502239165,0.6902801399936538,0.22200233825257065,0.5286965131875201,0.53366922614061,0.7459891260829751,0.3147300829949259,0.31985646606397067,3.445804141636678,0.44172811356371267,0.29345848955462933
0.5655235223411123,0.12349713149449361,-0.022349719574757742,0.02548929542557339,0.6006402142472849,1.7477377230230389,1.0178280988514345,0.4223747457890092,0.16238066827695358,3.314205775412931,0.8645139838212494,0.17477407435580464,0.5696979417703144,2.27119078884553,1.4968400849744226,0.16648630611160894,0.3519187652068168,1.30711430349457,0.938409325189594,0.22822903141941628,0.45346809038994906,3.3842054654755604,0.8085134226662761,0.2857073752972335
0.691242141371386,0.10405700862203006,-0.032946773769989536,0.02665583663049316,0.5269196352563355,1.7410902287702326,0.8687005597811552,0.4253815020833443,0.36726467345202934,1.8177697782853466,1.0674364559656164,0.12189403991850285,0.46513168544988814,0.6871879311262221,0.7736848995535439,0.10363481129063408,0.3806088547030739,5.884703081264316,1.0815413281484036,0.2936111656297866,0.24222863661020694,1.5174524459219794,1.194588232851813,0.11802485084213696
0.6711048685793227,0.10188771926661697,-0.02758007504240777,0.02853745866239058,0.5400549303800659,1.1025964487403892,0.9471533364164972,0.3608378219704254,0.47718738589896514,2.3617522128782045,1.3543398663655586,0.16785105347158,0.42408180732401346,0.7576163916859562,1.0838800549290604,0.09055991322649092,0.45608856634388234,3.180493016718554,1.405636842441853,0.22796204411659807,0.3982422741755596,1.954085339930084,0.6639571897461938,0.13056406002972543
0.6827100046721872,0.11516113969510466,-0.0332931828590252,0.03165577160242822,0.6319167575473476,2.138366473101444,1.1548155413360512,0.4620894232363022,0.18802014548018886,1.6707695557574929,0.4539968894344861,0.14211051720430037,0.6087030249074254,1.1739992411443456,1.041350063590175,0.12612552812831612,0.30345675722816656,2.7962385319225023,1.4945695657386557,0.1649045115955725,0.1742709382131759,1.914670707334029,0.8063962137496227,0.13805723598300754
0.7414985686577779,0.11398560319855851,-0.025785791813614775,0.027325980104524316,0.5323423128892666,2.055107875819873,0.8833551242055189,0.4597900169146804,0.44865957529670997,2.563626575340625,1.0286155191656277,0.17114640298497039,0.5854262837977396,2.8038662964213232,1.5212906699622228,0.19036677677784958,0.13112404121022497,2.5361495609557405,0.9942326868595193,0.1211413532792133,0.49476335132703697,1.4641410285853953,1.262290142201023,0.036154151274087026
0.6506655997519905,0.09762821467123857,-0.02753641090439342,0.027072704484413037,0.5940359603322714,1.3291943031843767,1.3196894251308524,0.3462809686899548,0.26395573634195135,1.6177778009167791,0.8781285068394564,0.13348096308684854,0.3916318082167605,0.6335598964719237,1.283578282019425,0.0784888077476549,0.5836954956585356,1.541332284908448,1.2125821956044085,0.2333490015041577,0.25882469400209274,2.519490378331784,1.5066271561480409,0.06583125944883468
0.6585814870341651,0.10072233889506636,-0.03163927041206609,0.027935839542640575,0.5807710171191669,1.0815268827182727,1.1697677079911661,0.3227411980748036,0.4169497701487135,2.61588505257564,0.879869643126811,0.14902380273643603,0.4800654768879724,0.24981820212821146,1.4378651145497865,0.05477456816748671,0.38812601835447524,2.044964806627512,1.0621376910391749,0.2809122135050834,0.06281556455103793,1.0570197060405575,1.952783028310977,0.05276019511031864
0.6398046278269633,0.10782379897683535,-0.024390308564787043,0.026049691600714405,0.611420877170676,1.6576880165070402,1.130148468064344,0.40001503344960176,0.0641553733051148,5.775775013472726,0.551924552876973,0.1773753996728068,0.42268847358374867,0.78916644368324,0.9931075821338264,0.0752372076121165,0.6106592753355988,4.433929245016933,0.9627201801615909,0.31667479932476994,0.07184090497190289,0.7059703942771988,0.8302731802045238,0.08726453574960728
0.6594663271799754,0.1118705097061028,-0.025981174838745673,0.027170325841863893,0.5474274358585544,1.5339293186047165,0.8040067481307269,0.4045846518911059,0.27703209884476204,1.3305060650813993,0.6283603845223132,0.11450375493849255,0.6792581045347359,1.3762429565237229,2.222698071745139,0.10102084581349402,0.141352906090712,5.24022131738042,1.8532932399740514,0.2835847371578571,0.5010649548278525,1.5550317752656655,0.967733370759472,0.20616090272883467
0.6255604810854987,0.10957892875254337,-0.028819098006155962,0.02844906376775585,0.5855892944609431,2.3413638756881734,0.9307283783365614,0.4925609971694893,0.23811679850953035,1.3439416814879215,0.9147334845308893,0.10447703659941292,0.39572755066151094,1.4326765070554524,0.7729670501600221,0.11122534879010294,0.605135976584943,3.588507785798744,0.6561769307516576,0.29163362368554846,0.2866079624324094,1.4048074430538404,1.4258081859541318,0.10411162609581143
0.6421412565366078,0.11063981807845973,-0.030997722958262995,0.027163003034528038,0.6014470259001372,2.273578133775015,0.8313259592426498,0.467154310298473,0.3041192759540958,1.8946252315720336,1.4363972608966555,0.16142636824372575,0.4308533940581222,1.258945893042391,0.9274438740640901,0.12712461843829836,0.3521293125558067,3.685322043850991,0.916940045428487,0.3354686798862201,0.10008827023438642,1.6098862661018303,0.7701987896386829,0.10664059189301943
0.6016100368631473,0.08520306810726196,-0.03728086552795056,0.02898359193032345,0.5572447162271462,2.7624605417514534,0.8018535300660573,0.49045630172889837,0.12071744924933939,0.6340827066980885,1.02777198051165,0.09108138666043684,0.5399455342521103,3.203758073304831,0.7405935000639758,0.19680013819973302,0.40748163997617,1.4063651682387592,0.6569285029807929,0.30843665353233746,0.6161405155469403,2.2771645225684396,1.2567256765717443,0.10043878892483854
0.5594341991842583,0.13007842454801008,-0.020477824198973923,0.027368675066453678,0.6049175189137505,1.8308972209947332,0.9490141487825926,0.4422750731437546,0.20060473850146154,2.509734028169581,1.390777957885997,0.14663859209654542,0.5510950725990738,1.9478273812046427,1.1974324763548005,0.13540770976696986,0.350581013127338,0.5455717186357504,1.1299540075176355,0.28070315142306523,0.20731107575496596,1.573122882991688,1.5940311804244967,0.06522709281520588
0.5311853873714563,0.07573502203645487,-0.022832968295703325,0.02800140602406791,0.5648393512318307,0.7582238321870693,1.2919708628720026,0.2748690378281458,0.17701397266570779,3.3028094578439147,0.8957586821281621,0.20289699931787475,0.5499150184126085,5.527984954628927,0.921691662355299,0.2564644672672479,0.2449876931649263,0.39194113205812275,0.699517648825351,0.29057976512713024,0.533741723819152,1.990262593561477,1.2218558436681444,0.17493109148568056
0.5288662439836342,0.13613919449044717,-0.024889551672142816,0.027717460931640802,0.6197942719780093,1.395630650386762,1.0368023878491686,0.3944462148019446,0.2794184344619954,2.7624221815139345,1.5649779088127314,0.20880879549197828,0.5495370937515665,1.9292488642188959,1.2722760096587262,0.17273973241468196,0.3257467994407552,0.7571579142826861,1.354526821816295,0.21549757182591855,0.30378079999314667,0.8586132855860991,1.081143119939973,0.15635827917271203
0.5069422873065296,0.09768928400858175,-0.03199003428701157,0.026671510680893705,0.6120784901261814,1.5604297931082975,1.2101756384245907,0.3600167841522779,0.33851905516581027,3.6710533548277664,0.7098334933785253,0.16771188152547303,0.5753516081121761,1.0926826780185395,1.3779837577230372,0.09061491285133659,0.41945910775829975,1.0586436639370524,1.2533056916368694,0.18106254846889233,0.461826191016969,0.4869219627768995,0.9589111858204473,0.24710310231981644
0.6141506701372835,0.0916538550925104,-0.026838067724266154,0.02582366738911397,0.5781659816043684,1.8098498716360316,0.9153395162336679,0.41424068718025253,0.5161902352424556,1.7982514812867663,1.1419198777118242,0.11495928505328715,0.5220968826683667,4.05485243048497,0.8790487748316965,0.22622301209884832,0.29242129728952826,3.4246003467829444,0.8574386538007134,0.3982277690185479,0.3372165089097261,2.650758569805379,0.8224954075551852,0.17258373837580943
0.6280970848564648,0.10971309580472854,-0.028640076051452575,0.027065190707499666,0.5827029272333842,1.7282648130092126,1.052449878468134,0.4102694609763143,0.17579443060572955,3.9498544442400787,0.7244077005989576,0.21432637090138623,0.3876663775533521,0.4306694706566521,1.533183816857941,0.072075782824099,0.3801807372540238,2.130570767291732,1.7352718858952139,0.138373210920355,0.35697837963093887,0.14954741233602778,1.0084344631938285,0.13465738060686036
0.5624059296905924,0.10312155184212768,-0.02744531069037405,0.026926119050643335,0.5093244914537829,1.8278164391709515,0.8354520148180437,0.4340082134394931,0.39279163736255174,2.8395299010821033,1.2106115971175657,0.19090450890331565,0.4393055558894449,0.5580931559761596,1.0629802929998953,0.08934386410964824,0.4695945299973093,1.6462616978420814,1.1819704000394655,0.18276286928371388,0.25090316454849176,0.6141493695533313,0.8567536744142141,0.22535058888326745
0.5019020723139104,0.12237085158255018,-0.02123864139753267,0.02711340845565486,0.5862546081042543,2.1143333463385336,0.988841223386219,0.4862228386634757,0.17788111511955257,2.4385186381398802,0.7958294316865354,0.13862364386953677,0.4863900297507078,4.438113416386847,0.7731504429708652,0.2487927260623769,0.2407024590537501,1.2524580222350907,0.6824317901886957,0.29515509855953687,0.322768910789527,0.7731605901110599,1.491812301701894,0.19016750192082227
0.5681510699381891,0.1162814215265084,-0.026946277024411797,0.0268292541596599,0.5550601981030394,3.6679339209404818,0.6674460642608924,0.5814960722817386,0.376078514126167,2.3410005105283087,1.1318572542169056,0.16535949106896788,0.46457142374204663,1.001592862583174,1.774998522034126,0.08986954940791457,0.23094246779728128,5.292097351574838,0.6995945955835374,0.3187187159935756,0.44269189502499395,0.8375257345795133,0.9316314563625996,0.21005272550438897
0.5961011304147863,0.088805075493504,-0.02414699989278824,0.02713880717447647,0.5901721317329093,2.527824665486561,0.8844369112987707,0.48686891442246855,0.28589559974109874,2.9901530828845595,0.5437338703711957,0.1730743846949788,0.5285305230266956,2.553597413428188,1.1474109730657236,0.18548066492131415,0.4915925394399106,2.978963201529211,2.0074806844711515,0.20136306904077633,0.3881722673457209,0.8096042807649881,0.7855958697950755,0.225967639447063
0.5882598532994427,0.13032212328551684,-0.032620136799866396,0.025952468257599687,0.5525075195059497,1.1319902705935427,0.8884809524748191,0.3679493520845664,0.3253113538541435,1.9074838389249786,2.1303664958292483,0.15573173886673775,0.635723728392032,3.0342287648031516,0.9360711467217471,0.16493962309550525,0.2623816722832851,2.1960329225782225,1.0387891803966112,0.19717242538125587,0.37296708975779963,0.4684233420222918,1.3912306360627285,0.15443462212381934
0.47013275066630156,0.10044265941068481,-0.04633051960930224,0.027073452175579694,0.6101743449594055,1.310426722341183,1.2095430790516497,0.35306922784113814,0.10647750186383916,4.408242486654475,0.7469487773196782,0.17911111869402252,0.5935295156855781,3.3032250271585473,1.085786608424528,0.17101390404181072,0.418939568207301,1.529043240607493,2.1927329518937246,0.13180785906056752,0.597199016945603,0.6423835686478897,0.8962435834572058,0.3533717686762883
0.6080161397583508,0.11627333270275558,-0.036565946047236765,0.026732141328291513,0.5401629541442375,1.4246208456809568,0.8499459094850954,0.41224682504551213,0.2117935101251712,0.6982247910139222,1.0270340681935255,0.07256095139172399,0.578490841984456,3.146265637792796,1.0414216757156607,0.16807713371284935,0.20350162728115506,2.6132465537929908,1.3388899663447948,0.14837816744132443,0.4732782472149866,0.40416740510474547,1.0982680264183964,0.17963270851888946
0.6563413232966583,0.09518796486609861,-0.01540287742143532,0.0279831367942663,0.5549630556646662,1.7615686406198325,0.9946967664343858,0.4157231223964338,0.4282218024544415,2.546852035388796,1.5204058574300536,0.187998273235661,0.5477332150660114,2.4078192468164596,1.2733223955291295,0.17475097147113675,0.3835795360653395,2.2114576833055657,0.7691982338811408,0.16876353663670912,0.5092935828034445,1.92455464472846,1.8142747977537568,0.16254324581071672
0.6314189273997348,0.1163446325385317,-0.03465926579241051,0.0268771868723735,0.49149186793844285,1.4824322787969284,0.7146357478958582,0.4377504251626206,0.39665255645956826,1.4585607250286716,0.8314612036608435,0.09548824985382497,0.5483424498274491,5.840967294277027,0.8314341705293953,0.2442431292289996,0.31255040419341446,1.579737520674289,1.209280499451741,0.14735444200880876,0.4723485510011694,0.7493979545282468,0.9325611852629856,0.12866233840580102
0.6916647719701012,0.10212883596830805,-0.016800943302407577,0.02783082348048663,0.6139600650570554,3.060887199614518,0.9384523679564436,0.5434545149956606,0.10198644381184867,1.0383364542704645,0.5640559475247627,0.09264738623511222,0.5708689074696647,3.0096055623660116,1.296161626254703,0.17549975927575126,0.36048509372068366,1.1753313494516842,1.9415118174423291,0.09361600394900223,0.44866952242431113,1.7355958598659165,2.013000732874405,0.11389062774315814
0.6737051582995549,0.11224706408218318,-0.01879888677939331,0.0283289894216994,0.5310132206657077,1.2424703947304407,0.9040128331416876,0.3815941916289497,0.22270946951955806,4.574972430685795,1.4037319941169382,0.375865385370818,0.5785482517558092,1.1490043805257748,1.7466767287564886,0.0939964102299876,0.34298048800580166,2.5585284551074627,1.9606245029504015,0.14277311871206946,0.333113851654695,1.7857225084801198,0.5121222553125817,0.19486244696952823
0.6278560927221336,0.0853158259305921,-0.04102837143378008,0.028120077601733545,0.5848785732365215,1.4265019822853222,1.1236870919673052,0.36214153471130167,0.5072476728362657,5.681568622812944,1.0355612417712683,0.2653658495834308,0.47638432685327586,0.5564018831010665,1.4178278148483583,0.07636071340166363,0.38642869761907456,3.0322773657331625,1.0668933008523833,0.1959814825581333,0.5344475350651572,0.8931074621441619,1.4448144003926005,0.16246009950665743
0.6303966965894389,0.11595148350648185,-0.035704703440950905,0.028571376799504163,0.5718585741480069,0.7980423636206436,1.0686764543159017,0.3088578040459349,0.25991179585443364,1.7219387597891904,0.8360178076795708,0.12562082714900474,0.5510437397913923,5.90713812847379,0.7798577895321486,0.24758068989007648,0.32434531811957945,1.9934157806467718,1.8588107399312455,0.18455723064742402,0.18997475501309496,0.7038549321978583,0.5593228610782498,0.16353620305026445
0.704944667688091,0.11407945981448248,-0.03044191777532432,0.025474022039070038,0.5828404899098442,2.025631920496801,0.9667941938358691,0.44579557501402883,0.276365650611974,2.2647884770348914,0.7580334499633093,0.14192572942871803,0.4396090962857529,0.7058110278986577,1.246042085410781,0.0866542822992895,0.31314327250241825,1.9066383566145113,1.4857078331810363,0.18625102498507282,0.41842690113085046,5.4299880136812995,1.1304404594388788,0.09911930371383092
0.7125299274462177,0.10778985063440288,-0.029698690655226068,0.029626407871421845,0.5776270655489505,2.286363861364499,0.9109064253955725,0.47042455209188716,0.44950477559697716,1.8263318101403334,0.9211383248254003,0.13911678233729582,0.571411421502767,0.9153491288499336,1.6111020995397833,0.08561807338924435,0.23197088046076125,1.9750230565316227,1.1145159929686737,0.15139910417903749,0.27194136115499296,3.591526502897924,1.3620441016410785,0.12367822543217558
0.5308826989060783,0.10289544274485962,-0.02793454156551884,0.025094396988024712,0.5667103669383521,1.384180381077927,1.140181634927561,0.3635502208061092,0.468109419863575,3.970967780358811,1.0271202823503467,0.2236487676416926,0.5055338105615763,2.488814616442999,0.8851647855700508,0.15789235894173556,0.3879277259968288,1.7474715247185275,2.0025268906464366,0.08112326464367423,0.39018124441341706,1.2285848222715057,0.40211306180239603,0.4547130593219479
0.5423832315735274,0.11913106242388796,-0.027549991393636696,0.028246775171844086,0.5841433992281201,1.3470177371605596,0.9218714450785993,0.3789836143145667,0.1940676606430387,0.4504048331995452,1.3025601330894223,0.0663607923733287,0.6657470639408971,4.653144058973616,0.9953043613102022,0.23239613123831437,0.1546233462372671,0.9103671971138219,2.042613574833207,0.08248728222945308,0.5599277378728162,2.380118299901572,0.5888774589062272,0.3964132078251932
0.5786199529972781,0.10157464666683884,-0.020077761313399663,0.0281821931441548,0.5415613857281234,1.390247716720304,0.8480957912081353,0.4069593842842166,0.30035106168985914,0.5958260249659749,0.8360070458422527,0.07700413228418039,0.4614203598684091,3.7788250120175517,1.0313334948989201,0.24975696778032574,0.18021239932743377,0.7475396348542122,1.8045792865481876,0.09330587835607751,0.6787048795858484,1.557544632701897,0.7881475018867105,0.24135183169282062
0.6660900784424049,0.11302098097542028,-0.021508512937812772,0.028980101128918766,0.6185130510007081,1.047463994803559,1.5329885280188147,0.28935713123409423,0.2667914888312876,5.787133110290019,0.88599007300942,0.32251904570259626,0.5963015408695113,1.5988292061674128,1.5904850609705818,0.13101877584950117,0.48659678809711726,4.208390061825419,1.3027622050189833,0.1626839213277767,0.4066201649885765,1.6006132523530352,1.100645260824641,0.17709940776908992
0.6566785124072159,0.10616637876776545,-0.03217107359431447,0.028310138558194614,0.6097300193752209,1.2070851232029083,1.4200040724917706,0.3217928283107548,0.3021007342218634,5.933180781570267,0.5944407700968658,0.2204698985796841,0.6360908645647035,1.5178047590220503,1.6680673553511978,0.11823650422990287,0.4172870221851375,3.566875085772345,1.2140788942456584,0.18027797892681727,0.4811275658196448,2.1384251413283453,0.7891396953794775,0.18683726817411414
0.7126669741413593,0.11451907510015336,-0.02872993259326791,0.02771868977428212,0.5868563137656114,2.6082917547122877,0.8744578834737325,0.5137809427708254,0.044987154318151396,0.4448717798458344,0.6604280934535824,0.057311161398145655,0.49252474667395696,2.9305926386486427,0.7163201948552834,0.1517018367651205,0.4316358357821397,2.9854353413888637,2.572799620467917,0.19036777109370387,0.28596997581340583,1.178822189009277,1.8941053135707384,0.08725954097400795
0.6298751384593847,0.10595130181763543,-0.025196634470652016,0.026888189337436284,0.6097270060637326,2.204166510139832,0.9815075037576324,0.4898090303411483,0.1976775547247735,7.278035805471261,0.7904863764609692,0.3346931645018404,0.5265667516039895,1.7806132568325448,1.0960687760643482,0.12825076336737665,0.42452656524254184,3.3076983207726016,0.6071819125179879,0.26982517622537505,0.35241537903173864,0.8714050571625219,2.596751575258837,0.07223438332858959
0.6196172291535864,0.11113102109579272,-0.02719780639327246,0.028136407858736865,0.5254538478945838,3.078980830572939,0.7041339729054836,0.5579955961368356,0.31427060738577395,0.541309547653221,1.452796141476039,0.062409601356170886,0.5857930164212227,5.24075778158762,0.9422960542837341,0.30067019415620394,0.3698925716918739,2.244621544188088,0.8306264062930234,0.30555195673257723,0.3879199077314414,3.1466595724679873,0.566244076915787,0.08952938531194338
0.5614483117079613,0.12039267352797009,-0.029383645312884434,0.027188493037324426,0.5990778946452593,2.6784730814501403,0.8783666497068698,0.5272686464604099,0.18325828141582268,8.933206423642426,0.7891325703798027,0.33822711748665135,0.5803097565850941,0.7827629226256874,1.3465944613233136,0.09246855276454694,0.22574795201615408,0.8242543002613755,1.0146510422874726,0.27049214864999593,0.38668256692883946,1.344342007464991,0.8626624191855194,0.11409241023188663
0.5397815260167921,0.11442512121392225,-0.026967181520513694,0.026374906050170926,0.5906422563657766,2.5796442541766735,0.8888718552345356,0.49815661891765683,0.4401941821394469,4.213758518963932,1.3426229515640824,0.336067042955896,0.6020836232961169,1.0734450136037832,1.746169540009623,0.10180333828663314,0.5295245497020312,0.9438646893997059,0.8355480077124694,0.23663816421945183,0.4521276326517469,1.0681998804109498,1.062007099174419,0.15593202919337829
0.6608175335859624,0.11231261298557967,-0.02495075556775475,0.029285872675300206,0.5870274113139635,1.0115012522355673,1.1637275214971505,0.3098535476373174,0.21627941108862034,0.7695645856314631,1.0703148280785262,0.09893018889927667,0.5881060976608171,3.1398891810251643,1.1000287133952067,0.1985005811573437,0.20546848300501838,5.169349842781538,1.1555552599145382,0.18409755695307178,0.5431111826080385,2.8334314448105693,0.7946886391938892,0.23235676997132082
0.5382608976153351,0.0925296000056695,-0.02644995945761118,0.02903838793218771,0.5628239793622799,1.3172123983850206,1.1772286143410309,0.3459918062170833,0.4880258329853538,3.3648963724128715,1.104007472483622,0.2077573988740649,0.5585757634510501,2.08322861543519,1.1415653673153872,0.19142281529575206,0.5379469013004657,2.586696907303626,0.7411787507267704,0.3518836165044836,0.21062549833895777,0.672028369573762,0.6818379844966357,0.17669957030292616
0.5259482477451941,0.0860252290917043,-0.029450545331476497,0.025640188878250907,0.5626997794011617,1.2522662125793749,1.137095045256657,0.3387718728521268,0.3676371546146816,3.2842850568968047,1.0717979047465085,0.21779075250290536,0.5727385535292998,2.452062485866601,0.8695271302217831,0.16416481041331038,0.4416159078801576,1.9984995368688017,0.870019139700339,0.37455725632978654,0.17439099023636598,0.4457084205676099,0.6485262432151212,0.17462815669347667
0.46412385247913335,0.10775204783217911,-0.01997512452841786,0.02773880083902992,0.5746642740644549,3.895574450271109,0.8111454434233761,0.6175380602599108,0.2930130929907654,1.314874164593965,0.8855837998905414,0.12118079582022967,0.5812019946813918,1.7375780503347578,1.006465576841481,0.140957229851676,0.3236869847352306,3.894239862757465,0.770399926274497,0.34359124804261637,0.48454907919045215,0.7240475842130574,2.544922851219507,0.23429150490622488
0.533449741226456,0.11462397282132937,-0.03522923775894405,0.028249623678725258,0.5180798721592544,4.602172915338804,0.601465661187348,0.6198888983596694,0.35785980535022466,2.6017777837725125,1.0002944886681653,0.14622676423537043,0.5216735942427458,1.7876140784411305,1.184997324819541,0.16060524186306058,0.4576762340219655,1.3432403482527477,0.6069488573873044,0.3152723957294414,0.36014804518663746,0.5032657212767572,0.7494559292495995,0.12737157861308018
0.6442873528536573,0.11470390111768443,-0.04329297884109329,0.030064328198267123,0.6262728122499862,2.417124276771191,0.9253756438213131,0.489456781911635,0.30404436637082155,1.5099133300058696,1.1967132679644783,0.10609144221774985,0.4808978197810943,0.816632553237577,1.1661797747255067,0.09014184821934,0.43400177976697124,2.0564977610525492,0.7422561812304895,0.2605173174969889,0.42304805911711746,5.256628888048336,1.0310264655405765,0.13099590830146252
0.6181451741410928,0.10159045388857425,-0.026805961930276824,0.025458726473329668,0.559999082821788,2.081538389609273,0.8195132049065545,0.45750876975819615,0.37573757073733605,2.150945920666982,1.0059364021282924,0.14099669410409682,0.6329578308924863,2.0923558178924417,1.344171954896554,0.15753729829732063,0.472317113664194,1.8074210155167143,0.7410840045237704,0.29918669248903507,0.2622463905532554,1.468611841200022,1.2503632570200789,0.06293706567845828
0.6233611812429004,0.12130463201836064,-0.025862488578377425,0.027493795085768505,0.537763764465372,1.9915948076784604,0.7611267133022643,0.4593081866379972,0.3380000109108344,1.8786787911565468,1.3809801210313886,0.15203793797466347,0.5300285485358363,1.6059720082713673,1.3248584855132781,0.14338112583602694,0.33470807490038035,1.8154631615554742,0.9077071319078376,0.24950867280688188,0.2901258308848643,0.9822202736914871,1.6919493649170048,0.09039005299833457
0.613196167849497,0.10412998344477943,-0.03600113734244969,0.029066776635643665,0.6069807555297138,2.254229348831642,1.044032919448749,0.4807765892438096,0.2778458809306408,2.2524904861483632,0.8449795982269472,0.1479810245835124,0.5573740956152817,1.5263745107841231,1.0678699494517039,0.11787555697891638,0.30413268026870605,2.8269690259695426,0.9823995100034589,0.24053222517351827,0.44812627734654004,2.755510990155324,0.6153046687132256,0.24114823775679203
0.5765695114141297,0.09765508715185768,-0.021985419850913727,0.026814883168499323,0.541248814132747,2.114542653198687,0.7374901722196561,0.4823566366735867,0.29379428135560937,3.3113881196054002,0.8022588719326644,0.190219552950406,0.5013408494926612,4.1251346973560645,0.6078026953170487,0.1709778143317455,0.3217039282799027,4.936698949858156,1.5752595933640983,0.2742788375157858,0.4259068235310021,1.269055773196122,0.6819008706003308,0.3303599777164923
0.5892944938974443,0.11038237447938318,-0.026942178406744618,0.025977479374256995,0.5570298431799909,1.0862027077630454,1.1864339207088048,0.32449274541880163,0.3581162409480497,2.2728264197667136,1.3171195836252436,0.15343280600622836,0.5652656148481666,1.4448314403375493,1.1546395130497629,0.13726877238550572,0.4462991048520612,1.2066577104716403,1.1046435896215412,0.2937028762674662,0.4254786245538525,2.0987056671410906,2.246918043243426,0.09133102348845783
0.5198733480899588,0.11779924908782545,-0.02229396460422464,0.02751183662474414,0.5803213306304076,2.426055874993864,0.898593201648655,0.4982039383166859,0.344687373017983,2.820189574375944,0.8696239972710107,0.14611909257694555,0.33694908365405213,0.86484571503325,0.8411489147571684,0.09634805057193443,0.25888996444018214,0.3881111319075827,0.7783610622594277,0.3211506535565341,0.0900553598471641,1.2043471969541983,0.8336852658831747,0.10237597751997378
0.7142405050845035,0.09987422810428316,-0.02470169552692413,0.027102512953534056,0.5798946727888159,0.7320593168021335,1.4276835668403922,0.26993123672932334,0.4168843473990964,1.8825833556736664,1.0757153943236022,0.13537303245728416,0.46615219339661396,2.656004732252279,0.8323415939584776,0.166137466957003,0.334676420845401,2.7973778493060153,1.2662803773985847,0.22879356418052135,0.3988533670916184,2.802441085585892,1.6715166027409565,0.05929177190383488
0.6787874334133098,0.12043137761010898,-0.024158744408269154,0.027466929982827064,0.5336240642404422,3.8591704873311294,0.6566203967121019,0.6040282180127664,0.3994152823402675,3.5131047517716154,0.9519048983412256,0.20118359444243303,0.5412833254734849,1.6153152492856013,0.9476359481185012,0.15098430329875337,0.21356883584929065,1.035598999746667,1.4801903568691235,0.13025717771069334,0.17040095431967645,2.017273266016361,1.2088886955755203,0.06984033869524109
0.6332855316872331,0.08923426081633988,-0.02853784786864908,0.025665063537406614,0.5470827390355394,0.75765960695955,1.3788587601076359,0.2640520983494729,0.3582470016751646,1.31498813172647,0.9257662757706643,0.12561612329141464,0.47954390850568857,2.0941434287575196,1.2757322702103315,0.1440848057695584,0.27988087641562237,5.9260536430438435,0.6471219324534716,0.3663879784138662,0.6330875303725619,2.323574196642869,1.4583042476493908,0.15780358232939193
0.6529195268225089,0.11065659178670176,-0.026308213518855022,0.03189363672723425,0.5452262767811549,0.8711050857513533,0.9268647116367437,0.3308076640374669,0.2843093531377336,2.113571103099748,0.9153895239651796,0.130823577771455,0.6551821897249616,1.941498000039677,1.2295056996108356,0.1388747912193914,0.0742139316082262,5.677014410557164,0.9566396038956425,0.43810645598360765,0.3885329993084265,2.6537378754085044,0.9128774946417422,0.17423450890940834
0.6018388074403767,0.11530367659054151,-0.03331187828294846,0.031724423927571736,0.622165860582957,1.2207595359890906,1.3017180076216357,0.35056003295413546,0.3017387155250619,3.7273949496997383,0.9586437591186292,0.19162373240160566,0.5754428313649114,1.033575609281125,1.1422507374234898,0.08589844302369808,0.6251271580281659,4.128275648996564,1.2703974966518647,0.2546427526140346,0.4803534428501099,3.420499151355193,0.7245440288941328,0.2690800704474442
0.6372752201455215,0.09814697189301912,-0.022107124585662826,0.024607814034841632,0.5732897049489537,1.0404325579565536,1.222858701317487,0.30689988613371855,0.17784058904450264,2.2569116974261716,1.0031408218282294,0.185216440596254,0.5730002605729254,2.298833460649391,1.5343929538769594,0.15850635119550185,0.28711158187148084,2.888194889884786,1.665889022322445,0.24387287474107253,0.2574800834039012,4.076902454809677,0.44182368703629693,0.32724989015294204
0.34449298315482124,0.10508880753347838,-0.022394847482344823,0.028271109183964898,0.5803499558173618,3.111105223795577,0.767648095694754,0.5427133435136486,0.20800811524260238,2.2029534304048304,1.0431742117281362,0.16438627310332837,0.4602243129229685,1.9711695470078883,0.9298478427920389,0.12767453964267075,0.3739114887417537,0.40564772437671176,0.8947720808886364,0.23419572539365344,0.49302945679305427,0.45431335950298835,1.020613373905253,0.3408089216743154
0.3385315931796978,0.13415816927270588,-0.027961659048963017,0.027334432973169405,0.5679773567840404,3.7279028915780676,0.7724037207592696,0.6258814874743063,0.38823585777121455,2.164437343782419,1.1011922927643663,0.17711268676125091,0.41551909545541466,0.7393766471683152,0.7438342056854856,0.10514832033601772,0.3004422194790252,0.33746307771690537,1.2834860201607743,0.22324053466348293,0.4831890211037584,0.34998190610257196,0.4708830901749001,0.3535895539852943
0.40945571998210367,0.11342915608133991,-0.036640631281914214,0.030408552419363574,0.45423812226942484,1.5532459779716983,0.5895463108637247,0.4574604056954295,0.1870954594653792,2.6973347874056044,0.9798262632602348,0.14644330079808235,0.5432404473143505,1.4646572370571778,1.112166373749278,0.0975612478797816,0.429333978156611,5.186071372563152,1.5774155120636244,0.20422667441204279,0.3806130351378943,0.4703210232793254,2.169658941770147,0.39165845115137465
0.6674233590554445,0.09039937893728239,-0.029375528418978367,0.029891852997768285,0.6384547458690661,1.3813498796472858,1.334306785215635,0.3178537304129111,0.2365871470525133,1.7793387225721689,0.7206979269178037,0.1263585929092361,0.3993388523254352,1.0026812014060449,0.6921484271629028,0.11213075738692756,0.4062511696907854,4.862271908510168,1.2552009464415603,0.22617881455469063,0.11662699854083197,0.4977969786095297,0.6191197331375033,0.17037350772421503
0.7043352366871308,0.12281988023150349,-0.024442887506426016,0.027444639613765805,0.5044590867922103,1.1404850682327516,0.8432241469081302,0.3581586637068039,0.48059819183240293,1.422907650747166,1.6814942863409068,0.12695310869997525,0.6066843500885364,1.2585999005245616,1.9885959087757905,0.12587403140593728,0.3681173928804268,2.0130583005097935,1.648922936324434,0.1568014458269693,0.23205924306305212,4.322121798345476,1.1143480991945685,0.1182378387947111
0.6287052104161245,0.08947456016382584,-0.027917414737632092,0.027895584834670667,0.6116586876195195,1.7710019857289365,0.9826817046693407,0.38238055794777814,0.150046125322786,3.7671842898580956,0.4370854239043615,0.1561808791626171,0.38069884692374134,3.9601865630743864,0.6199025378806581,0.18661504023835884,0.2181563483099072,4.017532934700116,1.039865467403733,0.21974959019777274,0.5851469692665083,1.1744425021858205,1.129999202954209,0.18634091447604656
0.5692193750999275,0.0951581761933002,-0.025799318652495812,0.03154103814404675,0.5456247567642883,1.1172360402647075,1.1025567962355598,0.3111740610246712,0.553325510465558,1.3971903289923633,1.2256015702297838,0.1129587610560854,0.6248438988413855,0.8881014635697061,2.01078371479228,0.1010687509857835,0.36903216646082276,0.7207934247658276,1.1356303640536232,0.24260394406593677,0.29061646409783015,1.4697095970266656,0.9754687784553593,0.13943782155453865
0.5369087131214815,0.134182616289692,-0.024833815587470352,0.02985275578741413,0.5684227875916089,1.8149247295020723,1.0285562994405082,0.4611826223443783,0.21200872631309706,3.1023535015588974,0.8923642240949685,0.1275970998181732,0.4896656036453402,1.9138820272701833,0.7458382811849782,0.15219941802559245,0.35853914370161516,0.9621063965833252,0.8350520372951091,0.19527690719233723,0.3852678848554123,0.5298189835199925,2.3302409776503694,0.1474522721697094
0.6845472724525921,0.0896133798013071,-0.033580291690221274,0.02973584855127244,0.5431101440805536,1.1940300937364536,0.9824897063142091,0.3551596282449062,0.22986244018935034,0.45107187442955876,0.9287139577682311,0.07050942574306845,0.5875309043243538,0.755919580986991,2.2258537115947554,0.08145754777697466,0.363146193518686,5.335730461145594,1.7108142252889227,0.23205398023684728,0.39338726803519686,0.9010474585491599,0.49712982047040766,0.1826576351111107
0.5898373852810448,0.08738539673542997,-0.029455194344603128,0.02744340754837372,0.5986183736510226,1.5217569741167987,1.040967054078507,0.3656521275736467,0.3694291266088128,6.325278923196276,0.9111671747019777,0.2536615614391859,0.5572383034583654,5.388539128920011,1.0140391280508443,0.2547902082708388,0.2920395559355199,2.367892213197507,0.7065661449490848,0.3488814201077721,0.597578589268116,4.244383787526053,0.7430876292608699,0.21141107612718757
0.5808283949767681,0.08496761585833124,-0.031235534642059318,0.028766229583237858,0.5654609296705883,1.502793100150917,0.9885960452594059,0.3736356292457702,0.4774126574806049,5.794842952307004,0.7849824752015442,0.239915587540574,0.502093959816177,4.377791813554406,1.020399440971953,0.2615365855314402,0.3414260879323848,2.480687194957629,0.6360153518049,0.32684210649503775,0.5556311824026716,3.2587598654536136,0.798711462970825,0.23262170553293585
0.619360764550361,0.10177305254123908,-0.031380225788689854,0.02479032420746461,0.5557589694910405,1.4682100961184612,0.947346385248094,0.3955633011466383,0.35485648317221025,1.0016051937025567,1.033296187823924,0.09423606370035231,0.5760238939850856,0.9797144243611219,1.1930884217229332,0.09644832813806746,0.2893703148116073,0.8212356489861111,1.0690652929851368,0.17127104824833447,0.2619259174123509,1.0295447776084246,1.1441246653164936,0.12471300451778268
0.6100821634037412,0.11584019244600295,-0.028559797112947368,0.027843265959459698,0.5926024170773071,1.3128457284380193,1.0646606348899172,0.3578761254033909,0.33523489548725477,1.1246397843218947,1.5667934009708806,0.08624839065833238,0.4336419104190524,1.504432736698316,0.6868217720970002,0.12275660414757547,0.2826941020994665,0.8985138790644086,1.2497124554743098,0.17083667322341758,0.20587261652173094,0.6487504518335694,1.4149572416132983,0.11233678979417756
0.5926049561542756,0.119810565046481,-0.021261296784544685,0.02978811998473033,0.5140378329869115,1.046404960054042,0.8941930592252079,0.3512724026468293,0.3546542082115099,1.1263065369571874,1.830533267804074,0.09554471135874215,0.5776368584434367,2.410432900470327,1.148038873142596,0.17690831409627097,0.27096006354001057,0.8506950874638656,2.0422981092204977,0.186530227736209,0.27453444661802806,1.178748605896076,0.9570801662445135,0.12949586037703528
0.5957073087386134,0.10471191402015854,-0.022770499721951158,0.027715113433247604,0.631573663658893,1.3108274805250915,1.4619268583560454,0.33067736831641575,0.27272731554425705,1.4187479998061807,0.9863062582791434,0.12110346363064223,0.599327379513319,1.3028546771254768,1.0143670138872947,0.1171496726473123,0.45604278409541965,1.1977308028820828,0.604153278316734,0.22146752108402062,0.2793592427356766,0.6634496258762302,1.767615178556811,0.10561430551544351
0.5854464376247296,0.10088610817193554,-0.024015419244944044,0.028078702681351406,0.647248472798508,1.2653166066738684,1.4695057211922682,0.3105761512897406,0.3459327211551375,1.4316284677291997,0.9916441831869489,0.12363538140903546,0.5631530662216436,1.465955494475066,1.0778848331386968,0.10271343454556738,0.45664346665683725,1.0906293306091746,0.6323551405336537,0.2548108175057323,0.21852311024770923,0.6287920696268939,1.9350633286843322,0.10051668904376392
0.5915615978474175,0.11048568141194667,-0.036048257762993925,0.026434658809145712,0.5795238758390456,1.2100763452768462,1.105826570000971,0.35853971684215763,0.3240166740516965,1.2459307652125426,1.097494389934085,0.10709904103070181,0.5367350856265009,1.6381379567332626,1.283496459689615,0.12011205920571348,0.49431604786032934,1.459340151177642,0.7400792425849803,0.24553376642471675,0.3018126008542755,0.5499185948639893,1.406599477570025,0.0985451752063235
0.47981480720708275,0.11298804076991066,-0.02977014285950768,0.026533369359049562,0.5956707676697648,1.4694099462173444,0.9501601627588314,0.40830127970935665,0.31116630516597965,5.098415407269793,0.9662794711493808,0.29705019119444537,0.6217352991550462,1.273009221609163,1.0649387997088704,0.10050290019293943,0.26465488115575464,0.7629059909721597,1.071413915734143,0.1825368060093441,0.6488034219771633,1.1722437930151843,0.6041735200536954,0.2992272992717483
0.5337917614828873,0.08190362977583221,-0.0226340514466124,0.026747143836234912,0.4988358297880789,1.6204215230681183,0.7143775346858645,0.4118458921186839,0.46659601957876434,7.215011375431752,1.1018155355347956,0.4471029558654697,0.528761534981067,2.12085365809432,1.2322733428193082,0.16901999180154245,0.11487520098051875,1.2269517430858266,0.7652552603691501,0.1933472011929427,0.45176952395876524,0.6071527821516978,1.6397297256391545,0.21606783500872934
0.7537944591966216,0.08792353395096189,-0.040000832196583215,0.027156242802825633,0.5111683920753275,2.100829521947706,0.7259480362541305,0.44586488144152137,0.2813569747004261,0.5272871367154817,0.8741380839089223,0.0750434528794326,0.6001484985475823,2.874940274821403,1.1362761134582318,0.1592822400172578,0.24443982452746393,3.1873730555911917,1.4207352276672585,0.18035231580143427,0.1377476754470552,3.2000062477416376,1.14913557283085,0.098453865950558
0.7283113913969494,0.1129853328316118,-0.017910097663717872,0.02938956431871459,0.5451211056803342,1.8380934246350509,0.9489400144096728,0.4435953094267128,0.3554159498518782,0.5054809882810114,1.472877603820168,0.05857402503684928,0.5209407017529595,1.9502265043216638,1.0880882260489828,0.16821437110624862,0.311288569072887,4.139365858937933,1.052317512617522,0.1809411032018019,0.09542453232227154,3.4322524864045434,1.2887929050987592,0.09857336214016837
0.7269936358415129,0.11037190194240527,-0.033387439834554736,0.026121572576925364,0.5434426046744376,2.329944482622649,0.7262179935012204,0.49005018935080547,0.2735035810283991,1.8116994405634728,1.2503121420933518,0.11855692986843985,0.5988199287486498,2.460710858414645,1.3076492663887453,0.15154270863712183,0.28966845159157506,2.6571003399447095,1.5218762268556485,0.19689841252921295,0.15309715364819992,2.618736891946874,1.1585702525725836,0.08537599067077914
0.6924008500113943,0.11169921277093538,-0.0251572757656926,0.028938490587365667,0.5878218028951877,2.4632308819192854,0.9585790131822853,0.5117056830135748,0.34987666448789945,2.75337573785415,0.8839523015280073,0.16239378223041226,0.4694115452746899,1.5042569418651492,1.0873649665212932,0.14126303258353545,0.4004263987149936,1.5795733418017495,1.0220629187330175,0.18120557146761662,0.2825307281116968,3.1041397108646236,3.1608562827512787,0.09141057709988525
0.6547224253315724,0.11099777585409423,-0.02149455204416429,0.02800866537267261,0.5765439256757268,2.6397789316887454,0.7923244239450558,0.5047057849068654,0.3637759007996292,3.728998643911054,0.7863641468697073,0.2000599394244316,0.6237233869895019,3.800843701605172,1.0340209529038265,0.2544839726513164,0.3316467394521224,3.5162834750324947,1.5157335787080106,0.2432174329882684,0.049594789688008185,1.1028793501488219,0.45549585772048257,0.14801447699394155
0.6576829687668108,0.10760743496924187,-0.033313338353182724,0.025533770393422837,0.5446947475286436,3.9622507206430475,0.7245241839460979,0.6058113291160784,0.1966236863531368,3.063180256180311,0.8177929879181154,0.18295507846058803,0.5280441321473953,3.1305210217215222,0.9597783146256682,0.19230318950822015,0.4666738286479972,4.601132657106939,2.096804326954048,0.26633218157946226,0.2322575334035228,0.8526122445071577,0.8046342644822528,0.1863555277257821
0.662674344801322,0.10587440038945652,-0.018784286591658244,0.02850943513744224,0.5415988032226019,4.062767593109404,0.6555890396505307,0.6085315537118566,0.1870768295901539,1.9355072016468535,0.47266006546639217,0.13559063993939946,0.5327379765788425,3.579050745830138,0.8181153849633329,0.22504314645431164,0.35083809326456716,5.083230988628311,1.686981349485732,0.26935626246190053,0.35070772989470295,0.8719850095282508,0.7307727259742215,0.13805009915359473
0.6796513498536392,0.11256790772322492,-0.0326179763896137,0.027609705768590335,0.5003656328564315,2.142740126466862,0.7345721389219931,0.4750310818390142,0.3628004330856378,2.3107825896396736,1.3326558373931934,0.14828459980748565,0.5891283234186494,1.5571758897152193,1.371378713925689,0.14110689983211938,0.3648115788980837,2.144676708553316,1.4698919959584182,0.14944832425018217,0.43721415448371886,1.7826312623407434,1.7856380123553113,0.12297907743987374
0.5254069112533368,0.10752339583120388,-0.030431943335089667,0.027134901658140958,0.5586781199938017,1.84094654842452,0.7776771410734897,0.44178875592366285,0.32447433671137577,1.0031073608491563,1.5577552907245549,0.08924227954364458,0.5207408592708681,3.600857110501412,0.9653823521495983,0.18647298084032055,0.38544040247244765,0.6430871428892223,0.528864104504598,0.3284031925731856,0.5595988913032288,3.601265719036725,1.1732464585714466,0.19667261154136303
0.5753484016507069,0.10212273607921317,-0.021943455931919834,0.027726197134884226,0.5387833255200605,1.6776167572044325,0.8083197152852578,0.43971113019388647,0.21425782346534142,3.8135666447523913,0.6004732199502614,0.13636235357019658,0.5903065956633031,1.5551684399497203,1.5234227195746066,0.09116751030552377,0.44914746672812217,1.4108656041799115,0.6645314989381231,0.1650725550055408,0.20171249781937822,0.2576727327251648,1.6324980582822148,0.15814852704093815
0.6673386760275798,0.1230375753714233,-0.04519503758310503,0.026711907716266216,0.6018320586952406,1.5531583442538501,0.8822216662219042,0.41416718311737555,0.0490634286803919,1.9419542780806271,0.5643398150147121,0.1297403963364165,0.4473921414009044,0.991579888762112,1.271987072903827,0.09839142032774069,0.23809973705479306,4.997385744204008,1.0132368075109708,0.3542177077803537,0.4454256220468723,1.7586814448961259,0.8510405999173596,0.10765841694903516
0.6345181439137814,0.09207730678410549,-0.02517268089333775,0.030182679529168626,0.5648091842869734,2.4306274679957367,0.797653463297057,0.4759205949758125,0.4391845054753253,1.616893830141172,1.2920575573477056,0.10996948617077737,0.34957302260023776,1.887237811313716,0.8511203207978368,0.14180700991281495,0.5989229435226482,4.033177631822877,0.8273191731851315,0.2778760706537078,0.49655491088477655,1.1718680032078768,1.2457423296266585,0.10149813756785668
0.6510906742107536,0.10504825304923258,-0.03746280040491331,0.02750100987364206,0.565576745546835,1.9877055620476398,0.8150682259136784,0.4647762042150845,0.31318714873524806,3.715251991424663,0.9684855164585507,0.17643046509645569,0.41899493107040364,1.3793246594197341,0.6827752462504697,0.10998794575409893,0.2599225318015198,2.3685187028598094,1.1653753257979547,0.2538993631299068,0.279108410128256,0.8714922478156301,1.0452486379634518,0.11323096048005672
0.7004084520044487,0.11531912223456564,-0.019043888331108157,0.028301813901692955,0.5600573083685707,2.1097052172121114,0.8990666363316627,0.4692335565478483,0.5038474647555934,3.9666950546102187,1.2979171748397176,0.23960897235517237,0.653852574905394,2.9781293530819295,1.681665495694821,0.2084981222912881,0.14481896392959256,3.3891297267914418,1.0834464155280954,0.13485540792689735,0.27574437043859507,1.3376911917077683,1.1387641789274023,0.12301130816246841
0.6292263281957036,0.09877190902005398,-0.013143093177230288,0.028733841211500334,0.5817314005546106,1.4334005355728499,1.0383823696476404,0.38754548631737645,0.2012772185061045,1.1735208166984739,0.7536182930703861,0.10458182629942177,0.41959920312910093,0.6660501006369208,0.8805535480069985,0.09480756516578821,0.4560072618516283,1.1703443269487095,1.3279356400945916,0.1812132230446456,0.44054958502989167,1.2056659294047658,0.9758479429452988,0.0911080753861928
0.6372113290426692,0.0916120605353754,-0.02074693291010776,0.028158344720251836,0.5629740548359741,1.4109410160989624,1.1155452103984356,0.3757127217905157,0.19473495087612055,1.1334763705287947,0.7717316579241951,0.11697030752831898,0.4442637452409357,0.7420980462556913,0.9636321218451513,0.10857661888221559,0.4310023573884858,1.0945038511811367,1.0079979771340404,0.18277109451905937,0.49683805153906035,1.1520297861184696,1.1267790478492423,0.0926439628849667
0.6848008009924462,0.10963843251212492,-0.02145822253654042,0.029178508047564652,0.6021189811958457,0.9293469606219872,1.560447488245856,0.2705416075932561,0.3471050230306199,2.287235273987901,1.492414939370352,0.18537349995960228,0.584077881850868,1.0947936785332633,2.7938798843307993,0.09967584381748293,0.21332485065899334,2.7694828839325445,1.773279410144499,0.17793128715298134,0.42118019359202097,4.5839367914964955,0.5556282177111379,0.23519808815709567
0.5966477007600596,0.09508131390184986,-0.026096652859151692,0.027184866064195214,0.5780541424599226,1.3042658288041187,1.186401078589585,0.3477323581142959,0.2287071156408023,1.6927694589589828,0.9548450355845347,0.1300774718828101,0.5547395048466126,1.3160827453177635,1.0584287781758994,0.11627027049846332,0.46736752218159056,3.1932120437542055,0.7898498417620857,0.29482932252123023,0.43508355544165306,1.6495954190250943,0.5995766436380943,0.1992588179804539
0.6008027351280713,0.11604155424717162,-0.03520611558177324,0.027322031496593638,0.6148137883849774,1.534580119125336,0.8982298458244865,0.3899407083449797,0.2341543092119215,3.547224106253283,0.9996863941456615,0.21028044032303783,0.5052776375300438,2.0197969648145664,0.9082505789238756,0.15941750758070503,0.3423865808156592,2.167145024603956,0.7950392694316835,0.3142486279349037,0.3563917626860238,1.4968074089321188,1.1926863754551917,0.11045609004400614
0.5999259724313563,0.09651155379804545,-0.02231949768555921,0.02745660985241481,0.5852478368558057,2.0147036697309306,0.9349811273485752,0.4185264885256944,0.4411123364633687,2.6861183507005477,1.0508946495127776,0.17369892754327038,0.4937787859215725,2.9633221025604546,0.910912072794248,0.18164408058283574,0.45206633109947464,1.4055115038941908,1.2439957562253061,0.30466483156217805,0.37591822132936714,2.8313018852240606,1.3661660415113628,0.10771732699686744
0.5871762114419299,0.10654525305269331,-0.025690240061120626,0.02774913744483103,0.5527940569660087,1.6319094839746255,0.8929352077221084,0.41920220524429513,0.3795197861762248,2.664184718118684,1.0218008283978444,0.16663708159183918,0.6331457968743508,2.772740338813061,0.8939106319746226,0.17516975335197726,0.5695782000204008,1.4937960170638362,1.1488833874225104,0.27855282623285343,0.37087846880134184,4.393694057130398,1.076914774293756,0.13018570126785312
0.6237829982758253,0.11008053719741764,-0.03050793334418617,0.028571704294980897,0.5791449198238959,1.5737707265813785,0.9306926139915076,0.41712120321432783,0.302172413943527,2.5825922615596144,0.8912219726918011,0.15322192086471312,0.3458949313451097,5.087604004252999,0.5498242339158615,0.17559546002401816,0.16297239505109992,0.84203445169088,0.6349559176556038,0.18392788725237846,0.5032323154436864,1.4507396362287448,1.3795497105243402,0.123599075552471
0.6194018957289071,0.11187529399409056,-0.027753973635035106,0.0298861058598762,0.571723980426669,1.8704915413553302,0.9821191843310011,0.43520843313180646,0.27761685991786156,2.30216487919699,0.8912716311810518,0.14860787431079256,0.2944041062856277,3.3968174059863556,0.6265848405904259,0.17799153217395403,0.17809757912608729,0.811802763371357,0.6650113927040064,0.20309347460660684,0.5089129593692476,1.7015158561509927,1.6136829589707224,0.12489682593124783
0.6292473709193755,0.1213302221787635,-0.027384098645153118,0.027470102600851556,0.5782740366535499,1.6854849228026125,0.8999267835331453,0.43584506857136507,0.2607188007790662,2.7650070965358715,0.904112043725067,0.177406375638999,0.2996048127220179,2.3834449406279443,0.6677854325239827,0.16944329244914513,0.22419282040367935,0.974251273437323,0.5567202367782784,0.15488583357251118,0.7221231600789043,1.7482470592650208,1.2808350118384335,0.10515929533885779
0.6109972821527572,0.11006148722056601,-0.036052282514382465,0.028298174241144433,0.5651580908406492,0.9723629483396438,1.1557775718713164,0.32960783133055355,0.5517864158678168,2.309381910418146,0.8001845611258135,0.1522557572365484,0.5601216355666268,2.045143359201632,1.152118839558966,0.14975093841436074,0.10008273950214613,0.8344686318858691,1.8290605099268358,0.13688225949709684,0.19818194780593654,0.4180418772225718,0.8077649225542792,0.13052546545243443
0.61834919922152,0.10735892347682877,-0.03521830331988141,0.026789128115082758,0.5453172281572977,1.1461903735330623,1.3144758459523114,0.31316549388447185,0.5201408763904706,3.3398572392461703,0.8760777307327866,0.1869286024988726,0.5702399565537358,1.4424676671490417,1.1560949332253339,0.14779097917170267,0.09900712047551932,1.0113499454046309,1.607954070987477,0.1357106015706797,0.2670765366699545,0.4524040035602119,1.045822885084046,0.14733290950447037
0.6601573399877783,0.09539289877110521,-0.03277334446845738,0.02953175215979523,0.6193336819545788,1.4484439781717668,1.1194147871054838,0.3491136147262459,0.4430192800356727,3.2283247716280714,1.399228047178309,0.21989263286637137,0.5576693704048805,1.082410989932601,1.2257938034228735,0.12377810990857356,0.12309859185369483,1.7786706461020367,1.5297920675614185,0.155061477484541,0.3201249225812465,0.6268754662314281,0.5395844733132074,0.15056731672453577
0.6174063279373982,0.11915573242448979,-0.025517548560995397,0.026105969223108816,0.5589045749256256,0.9123907456501295,1.0636053193460417,0.3266424326194602,0.230042155379094,1.8516998979532955,0.6630172480654833,0.13680096600411087,0.4784500875258486,1.6237761676782116,1.1540856742600258,0.14232545356309106,0.11248391856645694,0.6165677352602995,0.7226215077244381,0.13349358626314323,0.224793391636851,0.6305508749863444,1.6728514497605267,0.1149371446912505
0.5951592680018954,0.11973468609900584,-0.024754308329729604,0.027533245695011668,0.5977709025590442,1.5273192791275632,0.9626600156503484,0.40221885629647736,0.2896198869093436,2.118424529052898,1.3038442783728659,0.15199223096619008,0.4823167409836526,3.8770897289389636,0.8794883199782287,0.1797404482327488,0.4041686894719201,1.3097953892445813,1.4492302905298626,0.21180779596816532,0.4126862133464414,5.070096516321999,0.8547980889402245,0.2772753212579331
0.6515996444999349,0.10444225653142954,-0.023023958620551867,0.029741054079280647,0.5940650202813178,2.2844966089699357,0.8558838887279141,0.4820824412987876,0.3570481443524582,2.416309716622892,0.9667574557973997,0.14103352816095052,0.5243899854512495,1.9330066324007338,1.1192700373695814,0.14704684473719787,0.3468607320803947,1.2304034688101964,1.2963032923602298,0.15059428890969373,0.4570887213463618,7.501621596640175,0.6534373425023672,0.21534742649249386
0.6135960736043574,0.11557249029246748,-0.02627268230120203,0.028697866476217537,0.5836468736092854,1.1061937419679373,0.9003368814332964,0.3647733064029922,0.4226062109774891,4.206392709135233,0.9933152962113139,0.20621717633682882,0.5808702216406063,1.5655492139845426,1.3041266830809914,0.12711016228698074,0.41975093338079383,4.712400354708472,1.0642587069191791,0.29257739542695294,0.5602147185096202,1.6366496165325004,0.4249100816667535,0.18441752895523955
0.6725348987692797,0.11594368358034662,-0.028629796835863305,0.028464287686410395,0.5452855080283047,1.2381237124764584,0.7836034526231498,0.38090674370462585,0.3249071017827425,1.9918660853609071,1.2960323973797219,0.1228130597947767,0.505202790780416,1.5349949071185234,1.4776548637710696,0.14739359870189503,0.4637665746139897,4.715603943103467,1.2718709100878682,0.294425242482987,0.3787412425021579,5.412866178476947,0.9706133055155217,0.23833879742355268
0.6288042330559341,0.11500915418305163,-0.031781074426492376,0.028705996622648985,0.5790968068807367,1.4193840122083439,1.0594773949210112,0.3873866179790016,0.20485749120927488,2.7422125282007452,0.5972888621359682,0.16047658745042293,0.48008856322727106,5.011658048031104,0.8663976015852062,0.21876375411526366,0.26116645291157337,4.225648318221118,1.2008877701530103,0.2072744964396783,0.3696236333012815,0.8184395667439762,1.3862080196304745,0.177764100063537
0.5907513493577252,0.10520678481933152,-0.023550573031009922,0.031023871815065315,0.5209274666286898,2.1709008135831542,0.6974833264582617,0.4925975368103651,0.46051952846613564,2.611764043784752,1.1312938042441554,0.16664346725923607,0.537870002526684,1.2755475593495953,0.9365065877575623,0.1200934706584431,0.6112713391126638,4.298939606749507,0.9221690993655761,0.24489061510800852,0.30664164054802795,0.5572764714125747,0.5140652092817463,0.16918644859367835
0.6004543204140951,0.12999161499866352,-0.023552466378983006,0.030726311435626517,0.5807271778572496,2.5683462743801058,0.9617483864794557,0.5299761403845945,0.14965488769256,3.1511416980791696,0.5262644355914838,0.13519981982017842,0.4705099726599778,3.7845689905498596,0.6014859231874463,0.2082005961320963,0.20027281832533583,1.110379996558562,0.7321860337860481,0.3224035366260967,0.33895132429920755,5.682498748692567,1.6923618897045498,0.10758603423361514
0.5435508492417281,0.11475713218355593,-0.031065582524369154,0.023406769689224886,0.5964120027373071,1.1312998692227103,1.1601786185590854,0.3495924518715194,0.3480054712105885,1.442697757041938,1.0513929186230728,0.10361326218467617,0.4586590684527726,1.297555716864564,1.435345787102676,0.09194975724319324,0.35895057511757944,2.552064826587689,3.071645242493922,0.12465147088931118,0.4170369264614241,0.1875544484856381,0.9550494623238337,0.2637920168181177
0.576700964835372,0.10702479179156121,-0.027550182689155874,0.032394812600460045,0.615707408873041,1.064212338766042,1.4509515140031464,0.311267623103033,0.40645279203140755,1.4236378437692352,1.540984846688366,0.11886902658004714,0.4361532297948009,1.0005146824249493,0.6796808667383052,0.11166757005944188,0.5423302698281863,3.2712081066723027,1.779455755566712,0.1343916352416018,0.35636346265343005,0.4171242536419784,0.5182019476576147,0.26224766960444884
0.596218121100233,0.10491170886503044,-0.03322541697786658,0.029766985437971252,0.5732668787563528,0.9464913975036571,1.1744976897130797,0.30723631428334297,0.14521830517445675,1.1860594773564006,0.7071744155469191,0.10860243106484926,0.643357746167467,1.2096083070081753,1.9839541583870626,0.09567233351530247,0.28657234669022563,1.0093532472353322,1.1815611392661904,0.14748619290791418,0.6608834007033766,2.069937007529951,0.7150346612392995,0.2294957336543555
0.5686523604574528,0.11206556742313609,-0.03283304789997067,0.030855526591846243,0.5770683599961298,2.02885657438412,0.9372708637458373,0.47213057293634536,0.45565192100216345,6.408112264025562,1.1685967248897746,0.34276170399217787,0.43786668384307803,2.3410775847823775,0.7857518113794659,0.16959509882650625,0.36510122013549157,1.4808002028873883,0.8164544960980362,0.3712762343741316,0.1947581479482212,6.028380155108779,0.5580680343554896,0.14243091158634263
0.6001805259505001,0.10477203354856397,-0.024037179380657667,0.024766331050150348,0.5897052205558098,1.7213276325795683,0.9952672571706216,0.4078831699851884,0.37727438110602857,2.2517761243206333,1.068327157935602,0.12388557510798473,0.6041256214848308,3.592544900569952,1.218458316331323,0.22010957718663549,0.3470573052607136,2.0317027802761416,0.7104355883696354,0.34045850491233803,0.21087326587687685,2.438066538928441,1.0755705487691514,0.17573121410833928
0.62307275247759,0.12721336282062357,-0.033670588717962247,0.029267598070998678,0.5813624291157949,3.0897355893073484,0.8267776041361276,0.5892692924446271,0.35109843307337024,1.679035540857644,0.9594988203644199,0.11384084414723315,0.5009185192485761,2.1312539124971104,0.9210604078716379,0.14751159067497438,0.330462732184081,1.1040238930812358,1.1375085783283092,0.19137566801727654,0.6485371216342732,5.535421392893739,0.7305437433501755,0.13695664949443692
0.6107678920981214,0.12351877945463406,-0.03385352626222271,0.026081185227460855,0.5747881575158816,3.0667130726346734,0.8303543832660384,0.5967379419659095,0.2659613098486711,1.5929401077271401,0.8774270922832276,0.12280102560715174,0.5058503224906683,1.9894221412753554,0.8535869031235928,0.14886137840165253,0.30086610430547583,1.2284612504873464,1.1945405206811655,0.20674258333877363,0.7207983210146217,4.36051208877274,0.5669988403983054,0.12436905090284589
0.6280684983352741,0.09585629773861197,-0.03711671782410237,0.024505494725093408,0.5251145782503441,2.9367373616589436,0.7566380812069858,0.5216731000205546,0.5086945596031767,2.2988124250777755,1.1761247770912902,0.1356154656226182,0.49699212749028987,3.07367337364193,0.8984464113019309,0.19303585189643013,0.39738282617528425,1.8252625934871807,0.9084773809069763,0.33664886865410176,0.058258400123742546,2.8800496694689555,0.8600676103792732,0.08081614199032011
0.6606590936299009,0.07034906310906863,-0.025642915527751064,0.030921671587482793,0.5922988610541771,1.164109194760768,1.3339232454325405,0.31028891441315287,0.4663340526281434,2.2542625007155785,1.0961229865467041,0.145100821899611,0.5105293952465277,1.5075698436764708,0.8825544923549394,0.1087025574689819,0.3934511676680449,1.0901969039623163,1.3961528248090025,0.13607572665661635,0.5409942755567834,2.4193628021339646,1.536827383028475,0.17613363172005234
0.683836525705332,0.09805042845397732,-0.0316948127937553,0.02875471847788051,0.6157910759754339,1.2103011464917752,1.2459263628270099,0.32250299745647965,0.28965129166240816,2.224829452317056,1.6344811999947113,0.1803275286063375,0.48498613535372925,2.4770319544887136,0.8908906420375402,0.1709907013934146,0.48175634855248844,1.1030147230014598,1.3198313445960224,0.1390741230006056,0.5573113699828975,5.704027945754089,1.5449593887448194,0.20258650107708123
0.6807800366053106,0.11474029273348342,-0.018930522878461264,0.027977406183689952,0.5551595319694527,1.199622927561176,1.0140375487750184,0.3759504398704975,0.26691510922793493,4.2718483782658465,0.8303786480934563,0.2270851831088492,0.5642590955747295,2.82965113588467,1.3151851112738782,0.21290630547157857,0.2984022739006173,2.6729729960183715,2.8106596252957448,0.1436096301661313,0.3214478405680284,1.4016402342103156,0.9305418492700268,0.1716684749108973
0.6373176372498818,0.09078702797296889,-0.029801689768757543,0.026296824402179824,0.5714572812903648,1.749721300026648,0.9924084715166016,0.410282401399569,0.3340949855164221,2.5979797037888637,1.2373598147770364,0.17979019440989555,0.5136775131870072,2.609674431547546,1.1940115948576735,0.16425514258685933,0.483863527151933,2.2086478045053255,0.9664440272569649,0.19089650151238174,0.4387806426019231,2.250083420378452,0.7566504723002527,0.2155182659659214
0.6773892104016902,0.12019161268904255,-0.030199052248798534,0.026417487702195912,0.5780024945255744,1.5388264739830435,0.9420210029246434,0.39616897920897676,0.2059588976402159,0.8836349149936004,1.0429467491767217,0.10064227826461769,0.5629977886715234,2.8551262458027744,1.1198761966425126,0.1938899660907437,0.23973628320514329,2.706146392553871,1.5327472193473166,0.21632276254507632,0.1826414456815652,1.638529287416946,0.6998632893708434,0.13627799215775033
0.5803095472424871,0.09878675655819613,-0.030672080438177707,0.02611599954006139,0.5732188260847007,1.4085880776773827,0.9744833262375258,0.3763963981701362,0.3367779517557662,1.6606598663265413,1.4075109985203131,0.11847550420972291,0.5842225783357436,2.0094901640340326,1.2688929121304127,0.11370181014731197,0.5301236728637433,3.8956614614356635,0.6659807438896047,0.30994067639379635,0.5870929145491253,3.336112110578702,0.7114935379324206,0.26187649322880036
0.5614371762480335,0.08817333810458114,-0.025940702271535814,0.027755198849708257,0.551896156430543,1.1924192118339967,0.9765585141258867,0.3522868483789855,0.29688335279532724,1.811661217696878,0.6992765062877387,0.13874100826411084,0.5976312631093633,1.7275456121270552,1.2093739504356802,0.16659605843178954,0.38244591112263826,2.142216495983172,0.8714723936428552,0.2764858329242394,0.3975660283641149,1.2829647040433714,0.7593363035427743,0.21000857363293832
0.5834844917274529,0.12451786245624186,-0.01664790939900133,0.027697665566373902,0.6152565023373294,1.3729285098262494,1.2468105900632225,0.3450997727025728,0.12912012562890593,1.4596889067459458,0.6330125667804746,0.10502798383041069,0.5889206074209057,2.2359588302779287,1.2078059068473377,0.14352575642911486,0.41635399381738275,1.9074552179795068,0.874462825000415,0.251769514404994,0.2533481170782006,2.284149155619662,0.5385537793453545,0.21893774208035321
0.5821825413133586,0.10499190420510932,-0.03863894919580802,0.026888746026679004,0.5492897801266343,1.240796185155408,0.947918334803706,0.3778979024664375,0.38899592577340625,0.9905377315508874,1.0364933050938094,0.09202178357050787,0.5465630627080218,3.3907495335866185,0.8318501895742728,0.22557462468991385,0.4815027395312647,1.3176610197345056,0.7382316075876613,0.27508863840016545,0.5225359353612595,3.397369698934387,0.7229929369769552,0.13249801550061732
0.5719863804781945,0.11698690354769244,-0.025612488870351325,0.02672205247810409,0.6140243666161921,1.2079524646190956,1.1903478328314032,0.36257665188630256,0.4679279946522042,1.4700295842226052,1.3629120988549868,0.12037350974321318,0.5344188078266922,1.127489384595028,1.4040435016003487,0.11205976130053759,0.2893481957166036,1.567700859024569,0.9713548782414629,0.3068090803946297,0.3160807784383539,1.586134790077218,0.7210302325996758,0.1403255648013749
0.5347912721271592,0.09620923458540433,-0.015065655566331333,0.02595585175045596,0.5593516642162432,2.1659494952635416,0.7251891942664649,0.4626602257941801,0.33746995192731355,10.478614802180461,0.9085377175071476,0.4537280861235381,0.5651110724982625,1.7104075994961958,1.2780462518607996,0.13868209864565229,0.4732179641916207,1.0780745632563684,0.6585528248330152,0.2566439201864001,0.5243698186361753,1.1066959768542974,0.9711809012208683,0.16599075146461817
0.49709702889956986,0.11772925602776287,-0.03660918666792431,0.02759891443697899,0.5468030021136608,2.1537592867311783,0.7629166272206211,0.47309945129334635,0.3227917895293961,4.853372014556278,1.2576321962860506,0.338711276489183,0.5631122319856,1.9324453164988835,1.243003778154937,0.12736247331162104,0.4442289445403723,1.1202223160070033,0.9226181419942862,0.31537813599207126,0.4607700836762635,0.9106108072821805,1.1800308021712913,0.1699506729667373
0.5583416769385727,0.12773511739226232,-0.0341376478907743,0.02715787846361317,0.5860829304324188,3.544406586274481,0.8206821924105494,0.5860492031810479,0.2490406610293836,0.9384831952645446,1.1669751418158394,0.09453696822459418,0.5061425768325457,3.5293490993585754,0.776578221325564,0.19851242259213214,0.28136186723320705,1.586345409467615,0.6771383861330115,0.31978770636821874,0.3008011390992408,4.3929846885287835,0.8075942365339736,0.2629775538497633
0.5273848880513137,0.10484714733701024,-0.019855980441550233,0.028324147994762343,0.5754252549891917,2.8048367583328218,0.8831724088854797,0.5429879966937251,0.3382782766787596,4.039716521740768,1.194014549994166,0.21497905925802735,0.46888938292075183,0.6456347489274478,1.2783967516461343,0.0868361161188342,0.4666808461906134,1.080212854522588,1.6154373606133987,0.17641042439885532,0.4507897541027285,0.7266606666696277,0.24891615929025998,0.2702681713225957
0.7097763566381486,0.08412652333299678,-0.02269002959827795,0.02512417937624842,0.5706924335549672,1.2792157795615127,1.058231826982953,0.3319777390549034,0.24937045130066124,1.6731353182057953,0.5023221275427385,0.14044163782645136,0.5192532201380154,2.77289442575024,0.8637446191203828,0.18269499043684723,0.13153960443443527,3.141346867188073,1.2725557866809905,0.1678036652759435,0.3347437447083799,1.2211300481891563,0.9740514363880942,0.10801917202716238
0.6083007354943676,0.12784615066195393,-0.02599162639272978,0.025282746303543963,0.5760570769413222,1.215829777951498,1.1400630360019786,0.35525351659509924,0.4960646834036513,1.7260149977036907,1.513219079389711,0.13054272196064817,0.5032855175091302,4.525439306740143,0.8340525343425758,0.24668827769592694,0.40632210322945944,1.60884677520579,1.776422255054853,0.1064612686082063,0.4155327349367066,1.3223497870140153,0.5265563279861519,0.2294591465250689
0.6282063149805291,0.07729805362257071,-0.032376246318099086,0.02769658576654415,0.5656640370550008,1.142385198756214,1.0507360141403455,0.33618000754619803,0.11919420460313604,1.0870972867731465,0.679322117826772,0.10543261068229592,0.6701391931792916,6.583160357416361,1.0555464823059146,0.2972223809616278,0.31960126246694165,1.7779539728514135,1.7648776640534127,0.11253428349811592,0.5144708891152528,0.9644261426993972,1.8951144009213443,0.18266043395493156
0.6564270944615114,0.108177731248567,-0.02805533429488118,0.02860341914648408,0.5679679404875582,1.6696682750612806,0.9475050204322638,0.43132898119562285,0.38295463832633425,4.1189055654377,1.0849758853305567,0.2200209389130004,0.5020325079828085,2.6003134331333078,0.8256710014943128,0.16739516670274635,0.4237104713623743,1.1427956772423598,1.557377185805561,0.08879875851598346,0.29458751484977747,0.5312450961002085,0.7092471081633416,0.12439325284307251
0.6965623418102332,0.1204849850806468,-0.0218374578851892,0.026051124207952005,0.5786700949835942,1.9214915557872803,0.8261816961124928,0.4620573947155471,0.1367673786291109,1.886590515764273,0.6185097126082006,0.13818079976496653,0.5550220763787521,1.3686787315712305,1.6115818404877764,0.12633466899877024,0.32555395776907864,2.7798712792590092,1.6790171906756413,0.15165327047933694,0.37387132755788927,3.1113198841749083,1.173030175557208,0.14385491371119058
0.7110669670282964,0.09743059115930944,-0.03532045904936982,0.02842032792987218,0.5280057565908366,2.146561156613147,0.8056129791846051,0.4578238612450576,0.11747304718980256,0.8703883067652092,0.533172518837398,0.1029092692918747,0.5785444940530833,1.3231521868384462,1.2403072700360689,0.12245621344386082,0.24879536020047036,2.7268127105120517,2.180464471807059,0.139946721329415,0.47239130660105083,5.368402175011878,0.8042642069209599,0.24144073581518632
0.630900600721038,0.10465946892330591,-0.033903216584455206,0.027725424987859848,0.562597606731728,1.3017589507881848,0.7391436083147966,0.38878348983188626,0.2889748103342952,2.5119681233929083,1.5653823947897163,0.21384443080534343,0.5069776775271236,2.4506789713360932,0.8777677952393909,0.1927110171548236,0.37357132475853727,1.0953955310789782,1.3776209782334905,0.23179285142546793,0.31914588304695113,4.291069140778677,2.0860408015664444,0.2161840055750733
0.5990073975142529,0.11163504281685412,-0.02422658949059471,0.026926959891207893,0.616978222033841,1.556357170358929,1.0967393627861743,0.39731219431022935,0.2160977491996757,2.9524517808861774,0.8407982669360318,0.1497773264451487,0.6361043002294945,2.713918526854386,1.0390854405880254,0.14687702012366777,0.27865629046897916,1.9515756199196943,1.6638934964633685,0.12062255993897071,0.4191975131776229,3.163788039094859,0.47309068235826296,0.36500080649047395
0.5784612923168351,0.08785277208028161,-0.027717833223203227,0.02690524411483389,0.5414924998386579,1.406386483517851,1.008367377619613,0.36581181745183045,0.4933226276094466,2.4984521605828056,1.0468353855618446,0.16628536030467145,0.447879367713687,1.71701743362662,0.9368746939820204,0.12330171346110178,0.22647025126822126,1.4695353581518757,2.575985224287799,0.09997422879491843,0.5400485243651518,0.871248672742753,1.113709901308527,0.2694610539578672
0.5833269692055907,0.08637804993421196,-0.022763423415359123,0.027289449512525564,0.5247090611906962,1.652302630070824,0.7673035805099803,0.42934557032540266,0.42197069121303865,2.1090935720421666,1.4160251156808945,0.14196529557713106,0.5346753712041614,2.7842611624966516,0.8489658691304914,0.1472231911786548,0.31501621071366853,2.5464985293593925,0.8242028332178716,0.4188337498080786,0.4172060949915276,1.0842926020689474,1.0426834345343818,0.11609044985232334
0.5692381863868047,0.11888520192346105,-0.028401241874608636,0.026609112937821665,0.6328330333692183,1.6930255004011652,1.2387997794624532,0.39378673871118436,0.3393487643684869,5.825034991647513,0.7793605755813281,0.2573290100499222,0.5338755055639818,2.8497436784839247,1.097940554033716,0.1891340990407378,0.24843250375734496,3.20301921359469,0.4905408790380606,0.28774448204383773,0.44741291708128034,0.9760836181373718,2.2966448582063266,0.13682150606099786
0.5570509477373036,0.1144140426512653,-0.03288063520634678,0.026659564756855623,0.5958020639104149,1.6372690996903707,0.9976836314821159,0.40181539601929467,0.30303929107200267,3.946021369684607,1.2322032669129277,0.2426209205645062,0.5247049364134622,2.422812456663651,0.9214124400961152,0.15697483883310842,0.2561433654617248,2.6303993350266675,0.7210516099770504,0.3708450342822111,0.4147216850570234,0.8452772886390616,1.5353809647729244,0.14360060529721386
0.5792974749426344,0.10942731282589394,-0.01949395100860015,0.027665435559033925,0.6293734775118753,1.83806529206652,1.028892945532013,0.4191984083743748,0.383455945835749,4.679192455392008,1.1111444223082056,0.33927890139793493,0.48042175947426324,2.520147370027553,0.9500301292129963,0.21150041424040983,0.4364386171110237,5.692702795262718,0.6818339168600321,0.3508714266265418,0.4078087241986203,1.3857837133416837,0.715775387836323,0.1749818184753544
0.5505630657376631,0.10377106838517221,-0.028230589160898555,0.026454559246992596,0.5641613933960168,1.7875780803483672,0.8664981429367428,0.44549012191403736,0.11184529983576408,1.1214164067369057,1.2049037842225825,0.11234392061470028,0.5825429509037354,1.6779188460169518,1.1407136555712734,0.14138747104821148,0.25631407543184026,3.400003461451571,0.7446786838247836,0.23362529016615022,0.5168131939070569,2.075124422300596,0.6037092139750455,0.3365683202727872
0.6116643120957569,0.10643257090530378,-0.027194316268794764,0.029863518430443638,0.5973063019839537,2.3054126356691733,0.8272196754462054,0.4708969996887151,0.08737183404534084,0.5618594659142019,0.44659149905489576,0.09959226215369868,0.4345452079027956,1.7687947805780424,0.7699893313052124,0.13021740642950375,0.22060614087842526,3.650654377596772,1.4772389864659683,0.18657681239608287,0.5018479964937205,3.0434059555653428,0.5478915834421887,0.3352431431218431
0.6248461610855583,0.11443259366868747,-0.035458720877109794,0.027439533144615315,0.5436187791605905,2.4351164932757627,0.9036671319634417,0.5108858979945925,0.1635983535145572,0.7981062403842158,0.4784836893121678,0.09765854025172518,0.5365369320148624,2.01812286568213,0.8928116747702808,0.14427773125540003,0.3383825239195689,3.4316019299299345,1.400891955404025,0.19207082882523063,0.44950625412461614,3.9170825692626186,0.48874295399834644,0.3151042436450794
0.4964655747516549,0.0905390635051871,-0.03421327060348276,0.027841574361834206,0.5621939377314521,1.0489778246557346,1.2463477103167173,0.3025353160566029,0.556337573775119,1.8852113432211837,1.4696211208626546,0.13705864470014947,0.5213011054396275,3.3559023502102727,1.0662947676157064,0.204705699729278,0.24188910548385845,1.6921662871448782,0.8169772377830383,0.2976617097132295,0.43047936686058536,0.4881094102465951,0.5487663139778353,0.2819420902460043
0.5816007827232642,0.11483209822446512,-0.021838261833554428,0.024064674049244016,0.5750399653692837,1.2091326990917928,1.00412372234002,0.3779696826250364,0.11079219996395634,3.463434384231862,0.6524248551698328,0.1773941299615243,0.5510071808257426,2.529028349810059,1.010629715248566,0.15676175880427987,0.4399018962877581,2.789296291630456,0.9727640801446743,0.24462874147588884,0.6148481246774199,1.3774628477567954,0.8679389154874556,0.16992404252731746
0.6131563771157191,0.10430736917345909,-0.037532280731087816,0.024744792487840957,0.5281910679183279,1.7768444141909112,0.7440410561397539,0.4421289552057673,0.5363337702339894,2.4168400788010818,1.2867110717040846,0.1616133834956309,0.5897857315353938,4.886941596657377,1.1235805083794572,0.2933806610018585,0.23357587721492862,1.5048126760011473,1.5498044679712242,0.1409457962259239,0.2534179689632299,1.2714946141000394,0.45434758183249624,0.25126901150019226
0.6148495034996897,0.11629762979151989,-0.03392924436022414,0.029561465568736022,0.5311292668260851,1.365464144835662,0.8241555766361718,0.4032482612621713,0.3365828135521842,2.995013590070556,0.880408215817003,0.18452972702086912,0.6043257111423695,6.381565641184183,0.9993312658697607,0.34240936399924266,0.240266072016096,1.0292921888270152,1.9568026441871358,0.101081540906345,0.23745692677830502,0.7423137247705373,0.6601837427574826,0.18893608608992654
0.6139984308695885,0.11483224908454903,-0.02134305165914117,0.026366009755821703,0.5399713601417948,1.5104290254023307,0.7685446609073022,0.4342851851973766,0.44114512639465725,2.9629777431596285,0.9024605179475285,0.16888618253736581,0.5087758320147637,7.007611215610894,0.8562701055613368,0.3130026154478326,0.26862967336787996,1.2911248508309816,2.0786767106753214,0.13262070235817938,0.2537239640723017,0.9140015474167024,0.5180429994882049,0.18335562005670222
0.6601490110945558,0.09624247266532757,-0.032712269503408976,0.02865060608951189,0.5426248496511517,1.6948132739886084,0.9278090035446511,0.3917929633138193,0.2721590589951266,2.8689142633806552,0.8898627495242856,0.15296301845902835,0.596086046025144,4.703621032983537,1.0467148465825158,0.2725448224162666,0.3919415558508992,1.2878859144292052,2.3305194439153643,0.09206290638809954,0.19148061483813733,1.543307314528738,0.7264959327847168,0.21673239177151135
0.6614408939938459,0.11936378604850725,-0.02344411856370459,0.026154448493445014,0.5711959279356104,1.2887596871066975,0.8925284646733552,0.3848306153794504,0.39855773407259165,4.038350768574729,0.9431255232098607,0.19274113337629167,0.6126606916369607,3.025740405335188,1.1977861933267429,0.1973757460807984,0.4883026429406122,1.904907205582201,2.2930132956606237,0.09335837350369297,0.408708976341194,1.9053169445443576,0.5759080022295506,0.16290837739446073
0.693995188587362,0.09826750789811994,-0.01800364623568975,0.027533419381751627,0.6190467663950624,1.09360364937144,1.3376379792132382,0.2925427756384097,0.40452758874648553,3.633275108537717,0.8301526785505128,0.18430670024722487,0.49504347637158314,2.079299439482868,0.9513586959536239,0.16407909115732477,0.20970827662094044,1.5279340764046272,0.9915656327487927,0.1672084498277513,0.49325435657725697,4.044526501396024,1.4360931416210823,0.13886036481655792
0.5974681350366975,0.11577158622602493,-0.028044141276343703,0.025063427061466456,0.5393530431538285,1.5671383205909895,0.781577385396812,0.4308521369578357,0.3513652720324302,1.0239525945656756,1.1461166070855746,0.07214596670178679,0.5777425585258739,1.2198151666856472,1.6115590154028894,0.11564320748911465,0.47259922914329044,1.176158690047143,2.070791824061518,0.12268701332677819,0.4125821264459466,1.7305893899303468,0.6824184469955087,0.21697989315504812
0.619005071536004,0.10340967333823133,-0.03308968907549768,0.02483008588097309,0.618827019453452,1.2037018643589663,1.3367427861281274,0.321701514062941,0.3644091830114792,1.2409130860589626,1.1954345272746187,0.10404598434483751,0.4445753533752667,3.9068386779401645,0.8776629848977782,0.22974166201429153,0.15704637033427038,2.7896713472618972,0.5765945036085294,0.20900494588674867,0.5570187164803725,1.1389978455243355,0.8598225412039807,0.17186535522636318
0.607281522618818,0.10750911205481263,-0.023635041290464284,0.028233958186895156,0.6101447690069253,1.1662604539439736,1.209929234845334,0.33473844446879625,0.3351100715061986,1.5396034347204806,1.0552677677399322,0.11152399768987101,0.5029676467426534,4.123232269571581,0.9076799143200085,0.21275823275891487,0.17087440824232072,2.187785053838734,0.8020383957489086,0.19675834469129622,0.3123230096157074,1.4110184510454267,0.8475910359488381,0.23931208971574847
0.6637011635596252,0.10241107005129518,-0.033442943510516285,0.027474957292336646,0.5749108190711842,1.0739727525898792,1.1954857968191632,0.31729273069529945,0.3628325080867803,2.9687128036613313,0.8876910258756091,0.16837745748349925,0.5857767647925497,1.1852118962951563,1.7602837072689141,0.11087299912598016,0.44257861566046736,1.4704852279796505,1.8564566941617617,0.14480233751667396,0.3713384725187641,3.3689182628526457,1.0031263513492998,0.18470174951688706
0.5791360842682512,0.11376861440384686,-0.022771734495006767,0.026913345163318354,0.5735333448679243,1.4657844616219158,1.031616571947999,0.3909770099355044,0.22158612026488264,1.6958583239969434,1.073769784555701,0.1617242955611279,0.4652226022351027,2.468034376467326,1.1131233451255864,0.17707964597811912,0.2086699303731792,1.8874730142558598,0.6384297601378757,0.27783615551494206,0.3198706430094092,1.1295629501619104,1.0512397672094904,0.17847280947882596
0.627053211601423,0.10359506656572127,-0.035833036484541475,0.028559813493272697,0.579289112823641,1.477733656346966,1.090074702041602,0.38302847276019836,0.1950370773581504,0.9830208324580321,1.1786427005421676,0.09823565546822992,0.5791929977496244,1.2084756778120809,0.944690576836633,0.10034319118812121,0.6819239651297968,1.3149129892559441,1.1262053330027835,0.17821948979026322,0.3635781526913837,1.7443577433606599,1.1149576342362635,0.10989577927663331
0.6721189108154788,0.10469010189296774,-0.017478412118858803,0.0265749616667603,0.5775401819938542,1.5311691371668332,1.0110065759128348,0.4080240242244162,0.3840608751954754,4.761255401254685,0.7556254408658027,0.201407745400242,0.4096831637362815,1.7582703623501497,0.8250624029504305,0.12388545073461701,0.36237699749375035,1.9990596417322173,1.377579198101045,0.14845897915191386,0.45121686916505455,1.7192401331405727,1.061105684652511,0.12022534803763141
0.6083540341972837,0.10812234862376544,-0.025062532354451262,0.026367659918160116,0.5697437475885656,1.619672868354071,0.9525503175104172,0.39074975336299944,0.43313059216651356,1.5341165930814051,0.9491275490330453,0.13117462793301865,0.592015463735609,2.3960776781692137,1.425978946248508,0.18902651573263315,0.3917695490787074,4.36252077132952,0.8197617567702493,0.3782964865281783,0.32078896809518587,0.8936473267644509,1.1343221088850215,0.11072350634004158
0.34383422962715976,0.09757509749095374,-0.02758426782331091,0.029322154296652105,0.5770100703226627,1.2319434298435237,1.1861978680568979,0.3472853754209399,0.24548001006258158,3.6897485702369877,0.933453767125937,0.18215509562658921,0.6032674948316865,1.7296958730435064,1.1353057431478737,0.13405458654416247,0.34988627054042004,1.7230442577011003,0.7450484141531301,0.2699467878601165,0.3943862908150455,2.0343020298645453,0.3102485078851637,0.7045687158904986
0.5009413705381267,0.10787609399407581,-0.029048863347945857,0.028291347815288404,0.5154021792410821,1.8642192270372648,0.7150815603519782,0.44537423982007485,0.2000969876605206,2.0614912040286035,1.1097774415189126,0.13839514390033758,0.49994790601144556,1.8146186749402142,0.7982301192468488,0.1555485438708089,0.3255444911175433,2.6400510395483785,0.9793208513727188,0.22600277199941268,0.5776881612564954,1.7211355917250108,0.5929496820912001,0.3953848618985668
0.5084137785716147,0.10355424747167165,-0.021194690271132157,0.028651820478226737,0.6274879254549515,1.2215744086921487,1.1481938122563282,0.35157191092804746,0.33508238698216636,7.924425433887478,0.6874082333197774,0.2764580592766926,0.44321198121850264,2.8721761574018863,0.9565848030499097,0.1901974254146326,0.4598933176629777,3.104979977951022,0.9521510476222442,0.27299946700302447,0.3094000650368423,2.215893256332937,0.26459583639323714,0.3793650854007806
0.4619944954368501,0.09411602176155083,-0.032520373276515004,0.026406208363755554,0.5823416625371418,1.1779898532606954,1.291761978648336,0.3292241663917418,0.31721733529147716,6.4756235137811196,0.685947257233004,0.24260312442621332,0.4894811316179719,3.989481962792195,0.7617233827909113,0.16837070483992875,0.6289724562367596,2.178783943492843,0.5980158565827071,0.37902396447684344,0.1883550928426509,4.215933797463521,0.42706614606113447,0.41912935411480057
0.2469241802931894,0.1015801010395158,-0.023163181817879082,0.029572531365435265,0.580429797408085,1.5555396745646588,0.8520788545641664,0.43163433738818235,0.29345485375424746,1.0539126725259467,1.1904140689475102,0.0860427317560767,0.5555660932444654,1.0911620632595933,1.103438795005412,0.10817711143761309,0.1815098576070741,0.5769234968375362,0.6657241411697945,0.31204823783004987,0.288511820163132,0.4369752981649852,2.3410991143906075,0.3824207146684706
0.2709394653434069,0.12310337905831235,-0.0326307956351864,0.028354841500641766,0.5606958764809109,1.1755999737495642,1.0795961151553182,0.36258530652799514,0.5063158922688425,2.7782859622296443,1.2911204167203785,0.18487235783310904,0.6364090936680457,2.534518873654348,1.0856449625336555,0.1960433391805478,0.2885322248382832,1.0749519848149065,0.6211804288114753,0.33283476648035304,0.29507334963573495,0.050457128640662464,0.9504896873680445,0.3420766360972542
0.30398055571501825,0.09248313916582364,-0.027572896193656323,0.027076563541384515,0.5529515996350411,1.10919949339914,0.9695736665459918,0.33187869286790245,0.3106539195502134,1.3790500096082126,1.0383679770211645,0.11128766188281376,0.4734542823046607,2.2451476852261214,0.6346259639627059,0.16260469883433076,0.32886036007162,1.7284968155321827,1.0134022926042645,0.24588631586253384,0.3569125469593506,0.07807721109305321,0.2925454282600078,0.5524425318509092
0.3805210329790491,0.09773202567281687,-0.030990783271271277,0.025368811387850194,0.5795481103784614,2.51959360927218,0.8453259771660353,0.5010748760182472,0.24792245122715176,1.4153742145221382,0.4981200599450204,0.10774103973857792,0.4587169745883194,1.5825879736664763,0.7182152970078659,0.13492453651032657,0.27337539425787083,0.8833449281952566,1.4541992200805536,0.15454618698999315,0.5285527958280832,0.6029838943642403,2.580360296152196,0.3311726673242891
0.5766428722597297,0.09719020980689543,-0.025591677195466404,0.02525611628832831,0.615870851900643,1.2290535603438666,1.2934879290037915,0.3417123077110003,0.20930276783160665,2.4537010306777165,0.5353184364605424,0.12951109144868536,0.4041699620039101,0.9460483414739471,0.7801315550035762,0.11695985346012225,0.462363617314732,1.360090699850941,2.130352618742153,0.11465628660024473,0.18032952491528745,0.28815401361575826,0.47474143086929627,0.2258757825380233
0.5439966207749302,0.11683504784704599,-0.03259176209726853,0.030354875834879474,0.5806300287602815,0.8762963967926227,1.2669196949276533,0.31080924571761953,0.2369497369962101,1.8367771258999228,0.7770380575227792,0.14460410972625937,0.6123161324886809,1.6186439889214057,1.7617675417959664,0.12263870993213875,0.33220062433529945,1.1121639694411956,1.5318815256537457,0.13115097919157226,0.5911099994964304,0.8887969762149357,1.0888747393028917,0.2276003909358136
0.5045006472949592,0.0900182297458189,-0.036828148508322014,0.029448996757678595,0.5695047728897549,1.46847865484323,0.8924612475123154,0.3997670257849398,0.5079564705242424,1.7763467124881607,1.0793086624316577,0.13024405625720734,0.5912540952796181,1.3327019996008318,1.1450672568508187,0.10988950408631476,0.45296228915447534,2.016895454866499,0.6980028052038286,0.2486417095614242,0.2625425308048678,0.3246217340627449,0.6873395235081006,0.242435543469667
0.5004792628515835,0.12089083136303157,-0.01996607169620066,0.0256188257338872,0.5399380368952928,1.6312690477328946,0.8222600439997392,0.42080988890378007,0.2525503306245083,0.7186367911747495,1.6348068069659043,0.0813913877588987,0.5591048622859827,1.1792844020248425,1.2715697743334577,0.11178367379880316,0.3073266954306514,1.4831688493001995,0.8470258907759464,0.25547844138830317,0.2633079895793682,0.33123216898531677,0.45219941552557086,0.25106230248087774
0.587020654637034,0.11466576823732573,-0.027007792214191757,0.02590378591350932,0.6029224835228068,3.529911980922456,0.8651685907741072,0.5926343206666163,0.26414146006234623,1.4993555601431419,0.7910351382256001,0.12137748233565017,0.558171423770472,3.454502959573893,1.033275287213392,0.1808002038340365,0.3852871694616375,1.6725813975046449,2.345425768508746,0.09428577007196165,0.5104205567803878,2.3890172452526777,0.5898561398300581,0.34224009241646014
0.6286307241661069,0.09908229141590678,-0.02182676302688049,0.02907207837316556,0.5512398941745539,3.386829537709107,0.7383498069393398,0.5700871076714588,0.31043245157838895,2.258493152451403,1.1217272496106674,0.18712714451694507,0.5387385116247982,5.193838829356959,1.0079519178235261,0.3159544060213782,0.2692830135367373,2.0064542679956765,2.1776730780078783,0.1025971869473728,0.43379363102383417,2.3273430602894543,0.5905830912130682,0.2911760271046122
0.5976024138307715,0.10900598498302026,-0.028390189977689197,0.029072158403374983,0.5589103192208971,2.232403821897001,0.8194808137192324,0.4698891714246745,0.2607628189980454,4.814293189297597,0.7710090569656121,0.21173541236639412,0.4624282057139919,1.1969753869696464,0.9562419836380739,0.1145388114613395,0.3743109190737693,1.338548543412879,1.1383025238566977,0.22844536144607058,0.27896847063849656,0.4969501524886817,1.4399365766149366,0.10163202521238705
0.5037663939797071,0.11426424870066638,-0.029516172306620795,0.0272608186274642,0.5709823364487978,1.0290317444118031,1.1080699417108075,0.3141041409442008,0.27651234804722225,0.8070091183872979,1.1032321201405328,0.07688483681242507,0.6403228587443752,1.713860027579492,1.4613397821391743,0.13471591879538497,0.33355417029114653,4.353179743313371,0.42988152062057616,0.48508321426122586,0.35093458940378225,2.084504343778736,0.5278712056238934,0.24298659452656632
0.36726076423538895,0.09753420501589247,-0.02384326521116794,0.026579877447856406,0.5580783613890143,1.5538763828209226,0.8838695633204585,0.41022080047248327,0.32360968561738784,4.219888196625677,0.9014403280888404,0.22151315341823813,0.4881642389946251,2.4437123699664762,0.9594543610212102,0.17496525973415558,0.5525203806005153,1.7566500738091462,0.4445095819464953,0.5617760974443637,0.44854001010733763,0.8199066633603509,1.8115864529908745,0.17483813552849226
0.3641348071725071,0.12924247806771438,-0.025860753669462076,0.0256555373305583,0.594164484503958,1.6672629073573346,0.9430938811650816,0.4316644198732793,0.3754337412878608,2.807598433414491,1.26182500121528,0.2008287574875266,0.6038063294070501,1.7787920087506681,1.344739693689104,0.15617220667284604,0.36650832706223796,0.4173937408973454,0.3640714826963014,0.6178734970071891,0.22446487754456074,2.177033272216776,1.2895098598164914,0.09435184189231674
0.6490223128422037,0.09835136202310249,-0.0322375852101648,0.02738345878651505,0.5753499930343959,0.84905276615474,1.555125670462401,0.2588417939382524,0.5098401473246758,2.1989499253207603,1.1288419647848407,0.15163081966114242,0.5218155912822617,1.6832680562592748,1.057816405201362,0.14828138349107442,0.07942532862192363,5.561516014057499,1.196863649550144,0.2784987046153801,0.19003880270200946,0.26864394077618164,1.3226162656624345,0.14336109389817292
0.5958518814631734,0.11348735439448877,-0.03947986966761646,0.02658056617024104,0.5294147615051775,1.8819859376233907,0.8647955156039031,0.4421101116017242,0.2200972550606128,3.5504593432076605,0.6977822985173455,0.18547439775119437,0.5962532566240543,2.302252073556245,1.2506742553561383,0.16657042319841722,0.5943921362664757,5.080209510297842,1.9138474300397443,0.2331770026427891,0.37371666543058224,0.5208898508846412,0.5845946650614362,0.2362114227175118
0.4680262425089954,0.09431115085616149,-0.018071317055980182,0.027830840819852605,0.5874672117828126,1.123902680971208,1.1824780947256928,0.3250216508615702,0.14975633220129464,0.6402391942451524,0.8137395791661263,0.09928326508185834,0.66838706423318,2.0358703715266233,1.218131729409898,0.14846182936388613,0.13934054009098606,0.41370992983086086,1.5607939568419196,0.1303006644835115,0.5747757959049067,0.7073201349277327,1.4774220320819447,0.2638752290523213
0.28320436761026185,0.11005182388082985,-0.021918620082096017,0.02898506654530215,0.6053275182959823,0.9794582899111628,1.4481011432315434,0.2941190199891893,0.40125920615707517,3.33945813948355,1.452157687425006,0.24789428590864396,0.4185962438008498,3.502938203609833,0.6916794680081448,0.1765186277807335,0.5477514733728176,3.894876031599928,1.2104493591017054,0.15668411283404285,0.46823090261921907,0.2289231629793488,1.5248127565187695,0.4870944231605188
0.33698650614240944,0.10497791257214753,-0.033844735496939574,0.026288427248361678,0.6281307505077631,1.2646553200435453,1.6357494059320599,0.3101637898271512,0.33363742524332013,5.497426796302987,0.7935350195478462,0.25681953724427314,0.6423891460944862,4.217069388839611,1.4669889330545427,0.2787192560902107,0.3609258848969765,1.484934259080408,1.4884683560893077,0.1423032486800192,0.22080808771413182,0.2732373944413589,2.5376299765727715,0.4125041637870683
0.26083373276589655,0.10104734790832134,-0.038587570635167365,0.027657984596845552,0.5110830754617409,1.6488055333070915,0.7611155832388901,0.42429581864444554,0.2481512517977837,3.1455213772876482,1.2847912279561877,0.2208016131676373,0.32845650427334794,3.1406617811649373,0.6489585134270777,0.16074697162253848,0.3838661482136078,1.6480821678008457,1.4526337117523018,0.17929061440036081,0.6274264337108558,0.4504393830054097,1.177587824631221,0.524396978780305
0.19182601637651708,0.09724153825586024,-0.018522593927622236,0.028880557676668334,0.5814326588863808,1.1764721668775748,1.0961537331325673,0.3390367547957571,0.2972980030895469,2.9195658028443385,0.6619962769412066,0.19368772110963461,0.3811401368010432,1.5473340676867149,0.7584058853597845,0.1262568873571419,0.2745671449160873,1.255396613964403,0.8373619586161816,0.19130252283977736,0.3304741171899862,0.09043509745725566,1.143684048572685,0.5371633760373212
0.2915440367265169,0.10011645735091779,-0.021663914638885208,0.028685462429150526,0.5982666499038367,1.6217419378544653,0.90385709629767,0.40164207431970333,0.38830969791377823,0.9349913797224969,1.3909512952687706,0.1057832457129942,0.6316087830825813,3.5594344144953687,1.1818016721382008,0.2602267783261371,0.42586924516027147,1.5873907701689285,0.8760454892046833,0.3466726440970279,0.38055538302255676,0.2686645159441247,1.2055622934216408,0.3572299823629905
0.27200999645475255,0.1151729821074769,-0.027217027031968506,0.028807073858689424,0.5749882200261119,1.4223911079835467,1.0789143415882827,0.39883551004505763,0.4300851146871678,1.0545221648363219,1.4538338675729834,0.07695627512186226,0.5049722361644642,4.854125030815812,0.8438825175328523,0.24074880122144146,0.3492406689076732,2.130766570000473,0.585089253859166,0.3868937956438669,0.3801374691422238,0.18301692656691063,1.1374135723245142,0.38174371586625416
0.28050836456529954,0.11551706338775529,-0.030470327691578033,0.03003074439524868,0.5449775118065073,1.5733461014822334,0.696854378380089,0.43017923132092584,0.44771051122478295,1.1970196778294773,1.9577146875876033,0.09848464337742935,0.6037590905329007,3.6011564222715173,1.1430257959653805,0.2590217227052965,0.4663814175085692,2.333631419592325,0.6297876433865167,0.45199771760291724,0.3919617498810839,0.21094836598293162,0.8978718145105357,0.3426628510287034
0.7198709762683907,0.1250182646476718,-0.024103509462401158,0.027975782293070194,0.6021891903545619,1.5100250180501036,1.0605749161536429,0.3882047340710406,0.2737010373167288,1.2101137973415728,0.7324942372277622,0.13150097117697213,0.4957220760881257,1.4277916948594194,0.7532078723691361,0.14380810466887722,0.43298155870406024,2.3282413140606946,1.1114203283808302,0.11566484985452109,0.2113458483104531,3.207319283691922,4.423067458488927,0.10947000523980457
0.7196954271558459,0.10339268769072987,-0.028660061836981516,0.026310201091215235,0.5797608858326019,1.4720591349268128,0.9624442486337478,0.36489764739415576,0.2849613937954949,1.6812535528325976,1.1854888661163356,0.14509127707089683,0.6153402082723274,4.477004972191597,1.09745263979884,0.2729061799341749,0.5561865787531916,2.778207126330391,0.7115405155270957,0.09537850345574021,0.20040108605067572,6.1498857775093825,0.6298753693275275,0.16155478205924326
0.7079791386585741,0.11676167830092544,-0.022129523673871204,0.03243279090384141,0.5808435930058061,1.2992755415830541,1.0779061656898459,0.37590132223200196,0.2893469690631709,3.4919334563577396,0.50110356388234,0.15287434677904418,0.343193517233704,7.45941557499943,0.5462647552357203,0.22981818523343675,0.3300017299866398,3.286746095660595,0.9163269733022911,0.09461620525988447,0.2710253764700514,4.638400664656545,0.9885063559047366,0.20801864234001383
0.594306912962277,0.09213582774044783,-0.02502453459265736,0.028442475733781804,0.5247109926067783,1.5247481568583627,0.8431635526131416,0.4025057802405651,0.1863006043686315,0.8988375345661755,1.0511298016716957,0.1084505065602001,0.4699943958667095,0.43974519185963007,1.0004848428032902,0.09748166476237519,0.5039899710608702,4.004596675111337,0.7491956883632205,0.34762490723344625,0.4251876721048717,0.9634646615657673,2.4537569571513584,0.09886773714527564
0.607910731553706,0.09893510225260958,-0.03134176010570238,0.028040575229581203,0.562812078937079,1.5610356451163294,0.8872827552656771,0.40479039563207453,0.09330392133250476,0.774979956444758,0.8046843630785575,0.08054117042981632,0.3818632366712307,0.8028644534006711,1.074836171188198,0.06856918750841622,0.4386979227495314,3.1400333521793926,1.001714390021387,0.3830649497552298,0.37660044940784126,1.0999369416519602,2.629758405252268,0.11142794919909292
0.613324813777086,0.10112969403246194,-0.02945255752253607,0.028185319548580664,0.591914960185988,1.5916358115677334,1.1239675854914069,0.3987976776932682,0.1711971382349182,1.1710570133613518,0.45416771808578854,0.1242896312684749,0.4548234054485182,0.3599121514187155,0.9768471639493956,0.07701846492884504,0.3601073214877371,5.333241095220444,0.5190061526302995,0.39679432113661767,0.7069241010046582,2.4039706011678437,0.9473984623792677,0.08446509843000721
0.6544439201247315,0.10318716922613755,-0.02670224519000537,0.02660498438431371,0.5862192898162633,1.4396570740485761,1.0969732790729794,0.36919774635341596,0.29331077082541235,3.495644115626062,1.0580757244197343,0.21050859957948165,0.3877958227618596,1.1203482484693579,1.3587705224407653,0.10960730304675999,0.48797347241179445,4.582788740115116,0.9202145013507891,0.467665780829096,0.10083220360643624,2.869680456910861,1.819557959436006,0.10683721370084263
0.6622560952272223,0.1093717119616469,-0.02936792821360375,0.02649037357554246,0.5963574973861907,0.9659785430646961,1.1600255312306924,0.3195786732184928,0.35246816549556104,1.6146263458570405,0.9645430781626219,0.14525866875856142,0.537308549398929,2.641433185788181,1.0453246230139954,0.15199840332248196,0.30338520436718625,4.263341122412239,0.9485779761301535,0.22804503187772662,0.646276754058132,1.8978684985303473,0.8929346667899075,0.12266195269444323
0.6464425213720176,0.12146847670359871,-0.029868985068932447,0.027491936409489687,0.5907937408786351,1.5305389908838851,1.1327559236124598,0.40181988640015914,0.4426160467440937,2.036648035502992,1.2430703561952599,0.13855387493852014,0.5080887840546785,2.4198734623101656,0.7262943890377774,0.13762853796188204,0.5439626511389878,1.3504079698091842,0.8613695103108483,0.18931603452484014,0.19312171629871955,6.594131121579502,0.7899370406473,0.14086209047838158
0.6360696146394487,0.10185361433899112,-0.027785277515965316,0.026691394682473234,0.5811503751814397,1.7820107994528809,0.9510918333805222,0.41851125028912384,0.29085227195462926,3.3641419309394127,0.911282208782882,0.2062611764776632,0.5119375813594446,1.5927442343802554,1.1228525630592174,0.12793744468488938,0.41242273539877744,1.83579619279684,1.4710032996229023,0.2534625972947662,0.29204632275057674,2.884897369930503,0.8179656824042965,0.13194809588450804
0.6474470467089314,0.1098895454086078,-0.0344696992105555,0.026421263718404215,0.5489088433071425,2.3414597014642404,0.8590592369258016,0.46677638110364017,0.36172908757216354,4.9435628450545614,1.1669709678150695,0.3257221609290996,0.6213781443300247,1.3275318270321599,1.860289339265333,0.10310184507866883,0.4135458702448909,5.093272795456627,0.9177872176767754,0.20124543669422837,0.41272618915284837,0.8134170359267174,1.2047999521799075,0.15153750227769752
0.633144162340904,0.11310292790196418,-0.019861804637397062,0.026627255877798153,0.569045615903081,2.451742825853634,0.8507810204169981,0.512832003476331,0.42127746312660036,2.4236071684513014,1.117793905703474,0.1694129182746456,0.6083843840872336,1.9819450191212575,1.1823077190237468,0.14945232540837483,0.47052333269239793,4.938633672387731,1.177365831851605,0.2265793838623842,0.405911219139368,0.7471506465179284,2.3330136477239214,0.11193084780018762
0.6371814282690687,0.09290222009290341,-0.032845156216640366,0.02919964674763317,0.5845401325168634,2.390426186844551,0.9103020729782313,0.4626437008519596,0.26485510715677457,3.115202467665596,1.039523013052644,0.22754388507105025,0.4829164339545629,4.218495679950295,0.6177938362375213,0.1814262021830853,0.35258332378730906,3.4991899156137714,0.9485784298583388,0.316271367123829,0.20249478513931926,1.7155668046480925,0.5101249837423831,0.16540653427747648
0.6834018582395811,0.11974348350714602,-0.02918353897674643,0.028435836617254243,0.5456613964697614,1.6797060484397395,0.8174421048699502,0.420105024468439,0.14325476645538354,1.6111511965241192,1.1306374732508044,0.12663606055549328,0.6103709408255066,1.3023094499818753,1.9283160754101234,0.10408153310655921,0.3659971032792154,3.073985357819979,1.1091248413918542,0.22750975306520382,0.3870648926962091,3.5663402372673048,1.4664522164741154,0.18954791257267992
0.6857963811042495,0.10076813128331404,-0.03305073177936946,0.028877840537792333,0.5867777239828118,1.9901977871721408,1.0118445844819988,0.4385453924063452,0.30043415770184395,3.3204558271782343,1.2131521071177322,0.24237900103501453,0.5265894284768705,5.243411883666043,0.7957798599382535,0.2392438498390447,0.3836588651379618,2.227890098088703,1.6683598850007029,0.1447617393031623,0.3222790041195044,1.8003415472489268,0.8700889183711513,0.14226707614781076
0.6267562378942769,0.11513948307822659,-0.0332639690737791,0.029474790474107795,0.5670662290098288,2.7674571313480567,0.7733432608690248,0.524411916160858,0.2849313794765227,2.249975871340763,1.0188331204732652,0.14324685693189354,0.5665898954337455,0.8260420238880223,2.0507159630439626,0.08711792443565661,0.29880237253982755,2.088036966609647,0.8211769189877551,0.2679145423345974,0.18832739103067844,3.5742566010081367,0.8573849620283308,0.17972794397410427
0.5646755102802935,0.11416499800796985,-0.02319926334708084,0.02554365239862443,0.563616849725275,2.849694570166236,0.7084268805177981,0.5320577212595136,0.5054091253489277,2.3679089003330733,1.4323213931682799,0.18899214719217391,0.5980205983720049,1.3956885748581525,1.6471537670938086,0.12239475325362191,0.48682588542867955,1.5944665360609163,1.3128735533496956,0.20856245983454266,0.44533582792423454,2.0359882111505843,0.6316523289122503,0.21745678853329095
0.6147129681048117,0.10128117958264683,-0.03250445728544778,0.027030259608739365,0.5491255311560136,2.2168561927701056,0.751719099666617,0.4718394439902884,0.29675255484884877,3.3778316831226842,0.8705452120716919,0.17682696212048293,0.6119910236995353,0.8973788400390447,1.8182395002731047,0.08529950184949989,0.20370977205686797,1.72608893617938,1.3989698436145834,0.16333263478249274,0.4579051161221758,1.368794823945005,0.693168897786298,0.22903341114516224
0.5481352087372564,0.0968769803883417,-0.02149763449838579,0.026747747892066277,0.566648899905707,1.9843275160634077,0.7933592853391455,0.4558254500811976,0.36156913671168855,1.2752314008692063,0.8966453127220778,0.13190465038281932,0.5684704723040092,4.75353471984969,1.0273961645794798,0.2808324631233448,0.1906853273359576,4.321404344713495,0.540489117042686,0.47169948941936735,0.49507235950503237,2.452255646682661,0.9278066284816991,0.18092070429260212
0.5089959703224175,0.10418554215166746,-0.022600139600309713,0.027198160332504804,0.6029652999934366,1.1914450270586643,1.2937927818977817,0.3201532943979586,0.32706305189221385,3.777467955983056,0.795440686510542,0.1883153199646756,0.5383030712186552,1.1107468454392941,1.5961325647039997,0.09983496999552224,0.40772238202808464,2.2452497935904865,0.630292248056232,0.42668277968882795,0.23858830179975404,0.9766594964621081,0.6845911919187386,0.19565242333912083
0.515849889265189,0.11052618967614698,-0.022460942993518043,0.031090830890202186,0.5896161714639143,1.2252077600583031,1.189912014725006,0.343059055486238,0.3483772224715285,3.1326902769142393,0.9615357192608532,0.21640821159445495,0.508269738326042,1.029735728793054,1.3366014902412602,0.10813535939561712,0.47609878078593004,2.7350506613112535,0.7276964682175788,0.40522203786653743,0.32962025352761637,1.1392072034632001,0.7444357662359614,0.197932067677863
0.6056144331467951,0.10970463068518851,-0.02884512701533344,0.025529957822266768,0.5328013332017165,1.260708032619865,0.837187250254082,0.39488245748661643,0.26624666709636713,1.8771539633203984,0.8224359275325438,0.11671553118856703,0.5600402971190548,2.3022416895675653,1.4852323433548047,0.19568507784224382,0.237766921081944,1.1559276260733937,1.4862031203943067,0.07708320945378049,0.4716754961869249,3.4124887868053446,0.5633013153427456,0.3521052208350426
0.5746565514983769,0.11879154150930532,-0.03261971755317026,0.03003907256834171,0.5564082767310061,1.5816935297102621,0.75757031233769,0.43986606669491074,0.23899990474755256,2.5113431080053044,0.753246417164099,0.12654921892797857,0.47173329544514714,2.715104500060362,0.4873706808286867,0.15875513249303747,0.22793509257454989,1.3022958438698762,2.2239105724326893,0.06376666756032642,0.29133582645884093,2.804467305501075,0.27510216659358444,0.3752772935059029
0.5511801086510881,0.10379243990025848,-0.018395258128434153,0.027189561785174354,0.6085894188452252,1.2560782864211752,1.262210765553576,0.3432651401603286,0.12778892661456037,2.820517312666187,0.7393818138573691,0.17512648355606397,0.4408481769601166,2.5115049918463273,0.8443064250426875,0.15423982520432408,0.14842707053394927,1.768203104445031,2.1091302461077968,0.07938964124095914,0.5003901410734349,0.6598278728130126,0.8105326040296877,0.3248549437231279
0.5415603269614802,0.10729681895637186,-0.02695060500888511,0.028117708411337344,0.5199868482928847,1.2667624226214198,0.9108087796783378,0.3687159445440515,0.38908911181495476,2.230374154192432,1.4843759817396545,0.17495630060611245,0.5706358609963761,4.197194096109566,1.1823307426523602,0.2628692217993828,0.5241279637689584,1.5414175737099962,2.0624888750064154,0.09193674421401711,0.29586933761883105,0.4308629529522029,1.9415676594365636,0.2299633376023521
0.5098265458667768,0.11171746882976917,-0.017962613826603878,0.02872060859055594,0.585707891714743,1.0384101535397172,1.2168161929539825,0.3282863539118914,0.212487425963547,2.940641970909635,1.0956673520603009,0.19276518976473192,0.4889790506492737,3.971650602372648,1.0476384488093142,0.2216622120398683,0.25379800190996255,2.2385656983126787,2.4719349226934653,0.08450640837236006,0.3592800836339634,0.18638938943286604,0.7888600695855238,0.323457643611011
0.44368305071586633,0.08236324147665419,-0.024932192726429617,0.02946306695984747,0.5940470724034501,1.2221462878771614,1.2087265458559728,0.3212756626593222,0.2065124299358671,2.480721702441696,0.8357120922687369,0.18021993711501672,0.570286984528907,4.044177538148808,1.1075170907728507,0.21914734167188626,0.5094903053284804,1.3965571520076723,1.9449299767116854,0.05279816125396117,0.5832281829871148,0.5798764799642345,0.9084252798272935,0.4358053790116731
0.40348911799784526,0.11410431020696532,-0.02158081410628475,0.028563339917413135,0.550150452767735,0.7402149449453164,0.9351277251494929,0.3281555020116946,0.19308313226110563,2.125114631925085,1.5982080481846646,0.16001747962308552,0.5287968487105086,2.067397585595858,1.0496825467604447,0.1587126274385039,0.11038220928498951,1.116926802105365,1.96116312827857,0.06773435534908648,0.31742263568671797,0.30099908864303865,1.5327190603917742,0.3877100604870011
0.45500306688905523,0.09973739421969091,-0.02864890577471007,0.028080936457629508,0.6207398693367038,1.6654330804971487,1.073789232295135,0.39010911747476273,0.323483672638827,3.413248016631049,0.5964451877863894,0.15251391626413863,0.5289718776549897,4.2120431334019655,0.7310392356138434,0.22714404876440114,0.5339553552757226,2.0189001672344786,1.4323616101148025,0.20379439721910758,0.18786498317924885,0.2991108411383397,0.44613009560084654,0.35543985993606886
0.4598495725122435,0.10138738713722802,-0.027159043929514553,0.028569737520945018,0.6146083445625997,1.7066021917395844,1.1218635689440326,0.3897396740183356,0.33474361103321915,2.9312597388883157,0.6823751551643421,0.15356790181766178,0.49526384721784766,4.23427814144152,0.7548752583229155,0.20747104613321213,0.5335865185281111,1.899850963144074,1.3723714451373774,0.20867579612060583,0.19422184305444656,0.3219797610164209,0.44235771411768005,0.35526415089609986
0.5900429260531327,0.12131240894199169,-0.030675443645764248,0.03201907681842515,0.49421004091806847,1.973921695399494,0.6946912736251203,0.46523523699517777,0.5125179602581332,0.8176842968351836,1.4418835728702188,0.08690781769736457,0.5968247173592137,2.9598601184346904,1.5610785844500776,0.19918872707901453,0.29014501383310104,2.2543999223395046,1.2438121253957208,0.18555756879579,0.16176274960953965,0.0939615010819587,0.8150367288495568,0.15077899896337904
0.5997867120650824,0.12358703418597376,-0.027288811467279715,0.030174393719360326,0.5082512287468337,1.8383485398673292,0.7543508566399829,0.46233711191497784,0.33013515225865325,1.113290167604768,1.2097450861858363,0.10140423480767166,0.6112975160104421,3.3901458845438843,1.317622433563079,0.24660584340981845,0.34400517618669707,2.028287936000141,1.008546271620823,0.20073546720901939,0.13393803076849975,0.10416327127464228,0.840434885447004,0.113338540262721
0.5681087773993303,0.10390886197317736,-0.0227013986628082,0.025202230823149648,0.47524907619820295,1.9384927827078544,0.6744906168404552,0.453490363271511,0.3923850335968565,1.2931901662366003,0.9501237426141607,0.0947662507886607,0.49352634502704745,4.65693570182227,0.811959519557926,0.26753763594160646,0.3584859905828618,1.312802000442465,0.949021874237183,0.22572340566268378,0.14859246008614263,0.1174774264371468,1.1201861407288887,0.11558778414878434
0.5656231984971738,0.11041249618680672,-0.02289267872895141,0.03010784520370249,0.48874324244701567,2.0385578345912556,0.5937351867218459,0.5016643470555705,0.3318847780805061,1.5079319150557857,1.9398922838205295,0.10797302076814669,0.5377506195339916,3.7125788034440244,0.8224648697780401,0.21373109916458366,0.37663033737090085,1.2959652509129855,1.571313193933562,0.22270368559428858,0.15474133937420137,0.17563125408959115,0.6470206512603593,0.11746307357260571
0.48277129640362354,0.11943424236072771,-0.023231195796862544,0.02902476611245281,0.6210285510495023,2.21581150127758,0.9413304484793209,0.46183960576200356,0.09078716271313067,5.914765587866398,0.9537350479407463,0.308667130729467,0.546711741760134,0.5364740171089776,1.9770033029952538,0.07233149713710509,0.3613066889907608,3.2282453736759638,0.8877045645470965,0.2576378605572056,0.46446259739599505,1.0169322251739297,0.5977609693531326,0.37378980272765383
0.4826766297112936,0.10393766768672512,-0.031051127762347874,0.028414114929404526,0.48839919252124236,0.900435681392322,0.7467847084983098,0.3567673836843102,0.45637152407095705,1.5174198717947687,0.7049519920770825,0.11982080222870327,0.6341585981057948,1.3435444566252237,1.1948574452012184,0.12244277764655427,0.3405728880672074,1.9012113129893766,1.4791758466219607,0.1899256039703963,0.5161398041996057,0.7052085149236013,1.5340803958947709,0.2690166291009596
0.3922602024399694,0.10894118341445466,-0.02447753864286996,0.028991861801760985,0.6288525640665165,1.2166272244471374,1.2863105926826928,0.33507463701544804,0.10952429504371161,1.796729816096815,1.348959778264315,0.16127572195017545,0.5875511779735063,0.766098466077651,1.5526500990464613,0.0761576986720637,0.4394896360131037,3.326229452022777,1.1196008105305992,0.18647734328047338,0.3916918055334654,0.26152063647648366,0.7761880763976562,0.43320670618342155
0.44553249676426293,0.10449150274659774,-0.0295908987615848,0.025681064049054105,0.5425211283806897,1.4196669654942966,0.9097320112282985,0.3929100955752897,0.24328807671193192,3.1483465599031826,0.8837631592773303,0.16135093509578813,0.5836822971880881,1.296168763168986,1.5370544013905836,0.10469075388963087,0.381116135515031,2.030463903294288,0.996595076823863,0.26919346859842685,0.5588528907427984,0.5971078393740684,1.203401111027148,0.29545334969458287
0.518579457853303,0.11948366277710475,-0.023498102790502816,0.029291157675569956,0.6208543540682901,1.6062392022189422,1.0884276558984178,0.3942404470924228,0.46964963008478106,1.9822404376930434,1.3284477717877339,0.16560025109254425,0.5126066836443042,1.4847682846538375,1.0180389395516685,0.1558122404152496,0.20372775083489164,1.3254391438452742,1.6669664038922825,0.11022602527281235,0.3424600116708613,0.3926139834722974,0.8542025517283371,0.27250199621125376
0.4585753746060439,0.10918073024600426,-0.02605321903011264,0.02662324133673116,0.5458740733247524,1.2785160909392235,0.8585783253889718,0.36078218749245794,0.4752211820499114,1.8521859112972385,1.3666307949417968,0.15867464962045486,0.6695642815114856,1.01160049955108,2.2330250885616567,0.08778036044552581,0.17782186187069673,1.7421130122115258,1.7266513539310933,0.09358733707582785,0.5063997290512854,0.21839307985000625,0.8095113953128342,0.34981349666340666
0.42499888427832655,0.10850731475312451,-0.023763235912288225,0.02731988976335091,0.6001550875645368,1.30728979343547,1.1721506083732214,0.3738634198319102,0.2599698883592159,2.6193508477759835,0.7770432941452406,0.12894492888479236,0.5659119633322496,1.2564844187691655,1.4585724784907153,0.10923215701072247,0.4713410092677456,1.7071682255600595,1.1265557260611287,0.22631919110763932,0.2592333536530449,0.17562727854203022,1.3597184417367796,0.2735800802472267
0.41897673331013946,0.11437069458752898,-0.02506587067101365,0.030825724196794534,0.505997569429552,0.5612423049815166,1.0189829545210094,0.30747562161202746,0.4400803350574735,1.380261333230661,1.2755866292145122,0.13538842856471692,0.5741321437613529,1.3370235203068737,1.6108883718702234,0.12847505375163584,0.2514537235572927,1.6452217618797338,1.1366284389538623,0.18498592206143089,0.18537796690260047,0.16632957806890394,1.2401472159180738,0.30617835174588987
0.4452295714664646,0.09432430766738231,-0.019816494411855765,0.02984536992444413,0.5855408834909651,2.482228966023353,0.892736803331936,0.4784353918331284,0.23333867493904428,4.413042071593829,0.8299018798787485,0.23976088402041779,0.5177139933618078,2.294030164334277,1.2843300244249753,0.12851893130640588,0.43715887151225336,1.413245090675299,0.6498385525107614,0.23607361014469758,0.569746546131879,0.7620597594663366,0.928532151011728,0.3345357623646103
0.5919070920885646,0.1064525436486207,-0.027171537526088294,0.025547692211995692,0.5805352060767872,1.127451631834421,1.1906874297629764,0.3459157031467164,0.3323690343500387,0.9222020819836958,1.4496548808039487,0.08384200085586477,0.6671335164853107,1.5624106588546192,1.8053581441099193,0.09830828353189387,0.5465887842215146,2.7332988169260486,0.9118083222552795,0.1708600044318794,0.4655617769472526,0.6086914602881365,0.8947956594829646,0.18472296034985455
0.5723254094624881,0.09773236494633765,-0.024487508524677962,0.02595845544505183,0.593041261212995,1.7109808231958437,1.0387654941780367,0.4096229707263489,0.3063970706378677,5.505345287317644,1.0733854743305897,0.31597300015835267,0.5788995081469087,2.9639985903072366,0.9573882013919914,0.13300009189294004,0.096365932187982,4.333363880295517,0.4994174760765399,0.28829661638137327,0.48164635492401203,1.3626607080721285,1.0631171681041847,0.24719309363800918
0.6332871573983383,0.12420874175913525,-0.017835216240566207,0.025578075036418582,0.5571059196765026,2.180254757457294,0.7871061475909186,0.48905429407692025,0.26111504211571707,1.4110881603798737,1.459060833940944,0.10224651931657802,0.49489440040644656,3.5868351939174903,1.0679208249872159,0.18412902081433422,0.5172288314967477,1.7687859937531472,1.5010339480637755,0.15273123875558384,0.32531242202056826,1.1338285921749258,1.0006323629623237,0.14005720188467702
0.6534638702290078,0.11694303364770832,-0.028227865212189927,0.027774358733512586,0.6064608867020609,2.530851194323239,0.8807250675665591,0.4914467501242278,0.26306367014934606,1.7287291347437999,0.7140895414407573,0.1514091713206706,0.5231638269347438,3.0297417502267443,1.09182507754685,0.1814607822896689,0.2841891946271523,2.299809343663463,2.254274181036193,0.12744588046676394,0.37543498302390454,1.1985884403503095,0.7520625360799709,0.1915226876968733
0.6502350757195767,0.11201846157462945,-0.02666500939779577,0.027369800846478245,0.5777873661978971,2.109604903318029,0.8691450158886077,0.4811669282866421,0.21199359153352354,1.9408863485241987,0.8825266758248962,0.12503528988247986,0.5732744864335964,3.9373474342064942,0.8638786615379874,0.1306707371686901,0.33949011132984874,1.376511519652253,1.723909146629593,0.15368781078722588,0.32447298490094884,2.073136496025923,0.6195805893292455,0.1623479090307336
0.6530127497397228,0.09545461378200797,-0.036348135156764605,0.029388729699957643,0.5642051608049696,1.18053542291411,1.0983266662727578,0.3541715463170908,0.4939807505630486,2.860953464362909,0.840032690501426,0.13924861222279253,0.5098290146603938,0.8291523033712561,1.4490996076772047,0.07605014087728477,0.48085410457215894,4.819387973443363,1.1394521830529503,0.1371627329719118,0.5967584806131333,2.591343465315912,0.6372478718459726,0.25141399786549334
0.696453774658204,0.11818449267257901,-0.018078583580513088,0.02678495351909265,0.553269427661501,1.735648441962887,0.8625412604934249,0.43038175160118847,0.26083967504958083,4.847825377929425,1.3869006041425116,0.3964777616989878,0.673872616511039,2.4553944072667035,1.323499334222407,0.1534582121684174,0.2084522601744613,2.4417330086780873,1.2230651566606274,0.14804709432854626,0.32061962348649825,6.135120036962544,0.95980362076739,0.269559038589767
0.6868868660059373,0.11048115977000325,-0.027983524525894917,0.026957283319235466,0.5887761714970872,1.748160791737961,0.9075370999106861,0.4233459912665899,0.2239055574465992,5.678652980419404,1.002879739045903,0.3367583665171448,0.5353671947069254,1.8646870125863955,1.4309034286939224,0.15764992808282366,0.24094363146501996,2.246512067126117,1.7173818791067341,0.15241953922978047,0.3933071347301473,5.289394306563027,1.0431551317031926,0.2742206380973598
0.6658713438224705,0.11977197387129174,-0.025512512929413103,0.027148729119494078,0.5675747668927921,2.3194107565137725,0.7738275543241169,0.4865031714980552,0.340788080524992,2.912684077615407,1.2044398315758653,0.1920307792038433,0.5219363518564281,1.6118175487271227,1.0458196443923828,0.1507098586498454,0.36141700687104267,1.694606527483032,1.1508261277453344,0.14475209202089256,0.5019548753147643,6.7909042276786655,1.0367204416659712,0.23062945707088484
0.6472485848089585,0.11682805430827944,-0.030939897497797467,0.02494810222341923,0.5646853702232119,2.374793799475438,0.7743269366453227,0.48700139202614207,0.32857135577947993,2.486651601350892,0.9830992253001604,0.17270078389299526,0.6265929496017651,2.057479081278599,1.127646379884426,0.15138596859592973,0.4030581262090395,2.039969927880761,1.3029001922659413,0.16343058587711645,0.3912531005014421,5.200524442420084,0.6973095811461771,0.21569989516609334
0.4441590041604568,0.11658670368251725,-0.017758184413847227,0.0283300137600948,0.5666248161059678,1.0266747713360664,0.9554193017745105,0.3515081526665481,0.2506375174864309,2.535765748772291,0.8430670128078122,0.15061310023332639,0.6260624739125376,2.2626649738115185,1.4100155941168675,0.15285742669604943,0.3405457692923641,1.5838082046410846,1.1828237784104758,0.21447297607770607,0.3580877454937344,0.34902843089871244,1.3219678707213884,0.2759779306885883
0.4602240798996697,0.12077064087908618,-0.02313065551695413,0.024905916448107704,0.5659222936526287,3.581939375319564,0.726218705955185,0.5957366334678514,0.20451421039092996,2.853284139181816,0.7810356190569018,0.17763450468528916,0.6184394742272642,2.8960957608196773,1.014216596016882,0.1763702148646556,0.330030118473615,3.3979406698385493,0.6989969402859446,0.38358922361753606,0.4480572703655379,0.42959729270992536,1.1656630231092753,0.21521634446887986
0.49857933980398217,0.10633459898427404,-0.0326795476991626,0.027749259417929696,0.5946146760991382,2.0650250335356244,0.8993825122602714,0.45884490239917275,0.17102391791431784,1.8199416830102935,0.6190055588031126,0.11811511046113785,0.5485391184263335,2.0756442218074254,0.7258103970868014,0.14618620878406896,0.36124229297836186,2.9470562925583024,1.4274960079411692,0.20669929085398767,0.35008918395383576,0.41287793254457666,2.701893880296538,0.24565880977607427
0.4899194324482535,0.111000366714119,-0.027339053994059576,0.02697666427741658,0.527449081097613,1.7420543910698858,0.7379213555367373,0.43662799783743245,0.45844962966880753,2.5470509111797797,1.53516493977788,0.22369931203983784,0.590314439707354,2.5726886537993026,0.9371675786992728,0.16748540075726326,0.3053626742054996,1.825826201389438,0.777554676232309,0.2752304579747741,0.23469214369019156,0.5442808717876936,0.7034071694045592,0.2749813795223752
0.44554918184202297,0.11858701081730003,-0.027284741163925853,0.028842312961767994,0.5651002937422308,2.0566631330793976,0.8591496764855782,0.45413533442498083,0.3200273027489459,2.2545631929188614,1.2360877398328503,0.1741379917496722,0.5317799522844211,1.7261148805172342,1.6190563776880804,0.14994757727588537,0.2576496927384877,1.3600869160482187,0.8906220655660901,0.2649175678363242,0.5508831213140435,0.942679397887329,0.6155427424130643,0.35135695292775804
0.45320123382948296,0.1049014458585156,-0.029607642917622967,0.028529187881477375,0.5641665953620709,2.6414018858075745,0.9259661773237335,0.5275937003113915,0.2105661737946046,1.3283111771608442,0.8681535200125378,0.0842810297383539,0.5046641254576918,1.9268541737521543,0.9811119649880523,0.161811364138781,0.46699838073883726,0.5574386471779771,0.9370536523948776,0.2142127792095974,0.32993551701693324,1.6425046488180883,0.3051950733718594,0.39152917184883607
0.4576822007123272,0.09905771003391914,-0.02688734010173589,0.029029472566548312,0.5517499282664011,0.9912672037963073,1.0424007441978858,0.3382572946247054,0.3069287716478203,1.789461538807343,1.0742331332652233,0.17307414392358222,0.551674871517351,1.903441589631883,1.257144087067572,0.14544581735702283,0.23708129296675787,5.038609727924844,0.7031420778038092,0.3450161331693588,0.32075281719853704,0.4103298277939356,1.0195763439900143,0.3152414128904718
0.4955681194341833,0.11582264311707097,-0.028189551922221924,0.025723181467398642,0.578186214489227,1.5111553645083158,0.9391912356065278,0.39203061868968436,0.2934413780542729,2.390595699966491,1.0006121008292885,0.14037499979764248,0.5650876415391094,1.732426767627578,1.1592933774021796,0.14856488006833862,0.36290382711047253,0.8408201700582099,1.154358586780283,0.287818206765271,0.18976394776360253,0.5164127936881144,0.5814704509013743,0.17539451861761715
0.5775183897437423,0.09647290321368289,-0.027694664478788013,0.028322152147330432,0.5838215988340283,2.00913758907155,0.8991196009339081,0.4336782227928054,0.2514856106427825,0.9874712736543458,1.7520133643271618,0.07456552250636689,0.5000609932591042,6.412730608824515,0.7874454316960541,0.2683077773625567,0.3291449015697968,1.6720920784218543,0.7556474778320341,0.31176314925430737,0.6384712302066676,1.8620745980849422,1.8219056668777216,0.13234430578482734
0.637483755746016,0.11383162756011336,-0.02506492224688792,0.02880703730616779,0.5604934276100747,1.2833890149397031,0.9021773996339653,0.37467602554871055,0.3069914118489449,7.873676676634827,0.8822905179309173,0.36213758967476406,0.5488009014803067,3.3481682122209677,1.7505482744585774,0.25794619919567074,0.043844311306300635,0.9594040820466428,1.1482318919629688,0.15261470017725898,0.2215055846329993,1.0529808576514978,0.7749378944676169,0.15860465866600545
0.47506908928388036,0.11329282919526185,-0.022444970945546625,0.024800310741143007,0.5583904426512478,0.9368418424752739,1.1032024822634274,0.3259282732043255,0.08848959392482997,0.5874378222172805,0.345014695083255,0.10411939148339762,0.44927395030695383,1.1427998873634055,1.1051487745631494,0.12445318938170082,0.23950131948872627,0.28885327962548185,0.863524761553034,0.22539095583945343,0.38198858127187485,3.516546165010271,0.4877347709378521,0.34430034579755303
0.40482085202001383,0.11570006371782106,-0.030717032128151245,0.02841438312554477,0.6217721757501191,1.9840722847855716,0.9467481251024293,0.4459606411650184,0.23585099052473138,0.9355201712424653,1.503675513221363,0.08153933407480676,0.5325118684261133,1.4018887663346404,1.9505477837193923,0.0998987586825935,0.30951332915686014,0.4794337388378905,1.0079972159386503,0.35275859824677064,0.384327424568828,2.4853642295316605,0.4969180538775961,0.3041149468234252
0.40743124893153854,0.12026546593615178,-0.029971082480474344,0.026575187567710875,0.564290961795793,1.8486592645120927,0.8715766150666571,0.4582045303944755,0.2958773312200137,0.9882275039618614,0.9501916461436607,0.09129380407503347,0.5889796347842279,1.0676872611788957,1.440769020389377,0.0958873192013823,0.3278006687066024,0.8666380658127217,0.5329589553807326,0.38745491713609087,0.3878628936609779,3.674925551816816,0.4066898817600081,0.39007337076695414
0.40261174035877556,0.12973365740139337,-0.03478159853200169,0.024461577164247947,0.5822633998432937,1.7849829931307248,0.8586336475113443,0.4466269527775483,0.2919080545670704,1.0640367333428953,1.6090289729844276,0.0924952084338445,0.602718154500028,0.9535383539130886,1.443306661254808,0.09661194622109977,0.3037971032870426,0.8687789745596438,0.8342803287344854,0.38003814155508026,0.4647480351672089,3.2746539416569003,0.3613481252750242,0.34228506013690835
0.41132944369888985,0.13371296032636765,-0.0246614106655537,0.027062884584007074,0.6004532361549323,1.879332261102502,0.8602126324662347,0.47913270751282333,0.2761286589238078,1.0029383237033187,1.7182776110412634,0.0776731795300716,0.5450783179291399,1.1553196159237478,1.270471407701534,0.10187370371031108,0.35495710668541264,0.8451752539446513,0.7050100505156471,0.329993410908433,0.3960483245210164,3.9533322306357874,0.40373180519916263,0.4055440189958584
0.28803703551519055,0.09600013566059457,-0.03418372245395512,0.027677959560635276,0.5632996207793551,1.6682587660478043,0.8526508249806556,0.4230339132059551,0.34920235080024276,3.8611049439800262,0.9586068777604585,0.19798623582250902,0.5257586497952251,3.2043252828542848,0.9173034317275008,0.16622970083877298,0.40397035936474324,0.9740767749094429,0.977504262339918,0.3448130961182914,0.5673897505381456,0.5040532169183464,0.5485512928543209,0.44260452622831525
0.397172042730215,0.10213986729049533,-0.02306544682987969,0.02670630115736653,0.5555899677624998,1.9651895259522971,0.8522753169315409,0.4444227334475808,0.38579608190614156,4.456206008354451,1.136583676575798,0.2509656925953639,0.42281743387482457,1.7293595287377217,0.9899260530984556,0.14337317712269695,0.31425025461164363,1.5054805405464466,0.7535333263447662,0.2880727202890007,0.5159297358667061,0.43645755337485614,1.1135612402271828,0.3181285347783572
0.29852788326360086,0.11467467734826838,-0.035565886299789594,0.02698676710946353,0.6189430409907821,1.2006849730802482,1.3180133226328252,0.32270728124851716,0.4214084346353169,1.5065697406830358,1.1399277620894883,0.11376897254325877,0.5183125684914415,0.8646583596698156,1.883402218221596,0.08997460136136909,0.39221157487663866,1.2025524997008956,0.7865159520448181,0.1677365063193064,0.4037195980014984,0.32339596185768776,1.3952976866368343,0.45260850802610936
0.364943287427071,0.10270334762329737,-0.024827278718328575,0.02759580211048565,0.5693228974202117,0.841624545232248,1.1567861675708804,0.3020517840690078,0.2151580069832,2.739481531742215,0.8416985899475576,0.1544941418104624,0.5503972955421019,0.787491541120857,1.8051171404409903,0.07221788804028809,0.34123837030576476,1.5729537737572794,1.4988013484003848,0.16701933645458553,0.5499924901546605,0.21312469878172166,0.8397567099377499,0.4162561446923797
0.3366774428337271,0.10200328269700075,-0.027186692727987936,0.025965890610490726,0.615640344315779,1.11975723145435,1.3960215917239558,0.3136229002715141,0.3440874445189921,1.923294403554823,0.9697527515116918,0.1384304192717881,0.5769141585827515,1.0226730482187576,1.693059347788175,0.08340204407754309,0.3872392086866348,1.7303690211785663,1.4642610053342244,0.13842742304910483,0.535275677989023,0.35358586886280013,0.8920422527514964,0.4875894112938829
0.6618541014067358,0.12165876632991249,-0.02532204314534348,0.02830926097629254,0.5888891279397912,1.9853712196136373,0.8850389773412575,0.4435040229084644,0.29401771832887685,2.5540084442409268,0.9752660962300486,0.1512204407699979,0.5504513018341136,6.794714904617796,0.8703576353345611,0.2911174135939803,0.40470820107369126,3.1515290440704002,1.1809532069586304,0.27059491895235743,0.3955828509320335,2.011442037120186,1.340453275145269,0.10005102411084148
0.6877287190948999,0.10843910279203592,-0.02937888738831245,0.027711788755139237,0.5408976402903495,1.8219558509214229,0.903742502870464,0.4409910620201405,0.3861269822966567,2.8304752396839565,0.9971467467187184,0.18689408686307984,0.5970389728363015,1.2667603207716025,1.2367656931054618,0.12196892460940317,0.3609445227678926,4.311211502465311,1.3679371923418138,0.2167615811967896,0.38445262057196516,2.4955187553119855,0.8958362555428355,0.1597607386914463
0.696270332229349,0.11458294411976681,-0.028235650002071934,0.02743683287256155,0.5463647012736625,1.7869032034118015,0.7442639518443672,0.4481940614893666,0.4207022131349798,2.793547486104131,1.3886098867571723,0.1881110223082139,0.5357989083481696,1.6484999718327937,1.3714764141811755,0.12764282847422484,0.3651521625470528,4.004189719992263,1.4105522265921568,0.20410177099545357,0.3804521202931609,2.51718694198976,1.165591145656774,0.1515542873862243
0.5533750760863261,0.12260004902181507,-0.03555224454259203,0.02700147047674215,0.5861511005360699,4.172004900604562,0.8441911263636668,0.670627119370948,0.3200475196543104,1.8269720327819303,1.0983701027569226,0.12049961567803819,0.46409689282734784,2.4937273411817564,0.7737286576680636,0.15330759042757883,0.27601376467944827,1.4453561107667499,1.1481603574542465,0.23728159882482353,0.5230439016407483,1.250136611067361,0.5965950078021725,0.21544362032481013
0.634110418254863,0.11253442240582551,-0.029024834334629282,0.028401845225216632,0.5621885753453024,1.8000831465141307,0.7525747524370949,0.4328111619701919,0.3689676695019229,3.888721330150942,1.0345722951429064,0.20859568018626143,0.531414612468106,2.0433145747969266,1.1976675747311862,0.16421423163056978,0.3513471553179452,4.532189849737588,0.9404170058506137,0.37979417324640663,0.32284979754198406,2.26672237301281,1.2327336063291692,0.1620407511547541
0.692853785931416,0.10460956405137643,-0.02147973994967358,0.02871621997820573,0.5942570628461518,1.7994630702332597,1.04705622075557,0.4266641813434582,0.40882999878860493,2.9692057991986816,0.8169794984805958,0.1616610174995806,0.4747918855885153,0.6951314506095767,1.6008993948935382,0.06694840671004204,0.2542152779718121,5.787570089951679,1.150361320788565,0.3095637492725874,0.43633127966619806,4.62548430388311,0.8540125198231786,0.2015754731675846
0.5074789738754641,0.11356138177817482,-0.02532714344387638,0.02808881007516324,0.5836068265538819,1.523160118066433,1.0129448305156272,0.38207642635105776,0.3888636475035733,3.3279411502013123,0.7957463378028865,0.21999169893945644,0.5861978805996079,2.853168694077251,1.3584328534652093,0.2205857789560751,0.20845409493780614,1.119242130692069,1.0699331254407571,0.22241627953847037,0.3468111011708461,0.35876567038718643,1.6525902845189613,0.18118549029707953
0.5381730195462959,0.09297424602787749,-0.027578492925270648,0.02763131250791697,0.5403663773665461,0.9636030323099276,1.0963981568655734,0.3263818664751043,0.21316813151548114,1.4422973368376844,0.9308425040864082,0.11881745157197128,0.632815893400507,1.7295053028878014,1.6249972954761922,0.1094124259713409,0.3896471590242026,1.6387144418271213,0.8985859308560398,0.35851613716221176,0.4472985378632249,4.948495683494467,0.769673887578363,0.3236376622800231
0.5551745259347248,0.11216487775251399,-0.02198396999030833,0.026794852123462883,0.6317235436164482,1.485094276052192,1.2385321192056997,0.36295337870461764,0.5130770989437045,1.6021838508259378,1.9389987277475156,0.11968031245078116,0.5359608030221222,1.854820806516491,1.2041994487040342,0.14895554663966667,0.40917111903574843,1.3291190173387881,0.8246575832562958,0.29773651586647243,0.5480408612979865,3.43018663273446,1.0168400266621058,0.1981045338678652
0.5412068953211926,0.10784278403268147,-0.03595965949836471,0.02703759804591497,0.5882989229156648,1.089736424348986,1.028720748700456,0.3468696011421091,0.35312902324844836,0.8987582856156123,1.0851481502019176,0.09387531650530477,0.5297257820928233,1.6773741538708389,1.061413868346841,0.11332677920890918,0.3280592917704702,1.9083295051750775,0.575331087085447,0.32239059959457755,0.26632603254495135,3.3527095745601763,0.452346004010601,0.27810228269330173
0.5516345168637563,0.09632202632881115,-0.017340893387138016,0.027622925705777533,0.5702975861353868,1.125547004583378,1.1466237805932344,0.3477290764788773,0.2527214560114962,0.6433678325866068,0.76557251900128,0.0911261182319559,0.5738840814138265,1.996144976562118,1.2543147785057607,0.12031545499442532,0.39697012627895367,0.7042789472482663,0.6177153328437751,0.2737283483220707,0.25449290805072333,2.2590161833542535,0.6083051059068442,0.19120426853524614
0.6344325555886186,0.09388481108651067,-0.03564432176162354,0.026760009739223874,0.5225092318115337,4.2925414102007124,0.6822413595519645,0.6469711573779068,0.3628975115945217,2.8051059339350677,0.9056228906383583,0.1606565515781619,0.5426129679306034,2.435168932329872,0.718361998512781,0.1376043065355603,0.43257404625770496,5.337841928058674,1.416584336322831,0.23007286753352668,0.5424493739575371,0.6144430779175077,1.2772138587653254,0.15014546560095043
0.6508749899381099,0.13218221321255957,-0.03142605174247706,0.030338754038725903,0.6105335046407346,1.443116363435731,1.1920332030743452,0.3822881484542263,0.24274735048092608,3.4800269017272547,0.677752121592974,0.13354707634391333,0.4917272748225421,2.4026595584624637,0.993749520564687,0.16339008883624737,0.3426481033646413,1.5829503174304573,1.2808130341568875,0.19112238667728665,0.22407889468039702,2.4995731946768136,1.1427045738610604,0.1477462602179599
0.645675115345048,0.1196981967395685,-0.02770836942392199,0.02503047674134827,0.5957479896770658,1.2783572346817367,1.0029328031746922,0.3629186217729235,0.21739298631391726,3.383994995420482,0.6068090539417009,0.1900818012888833,0.647946408449944,2.8489965277293554,1.4092478447584669,0.18533936908285403,0.3337764078704898,1.2433555061900117,1.0237400441749354,0.17926386297807498,0.3551099820350933,3.6070291642177295,0.9897670771908244,0.1312127165642789
0.6915924177075453,0.09116126474436909,-0.021528390042962444,0.028858882625264093,0.519118948550749,0.8223196414559938,1.0865651297462682,0.2983223987588768,0.5098547909465434,1.5653149791885836,1.5304190561269402,0.13278127220088512,0.4350212447124972,0.753656408874961,0.7796510035458023,0.11251555958158418,0.23323974766403469,1.8498053983190794,1.8266230857371168,0.11766163868018427,0.40210368044464034,1.400704830750714,1.0303551555938473,0.1391243788107815
0.6808849610939677,0.07783328414204878,-0.03849437179769545,0.029225182983914313,0.571791889603891,1.1871212673546259,1.074547651760877,0.32787906902964054,0.3841175383802846,2.0496552575402753,0.6762679383809658,0.18174749657445075,0.4308767593124511,0.8171271078560872,1.0735622332106236,0.09795335571849872,0.33494693735151665,1.4006377097851483,1.2213153965348065,0.17057053949118436,0.42215581626786497,5.239969880198081,1.0016605109883259,0.17162610017919025
0.5235457300074596,0.1361326328321787,-0.025877103025014482,0.027705965648796807,0.5816806691442272,1.4687284546799433,0.9286089187868831,0.42391646978524294,0.21493661140438028,2.0737237359922913,0.837783647944871,0.15004298422975526,0.6184606327382294,4.223122720850946,1.0125469225135253,0.2551844425611601,0.3731834315255339,3.322769497610045,1.0157876945410387,0.29454398133868515,0.18169529805064225,0.30064344626284023,1.2070039590757087,0.17753424840631707
0.4366042937040952,0.10183045631441645,-0.026426241109542177,0.02911543272877061,0.49241139179455423,2.044337312695034,0.656122607130576,0.48695636342839943,0.40618402690513905,0.9032610086309614,1.442491480553553,0.06338336319141144,0.45382224611751654,1.0074980826221238,1.0173871717535594,0.11394003943703908,0.33239454894965836,0.5750055510931892,1.0143755171394786,0.3385675508464705,0.5741363690029223,2.265604782369716,0.9521099837512591,0.2410424830557417
0.5145711071375279,0.11679595177096042,-0.035068473798716464,0.024646220087141086,0.5851556072559193,2.681868691114483,0.8602502279445426,0.5200366031220686,0.2845929036140238,3.591849505696303,0.9554277059190159,0.18900809778170835,0.6066585865985933,2.1282704527935596,1.6496111015322572,0.12984893708308828,0.3399572995197071,1.6162999647455083,0.5167922846906727,0.311471520960601,0.34123008046399406,3.284845956947481,0.47073558112843966,0.3409210904892992
0.5247029661640904,0.10967883272752063,-0.021575480264578607,0.030652569715389693,0.5828895385189806,1.6138746634694627,1.0155567420564322,0.40536618066524754,0.3026128133897155,4.94208329031393,0.7608671194339872,0.23693314850156602,0.47554938287386816,1.509661469842405,0.8815898846336673,0.13594086264447716,0.4584076422157821,2.4612367063720675,1.1767625325804623,0.3011198311995305,0.4616070443479715,2.4419720906123077,0.5814968701592506,0.30875319379409744
0.592933814660246,0.12087411608319712,-0.028298323560998647,0.028949026734585888,0.5480588393729366,1.0492727825170056,1.0220775393315413,0.36529817268581066,0.5308252405943047,3.555654099399706,0.9499117895200707,0.21455907546235078,0.6101480734050693,1.5990479472106267,1.3935629926727204,0.1289747915613591,0.30164156684910765,1.4758437678965908,1.0682400860878267,0.11709142729503533,0.4784537132061977,2.94094189016258,0.516736792863405,0.2848232671358232
0.6273764660953197,0.09975927495597563,-0.021560166488735415,0.026112742590745586,0.5547655975964336,1.0857320206619476,0.9620297995373815,0.337886655398244,0.20530710622362847,1.4767561819680428,1.121952991211579,0.10270184269045463,0.5700272409168976,1.448692229811077,1.3575628030400924,0.12139858552628517,0.44955021673200196,1.7553213547364406,1.400027165687107,0.15569751239494983,0.3375532443835185,5.961300805361396,0.6115859202728625,0.3514171709679705
0.6413834249732654,0.10315218327715057,-0.023411525794579384,0.028109847699148108,0.594956815382488,1.705107522052579,1.0799217543415125,0.41210904689690836,0.19825684381844047,1.1632450021562966,1.1120529606756997,0.10805710457589711,0.45776520108419977,3.075649273500115,0.8729159528451078,0.1844511131302003,0.3122143912746656,3.5725246795974566,1.6596324643613634,0.2800869144989091,0.43339628508494843,0.5843397357785359,1.927441935630964,0.12541850007143437
0.640991471921096,0.09647122646418206,-0.0325325327145442,0.03173853127074783,0.5586636641574939,1.024249509094668,1.0698455238053786,0.3375927397417591,0.4562023202096647,7.484630096381266,1.0774116308527608,0.4591107509647812,0.5078516144760378,3.3118931258510615,1.3998559738274727,0.2491556078005727,0.4845133437740824,3.6645276133290903,1.0860133280508035,0.26904844295730207,0.4247732188202479,0.5589584150502905,0.5698021591825808,0.11449530529987155
0.6389295254715538,0.10730975722327674,-0.03358674358591952,0.024454214107449485,0.6252215645758842,1.4203173643543119,1.1339736600674069,0.3712176281817955,0.29720688844226834,1.5544675668118964,1.061375632951285,0.11225120312342576,0.44189594989287984,3.1048838172205198,0.7985766088783797,0.21271090413427565,0.32150543827916467,0.9837435157163272,1.4027490862851295,0.23518423913008846,0.4348658408067675,4.07446777451179,2.6849134694552728,0.09020437750407007
0.6418222204286975,0.11841581929279375,-0.03438172824269666,0.030810730847759635,0.5818896498783778,1.6275369467586405,1.0185880235999445,0.38905396482719495,0.32121356313959426,1.1752458723331365,1.1522896151393527,0.09799502715781618,0.5723583145513755,2.867874078007868,0.8208328421128981,0.1630184745197763,0.33962330161895765,0.9111506505699248,0.6511508967102071,0.19143027645089458,0.6214918801600945,2.7046725791477737,1.4992845052040527,0.09855828567158513
0.5878278869778158,0.10065792490027435,-0.016515537325606164,0.029760700817168903,0.573125039438764,0.9852774796086349,1.183415342707746,0.32563510326972234,0.3407279467903123,0.9889384270930325,0.9135495532060575,0.10736360199046886,0.5872580003267515,3.347599220608828,0.7350078182619496,0.17738720206337447,0.29858315496383964,1.6929787878061604,0.7685696918098881,0.3600818793126389,0.3075248072788734,3.036190858938841,1.20975614134578,0.11925101722947304
0.4661012238567052,0.12827269497751917,-0.014867972872359662,0.02830455273324084,0.6080098164239883,1.6093203221712047,1.0636050465082796,0.42109496477920033,0.2857299862823149,8.593949517602319,1.0225791925538505,0.39178326614634856,0.5821962099019741,3.6206970181003557,1.255801195347879,0.2315086055688035,0.3961455416444097,0.6797171136946439,1.050953249845657,0.35795351966946987,0.2549624746065575,2.3250257714840643,0.6753775703011766,0.1646074578309614
