intercept,trend,control,noise,decay__Media channel 1,half_saturation__Media channel 1,slope__Media channel 1,effect__Media channel 1,decay__Media channel 2,half_saturation__Media channel 2,slope__Media channel 2,effect__Media channel 2
0.648864899050992,0.14772183572949824,0.4117467495480027,0.04692336910503528,0.3979630179882806,2.654199047948574,1.57221941840289,0.6647310909280284,0.16524441539779386,1.0971680569031586,1.1228717322674067,0.6583723327141268
0.6321311045887686,0.14780692154276637,0.4155330460498862,0.05051208769879436,0.38361702195838204,2.3083604743219976,1.5004739918147376,0.6450382026156661,0.13746566462726717,1.0331180566572042,0.9905956448574246,0.6340394342140088
0.6268398472241417,0.16634137972924365,0.4474943558739581,0.046394975172589836,0.4220126336064769,2.2497331070633195,1.6229159499296921,0.5895779189986217,0.08195937939266497,1.5659912639126463,0.7168395706443241,0.7415125062251691
0.6336603807907615,0.19490168078366554,0.4052275273115251,0.044299798031800654,0.3738108249346481,1.5598893861255951,2.692119221290862,0.43288827072018193,0.22971087298365941,0.5864355521633098,1.4244569437418204,0.4425827436914762
0.6571243081850983,0.16373183266887226,0.4731720941057629,0.05017103408788536,0.3725019548332048,1.6362538641209117,2.5614295398293465,0.4533090768460303,0.2048557297590285,0.47144858496912323,1.6532884278332172,0.3996100115127385
0.6540385288254934,0.1699727934722004,0.4789778916474358,0.048798747834870225,0.40977953669598244,1.9715434122891133,2.036571296967237,0.5223060394911918,0.1519394531898865,1.4936726135135825,0.8814831392631288,0.7088389806060521
0.5876913600675026,0.21719056175248191,0.4194507803465518,0.048416216068820794,0.43709613615262255,1.8039975240155075,1.9415250462377955,0.5162859392966113,0.12353802320752656,1.6055879188131423,0.7200666507086237,0.7551852165764781
0.6324039569247499,0.14911487580873553,0.467943696537125,0.04796758061497178,0.41937220805108044,2.350243021250308,1.6314717927046392,0.6423365107216936,0.16903659064793317,0.6690678746327019,1.2738344464597064,0.4870407933709916
0.6346779625217936,0.1951039373485901,0.41781938419234294,0.04770496743095975,0.4228650815926849,2.007001700581673,2.040962845743572,0.5154077286112079,0.18527977065380516,0.8585555320495613,1.0989140283458159,0.567227848429528
0.6095617774854961,0.15588868453270785,0.48511996278804737,0.04549758976750832,0.3925826941474678,1.5634587064451653,1.873045731109206,0.5050369767522717,0.21924080919299038,0.8237589676482768,1.1964907523331407,0.5670664747955901
0.6510037154717627,0.18222389374157905,0.4392510812527016,0.051213495621257064,0.36563782981745657,1.7259736211817842,2.3589509163843356,0.46553904515436445,0.29000333735203726,0.6045223518279488,1.7650760975310957,0.42333102053947813
0.5772352387290074,0.16613851498755194,0.44100823246988,0.051320064094149305,0.3955092668547068,1.7030539293052405,1.6390547511842772,0.6145390193503132,0.07389251410751355,0.5200490145979345,0.7595977915925543,0.4831570949514186
0.6363971577651724,0.1883662658976768,0.41645898978350443,0.04837492753163341,0.43293151954896486,2.3291785222719184,1.871994780899458,0.5628880589370131,0.18468321917160527,0.7545595007981599,1.1629125132792137,0.5638781529004
0.6192687674502396,0.17918050343505904,0.4520901787831694,0.04614280918149516,0.41462983315956087,1.7580150465042286,2.0639503649490734,0.5169195491651204,0.16430773344587882,0.47788124701479023,1.360071680001913,0.4273862549538172
0.6251557433876044,0.16135021568559288,0.4797096697114924,0.046351482729907835,0.39704122946664444,1.7065523525026267,2.032965778859472,0.5119432665635738,0.1617028102511615,0.36630247670898464,1.3277462819720218,0.39828922115572124
0.625742863732921,0.18942114187780604,0.4620912971057016,0.044875616498093886,0.405380400891857,1.895337277668378,2.040309310669602,0.5285894577641334,0.24695143090516047,1.2128284330647223,1.3236680847081888,0.7030162562278504
0.6326238605051774,0.17823819040459135,0.412573652107122,0.0499832792380089,0.43235197873557213,1.95760947091163,2.355773273709811,0.5179174963981837,0.16587028260698497,0.9235658390940585,0.9982521878150954,0.6030329643958995
0.6333745129175937,0.17890135205077543,0.4185007184991127,0.049686456421360756,0.43557946950364107,1.9514212327715486,2.3384086019820716,0.5125154042395859,0.1785851161275569,0.8967452968512921,0.9940868983284542,0.5968151582874253
0.6125057265636904,0.16755577028682914,0.42132045157980463,0.04447569939597718,0.3844476465673284,1.7694254022719247,1.9776763964019741,0.5507512093598437,0.1219297738712974,0.8478122349840701,0.814324076177817,0.5850948568281383
0.6086353636562951,0.1668854614237956,0.4738689008202069,0.042903673674052865,0.4188510334884535,1.6587403195718773,1.9889153450033286,0.5172986739396918,0.12460157587495849,1.1441586415872431,0.9068760856429736,0.6745774931595122
0.6315409737201025,0.1791727498753455,0.38533549341410595,0.05294377875247961,0.41418032061588494,1.815636286955585,2.1699513867429183,0.5055170218495925,0.18654824758357283,1.774271874483265,1.0112008752415402,0.8403400803040584
0.6157547099173719,0.19435956469319668,0.41141356609167934,0.04503230340402875,0.4290623849806982,1.8144820064621046,2.0820716749472563,0.49403930268133905,0.15767564552589752,1.6833247400950258,0.780497384966051,0.7671638074645044
0.6564291142870236,0.18071220792008466,0.447687767699168,0.04872264523289929,0.45823668428884473,2.250714312618162,2.168173653634484,0.5308032543483079,0.21061127694146942,1.3270937338332682,1.2801148381350709,0.7464179805089602
0.6312292100068801,0.17502473122886675,0.45591004238549965,0.04505586044682267,0.38217982342432627,1.556792711681231,2.354494954852444,0.4514116019186809,0.1411074699107733,1.7063970555416763,0.7465292474084546,0.7966682191902157
0.6414893114236457,0.17887744377969142,0.4614796302474162,0.04893576820235366,0.36845809630739673,1.5224129223767675,2.374170157594484,0.4425101139896306,0.10427447494214472,1.7789824680046047,0.7154952153181504,0.7736299768110411
0.6431894267071907,0.16326266463722108,0.323025647123943,0.04897251741630855,0.4044988008422755,1.8973524779994257,2.043800337610557,0.52141725640501,0.21513858792356094,1.2463105395579388,1.1036987971023418,0.7012799819307447
0.6315092958089096,0.18138793643943907,0.5244403605559406,0.04358730187712548,0.3890116966183841,1.6918751234849752,2.3557528968551438,0.4872407036210697,0.22922985290425207,1.5882270283720874,0.9790547711826345,0.7451519123664456
0.6375090906855395,0.1849266786780174,0.4379596379928065,0.04868385395905108,0.38848757418787755,1.6618956585742484,2.0815996058618556,0.4778546158047167,0.1998942685822839,1.4343400033051568,1.1366782313826795,0.7374606963980506
0.6343224271945896,0.18027292182456456,0.443240423689346,0.044603546087021426,0.3916441513216969,1.6412039291357228,2.229406288140718,0.4660067799144866,0.2174738524046421,1.5966335289577565,1.0748764673905207,0.8311771792628918
0.6407523774061656,0.18487842918962932,0.4323662119105419,0.046299750011584054,0.4139674699921698,1.659820255483093,2.737406452032652,0.4441014232287649,0.2393996160767514,1.6343832957588578,1.1796880333240825,0.847526902845485
0.6439507157667034,0.16538346497064169,0.44301464584077144,0.047428173560685356,0.39154852076870156,1.6899520220162358,2.328740660044123,0.4725235764411556,0.1425215266311152,0.9511077210182166,0.910021016768793,0.6150471940153376
0.6562724235283091,0.1589568522775545,0.45868774169130516,0.04842049421143353,0.39111529782545634,1.6941539706833069,2.1885316532991554,0.4546956819839389,0.14644227587972866,0.9409417877748668,0.876326571582089,0.587605090170389
0.6344033218070472,0.15550285662611038,0.49324264260841094,0.04669343285848225,0.39380831454252974,1.6763708463207843,2.2800108174180167,0.47717473776624186,0.16425694372514654,0.8595578127452225,1.0143934318196635,0.6214022007232413
0.6372215958763064,0.1570005892798912,0.49193508539784503,0.044584834002651334,0.40558264849730485,1.7231730830540306,2.0911131770817377,0.48210998273552125,0.16140188319644538,0.8907729381019682,0.9404842883507185,0.5891904253093605
0.6535071223181352,0.193528575828648,0.4594959792699747,0.047038184025258015,0.38987463412409584,1.7629636256788783,2.685949112595165,0.44200371819425255,0.18250598671693877,0.3205789938491955,1.5905808350593755,0.37924996847723125
0.6574467719309479,0.17378686296593276,0.479725624808785,0.047323542042666054,0.3767942154354535,1.5737251450294092,2.6620306200949986,0.4229854389004455,0.14425500644586958,0.3887151754553402,1.4901927627070084,0.38958615440316446
0.6574635715611202,0.1713406499417173,0.3782716327327845,0.04846272679130607,0.4007624491753929,1.6322791591507197,2.5003985312372725,0.43640738359743664,0.1423284332375958,0.32680299221325493,1.6156058421623578,0.37037323883983486
0.6509856320040428,0.19122733978502002,0.48868696294753516,0.04600973395416329,0.38926346683360796,1.7735511151989423,2.3283041980642523,0.46623564334536854,0.21299660455919792,0.7165540501518363,1.2249267536811983,0.5009241718861672
0.6590628625581281,0.17409465094895288,0.38818008969107737,0.04967661275819699,0.4305218185488823,1.8077076696130578,2.764015018239354,0.42465355552674705,0.18069896868775157,0.8862949741937622,1.0824382067161638,0.5833636197295808
0.6576649333414871,0.16694298515005693,0.5292671546217599,0.04604926637945441,0.4099123068985926,2.000701087993175,2.1684154515790564,0.5069581462400887,0.23045900961118518,0.7593674385535661,1.3913246404568798,0.5148667206314183
0.6493127832908016,0.18466696745323005,0.32252852647411856,0.04850195428585601,0.41624036973506134,1.9121915342156501,2.244299164925195,0.4821843094435358,0.1971891793246411,0.8284991980153215,1.288311653495255,0.5731413160662612
0.6124639677870335,0.18039127527058849,0.531696691554369,0.042555641039212694,0.4166394628060669,1.7369158202672499,2.1945071085835584,0.489385981067798,0.17396025203499318,1.1463116084890823,0.9438016611142315,0.6783953265758887
0.6214536944860031,0.18768691033564763,0.5221158127067621,0.04211615059386398,0.3888972496671827,1.7709724323037748,2.1960481898840722,0.5226175107813704,0.16267336456916465,1.2385634188785126,1.012448675317638,0.6666692397239495
0.6149522771208471,0.1945227666423239,0.3949346682688893,0.04457187087225137,0.39494992111236055,1.704334925698446,1.9314856809635372,0.4996388417392222,0.19804096088998058,1.2009509621739571,1.0022047530893134,0.6635444098647048
0.6020992786617401,0.16791100781717277,0.49279836973296326,0.04883846095881236,0.41589877734226094,1.8499118788605196,1.8490193548679865,0.571072383172399,0.12528451605647883,0.7621988281330663,0.935632037023274,0.5775995085516408
0.623274197352446,0.16625629130352854,0.39586640297719683,0.041016905843526276,0.4066120716667939,1.975616744328274,1.789282007869927,0.5572908032613187,0.1429372856096387,0.6339191185612562,1.0948992590815292,0.524302914535886
0.6152979387631093,0.1844864054785928,0.48377867636646815,0.051633622780144446,0.43831308336846053,2.1632370943051873,1.983180133684398,0.5776862868158594,0.06262186756202433,0.36183804972438227,0.8559353594842639,0.473182757505291
0.6303370006623498,0.1916741340375738,0.41318629916682026,0.047745136067925444,0.4353551181228749,1.9811666307984226,2.177200759208677,0.5175410514881783,0.08596099429440227,0.4651126123181739,0.9652623783902361,0.477212695265288
0.6085615462733596,0.18007880209235727,0.4512833185200954,0.050544985252071455,0.4061459936259402,1.7486077858117113,1.9148447426568507,0.5413400393197801,0.21210657879117376,0.5420139847426971,1.2879019661180366,0.45325299535089186
0.6064332210028359,0.18320837426650635,0.4331461753669939,0.05003288647741678,0.3984106546409509,1.7449486483427648,2.1983990271716762,0.5456636234320023,0.1839217611213047,0.5911599133971562,1.4584748983859717,0.44702612081402376
0.6808859771280457,0.15859193605193217,0.4175420233571903,0.04995013209378233,0.40014729855330944,1.8767692486619525,2.7026232673953903,0.4464090978190309,0.1261476753471134,0.3068605940147402,1.262188595529644,0.3885281700616785
0.660461396219568,0.17685882548329046,0.4660428977256852,0.045208294999349564,0.38748552442812906,1.8321854219683849,2.3186821920882275,0.46269209166604175,0.18095293974030124,0.39657337055315806,1.4372676586455486,0.3868703154912517
0.606356391718441,0.18297920411429827,0.4884682349596278,0.04474748145613928,0.41865433532923635,1.8781451156258333,1.7906147795981522,0.5678957651069451,0.19705131225057584,0.38313531411218216,1.8431677280589924,0.36698962283324527
0.6256727520562386,0.17320318350674554,0.40317182913063393,0.04944568085409323,0.37599240414476787,1.8427733085545726,1.8310972609032774,0.5605989089298054,0.10356595523397112,0.48225158643802474,1.016856857064317,0.47554713632817924
0.5693997993658906,0.16912911057681096,0.43578085713863957,0.04942765604768885,0.3916461653244618,1.5608790006644215,1.7564982976535657,0.5638484403660937,0.3332718044322557,0.8400018880450187,1.5366538261184952,0.548986536903425
0.5711272170879312,0.17804844774367007,0.42720719843804805,0.04913582499112192,0.4138724171413586,2.2139160594839833,1.363931171143866,0.6953404132716057,0.0593791794248066,1.451210203443945,0.6894460926726995,0.7724695050131161
0.572583290514714,0.17348489562916455,0.44398358853329906,0.04809165301443968,0.4147065806775701,2.1568142141370115,1.3926775944208956,0.6939083737804776,0.06458262871179606,1.5081624642415463,0.6769516911647369,0.7545228202353572
0.5880947435924153,0.15821495154525933,0.3962174105266005,0.04574492700277354,0.38528739710139964,2.2102012357903114,1.3987064076531213,0.7237626537459253,0.31270822397923,0.6996868282151002,1.8136583490303615,0.4549536949627235
0.5864187241570245,0.1777565600807026,0.37947424029505455,0.044831511736985206,0.46022670969085183,2.245308703560057,1.6515213614650361,0.6603941683414435,0.11066708186117194,0.4845125603917364,0.9606075002801168,0.45806172138859014
0.5953940250113611,0.18150934016286174,0.5097713220022784,0.04823488755161524,0.38308377333459376,1.9661907825261822,1.5880616231010485,0.6186559568229407,0.21299439033168346,1.004818727186673,1.2496815991703176,0.6046888183395134
0.5960440268533844,0.1585024817210256,0.4277240965087172,0.050648377587591165,0.42016504220694406,2.160701229669151,1.4642199099140976,0.6509527622742614,0.15679799888545626,0.8251319523745279,1.1094771040989948,0.553638975184918
0.5977189459842703,0.1767220110330863,0.44066395352839877,0.04490741755782608,0.3818263054262115,2.1593274420647233,1.5328528113133573,0.6808603052891012,0.2498358382606175,0.7005579888220972,1.5026186964905455,0.46562435555092746
0.6374824002276819,0.1684561156702911,0.4822341864433399,0.049983103806130226,0.43572928997517524,1.8612035880938764,2.2215527177167655,0.49050294553067797,0.1676684636977177,0.5282744391695771,1.1913383396805854,0.4649759153744812
0.6294190921251938,0.16229012268655854,0.4474031468474893,0.049508881857633746,0.4356569886328958,1.8384766835709923,2.206477595046645,0.5113249753010387,0.14344751663461675,0.5199096002772448,1.0839891954001761,0.47619770894669733
0.6294365973049688,0.17642682491521408,0.4240925007120045,0.043842655990449425,0.41240864232702257,1.9629155344192155,2.061647642505515,0.5471625150221259,0.2829055116662672,0.6024653335349897,1.7820273776241344,0.43257611790615264
0.6265895238673495,0.18458478670871423,0.44543886039382535,0.049276923626768124,0.4083439140049488,1.9363188150918906,2.1291671007692012,0.5459964366777517,0.2037315772202323,0.38690147890401333,2.243010973190991,0.3635016805595823
0.6236603811357339,0.17139361862330496,0.4446719776244304,0.046699436441879884,0.3886930873904394,1.5560207984658645,1.946047123605529,0.4811604361102575,0.2194155105838466,0.6514216279676914,1.4661199916246215,0.4839988780385146
0.6186757148088773,0.1947907816537727,0.5026362134268278,0.04600173498100741,0.4012671857107619,2.179576427372768,1.8609346628010757,0.6162551594107543,0.13302789547407493,0.9148110573855442,0.9581944992705557,0.6017616697241727
0.5642570752042595,0.15820340242138334,0.4243529224028143,0.05318148270799961,0.4425356307774216,2.247354034584607,1.4446989228510712,0.7154264561995384,0.1573834287900493,0.7440995929599679,0.9936783122041752,0.5629496271313997
0.5977150137845297,0.1767212379351507,0.4603354983403671,0.04821049284115819,0.39419663468819344,2.1298730548634204,1.5798273232753737,0.6587024447344891,0.21339804051305913,0.7708990867740589,1.3582354688997416,0.5394209070488692
0.5934561358480509,0.16272140331492504,0.4141333180684715,0.0490965533866716,0.44019496341450715,2.0977355761771252,1.6375036082560794,0.6505888537972939,0.19127973378257257,0.9972161950976065,1.1891870311463801,0.5993798229988005
0.6422126646705171,0.17959157287874974,0.4855218146039921,0.04603713392086279,0.4276643288896331,1.797765950516343,2.377856388137359,0.45636697965899026,0.2283340674870347,0.6038285030077846,1.490217796366387,0.4580728800703838
0.6342509858726836,0.16192610083549142,0.4385731193487163,0.046579134304819046,0.38125506503670203,1.8054991498016588,1.8359222836000906,0.5432514892093826,0.19037597024237987,0.29992302984582164,2.4673720915188246,0.31994149791743537
0.581994468995425,0.18091930454944338,0.40948722702146245,0.04781214793699524,0.43086406877801087,2.1205720676109077,1.5483382708376536,0.6562674749649849,0.1599741358682637,1.4033861399347585,0.9303521707614308,0.742724540197551
0.6208992961543109,0.17791293087204615,0.3999835854142758,0.0469935483831424,0.3995169610661721,1.9740382012820383,1.8118930362942505,0.5794405041769181,0.2163531602966962,0.38057756635655826,2.2647145885431628,0.3455267797734179
0.6206427121769604,0.18294984802346093,0.44924330012105207,0.04685198726588549,0.39213811486470834,1.9495336673737593,1.8381877707172436,0.5734190159324656,0.21513147601541646,0.5530685725790409,1.4311317379200352,0.4232117982652037
0.6289880341083798,0.1874665846032843,0.426198658299428,0.04855696488565956,0.37277450870309603,1.9403450814172778,1.860033875737355,0.5594472627111572,0.20504168183546329,0.5494229095087626,1.737380402223766,0.4265009766373389
0.626621778666094,0.19158271558386478,0.42295811083012136,0.051217542506782086,0.37173030632152226,1.9596730325798128,1.788802191921334,0.5608856183172503,0.221648131969265,0.5316365796407554,1.7358201237312665,0.43504517402406717
0.6065818191130298,0.18165581086416685,0.45198404909047624,0.046853849583678706,0.39568156691094936,2.078875870368777,1.6748039907798522,0.607248708814478,0.21343041039791175,0.5776300947858312,1.7014222121866862,0.44773494127073926
0.6334889084301956,0.17172683499382077,0.4141412077138964,0.046995096839559256,0.4289453972734758,2.017662608789289,1.936672767004156,0.5458822514973365,0.30196778253300094,0.6005711220395884,2.0233651166536655,0.39397148069673205
0.6019607106899304,0.18120729466409774,0.4444583943753201,0.04847687747972071,0.3769999817807921,1.7468338313984073,1.6372990456541778,0.5928660817075241,0.1480958487914731,0.5685721810565401,1.1364793597101492,0.46298878356965006
0.6410848128468436,0.16513278213408886,0.41814546601754504,0.049616572792293055,0.44468633353326015,2.653926879572752,1.6853406302479845,0.6546325601188909,0.1869477476043452,0.5789468467348832,1.5295020291414596,0.4753092497467535
0.6437518923789802,0.15874954508632894,0.4615841458660959,0.04783136402749504,0.41486360146337564,2.533435644350589,1.7325585425609875,0.6364569942619621,0.21314607491691903,0.7068510053547218,1.3023338647975427,0.4857077408345142
0.5960251527731842,0.17503598424413516,0.47869332042411206,0.04713291421016428,0.38179045659377525,1.5415518614870187,1.8905705728504396,0.5217055646061397,0.08590898426123679,0.9392633594353295,0.6828164390301127,0.6128123629982041
0.5977782635707575,0.1927972217646909,0.43129029873227775,0.046864514671539605,0.43061678088799793,2.6659792742287975,1.5398010651546181,0.7239425352040546,0.0632391824246722,0.5716448101035191,0.7380664228961521,0.540685680097717
0.5925714319247817,0.19656290748157318,0.38842577628902836,0.04763862655666089,0.4331598906061412,2.59180261829198,1.465101566622377,0.7276248223101764,0.06864330948563167,0.701596922013758,0.7836791453685215,0.5344889614544672
0.5179368900837656,0.1656849668791474,0.3855573779678247,0.04854565136476247,0.3994283026554262,2.6999309015234694,1.0231636277310994,0.939917744843891,0.24225153272754127,0.8708524166513815,1.451350254815999,0.5364235493349725
0.4971725488573262,0.17440016284602025,0.49341245341599205,0.04814446480059287,0.4095116945429232,2.4811707489636188,1.0946016834934358,0.9380008529167281,0.2658978775016724,0.793013353189542,1.6492246588459394,0.4804220143795666
0.49959784267623336,0.177883754180588,0.36140421143441315,0.048502108392595826,0.44676331270417635,2.5648282615055344,1.158092477369144,0.9202249590505316,0.13017130994115267,0.6683362363423165,1.1031475333993253,0.4810174586594669
0.6135172115498577,0.16227786110128933,0.3977516235318344,0.044509849006608766,0.38038916033813336,1.882999030043901,1.7197313870242605,0.6209453688046963,0.2105013961856488,0.5343069007282588,1.6598417830658916,0.4076323652784295
0.6254193157232681,0.18251874830945078,0.4481767652587091,0.04943447461039782,0.4132501774947,1.7085387053260699,2.0386634526848044,0.47982406449716525,0.19225908910931974,0.4015610165542765,1.6688970548826323,0.38344571923232285
0.654278933428118,0.16709386589402858,0.46949926603089254,0.04743197642866485,0.3786891874140807,1.7403731555260862,2.2960484095500893,0.47907363763109384,0.2751073265984535,0.6576538167290684,1.8411412191886753,0.434876059345111
0.6089984869291892,0.18297255123293044,0.456430614654985,0.05205589631716149,0.4262977759738024,1.7853924912979169,2.1829871152811493,0.5194238889189432,0.19981254425085285,0.3960415747268314,1.6961807418648844,0.3808681711188901
0.63044910969739,0.1998930112690831,0.41045138428234,0.049942106001953264,0.4098303474289815,1.8482757169231814,2.218951444456237,0.4996508393113588,0.09294238634828647,0.8804209059594102,0.7765354811936471,0.6068583419088053
0.5831885560020714,0.1779345574982963,0.4039303475628777,0.05175064974458885,0.38623397584865066,2.0428622717342573,1.4307764529581268,0.6661149955098636,0.2460609183038756,0.9784584952434735,1.374504008365726,0.6049535305686371
0.5961817554946841,0.17947353982539552,0.4760282322081652,0.04646245811993912,0.4155223155559693,1.9485712513977669,1.6819000989050543,0.6004507135768578,0.11224913553174257,1.1529804270819932,0.8330248817757142,0.6717319241965454
0.6667882341438393,0.1719679165211909,0.4306308950409394,0.047534121552708586,0.3904374948118623,1.6981858384824122,2.8440324512608623,0.42961215796527336,0.16147767733941637,0.7622798539818261,1.0877314021492657,0.5294489224681432
0.6887595199240655,0.16533751522001192,0.40600825578900485,0.05273620488770693,0.41135368813259743,1.786136608214607,2.702607359722806,0.39984476259423435,0.0973170304584726,0.8368053206052501,0.9357303438615298,0.6064510623340531
0.6893090989554689,0.15630421428615843,0.4332706663496354,0.050921718043102214,0.4254357180361677,1.8669301080586251,2.8396055293443427,0.41643850551491673,0.11678601166332646,0.848857009079071,0.772988315810549,0.5688722124672072
0.6528390877181174,0.19377189742530843,0.46342583919448055,0.04082438816304436,0.3917036086987077,1.6195666166728373,2.7811615910914496,0.42053824902342163,0.14056709178956892,0.3115807261307306,1.4145972824340747,0.3549136862486569
0.6684066863359256,0.13596134141436952,0.3839225239835984,0.05362777801334261,0.38757296540761316,1.885032547004589,2.165999330742415,0.5049045785826652,0.15091642498713215,0.406147120468945,1.2659173262502363,0.4340205413630785
0.6601496804375832,0.14955613237219972,0.43664344090210594,0.0511995240197655,0.4099480347963394,1.8270140875563454,2.0519491430857446,0.4840246831022003,0.15278826683430935,0.4941523872744704,1.2254061338844393,0.43480735268008647
0.6460686712080597,0.1984645640317609,0.4494687339926918,0.04350435237982774,0.41654841558457734,1.9988398946819523,2.297345479233323,0.5040560536600189,0.14612996221339614,0.5480599598114744,1.2687713131930787,0.4604643549405565
0.6467461423687935,0.19688222068378605,0.4173451232832323,0.044451664055964665,0.4153886525241802,2.0240737988639164,2.3528345923614062,0.4986309918057969,0.15388080948416313,0.6151239866602732,1.078923169608784,0.5024984186197896
0.5856901585732414,0.16191762441784058,0.4216174129298838,0.044584564114533154,0.3911692231022104,1.7218224223946608,1.5811622670073209,0.6062932381355713,0.2511811466506857,0.5382748213930509,1.8045561253261602,0.4055660658092892
0.688228916070159,0.1686932378911162,0.4078002406908931,0.04695246929302717,0.4207980968574599,1.9415298036340232,2.6501742420358245,0.43754686542454446,0.1449358786736385,0.3463805036968191,1.3717568642933229,0.3735773703513181
0.5282221288070873,0.16429180765356013,0.4763302075894964,0.04941611730952488,0.39680834647932706,1.7832639545846967,1.2030411782097274,0.7071542635533488,0.2039597915822815,0.8409111646961341,1.240375347879695,0.5768998301018541
0.6287415124307032,0.19812422562553547,0.4162882045019409,0.05142229987740458,0.45081426102498046,2.579606850125214,1.8332314043568867,0.6160517500838956,0.15761696915195722,0.780772688109168,1.1322882648248482,0.5548231439620543
0.5951920219174192,0.17100793103921164,0.44547523886150037,0.047661031735529616,0.472490969901231,2.468170943069774,1.6074106258564411,0.6822612085975469,0.10821653967959884,0.8353442238758723,0.7797197767950593,0.5513296098878887
0.633155978074709,0.19419283157930484,0.4447140553836324,0.04691026541066408,0.40720420174655586,2.143582901308003,1.8022021707254272,0.5796464761442186,0.06050365750264851,0.783185818455824,0.7248447843653131,0.5257264288548937
0.5889744867321075,0.18502398586642932,0.4158825810906431,0.048467133595422665,0.43956270372368056,1.768528471475243,1.888136923579051,0.5574005197670471,0.053397448067935276,0.7894100014266745,0.5549997894021381,0.5758496097921519
0.6235825743305341,0.1756289540524851,0.4809250552971348,0.04680359911820547,0.3689202739623596,1.8000041528442696,1.8264308948834567,0.5465409966260318,0.06803271250694806,1.0451850512363519,0.6768777283378592,0.6501416588728962
0.6346387065103039,0.18457765863190795,0.43962083588664075,0.04551680985357998,0.4393120375953169,1.9260950121987275,2.296414339110613,0.49183088663809627,0.18408247820276524,1.7488260300288045,0.9719967316235771,0.8371826258268102
0.6296406608047928,0.17030242632758583,0.5368365008317655,0.047392462926928725,0.37262128716993836,1.5326197100306012,2.1616269142228552,0.4556222267411161,0.06704362571730693,0.9262887968187442,0.7014317281796191,0.6405820460507116
0.6418599205585896,0.17994621395244742,0.365148808854906,0.05139528558348282,0.3628659020207672,1.5909651532097446,2.0568671452872462,0.4616991039481243,0.16319033868787697,1.0017344178012653,0.9834742984661459,0.5952690824571799
0.6272022610548932,0.17149587219617657,0.4691276587673618,0.04324256156003447,0.3630744383052385,1.5511007151360248,1.971935690073897,0.48864694326302766,0.16523271288593036,0.7733458195912059,1.1357780641607602,0.5430947227287809
0.6503191082346905,0.17799481109756288,0.39948884857302197,0.05232412593327031,0.38460575510361356,1.8274770829869842,2.063059040630372,0.48054105585459345,0.09013872283099951,0.8969409271509896,0.7926051573277585,0.607163300931304
0.6463838109562223,0.180073262995719,0.47199196487134126,0.04291351286639539,0.4054668053046035,1.856676470602763,2.33707032063058,0.48754848668789397,0.11323728508971556,0.8437815642376002,0.8687486291408483,0.5923814492570735
0.6280406397867961,0.1813935170071176,0.4069670346250465,0.05129044339325535,0.44691375577464115,1.776638893760957,2.46345239081433,0.46183588493120964,0.15377648922668058,0.5426958562839143,1.1943743107270306,0.4690467702251224
0.6307871291613611,0.18380226459977467,0.5137614566761167,0.04522347612017799,0.40334190143412135,2.0589142357806574,1.8485941831026005,0.5524898090240535,0.19937668346767545,0.997827882989501,1.155930165961687,0.635976834046673
0.5709153575555187,0.1704421723134336,0.3611712538079579,0.051223992111505294,0.42717011911785063,1.9836729222240175,1.5599403360723285,0.6699998167515164,0.1748994397852823,1.1808322881194435,1.129470441484156,0.7502899213650792
0.5882384581742517,0.19007023110909205,0.5024726907317295,0.0454575471395524,0.40781782000245503,2.064280597059143,1.588505328775093,0.6237840664431976,0.1678661210869976,1.1904202087660531,0.9952417496489254,0.6852698394661357
0.6384175839205818,0.1559304905859996,0.37664625183554545,0.04808968903782535,0.410186341875236,1.928030154539018,1.833182442564824,0.526367445940223,0.22794931507116814,0.8330430433844421,1.1837942001427142,0.5551533582762417
0.6012885832475792,0.15860548910334066,0.5177244872489468,0.04698696253328728,0.40056507252746376,1.9102611756180776,1.5143520102032921,0.6144158169352167,0.21153738538994538,0.526605386703044,1.683338686237134,0.4217034065441833
0.5974318855546995,0.16429837250096133,0.48993843557712874,0.04650798675671682,0.45211370191203276,2.0234481580928936,1.782240642528875,0.60600760118287,0.2738907076115868,0.579840784284509,1.9622591221210188,0.4129747324923808
0.5966634013185216,0.17732062627958606,0.4266427165250295,0.047984204076081144,0.3530456102901068,1.685136028736913,1.554186259246774,0.583162502550624,0.1862696178538562,0.7472745695702062,1.2292473998659839,0.5336894268495175
0.6407687398151979,0.18612962392022045,0.4468816132216019,0.047127845280141856,0.37706422847503335,1.940969552179027,1.8692131214528753,0.5470436454583117,0.1879643355434228,0.7079997210244305,1.3023247093915216,0.4741816144540913
0.6410979287617727,0.1845008015218131,0.4527439571525401,0.047262886130520196,0.3748797758286826,1.969084290146822,1.8258136173376178,0.5495931755814307,0.18925843057809827,0.668559403137498,1.3040444433847742,0.4796713049175924
0.6234218175273667,0.1729688682639441,0.41391683516686456,0.049300303187706354,0.3994670855123665,1.9477422890395302,1.8418182716494866,0.5615851526613003,0.1748075900707578,0.6792603626803735,1.1280148647924801,0.5360563869463463
0.6394102235166099,0.16141881544644476,0.4531684262204755,0.043450298044885524,0.3843946548515519,1.7054937836448638,2.0918688792753324,0.49658300198794203,0.17973257967613768,0.7409500661016868,1.078616229368674,0.5168374240951521
0.6054800594613977,0.17959551507093088,0.42428358444383324,0.04737484824381728,0.40811187561733153,2.0260473998676205,1.6406230258118484,0.6036211192461853,0.22333851879017744,0.4743017610770742,1.7327595329251653,0.3969091858961233
0.6292427877174123,0.1736598164714524,0.465481196878275,0.04917841196762348,0.4401016829302551,2.345668401742779,1.7626309527098132,0.6042703259808443,0.14403559399336843,0.4560187464094527,1.295775781411541,0.42941145185424134
0.6288274267461211,0.17444633677559554,0.48263562433619456,0.04845763181296532,0.40691022085741635,1.6528729327855376,2.2393541961708943,0.47774221328091326,0.3075985867872346,0.5441925404955374,2.4647015137670127,0.3858951968737652
0.6578812910541352,0.16370748013041894,0.3948080121389246,0.043957142109016197,0.399730975471861,1.8886964124646477,2.138809255566411,0.48890953746101073,0.24131937949652638,0.5947842133452084,1.592191380258375,0.4425976406739611
0.6205599380134835,0.1753581315502699,0.4743518829979768,0.04594226528663387,0.41037690850903685,1.8542848593344647,1.8321161718008856,0.551920746586275,0.23589747854528362,0.423717542152752,2.0660940512633825,0.337168827630963
0.6205796398368869,0.1729079847187042,0.4576943422718856,0.04471101243489564,0.407129401073142,1.7901987993915958,2.052506442466199,0.5232431425674315,0.10654613568849643,0.22480403616910855,1.2820190319180897,0.3411129262569356
0.6060674487406158,0.19215235498864955,0.41346956380371225,0.05019760128545421,0.4036966066086729,1.8129185307317341,2.014698233678639,0.5550705388662702,0.11845774892939265,0.2660836376538317,1.9681652450838503,0.33791025437565264
0.6161689598294423,0.197418470868263,0.4507967182158212,0.04854686681475577,0.4094701929034658,1.902217429617881,1.888947841262216,0.5429415956821838,0.18387350365850605,0.3083508408780792,2.44104666942177,0.3371754977199837
0.611048500913971,0.1642608396709916,0.4476548835002995,0.044725640577967275,0.41806310634523125,1.8436811221949974,1.8469771381443763,0.5627635538778915,0.20166529726546,0.31359410253404896,2.4648475665379377,0.33086527192032417
0.6263640648931407,0.1543366453957499,0.42566093489103574,0.049417163087654835,0.4106599111092176,1.7705585125199592,1.847367589126182,0.5235682933917633,0.2429687845946396,0.5268923394407865,1.9154169646991397,0.41603477000482286
0.6606342288992687,0.15747576196059565,0.40764092279569275,0.04434075196941402,0.36170639823088624,1.9355405622298547,1.9681762399059477,0.5119582565420087,0.23370363679753692,0.5084732535256145,1.6731059225479168,0.40456213446541545
0.5634683141244633,0.19068128851613872,0.39972747692629906,0.046342123148371384,0.4614498720407561,1.8521163214928964,1.7852631323038541,0.5907190101598182,0.13882481094663304,1.4724381534078022,0.8533166294857,0.7430238472173661
0.5978944471254062,0.16555531207098087,0.4920727831047963,0.04550988495749219,0.40828053107924567,1.9557970560891347,1.652268938471181,0.6026874649528241,0.19185448708613081,0.8540698018383246,1.1213068036119958,0.5801339510741209
0.6042977025983568,0.17108796769990678,0.35925737750401715,0.04852524440640319,0.4062475959928353,1.692185332349924,1.8247075694973955,0.5457235776097579,0.16420977810118045,0.7423545363400754,1.0860631914659404,0.5494717708302099
0.6003511822613198,0.17460334152016374,0.48073434136832427,0.04727232925612357,0.3989113157783783,1.9092024964277063,1.724420839281158,0.5955343428309415,0.2361214020762804,1.2030524055766882,1.3656766093490107,0.7156001390915665
0.6363162969026331,0.16397366251767412,0.3958190643254856,0.04530583091162164,0.4105409156707432,1.8120529396806115,2.072992661081425,0.5202457283045314,0.09131957769566997,1.3147268608608536,0.7337674649641115,0.6784546597926473
0.612267833498864,0.18381471770709173,0.4367387913564686,0.04697395941157236,0.3738046250578708,1.6389601869852974,2.0147058301611027,0.5147819157503847,0.1383677186060706,1.7272872776719652,0.8375830458430896,0.8293201444879735
0.6301800451953293,0.1610890218589527,0.44394109966921924,0.04597354459665433,0.41129334344431223,2.1165549750951325,1.8642288892801107,0.6111236307495113,0.08424718363685997,0.836369199387431,0.830225786718789,0.5673012269797542
0.6322822606536406,0.17843683205383806,0.4240893358144119,0.0486296078491598,0.4241174935215333,1.7423598592212672,2.498075270098746,0.48311367093887514,0.13313274061040756,0.7656972297663357,0.9004975589576011,0.5398997244972955
0.6044265280268448,0.18113134068359685,0.4603864026995251,0.04563014730711488,0.40198474479323837,2.2582086830897885,1.4157260970589831,0.6622333673076796,0.07391698369067475,0.8084078729995486,0.7769081059702216,0.5933474647290072
0.6067431515925313,0.16854161917839708,0.40653125048888866,0.04630059772386015,0.36080760869536094,1.7539427590115884,1.5646965058666251,0.5905146999333852,0.256703743355736,0.6283849533888629,1.712825320326148,0.45129999449412195
0.647136227550676,0.16848358111388587,0.3970763244368168,0.045153541303844226,0.407384904881792,1.8587088991790994,2.1665049181826963,0.4969550864039983,0.11957411174245526,0.4305080882476286,1.062394031595956,0.424629629745898
0.6430697088072288,0.1690811107320405,0.42951088764192547,0.04574115136516096,0.39870870981169815,1.7435632759281365,2.279886584142465,0.4764012130473494,0.08988703115017227,0.3453970722878134,1.070405946278335,0.4243378000793562
0.6416998506865255,0.1797164306296012,0.43191298416169777,0.047137939635520584,0.37355733067936403,1.7275907399584778,2.2433526563946713,0.47825410621408265,0.28252135002775636,1.1461179779614914,1.3413307921516477,0.6777649308124876
0.6425559349701291,0.1955157335486071,0.39691429943746864,0.04727356787801336,0.37555387112707844,1.8528478598062599,2.0961648812176157,0.4953919043847747,0.1809581672310572,1.328591044103236,1.0533348206665603,0.7490967876017505
0.6530928493122752,0.16846188886797492,0.42243096221150267,0.04871963207365042,0.4202885508621525,1.7710300421320873,2.351299404243924,0.4520362862976939,0.13400342966065734,0.9060939324193099,1.0221260852339873,0.6131177836271268
0.6572231110580757,0.16303915555193169,0.3983149597861626,0.049237773324303236,0.43789890829209865,1.848316087552612,2.653835380691751,0.4383715252154663,0.23814374842097394,1.1046159034502039,1.084780443529292,0.6499430326845018
0.6573670185093093,0.17275219270748046,0.44154065803385356,0.04458284780288579,0.3772055389004598,1.839260414382725,2.116393010304327,0.48178920240500234,0.08157353299220883,1.4846940536554751,0.6745879439787688,0.7210805432775282
0.5898857785178929,0.188031043056495,0.42876974910292814,0.04806834408965429,0.4343769050761289,1.6289449560486187,2.1428955251600454,0.520586491058137,0.04015208677747357,2.0936017068589923,0.6077383322369189,0.802451940187879
0.5958832725703046,0.18690263577055194,0.3864713170402,0.04600132370944555,0.4288571746839073,1.7254095951287194,2.0229214074995907,0.5292084341905349,0.07964340813684498,2.4672721704792244,0.6341779182749155,0.8944265050852974
0.6467231301188128,0.1829198127780263,0.4403507654006633,0.04674878444452595,0.38483571194827465,2.1327494803052613,1.9605307866747768,0.5750660239383348,0.13965188915502955,0.23273151940097947,2.039466168187409,0.32626650113153105
0.6417243411795276,0.18468733148207797,0.41290563789973656,0.047823131049914445,0.3906346998856163,2.1047994941810053,1.9162651912945732,0.5824229795512247,0.13874339187884413,0.2530175759605085,1.8768595294744632,0.3297924148075008
0.619262965189551,0.1831474267364063,0.43846712010492594,0.045642817404359146,0.44488942124613423,1.8504603322563296,2.0837324721170054,0.5061589810343983,0.14063839694562894,0.35706924698203196,1.2625354630992007,0.39814053097723495
0.6253510284815732,0.1713853602897467,0.4462241048292848,0.04549224077625971,0.3746351898103239,1.9459563116184944,1.6914370607154954,0.5835570462645954,0.324733045810864,0.6486094233429198,1.9394276968759985,0.440775507770295
0.6414385532609068,0.19063713105957647,0.41026211032588505,0.04461619806044216,0.43236875616695547,1.9000546390610944,2.4466478394247684,0.4831293271293937,0.10741691148470035,0.30802157993585666,1.1377502391991683,0.4036749352331564
0.6267163904056601,0.166053085988252,0.462607027447045,0.04623969595006484,0.3835350106884471,1.7359520411913714,2.026275296857751,0.5248213868850737,0.2768036291016807,0.561764182884931,1.9867307362649849,0.3969066803090046
0.6265783530444073,0.17223486859812895,0.4537984577194126,0.04657588360978578,0.3791998992540759,1.7933069126778118,1.8476486637248402,0.5363164588044488,0.2138876995621946,0.5254569093536099,1.7628638082736448,0.39756119582747124
0.5909374630498345,0.18382225904455124,0.4184513824635184,0.04784126414377756,0.3860593319156791,1.9193506317421343,1.6476395857151651,0.6138141912858587,0.2050513895311096,0.6840711115717013,1.381631139465976,0.47917279196495244
0.631220674063661,0.15692111630748193,0.4294350926080554,0.05101657574053157,0.3662473482250546,1.5057610227454679,1.9297518540347887,0.4887512335033495,0.24225552555031588,0.757564132510077,1.4984119713197197,0.4966744219852992
0.6402433629333681,0.17029075516406675,0.4327919464424515,0.04445903880273171,0.3697697614270645,1.9786322455588319,1.7456152471145756,0.5577179872261561,0.2221816802356174,0.4374188005338505,1.9589189959330418,0.36848211905591016
0.603035181910055,0.1711806351098092,0.42928393573975754,0.04814678925639884,0.43112716374987725,1.8294895181406836,1.7911442088719614,0.5750401163476105,0.21527602049911032,0.5478991942461522,1.7188000425160284,0.40997530356269246
0.66973212553405,0.17875521060004076,0.43045525056237416,0.04743759902401661,0.38592855942706994,1.7836800900973329,2.482880604563938,0.44415098695071764,0.1327512040234206,0.4375323317465729,1.0918910238849073,0.41975161072791095
0.662341572269294,0.1728637578490252,0.36330107427541836,0.04656018111218482,0.34439567223810463,1.6380411356956803,2.3050667486898573,0.45442475451267633,0.16006729182820859,0.5625186583537427,1.007490778995148,0.47933919031668776
0.6452385574862826,0.1779244674110649,0.3789010968112819,0.0468328985345337,0.41650665581961727,1.7834551072440703,2.530486958913906,0.4476737634442086,0.18986831651778,1.2405804885338063,1.100369969504647,0.7363780882771259
0.5650491768021697,0.171778725566482,0.4641242391170477,0.048996405083530384,0.3847731530463842,2.033264666445898,1.377308755290019,0.7112250580085284,0.12375780153816941,0.6474104873001509,0.9474959022291677,0.5276293988904857
0.5652177029966571,0.18865783863158597,0.4768528758466308,0.04697616044522469,0.46147691980780375,1.9084201461171313,1.7263331433399591,0.6099435700859835,0.2775630282714997,0.8713170818368161,1.5817055939026854,0.5444116048580794
0.5961208785767297,0.18998771445754728,0.41249154051333875,0.04772373843843412,0.411689687351675,2.0319701082396513,1.580936217866133,0.6130130173520685,0.14263153667897174,0.7775656091641999,0.9422256244309468,0.5400707063749901
0.6029714925489842,0.17739712513464362,0.4381433733927205,0.04394378791366302,0.40692753639099766,1.9043924659815636,1.837073276158578,0.6015361715663533,0.11701498701628034,0.7939079471189249,0.9935485660176581,0.5838891704055383
0.6033184389133419,0.19124365620112577,0.42474249354469534,0.04916991492086112,0.40638275225898257,1.8354295352068137,1.8901847727189445,0.5481636082679372,0.2550976864560521,0.5889442607807446,1.6474883910344034,0.4374856302851846
0.610416843808456,0.1608977089857316,0.4487769345126264,0.04481498078793597,0.4320174090932878,1.9310773828436762,1.8836379387072355,0.585706506983521,0.254150336942281,0.432507500229911,2.583297936887581,0.3435146111664948
0.6260817356912042,0.19515467459867464,0.4132816839303065,0.04839810096045794,0.4336216465203779,2.0750848597153086,2.125341534849089,0.5520944690054955,0.2245617648253156,0.38579446176019544,2.1095526997893463,0.36996564888052547
0.6097569722952171,0.1683450738306915,0.4654839394425417,0.04971797087797862,0.3667401724148887,1.8150627795551035,1.605076090372686,0.5750196684209803,0.1525497575398121,1.8361739817888665,0.8713729581529802,0.8256685315128233
0.6393032653288151,0.16663565884497747,0.4199814217880751,0.04536338311388667,0.4222064458010069,1.8286928631268269,2.33667741127968,0.4774243643192024,0.20196228822302964,1.6369066504522731,0.9493772314438395,0.8098764100819306
0.6530659734123746,0.17352187329346613,0.43518433708998006,0.04819393438434347,0.4303072534099447,1.8209535630875282,2.5785516097817616,0.4497749192694266,0.1620234180841649,1.1066474794801955,0.9369301413785742,0.6399139210982597
0.6526965346073986,0.19724469850130122,0.46575290058896385,0.0456503549400155,0.39829777880000933,1.718289101821805,2.7798584297511613,0.41435822323633403,0.1710549652902959,1.0120398787338367,0.9909378712705027,0.6287740607871436
0.6630925465803044,0.15657860327851786,0.47401664854551157,0.047418331705061864,0.413511417317204,1.9493289091354675,2.228781681211011,0.4932343626297566,0.21276672271614264,0.5538033319880186,1.4589328666580879,0.44295376370066514
0.6161072015380162,0.19179746301330797,0.49099704157278673,0.04729189563126315,0.39008946816062273,1.6590481758741924,2.1863757967988913,0.5093629554624975,0.19195495039569613,0.6487223906105791,1.2333409114058755,0.48644726676377
0.6249373915874831,0.16901577578047783,0.42641206909431195,0.04646232504824309,0.4091658447677812,1.804477922470057,1.8501265933423565,0.5342218464794537,0.15215619091575153,0.3812014514289449,1.3510970844396801,0.3903352012124614
0.6018357591461386,0.16264426770416116,0.3960742079834186,0.050805716484102086,0.42440767612979335,1.8006296787472669,1.901169491674546,0.5685467211852068,0.17165129263233322,0.33115146223833236,1.5341321481255266,0.3603985808768653
0.6245490368076184,0.20601703425693113,0.44988862844135225,0.0518713452636259,0.3851828518590244,1.646670698391866,2.0466831940419925,0.4763796612120554,0.0710998169549343,0.2431202294851261,1.052348137419769,0.37485524591917974
0.6366019443526709,0.17940143722121682,0.428173098563961,0.04445918132349241,0.3857010203194321,1.5839423274650406,2.259648544333005,0.46433404178214704,0.14252422361667685,0.4397744672308315,1.2444471672230286,0.4283620517201481
0.6514850443000014,0.17015093823711328,0.422098160253989,0.04630334256204715,0.42494585568006954,2.033512142374337,2.0696692537098564,0.5087919397720022,0.22567502707782058,0.8677991153123967,1.3911343331821664,0.5717615096674149
0.593004329789822,0.19349961921651626,0.40037948318295424,0.04702414643892944,0.4428918023029964,2.0987416880423155,1.6744213447769998,0.6170341806610595,0.12421618298215363,0.45008411824972183,1.2220352239433916,0.43090421139928314
0.6494405072480244,0.18186242725947524,0.47512401842443,0.04805650650863175,0.379752745314613,1.6661999914998664,2.403811955097852,0.44411814775117825,0.22431278802568683,0.5404245457129888,1.4870606666416313,0.4333470846321439
0.6446986967441957,0.1777943700774602,0.425673946519587,0.04326472152641246,0.3920356144802738,1.5403161446151636,2.5858347030130138,0.4248462340488538,0.2416688372461102,0.5574725959333775,1.447275167628039,0.43067823648578135
0.6194336965064383,0.1611450008900623,0.4686102204333264,0.045205745932657714,0.3733087050237691,2.007362765305222,1.562057662770108,0.620036496837095,0.20047830253269278,0.8169885536537449,1.3755183219768115,0.5240450234046132
0.6413956046005725,0.1753753755324664,0.3968637735669842,0.04938772549556818,0.4049564777912997,2.118618226156396,1.8844068135324297,0.5648331222906797,0.21125842927062907,0.6261846614402856,1.5226311755230888,0.4610955961239355
0.615965344882715,0.17089844220032868,0.4519475984584349,0.04707131474137014,0.4161078854608531,2.012595523717177,1.8917058175854704,0.5837330044325443,0.17811742814043613,0.5104567124914288,1.4517654785765866,0.43505455415240046
0.6109412468624691,0.16614288537264857,0.4508936176094407,0.05150059391074261,0.4397213706001078,1.9516769920166055,1.7182705546255015,0.5693472942349544,0.22307758050083276,0.548283405357778,1.5278385483490813,0.43700704595858747
0.6515348686440149,0.1662840820586562,0.4259843564363025,0.04243263108050462,0.42077210059705555,1.8979146888827938,2.169284654246925,0.48998845679586045,0.26783320927334225,0.7595176993131332,1.7052114273706958,0.49317789472643453
0.6494519333256309,0.19812218440472318,0.4282836403772536,0.045747852405720164,0.4327889000162207,1.9496361676262077,2.5975278268982382,0.4733566061228195,0.10911294795279253,0.4298463158693693,1.0862171066830861,0.4294261706885472
0.6298639177068814,0.19001960973649293,0.42014191552680763,0.04826643628510703,0.37114035146454544,1.7173524104510969,2.1399908313898,0.5015580464827925,0.11926054256546113,0.26053596211756636,1.4011416797762006,0.35552181772084634
0.6277894462361687,0.17164843715206043,0.43179290612726284,0.04472024843491912,0.3653123747840199,1.7127582896050213,1.9845512489842239,0.5140698483518098,0.07674653819550174,0.43769598310420316,0.8124370698796385,0.48208441092381926
0.6364028291277044,0.18828344078162174,0.4320710444804377,0.04718592531260235,0.40197719904460155,1.7245438355683047,2.3324377184603597,0.4701238885566934,0.06534380233920846,0.9347792989683199,0.6678145213757906,0.6089720919811732
0.6484933880980404,0.15441455517307104,0.43739703665452306,0.04907061057893874,0.34411811187508023,1.7352234012356536,1.9051483209615385,0.5211238217980035,0.09940986243715472,0.6461715522108212,0.9064503381457182,0.5394077791608455
0.6401697773567103,0.16829325326993605,0.4744549439010354,0.05076520415474935,0.35260250906459994,1.7393941091440526,1.8543600242315665,0.5067679745975301,0.10664463329980316,0.6285910661139664,0.8465429251488471,0.5099503074318423
0.6439069748634291,0.16354254138566887,0.48629455101490093,0.04911245156942563,0.40470080145926013,1.9503211103890177,2.092730896425567,0.5310959609710175,0.25497468640289156,1.2446888259641673,1.1793672033253926,0.7178351740230826
0.6230991115776313,0.1714412269623722,0.37957813846938876,0.04869103930746764,0.37841156044996377,1.9895783358282817,1.7456964842520812,0.5958804022134263,0.2447674832246417,0.9408252016924479,1.2999325038487177,0.586065706748038
0.6170633542057705,0.16663949061821445,0.3465034247754391,0.04842098106835728,0.4060325944803286,2.1234877195770263,1.5897556541452533,0.6226866446391413,0.23256598322899263,0.9176664164640277,1.426894976876677,0.5839165352676997
0.5003236916906422,0.190328580738188,0.36069914663387115,0.05080501570148154,0.433180913717303,1.9563641708994244,1.24817627007886,0.7675053593068769,0.06742686500519554,0.6242741064667696,0.7606684371883675,0.5372523607062106
0.6430028977554612,0.15436101460323073,0.3249826522905482,0.051988977568125955,0.37962848361317353,2.343252812083466,1.5243416755329364,0.6403910180577673,0.3417897201469524,0.7291243893953737,2.5365092040007737,0.4323290636331425
0.6360648111080673,0.16060537755354198,0.4180689879663026,0.046354238014617966,0.38741542110353516,2.4896642990094873,1.6138408907161488,0.6578058115699502,0.3206172927811372,0.6108677813654914,2.12714990158688,0.44215542962682775
0.536516625331063,0.18073145951603647,0.4569351993284908,0.046258221890513256,0.4662636516349958,1.82444337011071,1.596061967445505,0.6459937668034335,0.07414223117065227,0.4599870248298585,0.8868381314259175,0.48750597190436146
0.45023131005854033,0.1639835463882884,0.45515530295926504,0.04734044572495167,0.3459342726744033,1.673586878122336,0.8889116548023231,0.884923618438824,0.13641601269225395,1.191099203782891,0.8448217446986309,0.6612618085835739
0.556136186944396,0.1496683766631198,0.42984043900705143,0.04649172126623541,0.42039228264817513,1.4166797261037716,1.8475266511628858,0.5568511467446642,0.24468803918320306,1.106360622873711,1.3850081190190686,0.6886027245476178
0.5568867781695281,0.15622804090636042,0.4196209325131444,0.04506157634196724,0.4116299039923696,1.4093715823994508,1.773662237392959,0.561814097052763,0.2970942787348795,1.1802512546530355,1.408286325639925,0.6636700607960037
0.5790258341178596,0.18434779405308852,0.44975485846988167,0.051053957293906875,0.3930017365877861,1.86479880531341,1.6547167964816358,0.6243087346209997,0.112834236349313,1.2612607173026509,0.7928536511479052,0.6783214679154835
0.5659881229181803,0.181362348396279,0.3766340497065341,0.04344026211822952,0.3998516160400002,1.7813436044318174,1.4653392168928911,0.6289673338411529,0.10375629599041149,1.3533292825348118,0.820601592030658,0.7136705722179923
0.6351268461688432,0.19121459906982952,0.40854366795485697,0.04258824789957263,0.3832896240412163,1.8709034649851204,2.1220783145160884,0.5203032072865583,0.11593540864738922,1.1751696865335786,0.7219104831694092,0.6601585732611487
0.6355645071796027,0.15027055235386672,0.46124158478123983,0.052819386123399245,0.391792255628054,1.7545230893001602,2.1049388463417045,0.5227164018003139,0.08038749680278154,1.410240239606471,0.6425866394147893,0.7084420663976023
0.6540219908494886,0.20248587979872712,0.46324323006643703,0.046717209401655344,0.40913890842603096,1.8607742171458375,2.32544555492298,0.44855851242715933,0.1718977727485456,0.8320374387427577,0.9955698850001923,0.5441601257667553
0.6397560719749029,0.17696128157032484,0.42332185793738886,0.04893291010151612,0.4175768297193067,1.8038038142410397,2.1517381304046896,0.4528288822029424,0.12459780466887659,0.9790518546401479,0.8680723997327049,0.6408808802124034
0.6330064154753998,0.17740239801345886,0.3762170390173829,0.05198662738591832,0.4217921134404706,1.782339238436798,2.4757815597384263,0.5143778821977585,0.13732790384530963,1.0723363707698668,0.9380973100582501,0.6079395201137062
0.6208178514038969,0.17033427470449322,0.5005111600531235,0.04639327654662654,0.3912961731224031,1.721323697803066,1.9687093456675278,0.5282356678322341,0.2211449182080032,1.0963718656419472,1.2955030080972432,0.6512909208908342
0.6231469198858925,0.1780667386719459,0.39679462175373786,0.05084263238457811,0.4086619795886045,1.7780820392292513,2.0232235849577225,0.49952741127893513,0.24379012072188191,1.1744788323478672,1.1200889844237145,0.6815982631914397
0.6153881110490504,0.20070019638321365,0.5094966629825258,0.04793846713053011,0.4180386049359967,2.059674621382247,1.868308076671523,0.5617540051950759,0.12084989016324393,0.995570817693058,0.9074113405495955,0.6057882537211049
0.6585593202036161,0.15750466602022764,0.3823960742842715,0.04444151812688992,0.4413726987411815,1.922915420668996,2.3390432296075665,0.4836069047037967,0.2753444280935051,0.818464992186933,1.635514099197279,0.5226264652755563
0.6728970353583889,0.1635461331467215,0.49784761515252757,0.04841108766999998,0.3727163988671684,1.65081385196514,2.7184559337323693,0.42200408287132946,0.18204137694771919,0.7483813155378853,1.102073327578833,0.5459571057676699
0.6371250951503733,0.19566369559708763,0.47261082753979394,0.04814673197625965,0.41269852026059023,1.7971128168052166,2.218592040798337,0.4635803317304431,0.1870489837972138,0.47021689199811806,1.4941233859167922,0.40993868912259507
0.6348729595211228,0.14516989199993455,0.5103877864032595,0.0487577901803837,0.3657185755603842,1.6628183795701514,1.9046881109914067,0.5202235581932573,0.13453167515173736,0.5360298582512337,1.0655384020964063,0.47994662036300195
0.5789813444007736,0.20276815004650092,0.48890969601241596,0.04762641971632457,0.4121546842855502,1.914242645600406,1.7462922350109211,0.6128330301224639,0.20648022077211037,0.6133651621938384,1.4290408076210992,0.46468881847239335
0.5713705853734823,0.15624178883748877,0.40632687167706666,0.048620578098394915,0.41921259517441045,1.8904783053234737,1.5055651645840389,0.6558446011853093,0.21269591581477532,0.5909502328137382,1.4814263069272526,0.4420848011434141
0.6239147187912603,0.1979120937398421,0.4621363126376571,0.04480904804125968,0.4005559045911727,1.8389408994378427,2.0464889370564974,0.5143285449668918,0.17854619783917355,0.5021203864099659,1.3176909157794399,0.43625746355859146
0.6276539212693293,0.19268022707333915,0.4387590100984469,0.0459936934396806,0.397500214574063,1.8241622646914952,2.1532274831249656,0.5038005515360204,0.17386675145026173,0.5471083747090368,1.2592607259029716,0.44368016056244003
0.6319935103915509,0.15042128522612147,0.41024171611032495,0.04860529961385428,0.35600213213893406,1.5052289340088663,1.9909451928800062,0.4881913821997468,0.22042657112441982,0.4996992571257301,1.496875171007088,0.41779399870748957
0.6489909973981876,0.18667700461587924,0.4590452720722244,0.04555540261233386,0.3803734498792322,1.7080932582048605,2.3698111776547126,0.4616007878629408,0.14077425885960546,0.4978990315570554,1.2850262255319762,0.45394407350099264
0.6475925624880292,0.1530776887211284,0.41923973841457807,0.04731321064216875,0.3763214969398889,1.977087828803811,1.7602211886882764,0.574800466652376,0.2105481654012173,0.45272930043659965,1.596866690998571,0.3856083839115011
0.6202861413974076,0.18282147069361704,0.4469705289416837,0.04779362375714259,0.3849450218195131,2.0094680918235897,1.7349134900068557,0.6103121868766258,0.1958139416847433,0.47214826991883524,1.5937523237625162,0.4021518819774354
0.546702145840412,0.1817289874910202,0.48393823958757015,0.04862771410294138,0.47618031459096294,2.218689013273269,1.5743685801669738,0.7053319709604939,0.22412199448531644,0.6468702252056316,1.4828249373743385,0.4867587210055966
0.5600344396310903,0.18709824369085254,0.44205298279933075,0.04567290130408835,0.4677126164304597,2.1467461073520098,1.5265039409927528,0.6687372177567176,0.217261514223549,0.656914379889714,1.4469436736587857,0.48884455630934887
0.5907560713797212,0.17625947032267952,0.48667662673025464,0.04850048006509957,0.45300700959857365,1.8488144581674277,1.7809854730048331,0.557922873477537,0.2889134132269975,0.9521896389012149,1.6306590916683084,0.6034383714102037
0.618279698611123,0.19656964069025615,0.40705054529081935,0.045514205809492336,0.41721280262867716,2.1879936318784585,1.8796728550451967,0.6058754658519273,0.13591925635707597,0.5227318068106812,1.164029576858268,0.4826394871327618
0.5766241815443709,0.19430271611522956,0.4335851500068782,0.05222427935625529,0.42178443932762594,1.9780430147543941,1.669712495695518,0.6234696636648881,0.20289106065842913,0.6218064900807906,1.3362610024643493,0.46790281215990825
0.5704972651236624,0.16781881828544332,0.4474596703361644,0.04217863557708173,0.4376989200960847,2.255287133086374,1.3689943776353548,0.7205794969095218,0.14516946462158914,0.6171973694790062,1.2379051625952515,0.5011137850242248
0.5859618670140142,0.15494249014948713,0.41949177329310516,0.04727947211617893,0.4210922035232873,2.202135982943557,1.4114994430301981,0.6876480539246381,0.09217614804405362,0.5487364898479834,0.856731551652519,0.5212518273109656
0.5748806875333609,0.17733082136248854,0.42354293780746544,0.049636945187057226,0.41411615340555474,1.754206649999717,1.8018413659173618,0.6000187686839672,0.2553210748156494,0.9565585080424086,1.5722594320583172,0.5680381289589477
0.59252545527365,0.1702563340900855,0.4813477307579939,0.048864797887679945,0.3896687392101419,1.8114199892421214,1.4822984248676854,0.5960254203681171,0.2749588120583094,0.9048646312473569,1.4255937333106938,0.5686557621793008
0.5921093713576203,0.158333706475946,0.43214402765503934,0.045401781072067576,0.3789255211449058,1.853245646427721,1.5667294021984046,0.6463490794298923,0.17298037137657804,0.9090473865275692,1.0770574529208514,0.5754839872065242
0.5880514924609384,0.18819573735645062,0.4247165554893596,0.045775702747383164,0.4024711158197851,1.6576266759614786,2.131707112034736,0.53753368109869,0.147100583700512,1.7057427686025721,0.8641274376385357,0.8225618086605795
0.6410201882913775,0.18176722837314804,0.4590043958776297,0.048808710361126204,0.40905594409078044,1.942416406593673,2.1462844978330717,0.5350306261523544,0.16565377515258778,1.431344428843805,0.9863498493587649,0.7469067231470017
0.6494246344709496,0.1748488050897466,0.4847337950629592,0.05014073552122697,0.38839904635462363,1.6399365699782038,2.6239291771270152,0.43566454447012687,0.14061742717439743,1.36739080628542,0.9354540936381915,0.7003469744608588
0.5757682989105246,0.16280710737415763,0.45368332603321687,0.04936642180359758,0.43545694707641164,2.0467930797064473,1.5638839093414387,0.6658003793474913,0.15782681517371003,0.8998157916888917,1.0907625053339263,0.6133093867727123
0.5756532447527776,0.19467208254097526,0.42918665443203546,0.04577747403491453,0.4471974630838715,2.1180885554435056,1.7110719018058875,0.6213413952344377,0.22359293996270174,0.8420060896536581,1.2832788557012431,0.5986351347082657
0.5507320655980106,0.16614086013569684,0.45181072348799306,0.04973516737766013,0.3946628865040264,1.720506004269675,1.3777939439346683,0.6755863281502427,0.21424413169970838,1.0516899448631116,1.248476144861536,0.592716890530339
0.5501950132952274,0.17069047940098458,0.46220822173679404,0.048587593684104716,0.43830327518077633,2.509311062860701,1.2921803369757094,0.8124155574395088,0.1448703266041961,0.8025510755118169,0.9961762379497553,0.5545148917137784
0.6208245446575213,0.17557465293865276,0.47597533466745945,0.04717533053808513,0.4180187306527595,1.8466869655321885,1.9058700373804747,0.5400175775165544,0.24851728746623336,0.5691666649178866,1.8217804540742646,0.41518033765232537
0.594313629931634,0.16985428768059296,0.42250021277511274,0.045637155721122334,0.3821666319975064,1.5005236765291459,1.909446679375059,0.5286091575334002,0.2378239510767621,0.6633513432763739,1.4617026911403321,0.49144742313629075
0.5845659363674011,0.1762162392710113,0.41921617297701164,0.04431391653873353,0.37800562171316165,1.8606672852796253,1.5897602018372459,0.6260418814067324,0.19906694541358247,0.4375760535443057,1.6420061658257565,0.4119212871825673
0.5857063598739821,0.17561078307697175,0.470642902402588,0.04495834584364868,0.37814229071739525,1.6486279583244048,1.7263248696402895,0.58559642549716,0.1606446014930394,0.47583151193426976,1.1975237987261913,0.43022674863373256
0.5954911324118041,0.18230580347002565,0.463073489764493,0.04730055371350474,0.3843635860030067,1.644120385984688,1.819979209667791,0.5609495702239085,0.13381810619234685,0.49988089805344255,1.3024907997322768,0.42941043841670534
0.6509061472377387,0.17738871821038457,0.44942069618041797,0.04686740469646814,0.4271213079867257,1.9590249345843,2.2441347400424307,0.48137882942201765,0.1098263023797572,0.3715192562299613,0.8865331801913537,0.4629490007156431
0.6449187622982673,0.1735855210621431,0.4174644951445651,0.04811848608603347,0.38812920280945984,1.79199607715255,2.1516071045062852,0.5076999277252594,0.16504516537216862,0.5411839258707332,1.1640010929706224,0.4735285460499583
0.6439140544600866,0.1601321969981753,0.4276187095343873,0.04952845558870836,0.3916030063377168,1.86014738244264,1.944878735249725,0.5454574316205251,0.1400922646754698,0.6041757190373082,1.1909925446934087,0.46690589360473506
0.6200360862410809,0.20046786386099505,0.442065648209007,0.04416688121011379,0.39894875471812435,1.7909520942547406,2.198698231685282,0.5018277331999229,0.10326289724717112,0.6860654235111018,0.9516181845818369,0.5454500706755713
0.5826584910232954,0.1491134291839524,0.44137003679591325,0.04370438492641056,0.37185247913851444,1.5643404519567792,1.6288527769909367,0.6010172192082903,0.17779267307334246,2.021152292283442,0.913623291211675,0.8610448991142173
0.5793105844675969,0.17696568038262314,0.43883533967699173,0.049320981519248686,0.37909785005414376,1.6239045257123534,1.7229773749518316,0.5994670608999612,0.1448344226112421,1.7610527659370707,0.9125895190334186,0.837043531889786
0.5848912041060222,0.17614853084626672,0.4486945362876616,0.04657942564652393,0.423538815931527,2.0045001985948314,1.615698313102175,0.6419083454249063,0.15622962531315882,1.4529598828586834,0.9676570144623416,0.740814573986223
0.5650002046942767,0.1861318689948586,0.4261879720820571,0.046642374722110996,0.40332581623047287,1.8800320659830143,1.4988642978595077,0.6517312188153739,0.24994936708211105,0.7445702260698442,1.6512804252911335,0.5126009933400957
0.6524441100200014,0.17697354562573617,0.4572659275552191,0.04516450345013228,0.41720399411768283,1.9360003129681578,2.298688310056872,0.5024548891896582,0.15814948857424843,0.37887132337832513,1.4718784147214867,0.3825069222756593
0.5723876139594486,0.1819616987609464,0.46489554253793264,0.046183820028495505,0.3956238532920453,1.7712832455327998,1.5877287203426367,0.609364929874209,0.2966232833728339,0.8913125663804028,1.4724899521981003,0.5479424589096877
0.674576545493101,0.16282166559545636,0.4340741844080569,0.048358593312693994,0.4690263322757639,2.0525247897514958,2.883180107193677,0.4362954885632327,0.04951624848621525,0.9786309852677054,0.6585030256959379,0.6558023091716253
0.6637170356999784,0.1551580977348162,0.4665463264655601,0.04511070452817501,0.48773967801565304,2.0550193783854973,2.642795657507045,0.4425683708789248,0.08296172461607082,0.8249930437551906,0.768568013669423,0.6178639250994763
0.6194559467148528,0.1558789915194412,0.4659758336075687,0.04832659435985566,0.3449566592056038,1.380541163604182,1.9544158917676318,0.4827758549565083,0.10423354153306919,0.9293771169868719,0.7555438597111728,0.5779150617625762
0.6321509354825847,0.1919273053714861,0.47527859875345774,0.04595996346609363,0.4661654778005829,2.4231251242489864,1.9612971069160778,0.5779139115623906,0.2358229986046903,2.6803118737193015,1.0220954984364103,1.0966426787217043
0.5840031843684487,0.16655338857933139,0.4653945770425491,0.044961094272353994,0.3846052593960041,1.655831794265,1.7312111652488873,0.5855038735464484,0.1228625496920412,0.769393385608715,0.8487655534681823,0.5389776762535972
0.6373716080383601,0.1769079304062883,0.4430719609767652,0.044687609992776066,0.44570343653704164,2.3033298026226627,1.7558686008665538,0.5882260154781475,0.17907789480255618,0.6049045894589352,1.3280011497731454,0.45889895343105197
0.6238205535352754,0.17746897430405514,0.43403926952905675,0.04355333230024034,0.3481359279021054,1.496309585243451,2.4049006268385758,0.4730369381114708,0.2319821892699954,0.6024928548916672,1.5085379613986605,0.4630828355706241
0.6226291424840291,0.1632283153508779,0.4177102158048614,0.05319005157909869,0.3685385022681372,1.6572555770989217,1.90867317164297,0.5343589651527787,0.20708638980108857,0.5792077215498992,1.3604545124706036,0.4489444891628178
0.5904154356581887,0.19192581014594653,0.41369868403366045,0.04653348197296011,0.4466698109060203,2.2271444146596755,1.713936714820462,0.6404030179351126,0.138329849320582,0.7156437851298185,1.0189677221374596,0.5524080260073816
0.6113847961660241,0.1776329627686969,0.40794956287594086,0.044538742344461854,0.39732467376955505,1.8417559044981144,1.850326773533893,0.5527740724986399,0.118982850280704,0.3699533314780236,1.0065147266141878,0.431712964628916
0.6329332117675074,0.1620132692480477,0.46187301358847105,0.04884665979257706,0.4260780002918828,2.1073211972268378,1.9248948325310178,0.5639550591756887,0.14995708822845774,0.5750840177420169,1.1010940560611844,0.48982402753318044
0.636015281240448,0.17821296359219774,0.421829071772255,0.04557486504023503,0.4167488359470088,2.0648463797048913,1.9069992378625105,0.5651890970194418,0.15743996790449055,0.46179401473995985,1.5232382258742063,0.4099547245732397
0.6329347730861026,0.18203973486251057,0.4195813856587311,0.04485669323317236,0.40856279390601524,2.05850742585713,1.792583950980537,0.5562783895029091,0.15966113176345867,0.44199825875845467,1.3544433462977008,0.427948201889579
0.6422098367798263,0.18536188649648772,0.43652739339292723,0.04895323031514389,0.3955068728908522,2.002555044381402,1.9692541097760623,0.5511939904160646,0.15560042622359543,0.5356330274057148,1.4064201659570161,0.42701531444203833
0.6278224283707142,0.18345621640921525,0.399722187104505,0.0519611616469673,0.4087657245397636,2.039745781521053,1.8074726666618812,0.5481398964831281,0.22141649632600574,0.5629009261091106,1.4103833923793379,0.4533521488974535
0.6337035659801112,0.16195801335781865,0.422946888038111,0.0452017558419233,0.41919546214252296,1.8579453555920278,2.1312221331115775,0.5289367148559385,0.2207824987731456,0.7543109478979347,1.329228989542793,0.5201516300686949
0.6317055908565599,0.19217831530719595,0.45151706692701593,0.04966800736553946,0.42364948565078725,1.842454599407731,2.4178307600890925,0.4836948761585216,0.22150614057305143,0.5376159105784538,1.6253460952358099,0.41692001801304723
0.6374586450291775,0.1924922801350259,0.44707995035837367,0.04755544506401618,0.40139763155043673,1.8419045398744327,2.3810453858097804,0.48451056675482024,0.20339390922266673,0.4371376459612481,1.6080931734318347,0.39301579754015825
0.6384504350493688,0.19202711331972966,0.4507919604765437,0.04785552702522926,0.4253627730461948,1.7763060413900156,2.2913215245478598,0.465003627077994,0.21813009764483218,0.4729800272094185,1.692499766379609,0.39576123373012995
0.6007792672507161,0.15918622929158466,0.43149851005970924,0.04980595383462466,0.39585311671788864,2.0470166276332913,1.42500907291727,0.639981262670565,0.20782658235418883,0.7403156188406306,1.2834011985979965,0.5166374686926465
0.5610422100229777,0.16848597528107456,0.4720844984290422,0.04573849634163703,0.42018939157561513,1.7448893697378196,1.501204226568088,0.6262194518163057,0.27853267710516555,0.790071856900109,1.6466060285184025,0.4948992703180268
0.569862849795742,0.14793150758625664,0.4605763252436646,0.052153584091992014,0.4084244787102608,1.6579393345723308,1.6171947337793233,0.612433126917303,0.2289885475636488,0.5507904796814851,1.5812093283000315,0.4120047439001197
0.6529182633611068,0.20431036771626337,0.452783791415149,0.05100999970534963,0.41962538497574003,2.34222920581114,2.0805923151928276,0.5370879827485506,0.24498390219820196,0.5412135590738202,1.731281402217676,0.42849552733265345
0.6050176845780368,0.16723332798011276,0.41209363240644625,0.04584571382686692,0.4661120929063319,1.7160651693981113,2.397738377348745,0.49768491989570907,0.1993992045532109,0.721903151495841,1.3741038657143645,0.5008111796007308
0.636223239693534,0.1719212518638317,0.4601793741214047,0.04590486535755223,0.42481995390066074,1.8127821141261329,2.0893041493584663,0.48748210284444166,0.2102506472350785,0.6868135027000845,1.336664129523808,0.49299825189213725
0.6180337443953694,0.19305072396926745,0.44884778358988814,0.05050639228764706,0.37838986053574414,1.6480266866019273,2.3308483920036864,0.5082290942996875,0.2037352865070773,1.3008102322171617,1.05300596742537,0.6868661042318196
0.6004570913748877,0.15510146483794518,0.4688322558255008,0.05218867957012284,0.42810883214709655,1.9991843752706753,1.5367431643658975,0.6156972598746726,0.10422329612988632,1.515311193820269,0.8335654544036968,0.7698819602287472
0.6312511198579306,0.1824717300165269,0.3970683633438746,0.04492220387069982,0.41616309749384,1.6052677698315971,2.6131507320658915,0.4399325654976162,0.19046822238710048,0.8796946478575973,1.1280366542217528,0.5764532499687889
0.6542506400525905,0.19812394958350202,0.47809996002314736,0.049087903428458105,0.3459499951260264,1.6133527972166446,2.6079263920823488,0.4355941700797314,0.19064269198631073,0.7679557023646084,1.2043834025795321,0.5354678690801479
0.615056783213798,0.1662010008951982,0.39620137573941866,0.04560243044929356,0.3923184292954003,1.7571190133094274,1.940565733235166,0.5342426947618626,0.16476589583187093,0.4761462176826316,1.1270703507187587,0.45447748664190335
0.6039463507365826,0.1647053424457655,0.48218585464995056,0.04847890189011759,0.41025216212340865,1.7899964118795233,1.7710734809301039,0.5622947098539474,0.19862873888065366,0.45754642196406786,1.5955336580964716,0.40340097019298393
0.6356975260699449,0.17936813344985073,0.3701650430576783,0.04569502752544994,0.4229206834053743,2.0887972641977113,1.9008756525947386,0.5700861389692785,0.22450885058724773,0.5513406089985594,1.6839548382235,0.40658540837283386
0.623554256410758,0.19047397943968042,0.425726308246873,0.05039324899108242,0.4246929356741571,2.0780421017748125,1.883344075130042,0.5569914544877029,0.15858871324344134,0.3743504846753514,1.6055108284462194,0.37757848064799143
0.5952846861698706,0.1771085296994818,0.45886332237319377,0.0434710504453781,0.4542066333314835,1.9314074277716489,1.9248240232148437,0.5896903784400649,0.2227035059584072,0.4492588873798462,1.9314064903064911,0.3703334345258574
0.5951386194637599,0.17645686101600655,0.45570978547006796,0.044274791395505206,0.45227608448143525,1.9382982606442927,1.8532734142348484,0.5721768602938002,0.2229050129813919,0.4237974724820848,1.9809014665604772,0.35464900576089486
0.6470401697724161,0.1564707385758932,0.42389315330446337,0.04809654618267359,0.41474416588063334,1.5953171260069694,2.4094882737559566,0.442239341950123,0.17131547509756076,0.7640088317469942,1.0788880816479658,0.5399529357564797
0.6318073609027798,0.18273619004061134,0.4726352150461209,0.04703525194361202,0.4108688377050172,1.7892721517623489,2.3720668557124993,0.47698381109427435,0.20815882325372434,1.2137832724432995,1.0038385059402564,0.6698871711178637
0.61540098849385,0.17470178863674113,0.3874449890463262,0.046995717273705356,0.38642656080910154,1.8881945525439898,1.692555555725742,0.5864956596343819,0.16689431655994524,0.6131222276554922,1.1492803819572535,0.4759841949923108
0.6151401968754412,0.17377996574198007,0.5009447788902782,0.04872246675622474,0.37995321781468494,1.7279796236471217,1.893142819585447,0.5335572167885326,0.3500938463258406,0.9503068219223733,1.9883477528246356,0.5586057898242535
0.608696765911384,0.17476715455328684,0.4367536345284161,0.04622622009645732,0.410142973303858,1.726341358333756,1.9317403137527838,0.5448498785382809,0.15049311938772977,0.27803842994815997,1.946315179814344,0.348787446842811
0.5995438387273306,0.18098653013316876,0.3992375587753521,0.049192916585804734,0.4398705386811615,2.1867127070221737,1.5502861450911103,0.630772002141823,0.15810664250166515,1.8226984626972615,0.8615915529438499,0.7729061503164617
0.5818928107109792,0.18337369214201457,0.462058200412554,0.04588796951969729,0.437019382964299,1.9421954309711842,1.6469115409101693,0.6190967106460574,0.08299233563722595,1.5649773669690277,0.772512131660908,0.7469526621067273
0.5927832671892123,0.192959470392482,0.3958074602404797,0.05093053880850785,0.4023711948269641,1.9653359317484513,1.576475740211117,0.5986508390562418,0.09368422714520296,2.0953401116566033,0.6248038938680746,0.7975715755277788
0.5870205500146327,0.193253537172353,0.4705174668578638,0.04377015208875408,0.4178074908178162,2.046003575696269,1.6162655003645623,0.6227303343731431,0.2985781573975041,0.46186153778477296,2.659281456101469,0.347347296420211
0.6160389270743214,0.17322286221481306,0.4143294005776079,0.05424719496570162,0.42790754653210594,2.0712388328119165,1.8279103833028143,0.5790647151031398,0.20640069753641263,0.308468234227058,2.412667235984397,0.3171419793402164
0.6200338823226191,0.18387449583495621,0.4333292233869828,0.042499733694592604,0.4099137177034975,1.8196655460010784,2.091568948283337,0.5210108509846328,0.21810558198228744,0.6043384603433479,1.374946548927127,0.45878632487087195
0.5637068804459686,0.17221878997410844,0.4509679280815917,0.05139291110541438,0.4236521317678705,1.599655105738582,1.6271853532103582,0.5936060639413968,0.23104546195779022,0.7948218615750574,1.4921124360199933,0.5290748929282728
0.5485441307729321,0.17519922059899115,0.449556973946691,0.05096665421440275,0.4028451594015553,2.397852421525902,1.2149271154716528,0.7884829564866147,0.15262288798556772,0.6321707139538535,1.0892793832692498,0.5225799115792042
0.6310333177526605,0.1635414571102889,0.4157652179458334,0.0503639871797303,0.4036321147889605,1.7345123951044281,1.8826690392399572,0.5210833557671695,0.20217982486714853,1.2949717747737324,1.0968802961467499,0.6564825165780486
0.6658697241363611,0.17433520786034656,0.4025349611254682,0.0452186830934128,0.3925627510673058,1.6415585623220172,2.9013325057835218,0.42181740379143307,0.06640722515173916,0.9097656456670927,0.6312237297343002,0.5678736510743644
0.6373015104322026,0.1662420922685512,0.38768906870189884,0.04721834747850279,0.38289488870063443,1.7857606841658231,2.0521215056874684,0.4941556104810016,0.06896531710765227,0.5047598823603181,0.8577130829332916,0.5270498212865168
0.6447652303575346,0.17833815681137496,0.45034111297282436,0.0487060372981353,0.41257594713733337,1.8681329734721335,2.445627928449379,0.4708700579880281,0.13840361741964113,0.5163131995133252,1.1534435859516303,0.49731560711384937
0.6522970370782954,0.17558370703937665,0.4664398159288692,0.04722978314018224,0.39030189036825147,1.6425088943990067,2.392454049207776,0.4424328862588632,0.14013342716065091,0.5433175135601712,1.1316293246119762,0.46702786056237855
0.6195747725738431,0.17690560340085304,0.4736796529964209,0.04411460524306986,0.3853877094061014,1.5688232536976754,2.3629533749362253,0.46677391925800976,0.17314483118859095,0.6098949643571181,1.1380598261932984,0.502728640942988
0.6453605387233273,0.15818263533263122,0.3983227194073551,0.050178993077863804,0.38521452993187727,1.7730545117765262,2.0795367865725436,0.4977765573542822,0.08565720090496545,0.795246792204731,0.7093091734605539,0.5929627576715735
0.578401615196287,0.17431192847826715,0.4784355453552256,0.043190274700178936,0.4160245882980749,1.8695571961826625,1.5855512936661955,0.6153413612379154,0.2798403538120192,0.6125104322403055,1.7248011224070103,0.43028284843038095
0.5902653802000152,0.17170503935153186,0.4146320072548318,0.05059266081482229,0.4249933143142145,2.223395084587327,1.5993331344992165,0.6715987308130521,0.11184527745860151,0.530959477448415,0.9327736797444459,0.4823547425022331
0.6111075785852057,0.18284914494299612,0.40485741921199897,0.04893846544014915,0.40668419309209797,2.1225756170283714,1.6401150515448293,0.5997309510160135,0.18164395218370016,0.6148619307307979,1.2946828719799393,0.4711818375312985
0.6275046985624556,0.1872709668557475,0.4500332212876102,0.041738727605198825,0.3939048988422527,1.7466232762406575,2.064904806520497,0.5049245533381391,0.2135035916861947,0.4959000615582338,1.6799412968887553,0.4018062431623239
0.649022590737728,0.15169492239663354,0.4058048473945397,0.05307197178661926,0.3683140976349236,1.9296665498709054,1.8335288361000728,0.5406987758038075,0.1818497119579941,0.5856368672484902,1.3029235035265867,0.4746684678849749
0.6458878503561973,0.17571748053248978,0.3735181922754265,0.05055796329235033,0.3813004905890508,2.0668393093020185,1.7845467373083834,0.5500980444302179,0.14643544261226973,0.5775198459705194,1.1532053691375543,0.4813551820988144
0.5777138465925084,0.1736342097751595,0.4886611734951226,0.043598428443170086,0.34718592280612204,1.7843744183245953,1.4926296124999854,0.655937887598565,0.17151474747975434,0.7178323611004281,1.2019107700643914,0.5426648953095502
0.6012240194560734,0.18171283337276503,0.39594441997853064,0.04852303914191379,0.4189068034772355,2.099159205543727,1.6030050962327738,0.5974981770495872,0.26088889616057315,0.9609253589433061,1.3215597548294677,0.6399296532145935
0.5880753268156186,0.19152366083817057,0.38761250719929374,0.05217931074526177,0.428659373260332,2.040710165248817,1.7849487849990715,0.6160331262226222,0.2123933493628996,0.9561857862645231,1.2724175494358336,0.6012551842643198
0.6209766672554992,0.1727633086203721,0.4153402746312097,0.04973960489827878,0.3949039889440943,1.9548288571505186,1.9008795907278635,0.568331241416483,0.13450780568255105,1.3769509760185852,0.8803766505040966,0.7358435753131619
0.6207864170767482,0.1807492885174509,0.4410253207686077,0.04582041683441458,0.3869573720898188,1.8996775041814857,1.9402232983682928,0.5715378769235984,0.12613935795697978,1.398609288283238,0.8632479027906297,0.7041191902039521
0.6624553920208645,0.18253491079291068,0.3928957666992685,0.04455676980897228,0.3865903797963212,1.7242405218752215,2.8107577625321354,0.441884425690209,0.23869852382807147,0.76842089188381,1.3271637821045943,0.5020769983955364
0.6683677535510472,0.14736090159966436,0.47337135859743684,0.05174226337850475,0.35640108949608396,1.6471621723139829,2.2706384144421805,0.44387149827738115,0.28358637829544675,0.8457286332319313,1.5499536979843211,0.5633834467013064
0.6513301268239233,0.15546058506998786,0.3782962514933808,0.04577045283605622,0.3499918900602207,1.6421394989785527,2.1250440052366346,0.48180899494006263,0.19571633254626453,0.5662894200039764,1.3729909661473199,0.44915455060198695
0.6530740761545851,0.17174059012072068,0.4505993373684276,0.050215511881664045,0.4285846637980106,2.0137145474528353,2.179271576836289,0.5130438130647936,0.22669967639446353,0.559322487243388,1.7915389332551945,0.4046126649371589
0.6468426956051202,0.17875876833185514,0.4380093591626053,0.04913070013570614,0.44441425361506054,2.095992818633543,2.160258837559834,0.5023513146358486,0.2608330075062812,0.5519501549846193,1.805804264664239,0.4227387989611342
0.635876660089048,0.18583747695298106,0.4053933450437091,0.05049605258244819,0.4558575153342817,2.0182993962582065,2.3080281820821424,0.5091152457927289,0.24114825922267652,0.5337376296368849,2.1991901167634715,0.39843804912164854
0.6534525762253899,0.1737916049216929,0.43827113236438653,0.046165362775053634,0.43022239707964904,1.920833840612547,2.3321265415858314,0.4734675901511303,0.28342944318828817,0.45508860500908266,2.45242659530149,0.3410742927350185
0.6459129912812782,0.1662238631618914,0.4692894481941879,0.04726438739416005,0.3682192760435929,1.544045140619199,2.4102483543662885,0.43329038025003946,0.1467927080167223,0.5221434392989245,0.9937685524342629,0.47719192637597485
0.6654518637804521,0.18208305809570943,0.39931682754969566,0.04557766692765444,0.43738742801831665,1.9312659016621805,2.714963965404474,0.4318697077729613,0.12224775527544846,0.728773714460149,0.8153011694865175,0.5484371857858217
0.569866840311153,0.15937140476373002,0.41677397620115053,0.045079578922814445,0.37772001960333546,1.608496464040478,1.491440438212003,0.6082179635517694,0.17369296304192625,2.096181469064185,1.0267779600241502,1.005651535787258
0.5863995032699091,0.17731433780941414,0.4354950305565454,0.050716309324390675,0.47592350683206136,2.2631734726815576,1.6663306556183728,0.6649808597931082,0.12124240024029488,0.567293105501575,1.1899321719474265,0.4505805584819719
0.5750362654947948,0.19947292438364575,0.43837853591987846,0.046322406853628616,0.43526786674091467,2.3337541489403915,1.5955561907060327,0.6945652764142214,0.13262060593088554,0.5198235344300888,1.0011123342065822,0.4713354376514506
0.6339634505936798,0.15792676972842315,0.4350900030840251,0.04837770930447904,0.4199655950719633,2.2418396265249667,1.6184633126395245,0.6193352171803966,0.12633057287083824,0.5189782926423726,1.196402856155361,0.4319248455245451
0.5891622119329523,0.1810824745909112,0.4132215591272456,0.045047594418846,0.4115095363222187,1.7310208412429915,1.8599431046353292,0.5632666238585955,0.13379053852040132,1.4852613726854043,0.8177967768336888,0.7162948067634679
0.6171806731636015,0.1696190243019422,0.42567210856387877,0.043078802965362206,0.37580049943989013,1.8204488575067723,1.7228236460898951,0.5683472914192202,0.2448227393837511,1.109589969799095,1.2092611886050104,0.6373988564771379
0.6262481440388534,0.19717516673510152,0.4777394891289165,0.04811278629688431,0.45166830139815356,1.8485473531501648,2.540759386394478,0.4640200859197548,0.12519198546072344,0.8148732173838497,0.9518089907744797,0.5467923600224341
0.6219352902903116,0.1861296775100358,0.39875481405574076,0.0462292566306365,0.4234271083693966,1.9559735486271337,1.9595785360784856,0.5425176076694829,0.23573606914521716,0.854977796458387,1.446598353901832,0.5669997853230291
0.6353405959137793,0.15778427514027243,0.4555488118904793,0.04576340238285699,0.3881362568218794,1.8110387917292505,1.9185345676150038,0.5083015513451674,0.12453623433544612,0.9664317707014739,0.8475772768494283,0.6420243004126223
0.6215782431601653,0.18781258056044964,0.41508772188386106,0.046010760440349074,0.3992367892906208,1.8415874957530123,1.9847523219194014,0.5399901515785527,0.14824295889226755,1.101115207151149,0.9285996014730908,0.6570517909737879
0.639944033024592,0.1656967724933848,0.4949343856602661,0.04984525075927614,0.41645850820923813,2.0918407026754955,1.8939433692233916,0.5632375091698981,0.1747982069285286,1.1231449058931011,1.067216163350725,0.6597967443844734
0.5849054146092071,0.18104968238713604,0.4895633504190593,0.04912758746806636,0.4186691148163423,1.9080701610332527,1.7117441957400235,0.6088167959651521,0.10998317409945302,0.7876855407757172,0.9124848871164535,0.5649142261785886
0.5859011223854025,0.18311599814159366,0.4346132198681493,0.04806367151979117,0.4088675366213165,1.9237821914258664,1.685029018256059,0.6230673273403877,0.14531334625282155,0.782233153678637,1.0039070735474018,0.5613239046998953
0.6071618595466465,0.16660600253598098,0.4909716115965281,0.04597788364882763,0.42087356842733664,1.7876444585901008,1.878575925956648,0.5339298890529849,0.27017770797217494,1.1064773542246207,1.3352740656371944,0.6706526426421549
0.601922409051361,0.1605782319887932,0.46651808852476784,0.044979449764359844,0.41719545164211086,1.8164144020051292,1.7655179983795686,0.572284381805408,0.2388437202890375,1.1475258758143694,1.2575771525033912,0.6963212725002087
0.6278457458368223,0.19174923161139548,0.44580635712213224,0.04475637108804292,0.373161673621621,1.668396121229701,2.1957303711005953,0.5030365104203709,0.11598629917931859,0.89509964486927,0.8903306666058669,0.5956488801877713
0.6246589655983039,0.1767207093413516,0.40531206009216675,0.05048930596075816,0.3714645317412115,1.7556205801347144,1.878092319494087,0.5427123082843213,0.10310987062439782,0.7526388582391749,0.8283143821675547,0.5399278215401766
0.6271488199026304,0.17003673268523384,0.4914523126696913,0.04706936935170784,0.34549637663175875,1.8224659354293102,1.7740663429058452,0.5816354635030153,0.0750620071572112,0.6262192449494026,0.7896974908856003,0.5036843719274517
0.5929428686752758,0.16988887941169023,0.4942607639042357,0.05205048411221514,0.4080219848222208,1.5761854754232414,2.2982616658514075,0.5199905872480942,0.1094454698191282,0.46579423305902906,0.9521785178144528,0.49144428217869773
0.5991468120003555,0.19089608406109237,0.41510477637449494,0.044583169099571295,0.41969998972260786,1.8032860452727781,2.050543682171912,0.5577199595326862,0.11815914969444458,0.272023156416224,1.3325491774858365,0.3516702853796533
0.5820488118829868,0.19226276625031863,0.4330918008539913,0.045570708949794224,0.4227418007484574,1.7305187888671054,1.8326665023678443,0.5441193226457804,0.12001658195821953,0.2917097457953953,1.3706697067900155,0.3924455044221497
0.5927124776856847,0.16975444285264046,0.449982704167582,0.04937086999580293,0.3564944229706823,1.6134829248748468,1.7070251516704171,0.6030115963352288,0.11628145478575816,0.40485786906084986,1.1660556519329448,0.3904096505885867
0.5931839857886365,0.1642010672026993,0.3987403743939337,0.05129609077963696,0.38412419244974827,1.6539581566092687,1.623189394047526,0.5568170940127614,0.1278699583724674,0.4023046848187433,1.1309718848415737,0.4582236404277497
0.6456719982665566,0.17387745381739883,0.4812808257624837,0.046960049090061344,0.4522531872781038,2.1127198367887905,2.16267201207457,0.5177362323719651,0.1462187346619672,0.4896154404295235,1.3269892811660318,0.43177160970547035
0.6305029239069033,0.17785734043556067,0.4025073706782871,0.04571578922946841,0.4573670769338472,2.0518442227966953,1.961311337772295,0.5361526981483595,0.2141485592511638,0.6084729695301437,1.5182252148545938,0.4487794608361351
0.6174185617861166,0.17512741219622127,0.47435219733786166,0.04506472570631406,0.38771852323158257,1.5596789748904178,1.9859977358243504,0.4849899148939245,0.13558856793356838,1.1445267614378631,0.9229955747487896,0.6529115837834321
0.6065286198359248,0.1863434975892311,0.45611436500850455,0.04846067541115203,0.3592962377183268,1.4654012340215616,2.227067638093656,0.4906242661246582,0.14883078200790154,1.0374229976130092,0.8885325158683692,0.6222037698096419
0.631347732263039,0.1696899718388011,0.4643899947846786,0.04456584021162204,0.35315848660933274,1.618840804980841,1.9811197092725925,0.4942319223761904,0.13310186188105458,1.14310841825637,0.7747972841056194,0.6648204216776219
0.6236329865220982,0.18212034924646975,0.41135714811262547,0.049421577024736485,0.37063679595185456,1.6657383410323678,2.002307105525243,0.5093938664142164,0.13796332916463924,0.7606797759429157,0.9198652169648338,0.5606322002260952
0.6354010217346989,0.16313039905816146,0.41944977675840694,0.04456499645982454,0.390559368262825,1.6874582641233513,2.1826890526752036,0.49461619355988307,0.15142307622958626,0.5142318107054958,1.2316734761483674,0.439462551582326
0.615432968386823,0.19416983104580768,0.4482129307964509,0.04934199707546873,0.37830345897589374,1.639212993698583,2.235138636928711,0.5065225456975777,0.25479344368118423,0.7186842494416936,1.5281522788371424,0.5000829596742915
0.6485421740365154,0.16210915896950343,0.4284564858012773,0.04542420834146081,0.41963798237921585,1.8367788729321768,2.093211822929904,0.4847673394083201,0.15179930291271868,0.777207954038715,1.100136161151569,0.5405417098742803
0.6355292575073774,0.17854424506215574,0.419525492294915,0.0459257500168021,0.4381392456351766,1.8992120554332703,2.397452208421109,0.47970082379560136,0.1666151505920156,0.7105023783708843,1.0186889366205094,0.5577028043487584
0.6181680970982572,0.16674555870464272,0.4504281809554915,0.04849113823910888,0.3855907374711578,1.7981299060233784,1.7961015230887136,0.5447303660743296,0.09647941075986723,0.5017647758504553,0.9301653868198769,0.48574583202029237
0.6201453092734133,0.18799884952938375,0.4266105569409334,0.04513934047922227,0.46805497421228764,2.0565014424990378,2.0758155516187635,0.5204238725994733,0.10355955174774756,0.6514593685119844,0.8749653827441187,0.5410458500464275
0.6181521545930196,0.15893546913340784,0.47867311135364055,0.04868005165641582,0.4649801017027544,1.9402607984152276,1.9840625230384468,0.5435822728202877,0.0745091495127055,0.6431037825385097,0.840098606423227,0.5334352401855106
0.639250806993541,0.1469418264917669,0.4942348599240145,0.045974834357826726,0.3898615645418356,1.6545766373396609,2.2412737032253474,0.4792722787255571,0.19221917193391866,0.34871798605638654,2.074684810810693,0.35666874708477575
0.6317932481280946,0.164345460651317,0.4033255602962538,0.047008589660482325,0.4127212203943326,1.7675076648188581,2.0451309900659105,0.491748644377741,0.19994707850690016,0.38661795067556476,1.9801486955161907,0.38074008078259275
0.6314610504060852,0.16258683344619188,0.42052567420841064,0.042914075857402915,0.4287136648821575,1.7806071441996996,2.202589373380841,0.5013809299924812,0.18302220071279107,0.3354746369444128,1.9492644207609842,0.33415278141602844
0.631916868496882,0.161462574500977,0.4202678918755707,0.04271618622580473,0.42999459825772995,1.7797411888533923,2.238269465927866,0.5069478395505014,0.18038635278578097,0.33090485710748024,1.9529940103721883,0.3364951279235767
0.6684578679182668,0.17757975438770013,0.4611493883159021,0.055067822328606186,0.389091479405981,1.9949410511521726,2.3773053483443585,0.4960197136117515,0.16337277679155368,0.3047956013511509,1.742505286521897,0.32912977612358196
0.6675870204955283,0.17847931970490702,0.4504870342454734,0.05583084942031403,0.3944274698761438,2.011684846278465,2.401217491892867,0.5053152663498011,0.1668550258709928,0.2920595847410789,1.7968374416936272,0.3362635703173215
0.6608871777092128,0.1757501875748473,0.417244879809947,0.045377446688863704,0.39560100987078284,1.9298646420610757,2.146630940077152,0.4887761318560002,0.1968131521093864,0.30772761174726515,2.0736881595108283,0.3254572366112372
0.5914152635760622,0.16774498627153753,0.46241317129224757,0.04650310148962585,0.43751501120340935,2.1855542066697833,1.596684298619401,0.6588985908107327,0.203663000237547,0.5644973698926126,1.4588167819902598,0.4693356884700176
0.5894771505595418,0.1852338973897557,0.42178707076900823,0.04768415149478526,0.40921720014084695,2.0735233212917987,1.4591602167737727,0.6590785238388139,0.15741765862620555,0.5971040241133144,1.2841810838570693,0.4570381478882482
0.6540647003595632,0.17137851108840216,0.43440411076663704,0.049305827358766145,0.43415951132555664,1.971592296229931,2.0063852354936107,0.4871603071346373,0.09054041274628963,0.5593791269953211,0.9943395564856373,0.4943631727949225
0.6122102314240058,0.21244282213576246,0.45425500134008545,0.047342392115063754,0.4384887951545283,1.679463729759249,2.513900450749897,0.4502949814317734,0.10158653142754863,0.346667421358154,1.1339573770643478,0.4072313906372862
0.6206659083765238,0.19635471463510304,0.45527438635058093,0.044431090313001666,0.4118142464921113,1.7479016994733623,2.3556962441699905,0.5023911554255125,0.13289373874591015,0.41212169507504604,1.066578896785676,0.4378608721567593
0.6334886503680845,0.15575244711606195,0.3997462192623591,0.052089219161942736,0.4450269077737127,1.9542167912333965,2.1506458075563266,0.5187410387651836,0.15556017949637793,0.46789941833455156,1.2756871025166294,0.4320795267762043
0.6275453102820776,0.20083844109912505,0.43294813427196127,0.04350025018097565,0.4118929338673175,1.9030187013923159,2.067523381695296,0.5104614526666289,0.20766726001977934,0.5239469477593458,1.831377001283215,0.3964749989407607
0.6603344768972175,0.15678714064291666,0.41411648798398165,0.05381618179594976,0.4068421191708806,1.930458771797683,1.821614940379484,0.5066764611570113,0.17434613481847225,0.5356177910806519,1.3602577228590502,0.43081847658595707
0.6500767879565916,0.15966751674026,0.39639397526914094,0.05630862576285699,0.4175246215679796,1.9917815733929856,2.157349594953872,0.5017499499109764,0.1653520709765916,0.4159678607457824,1.2295027723168828,0.4535881520386558
0.6580556566722009,0.16349119494267056,0.4261293757989721,0.048057619663942376,0.4127237188597365,1.9788457950407696,2.0148919427458365,0.5094744359912627,0.15576608297389313,0.4158759374645922,1.5395319735635224,0.371080705552391
0.6359136577232598,0.20655671882631535,0.464150711934538,0.04923290233685351,0.4078565475570855,1.8874797356393984,2.341421000537262,0.47263288098815254,0.2051111511069153,0.5746042385876052,1.3531727799341302,0.4825918139895069
0.5912756832799307,0.16658862918471426,0.40806569162848866,0.04443741643661148,0.43152692756913996,1.7211577800231534,1.7749841680727731,0.5596030798290208,0.1477771881053307,0.5148912126489206,1.0353090273120367,0.4654754955481744
0.5721423209049933,0.20847370851933522,0.4839067350213663,0.050976206798358896,0.4282299347326617,1.8501672815238832,1.873292909863656,0.5862415327356418,0.16528498274606518,0.48868271268175617,1.3387758176423048,0.4509462800393118
0.5685332276647093,0.1788604290976206,0.40474230645122694,0.04413263849026548,0.4563323637902845,1.9120446923293903,1.7309313468429806,0.6191965953105244,0.11907772099982265,0.5481665988431711,1.0222337681814202,0.4934440184651089
0.5880560652058301,0.20699629700453023,0.48305549275504106,0.053494709929610834,0.36073027864538804,2.0659903856080963,1.512172891111372,0.6654963393609807,0.08180951249879631,0.7052777639203129,0.9141473391721624,0.5639775852509399
0.5767107393522257,0.16402655297594546,0.3850536693357137,0.04587298663188421,0.4575559156168133,2.0227498190260995,1.6325538699321467,0.6148093052670236,0.272820014882742,1.031829383540049,1.295794751842253,0.6492167294576366
0.5813145844869845,0.14582900700374002,0.42603412594795165,0.04644377507708375,0.47159851648821866,1.9395653073967767,1.622405719706305,0.602433448660368,0.23436181452685845,1.068783510491096,1.4256525820955275,0.6808723856405761
0.5946136448143128,0.16051182565122823,0.5253399938934239,0.05283679109902442,0.43187997253156557,2.075821566932854,1.6641832828422398,0.6233739804095185,0.24920954905507134,1.0349530496839723,1.2646152590217656,0.6742685990096546
0.6194988364033075,0.18173288357259862,0.41244096049549056,0.04452738693487261,0.39909527309652565,1.7558380904141286,2.1637400231202975,0.517118934374247,0.11749776244318585,0.587247357698062,1.0012512831655667,0.5132007307110142
0.6116158289126136,0.19103825332727115,0.4955398193134957,0.05226721718301442,0.40321699968598174,1.91286671926895,1.9490429016995752,0.5494282281556043,0.21396284447641115,1.0885196373505546,1.1260388816053677,0.6637340843646812
0.6117620425276383,0.20531464333905083,0.4451229729024746,0.04833303204066498,0.43834895963959525,1.958112019798406,2.0562356210396104,0.5391193525481869,0.17419165695235836,1.0548477432356882,1.0422558947724079,0.6369485849018901
0.6273625421475197,0.14938872021748734,0.4272730010344222,0.04565583793672377,0.3641243328029508,1.628533116905552,2.02240240755688,0.5063595065367092,0.1757792653594591,1.6223633954232708,0.8645617382633585,0.7911858317208277
0.5926779908636474,0.17448610904657927,0.43482381368119716,0.051043994826524657,0.461393272014326,2.202980773040129,1.5457429481758493,0.6394350020306276,0.16114170128826888,0.5852202908589614,1.3652139024559553,0.4666681824567621
0.5825440977475568,0.18439280560996377,0.42476067902314535,0.045301604880901084,0.4257957503777102,2.3740236091558247,1.5759329167451042,0.7252928606353473,0.31900881978743284,0.7716224361082574,1.7984510166057575,0.4852245098169717
0.5618884761650754,0.17349260779177442,0.43504953495177595,0.04761524332978799,0.40969738231995245,2.220596778103163,1.4215278671038099,0.7457465941461967,0.05277460493821416,0.17866975453579625,0.8123683228916032,0.3855748566922468
0.5587622441272598,0.17784751718704234,0.4458898722358167,0.0454464498878323,0.4072767804289671,2.3017437751423935,1.2176616170568217,0.7479217682990476,0.040016226630746825,0.23662943569519454,0.8866419818384562,0.4079503395830654
0.545476192936344,0.16717934052998745,0.4378561691945808,0.050936248903410856,0.4414690013689853,2.2532486601352972,1.2726013940191039,0.7531763106950978,0.07835172580644319,0.2872986282730037,1.073222281960912,0.39726907710097115
0.5684194633844332,0.1688791571341603,0.4460898380283985,0.05093141790788496,0.4118675841669829,2.249769846534519,1.3463450851460552,0.7365703214902979,0.07367284896016903,0.2461462121946127,0.9792507258993227,0.40276695603479823
0.6195325094078882,0.19381802744668733,0.4403619719959605,0.0509686750088389,0.41775735179072054,2.089432693912527,1.912059355084193,0.557137299826413,0.0489548566904471,0.13609499193579178,1.0472101739626412,0.3629888610741884
0.6462016239013241,0.17452492558588065,0.43401652961131926,0.04436557180036344,0.4417739000359762,2.213089116194281,2.1436750166722454,0.5756673521940021,0.06425647188667345,0.14000307436591158,1.1622624130886503,0.3331104850720001
0.6007880699184696,0.17563123960180557,0.45453867368514717,0.043668444899570294,0.37599454637738866,1.6806075361438684,2.011356950101381,0.5421949525720631,0.07449898739802832,0.2699665912298761,0.9926966073264544,0.42367172140805204
0.5807937157458476,0.18129518313101237,0.4304174460230828,0.0513182842153914,0.39524416899067155,1.6093047568483823,1.81125600040975,0.5308144811498419,0.12358346015341376,0.3831014521259352,1.1406544478092038,0.4536690491325726
0.6055858603285135,0.16401143007952904,0.41140085684639816,0.04619345258583919,0.398611214023816,1.683507356853013,1.7924011458697247,0.5406500029019474,0.08182896235382078,0.2233914286212337,1.3673284306348186,0.3675523329254052
0.5768332399366815,0.18155005099982427,0.4178605531319012,0.047091209427729985,0.38174378254051006,1.8265345016051455,1.4464237678938745,0.6280661551119974,0.35571409860823505,0.8314659408880309,1.718521278018761,0.538356811329378
0.5901726220716136,0.1707239529898562,0.4384234540342637,0.05091125746928212,0.3996421787001563,1.9960672909075832,1.5695478455563443,0.6404663852476864,0.18766170258181367,0.6207381054740342,1.1189355570632467,0.49549311437133525
0.6153237216974378,0.18008462954488608,0.42890601466329453,0.04462859921630417,0.40777247609336914,2.1447109548541072,1.7489550670681846,0.6114987712679318,0.16478801094219103,0.44474535937444587,1.2992258732663282,0.4419466265588519
0.5584712784772621,0.17806893331827867,0.4387072889669003,0.04528883686485315,0.42481222576653915,2.106935354692382,1.4085455418848645,0.7089821144408893,0.17516907544886118,0.99895079719756,1.1365098655898613,0.6407263122672182
0.5967534223880935,0.17682729766365388,0.4496466922199159,0.05186846092900311,0.42451311701643785,2.2209029189919027,1.5244356090095206,0.6516689282986761,0.28278581669405783,1.1469761288942641,1.6032221571858434,0.6835730787408503
0.6058423713295973,0.17906746479813593,0.4248777238890093,0.05309993891280055,0.42407675697647257,2.4235446203194204,1.501393577729905,0.6839532565397263,0.042483538208732054,1.002851983269464,0.6589194338158506,0.6484627223552984
0.6084027217550831,0.18513136465113397,0.41767530494175487,0.04377284798333979,0.3746604374512182,2.4457180806029357,1.4689676050379286,0.6964598360838858,0.05612779568755043,0.9057397999326805,0.5953225466946466,0.6076274391852091
0.5933833274476527,0.18404098545943867,0.4296263021658698,0.04339154182275807,0.38552204247072697,2.368220336711833,1.4064968371463427,0.704908594349535,0.05447023365377354,1.110774560377061,0.7010943524138686,0.6318054192075553
0.5906060673009056,0.16799946499577534,0.43742284096459505,0.053858333276706645,0.40750030007060606,2.1493490960589834,1.5255006743476214,0.6752427478824345,0.09364780786477428,0.939490059578089,0.8496048486119413,0.6064774272547983
0.5669978784795843,0.17663062771453597,0.435150080102869,0.056033717327144066,0.44213602319638706,3.336351810586636,1.2145065191999211,0.9210928054057005,0.05846102335711204,0.29601355499639836,0.963491103113288,0.41259255378838194
0.558960904192009,0.17967090625387042,0.4215277750362666,0.04229869167639709,0.40722649870281713,2.2840771857335986,1.2844316796620232,0.7380711772494584,0.12475502548152177,0.4129109616804485,1.1144552135009758,0.4357157545180343
0.558804172440581,0.17442077797198155,0.4378328321400036,0.04949081407067584,0.4452818815216687,2.3811219416369704,1.3891644946064274,0.7671945285907255,0.08008037303098717,0.35682969174673,1.0310786903567883,0.4346535994961139
0.5564503975323477,0.18859826051440176,0.41447308276004524,0.04613977732028996,0.42795035094306927,2.48967553790703,1.3042625493946123,0.7763605820326415,0.0966168254200999,0.3766491341938958,0.9349668273007299,0.4516824386852295
0.5044108071585878,0.19663438312870915,0.4579269412782662,0.04744658706279608,0.4212746741221161,2.014189656327956,1.2207576446251673,0.7713573947994091,0.07887739587883015,0.4777272414067557,0.8702142389609386,0.4953223264541946
0.6279366005361906,0.17695988153609712,0.4373328833433854,0.04378451465548887,0.36999546743149314,1.9485326079628278,1.828160823878461,0.5781686619133295,0.14330920007286976,0.7001111504579695,1.1178309153086063,0.5146455236971542
0.6421378055654421,0.16212805288506582,0.4111577442502866,0.05128508096903267,0.3835684700116263,1.6817365625392817,2.1319066302494605,0.5023001808911666,0.14949027745542515,0.5130731188077078,1.2017681615393598,0.43699883530349987
0.5994170196712268,0.20602720336599983,0.46173475908144274,0.044901446749145174,0.43340500680908634,1.8401780261002971,2.0053385864854727,0.526168864389506,0.18739149103048397,0.7173274160135843,1.1392379686698362,0.4987698157941154
0.6355198082791258,0.1887323764907708,0.43005911574376565,0.051596599926185004,0.39486171562471056,2.010898818283534,1.935227573979091,0.528220481664677,0.22741096152433343,1.1010379407676372,1.0882903188533253,0.6758262039934528
0.6170503042985108,0.18404815380701278,0.4345131557803774,0.04254002516262953,0.440748133766695,1.9979805128796784,2.006325320544049,0.5534425582974555,0.14373491180346992,0.8154424018157493,1.1239417257638045,0.5689649940799066
0.6152551168419609,0.18223172024056,0.39902882804746626,0.04296359142375011,0.43312514779809513,1.98784972045555,2.007606793272518,0.5583583385750426,0.17093994087881453,0.8116606883518314,1.0105894064293908,0.5527743135730637
0.6403264911079585,0.16313430059346246,0.39274856471929226,0.04342638016091966,0.3684260104718516,1.5860960768644727,2.3061384766681137,0.4798804244199059,0.1668666852352551,0.6867386963236476,0.9980561107690934,0.521409479008415
0.6071678926040862,0.18469582134155643,0.40686576202285707,0.04277276908527361,0.4245455184399462,2.00238102627537,1.7963650935128816,0.6018919479551278,0.179748731880489,0.9538401679756265,1.1181874633973785,0.5894072467832592
0.668148789657934,0.19553671450009882,0.4691611070873851,0.04627706475629253,0.4162034024429839,1.8358386988415378,2.7895027940309007,0.4217690571041987,0.23321949910145387,0.43707934650420954,1.8358263008341915,0.36071372013234115
0.6566786916216678,0.1568484221863081,0.41893511141716133,0.04512148823436957,0.40714817951768173,1.716734227987056,2.5036500949192795,0.4548412715625698,0.2731818077201623,0.7171187714970022,1.540580484557263,0.47459046340279404
0.556696917842004,0.18590343412047933,0.44186561485896014,0.048588169807212596,0.3809794153949694,2.2273058284902034,1.3431494863360436,0.7682689561554976,0.14379032150156817,1.6962809682197648,0.8311767617258569,0.7943693216868055
0.5693974654661037,0.20339131519246223,0.4634823055043414,0.04768447454161364,0.4386223586485024,2.0513393016958408,1.7345938803779464,0.6261256669961046,0.2154422224700182,0.4001145719315227,1.9953108670296877,0.3705205116419168
0.6782099428513191,0.15676140139882613,0.4658813650515467,0.047344334315882794,0.3633919186908957,1.778527007423634,2.2438768282171853,0.45165404273483584,0.21812797028659625,0.6996589347537961,1.373195480582574,0.46557045617235543
0.6419444336945949,0.17570523005664976,0.44887555398292256,0.054112989089513334,0.3903966705022091,1.5694693545508274,2.3566951608273103,0.4376541661032752,0.16276349512258811,0.6185264194334391,1.0121200637299081,0.5022779915878868
0.6331174271774415,0.18019129660834268,0.44284590930877304,0.04929694392174694,0.37362024671703165,1.5508886149990975,2.4428258924304185,0.4538028526812547,0.14110657874455979,0.5455345459213589,1.0431043329288916,0.5035803232934593
0.6474563774981749,0.16538786066652036,0.40793045816871903,0.04758481723417286,0.4013965088758995,1.889868515192343,2.2399622903270875,0.5191223649893425,0.2615539053400651,0.719698863121284,1.7688451348271175,0.48146400193891736
0.6311537472154233,0.1788104348696749,0.430520581524078,0.047081467092517384,0.3924970268786691,1.6355120282179494,2.2884299184042693,0.4752432721129731,0.07463137004395301,1.2466914794795307,0.6241145455505084,0.6590810672606093
0.6467931177466518,0.18092248914075984,0.4266370889671805,0.04427513614194992,0.41341936722650213,1.7359938917328432,2.563189068905152,0.4432669757748629,0.30712458734936476,0.5839312025645467,2.055573839168286,0.41194786753305074
0.5823206071762501,0.1499716450095435,0.45958878353507066,0.04619921239378514,0.34801887223338074,1.893124290526727,1.2930698370205778,0.6852258011771504,0.19351063713122552,0.48214118855694543,1.4666412965857967,0.4272633677142218
0.5934204973952715,0.15863315169340184,0.46433078308418513,0.048228554597923766,0.32024941863393247,1.8817680229981122,1.3193097735206984,0.6673087747219542,0.22754162737156008,0.6095353091304355,1.5200923792047474,0.4636747284520025
0.6186996237694017,0.15644249419798978,0.43082122853675686,0.05006215765660335,0.3402833152820309,1.77750565771456,1.4929121323284158,0.6120372225507348,0.20404772590266074,0.6531047922638398,1.4099052778158097,0.4439049162612365
0.6182165205652351,0.20663641401184413,0.47351528269812954,0.04886764794562689,0.4505632175400291,1.962220738080155,2.431411060621168,0.5099373428163064,0.19687543652633063,0.46321277022310997,1.4479701730476162,0.4205718641579326
0.6682028827780946,0.17246098791434764,0.42836643927643847,0.04573957901854366,0.4709135132265674,2.230324902058224,2.3690526784186265,0.47610851882947425,0.25478598679852626,0.4835687810945356,2.0728992926107437,0.39038913816905774
0.6321265592876979,0.16594045043971967,0.4345189668114971,0.047293230619808856,0.41572183420767356,1.9481447844776216,1.905051940180251,0.533622904046635,0.3627929293439794,0.5846784018286088,2.9982544461867917,0.3523647387116795
0.6491675121131272,0.1671670843594211,0.436167650499849,0.04609895978010024,0.38730832372364604,1.858948890695988,2.005276678192086,0.505232493433084,0.21724623697169224,0.47136403096948865,2.004962588956911,0.3904903646841102
0.651297117299692,0.16439806528422085,0.4276167037139189,0.045655400455607495,0.45477592138528056,2.0095970812209405,2.184161610974974,0.4898498838258626,0.3748018723452388,0.5714284347683439,3.2211034729208845,0.34823145946303546
0.6470918481180229,0.16583116545403861,0.4678166661041029,0.045408937645777754,0.445831964501953,2.019560074558292,2.189472016949164,0.5266891001973306,0.3778301766329533,0.6433665500381195,3.664594809051055,0.36758593327898137
0.6247747783476085,0.1948900485739792,0.40078590348852217,0.047992941472424784,0.3996060629642888,1.898148023014632,2.0521936166874193,0.5376671931934484,0.15843546638125905,0.37153159900124977,1.502543089519677,0.3727139159923256
0.6218982425398109,0.16189752667448573,0.4087410571058414,0.04826048118575174,0.447769961081037,1.9497594321382876,1.7698490054766667,0.5388473395208636,0.19196681460041204,1.3182399757275907,1.1031012633647321,0.7349592839397603
0.61400355112274,0.16838167254154635,0.43425020244072854,0.050137412655090176,0.4418866976490383,1.8877227722029737,2.004069954537104,0.561051732253419,0.21165068365655898,1.6851028896467584,1.0633164353016222,0.7856391368428929
0.6161655044160705,0.20201506153241622,0.4501030123753167,0.04750266941145977,0.4143519564990989,1.9214552977852841,2.0456904347339573,0.5525218626142022,0.1943746559121704,1.4691908999204029,0.9607677189072532,0.7108138038698651
0.6103122971385588,0.1807887422284028,0.4624128873665888,0.04755046482428125,0.4127120164392246,1.7941581202012464,1.9082988732394748,0.5377173445329322,0.18758861283530834,1.36663046738726,1.000604949961691,0.7033145386928217
0.6075454717108011,0.18481187752526618,0.44525681302032005,0.04301882150188741,0.41524643177294807,1.7705212873701923,2.0192794594875174,0.53369102975491,0.1586964376835585,1.2473022618132825,0.9801483265610588,0.7410201199193287
0.60829460157911,0.1756247632395602,0.48468496037098924,0.04593976121518695,0.42113317224407476,1.761676791534181,2.0181074771840715,0.5217786467987453,0.17789113712351326,1.227090469936583,0.9593708557719627,0.7079301208701907
0.63372370986795,0.17821439829658803,0.5035893915936019,0.04910079801237919,0.37204944210397595,1.83237624459822,1.8538987342815174,0.5318475999889019,0.21665174172321752,0.803497263011066,1.2472036314315964,0.5396927920524692
0.6344953480614892,0.17966619711499113,0.3733718828790202,0.04416808616530466,0.4210740567134392,1.8186828051305255,2.219015464574699,0.4768328713348092,0.26794104902347915,0.7097661450918242,1.6457424646554277,0.49227157981832415
0.6531716314529927,0.1729177631833371,0.4480548054695378,0.047013992021012925,0.4310375047368722,1.8881031464445561,2.336996962351264,0.47650667889779685,0.13166887243017933,0.7000607715128534,1.0177445247395025,0.5171771405315707
0.6314994838119986,0.17880048994766568,0.4402828766754754,0.05033205828425919,0.39241067699831284,1.7989843171517856,2.1005315353029164,0.4920608224139981,0.13860568282978655,0.5697956375066334,0.9996914676972498,0.5190777404550493
0.6070762531809698,0.17659208248340752,0.38396116990576784,0.0442861668143579,0.41809938834778004,1.7706557074123384,1.9125888885525355,0.5526251816326478,0.14945764648954438,0.6340788088524527,1.2304506505460429,0.489162931735398
0.5915729664444274,0.16134401238170723,0.4649352163451711,0.04919928046305401,0.38176407401897894,1.7515639078589837,1.5716265377187222,0.59313556781156,0.23881012934827336,0.8534005654798535,1.1848513330232942,0.5798996667987677
0.6265449517863789,0.158735890590051,0.42382482633150376,0.04725375571470384,0.358147631432104,1.8183023321563112,1.7710082887725365,0.5650974241475796,0.1482478901738016,1.125157878265169,0.9504449571944669,0.67151527902263
0.6440805761888051,0.1713686255012573,0.46829359214456684,0.04817870037311066,0.43238570698353784,2.138101694531191,1.9083613598911155,0.5493816726048728,0.20523851060679232,0.5892839459751574,1.3279290802523533,0.4431345713456214
0.6055808280405341,0.17900868471773518,0.41417886916522784,0.047541879626482146,0.3889391593462055,1.8117389562245014,1.73192296617251,0.5635225129160967,0.1770648095011239,0.7310680326202823,1.077679268100229,0.5218675988101932
0.6232597888491932,0.19941435866402626,0.4731817538888283,0.04754958323762503,0.42473852764691084,1.9391080065625783,2.2049676469848167,0.518137197030753,0.12573913739720635,1.4991308867253965,0.8702400474701818,0.7472088447346394
0.6399529184927274,0.16027725434254433,0.4174790467105254,0.045889871752557626,0.4071092135326049,1.8015613588441117,2.061115599571064,0.48974494779254096,0.1856693154818755,1.3401636014493004,0.9573133836318619,0.7350673387979512
0.6092497943741876,0.18611977841776423,0.4592093680626923,0.04761060948046826,0.41073180773278356,2.1476718625468054,1.6094987767410966,0.6269732787378166,0.2358519369891171,0.6708206296466779,1.6461224382370916,0.43964620497638923
0.6362682478178393,0.19778688452488216,0.41558848766104806,0.04558291497776434,0.4076022796801385,1.716593178743342,2.547898674362999,0.45262739780691713,0.1525751888945376,0.49358057488893897,1.3720061699725783,0.44766141329701
0.6379293585719944,0.1991802075820631,0.4429878722281514,0.04666353991858234,0.40671987761826184,1.7259112008074133,2.567214202829346,0.4560983865592058,0.1757560779091261,0.5405226443681351,1.221088098181865,0.43782207826201824
0.6274478818849769,0.16618500366293332,0.4280075381843319,0.04577374877475805,0.40941517900037944,1.772114851178295,2.062752636032073,0.5275631279323426,0.2235205643582179,1.504612560247642,1.0986551856217037,0.7588818774792089
0.639083439843914,0.1744898203589902,0.4540475008647136,0.04847862800971999,0.3933808075786905,1.6827286548152252,2.382596245354645,0.4716761200189893,0.11262007671721627,0.3684437253308824,0.9814240838128232,0.41228786565262754
0.621892251552712,0.190471467933145,0.41002536962800096,0.04812095389425754,0.385615054586398,1.6544460931271066,2.1420066470205654,0.5066337585974329,0.16123138327332767,0.5875935991407,1.078767981311042,0.45709048370691113
0.6341347140964388,0.18358440850781513,0.45732770656007987,0.043639205106422496,0.3913834799654616,1.7258926686241973,2.153483419108675,0.4703338838387553,0.11025184680153591,0.4544121388646155,1.034455159523787,0.4771736378649268
0.6332996619034823,0.19083025039266685,0.43420141292593983,0.046611519131841854,0.40528317751922666,1.7670752074257121,2.2329235286037754,0.4791569527322465,0.10400694716527663,0.41713096406995953,0.8887084216358536,0.4564356721785837
0.6452334792467236,0.18098590666579376,0.43798602110214774,0.049491704797094686,0.3486074004061701,1.6743431492978058,2.323900913829623,0.4749398986024318,0.0801624417917328,0.42180038206684956,0.8753422011302691,0.4649089308420817
0.6086898973574094,0.18896776414047373,0.4678732537945179,0.048124521678166415,0.44858068266125256,2.2445971299383567,1.6821242450863247,0.6041486403996774,0.20761617548557407,0.9228086460864516,1.3270294403434266,0.5760173700406881
0.6293438249613003,0.1930480449070477,0.40404020493770226,0.05076851792539161,0.478300058569801,2.6757201041809364,1.8196925609023002,0.6509635770026376,0.22747461569856653,0.4648728131904177,1.952144522872539,0.3774080387996567
0.6002677088072682,0.18267972228225512,0.46570596303374295,0.047393978312564894,0.4497654757931558,2.144733297010036,1.7852367649557026,0.6032709802285188,0.25460273548248064,0.5655335081895083,1.7898666184395307,0.4098440189184774
0.6029599387093804,0.1764504377971005,0.49274557519577733,0.048898476260926346,0.4295012393934435,2.1642244421378214,1.5566001628455886,0.6223706353611863,0.268049387295046,0.4878586764493788,1.9972822080951076,0.38282567762822506
0.5915880946890855,0.17487804533344325,0.42313552216463995,0.04795648945938188,0.39286089766321286,1.8970581070638328,1.595232004519347,0.6230485778119623,0.25095550213143963,0.5361778753501881,1.7999184025382289,0.38953372836720607
0.5627751869731952,0.17824765651236302,0.4510504006811259,0.05044737006087058,0.4299995205384432,1.9327362986667995,1.5698263437876918,0.6518667378619335,0.1533137830895193,1.3600737755671162,0.919702990694254,0.7322191937077199
0.5577890332972936,0.18970064808609177,0.42190532464104774,0.04799118452905866,0.4352948880106813,1.9460057099662735,1.5262260832249535,0.6485194344133367,0.13561148742667933,1.4445810373292172,0.7888401739526354,0.7133371556011392
0.6270658486774678,0.16421216657920537,0.4387674921591248,0.04651657609699626,0.4114608190420125,2.426568726275804,1.5659660643354334,0.6436714080508735,0.20861675422671377,0.6871080469823162,1.1772418394754518,0.4929998156265501
0.6237445608612255,0.16547873871491522,0.4508789162396342,0.051121081331136395,0.4179823968295656,2.35900686258779,1.6377841203141195,0.6720033882971688,0.17200160991934513,0.9065603087148864,1.119003217310794,0.5653277291951626
0.6705963403818641,0.16863355828486654,0.39651785184170646,0.043671290775188984,0.34909874735137175,1.607531369624759,2.535255875153775,0.43561643662368466,0.14543025957630326,0.3118372696631182,1.4096133564109365,0.3629517630048329
0.6280743868304417,0.18804752815233583,0.4688082405012297,0.04944381900232518,0.4156029987349295,2.121949808184116,1.8593826939817428,0.5608118661845821,0.10697237011935293,0.31434246900631335,1.070252675560185,0.40198042544365503
0.6053690354311749,0.1846547617700689,0.40754750130837103,0.04384860733353973,0.41242209483474496,1.9555179064389305,1.729484441907661,0.5721801346992964,0.07235938600278746,0.40363137695355783,0.833161503608261,0.4764641726062993
0.6286137108983961,0.15064330751032923,0.47572260212984946,0.05020058408070906,0.40141349410936306,2.0371680218496877,1.579922303856533,0.5867565156092877,0.09034722368380906,0.2916775236115719,0.9653074613633829,0.4110925733058711
0.5352018622182614,0.1734630379573808,0.444597969792665,0.04866968135000473,0.46439769013679877,2.356961280987508,1.3942216735453783,0.7830712030573258,0.19947889901141083,1.2370799209962773,1.0204615263572847,0.6691149877112512
0.5409659471145225,0.183486456221256,0.45237954110034595,0.05031414034553782,0.4322769815867354,2.3990619642450635,1.2608449637975183,0.7779774240742992,0.13886268715335365,1.1741711273954862,0.993794697806884,0.689686954007807
0.6133572897177658,0.16077471173783678,0.42555007678061685,0.046458377476811405,0.39061384603916705,2.1226002237749033,1.62509700991885,0.6445146063359652,0.17220744328814652,0.6202616126573482,1.395042040325256,0.4715240681745128
0.6069032996082576,0.16501264631868243,0.4446363944493038,0.046871680061815156,0.394757148896034,2.088359498156127,1.5643254594853773,0.6588965035002285,0.17390084233604255,0.6451782981373347,1.3332137579228294,0.4819811730388449
0.5683528795832746,0.1866311773982919,0.4518882602603403,0.04638624001379437,0.44929147833442445,2.055437073653386,1.54327199905507,0.6573049243581691,0.19966052562298647,0.6992772922441761,1.4226553272608027,0.4950511003004918
0.5877493346446495,0.17864624265345588,0.4913532075676042,0.04792610857236111,0.40210714452916485,1.7902598168778532,1.7544320144905206,0.5995183217935007,0.25972343118875946,0.6168577546148106,1.9549237986990824,0.434266336060206
0.6009211836158308,0.17828897570674931,0.4551224124594007,0.050397273884532544,0.4273644167594326,1.775402848424993,1.9668596119032224,0.5471106892983388,0.08907075803046889,0.8558768820508168,0.8348879676675439,0.5828142303854525
0.6372240355501866,0.1972698335796668,0.4247011798321033,0.04215157709051185,0.4223482844879374,1.9269596453540818,2.363920037129071,0.5027148975037061,0.08308510235885487,0.8115311083930994,0.9035995233786331,0.5866992001884753
0.6327282669978137,0.19589176987420515,0.4035188098741518,0.04977896703653125,0.40778182622460857,1.962716964853155,2.0924455481591795,0.5027013106180717,0.1086215801129756,0.9714711018673038,0.8023551739215955,0.653806374408028
0.633409955768429,0.1976422653039274,0.4002284084455633,0.049117879177625355,0.4100823316662098,1.9449947941107868,2.1050723788278805,0.5016940962256519,0.11332675163551165,0.9911087548608567,0.8148788475269132,0.6556131663363142
0.6546504892089446,0.1765388138452712,0.4442964125592854,0.046092944781152036,0.41572541270340235,1.9332679135320772,2.217900516640167,0.49014097759876857,0.23200885318192552,1.0374766566415528,1.181704711522612,0.6055608503609314
0.6188487292309243,0.181712952294786,0.44416630267571955,0.04945363758797433,0.43235775441962176,1.8513093573518462,2.152129928958574,0.4848166804842951,0.2571243405786207,1.1573685771771938,1.2271233664383316,0.7093637517139633
0.6368456175235586,0.18392824191447213,0.44548127395987075,0.046309402239329465,0.44948090055546835,1.8682161772033647,2.4341657221141335,0.4753279165132637,0.20616245301095473,0.7404786400954225,1.3349968281934605,0.5090995098968959
0.6425393366130554,0.1885489566586678,0.4246210989202727,0.047354385767278476,0.43342435320021216,2.128205122067729,2.098677536555813,0.5295670299572703,0.23853524589579056,0.7242978924279216,1.365414525696287,0.505853398083694
0.6521902158316214,0.15706953794800854,0.389521237941062,0.04459494795400958,0.3783253014493999,1.5363969713971444,2.395570975880899,0.4379565311984389,0.16539944870480647,0.7102474954423023,1.2024185020859206,0.5103361120786255
0.6557377233892852,0.16688967427726142,0.4448910589588559,0.043450812530156736,0.34688337496499116,1.5807263021785782,2.404160512093304,0.4407097914761657,0.184187550536955,0.7525145528780752,1.037718424809812,0.5338922906860801
0.6308547212576918,0.19412901921876996,0.43186932340177203,0.04911339826545871,0.4378659752934077,1.8117343414202578,2.276211879010831,0.4729222877603836,0.20955965538981566,0.9118127039381714,1.2890743315376039,0.5662114623491418
0.6374589804636771,0.17218826119326944,0.4517113686247917,0.04922782011125459,0.4230268272727474,1.8036638577228656,2.359339380600382,0.47964476795632716,0.14586170627864845,0.5141493849183167,1.0246255344246447,0.45942721573930395
0.6485539276582823,0.19051177110749049,0.38814975306204863,0.04585888209484089,0.41605734244958387,1.885995878470061,2.401610615673405,0.4712574280152516,0.14772032682002395,0.8443292992621373,1.0284160415825419,0.5573504306094763
0.6556294340574088,0.1547928598035158,0.47139047417810276,0.04121568615284177,0.3864034676071949,1.7343661076340702,2.3240604618750846,0.4700104162560571,0.1969157427752073,0.9676475488406274,1.0741706073005777,0.5892288505455294
0.6528161369575599,0.17672741316903087,0.4569267572543974,0.04768181959509684,0.39537000223958396,1.7480236243841614,2.363372414789707,0.4648129594173997,0.18997218356578544,0.8501832960188125,1.219153977565369,0.5370884645024836
0.6500043288843925,0.16659667777420706,0.41224846704661483,0.046005014729949945,0.4011037753403205,1.8612390097253417,2.1010361356373477,0.4771708679747903,0.14471161028988141,0.44525873031237145,1.0942612500778572,0.4673663411934555
0.6306579308424254,0.18017163677066184,0.47272341941433577,0.05019438384525666,0.46355661066931575,1.9307883936932324,2.456594289201518,0.4919304914464295,0.0601877303341582,0.49628600716456384,0.7311098652938144,0.5349239764771323
0.6332326518118733,0.19223289090259557,0.39526642071351076,0.04527400316301864,0.3992244506543867,1.868554824851322,2.28675492019868,0.5021538230676725,0.02091405576711839,0.4866997928371977,0.5197044107463235,0.5350620496464703
0.6287888833216791,0.15724110525480528,0.40712312727232314,0.04726255030069695,0.44525034289478466,2.1041846862304743,1.7982721328534481,0.5559322879922957,0.07371226435572655,0.5005294862704096,0.7629421020335377,0.5078770016095648
0.5484457066276633,0.18790526193592524,0.42069858644095354,0.050121446869868816,0.41306750324073116,2.0880012971358908,1.3721247829080359,0.7187820625862823,0.2642765475272792,1.1180956152707826,1.4314179742180542,0.6523311449845749
0.5454377510783676,0.1833481381494369,0.4554272261058551,0.05165558298351756,0.40995411239653773,2.0665424943566024,1.3601753076907461,0.7087374431543607,0.2478617024742821,1.0776869435926575,1.2980996651855572,0.6845252141021246
0.5796753341267624,0.17091775945609322,0.42325017891565675,0.0476432439781781,0.3889425097292162,1.7304394461109507,1.583862086529332,0.6190311876854899,0.11847227483230688,0.5998409847461691,0.9423098698923537,0.47589360478360193
0.6212139108859163,0.18968183523467005,0.40159539912185666,0.051185846433800405,0.45750326164095656,2.223754969569051,1.840707428104181,0.5754410820163074,0.27208159223836065,0.6462895831042859,1.778828408487543,0.4296752005481167
0.6042568879483504,0.16083695839299464,0.4760362522501012,0.04904737698237487,0.36903205268968414,1.5155415992949646,1.8942336674966016,0.5204018753325618,0.10518338110239257,0.5202334154674099,0.8695614923667951,0.501415255211125
0.613402292154015,0.17487386861868284,0.41185391469327737,0.04583842892499197,0.3570575553686787,1.6215058332823014,1.964691771590719,0.526970816640452,0.1829706334353075,0.5239345036042741,1.2736988975672103,0.45179999822446504
0.6248322633017995,0.15539385425721988,0.4327857131590495,0.04588811346962823,0.35398871722509306,1.5979427009282985,1.8181723418854774,0.5233951997549754,0.1567588374333707,0.4313037239723593,1.4179587416680108,0.43088693002554596
0.6315372077640213,0.14733870420943784,0.4318633918859406,0.04754105725523151,0.36053585909362695,1.6271733756509281,1.8003922691421803,0.5335782125246336,0.19034490974941728,0.5099651037974469,1.2821276444333514,0.4169218335219039
0.62922830088636,0.15641359136052493,0.4346978032360847,0.04453244314247532,0.3334112442903765,1.6150128877146737,1.7857809193243637,0.5312211510533991,0.15220301209555695,0.4951482115006253,1.3032635491621563,0.46031241246000515
0.6111415780364997,0.1957021148863342,0.4482975335325254,0.05097309344467581,0.41447024514107766,1.6629400328709913,2.19801979520168,0.4799777087761477,0.26638169157203306,0.8585724325765071,1.482433365070325,0.5446850817488624
0.6195466681638846,0.16294347528459294,0.4502149314999634,0.04534447591202803,0.36345390608626704,1.5066873574531665,2.0026780136183597,0.4956812372560869,0.26595679554381624,0.7272116149735143,1.5861393651274556,0.4730467090723704
0.635645306493144,0.20206247496884713,0.415228230435227,0.05245653387324583,0.3562728500529062,1.5887684375024584,2.103427779420744,0.45084160706345694,0.20095553248099035,0.8715782003457785,1.1524084004522106,0.6126783012109023
0.6347469402531368,0.18176797338435466,0.4745012867050477,0.04498605840711987,0.3630752837818751,1.6293755205902885,1.99029998879486,0.4877118447573676,0.21377577578188733,0.7742308533910427,1.1729485768765602,0.5316455514899788
0.6240021920430565,0.17084019236908055,0.3938621583182133,0.04755307075935882,0.41519472328840074,1.7648207439941475,2.183283875210101,0.5143556075824267,0.24107969856784478,0.5850462682779795,1.7172888433158078,0.426715399214094
0.6392250551137226,0.1944054434164472,0.45371566403477254,0.04545929510643342,0.39448288467112413,1.8479510547571858,2.237451556891274,0.49600977747315605,0.1859268336317349,0.6059756983968765,1.3343522741358995,0.4600209086721669
0.6053226019649833,0.17452337467474488,0.4744229663422404,0.04834715120072326,0.40308840088424774,1.844032682189715,1.7895088583866374,0.5801306849976905,0.15396329419473653,1.7732871877314944,0.8659146438131723,0.8040180309696071
0.6527608896399857,0.1695386271193608,0.46136898912059404,0.046266267439752255,0.41829948166508696,1.7711728132985083,2.547320977813596,0.4459658681245745,0.13593587932040158,1.2954108339288841,0.8766019535425879,0.713333881739533
0.6184174503091407,0.17925319500063894,0.4385151890523576,0.04376731221079541,0.41561961455282415,1.9472628611316998,1.8225564427322376,0.5533188928174789,0.2841120330415705,0.47527093860285174,2.4409129171838853,0.35467496693755096
0.5870235460255562,0.16207981890329817,0.44484199703028543,0.04375040953477433,0.42163785291527356,1.9615894277345802,1.652381903529984,0.6430573228033779,0.060567755336052326,0.6498778367947201,0.7389028869150995,0.561509143996499
0.5947006168557217,0.16652511014221977,0.39701003370892857,0.05048783976575388,0.4170215461551296,2.0323369605872825,1.743407700017309,0.624637491918306,0.09376702238033664,0.5553613206229676,0.8059352419016905,0.5146297466108412
0.5661703603279352,0.1815134916722909,0.4033862659747085,0.045872584344666345,0.3829186039333148,1.7094466260229628,1.5304655447100677,0.6114329987935048,0.1468510355689506,1.221199517077747,0.9903003931012789,0.7046867661806467
0.6164990386325421,0.14796953868610063,0.4476151174132031,0.047754443318670806,0.405681493613235,1.951347539315356,1.817563656713113,0.5686498490956985,0.23587762579858373,1.2535038427256002,1.0955289258868168,0.711550808212573
0.6100893430185244,0.15640480463439832,0.44871775125244967,0.04659690590363276,0.409663460681575,1.7488138799386892,1.6740267225358976,0.5625496251781497,0.15847794028877807,1.409552276436478,1.0374355722775375,0.7143841649381314
0.6543693302780146,0.1885895984462022,0.4238488108450343,0.04710391010073146,0.3682880622907958,1.6364481285148644,2.3685313888005597,0.43704943794240525,0.13761330385272783,1.0474239718505671,0.9346444991827394,0.6333466400693603
0.6591852692925175,0.16905295514696303,0.40820238697989253,0.04607205481533302,0.40272386848907604,1.6621891279589598,2.6851074948126055,0.4289872337745239,0.16385449191031967,1.139248850151703,0.9344530118070767,0.6485668929007394
0.6729574041102088,0.17980085506105223,0.43017129586363684,0.04616197036783138,0.3809464250495916,1.7221678042878774,2.8223629884442545,0.41624846194907356,0.13844006759796257,1.194317362428613,0.8774680109812321,0.6821975283926
0.6527825425160045,0.16878024551443813,0.4416067205966737,0.048148998368389595,0.43789853687735275,1.755699096743961,2.468045093319883,0.4360092964489723,0.1295496190590634,1.219698211905269,0.902047974845072,0.6747256364884322
0.647400729381679,0.1762008542161948,0.4395706569125728,0.046966275034891695,0.4449463628756829,1.8545329031902515,2.534814792875201,0.45488147163297843,0.15257119508736847,1.0607273460634299,0.9497089113135054,0.6217542971856607
0.6448219774434821,0.17340979472484325,0.45606720009376794,0.046810766334333405,0.44803561735673525,1.9306603928848471,2.488035036414632,0.46132872413375475,0.18661609298984969,0.9629608250739817,1.109457453266043,0.637301191032637
0.649430612339294,0.1815176068376706,0.4412990236311537,0.04693068073160139,0.3571338013322546,1.6180586098881047,2.2792755197340386,0.4434278544795474,0.20092611124003662,0.9712197545068402,1.1716986674001326,0.6215836483870846
0.6397172697446603,0.1771524126471231,0.45028097133474043,0.04697913804477174,0.42596194163303186,2.003878066340283,2.0959727776919306,0.5354980730134786,0.20008484183019792,0.33806890612672297,2.2196707225025114,0.33255422321589534
0.6325693430796989,0.16422477419744488,0.42710300455455863,0.047597469936870335,0.3880036005915115,1.7813538543224157,2.109507427982542,0.5287022897404955,0.27564108908717905,0.5090498510573059,2.1862915905678535,0.3738612951305904
0.6497521121477869,0.16218346948520967,0.4411457184441336,0.0470429084821681,0.35996534189836477,1.716501862081919,2.284930973586118,0.4904264984383505,0.20254264429329785,0.7227583692613676,1.1422793055348304,0.5440363569972629
0.6482588583642424,0.16121702933762477,0.45100626141161243,0.046826744220492274,0.36159092498743767,1.7299485908084196,2.2631990006420937,0.4895992160772835,0.20827264065990725,0.713878410973147,1.1384022670616416,0.5420664019535106
0.6680641803706159,0.15438852061315814,0.4124515727622726,0.04988046564734445,0.3852790000910529,1.8123283449849399,2.386394938579569,0.4789603594918494,0.1683780411273834,0.6637097106996861,1.0173464734556497,0.5075757486177297
0.6433779138103055,0.1772718959221558,0.46707148228146594,0.04546893424481117,0.395045138310757,1.6527227630487158,2.507492833507648,0.4697308582362693,0.2571722320032988,0.9913685412100198,1.4590014526130946,0.5622656427949293
0.657476384390002,0.17671524046253104,0.40293233441268306,0.048221075902758884,0.3992026037393649,1.8485052894377818,2.6042815576640153,0.46270028422257975,0.21941023460353737,0.5816942467041418,1.4376975575491349,0.4784553519802565
0.5787425671315999,0.1881353976191037,0.39907179091118494,0.04893501311370614,0.41494064353931903,2.0696848062488318,1.4949787444840252,0.6384104035199795,0.04546583800095275,0.07793714364897396,1.4348344721402833,0.33196048467470696
0.5725788340170407,0.1653433337498407,0.4492123582198926,0.046532477061542954,0.41610632185508817,2.1313056190577475,1.4001345555719023,0.6874223388156044,0.07381031286628337,0.15209525301570515,1.2422340967493528,0.3462435680093529
0.6527253015636125,0.1740520267383236,0.48082905324517267,0.04683987793082502,0.3691128724823329,1.8555345730765078,2.0692720966289713,0.524705713238641,0.01804783269694356,0.14814658985543422,0.718148399796062,0.39160782808120853
0.6458421702237063,0.16548348028350798,0.4970259453907045,0.04703825483522218,0.38687007694443654,1.7955227706920682,2.06041382017439,0.5104786148669814,0.023870993727810715,0.15279434453861704,0.6927588998420048,0.39715469140322945
0.6415316585538849,0.17957801857931407,0.374426098906311,0.04631295210416456,0.3891024182932152,1.9171976342764157,2.0041726387784577,0.5180433258939284,0.042065114724088956,0.19624380352022805,0.7862540926634498,0.4094970200762234
0.6217773433007331,0.17330878258646992,0.49138777290619684,0.04533550142844687,0.41079334595951084,1.9479425103585348,1.8525573896598333,0.5591494289708354,0.05406840812791659,0.21218211822514887,0.9278827360631824,0.39341857413252335
0.6227718493564861,0.17572046970823932,0.44199971333330595,0.046493160612292576,0.415984326969565,1.9745314098198807,1.9371775608565094,0.5576849614204462,0.04034495181419154,0.14699747613472647,0.8671668116802336,0.3713929356448351
0.6458341146256187,0.16197682157805904,0.4208573983570791,0.05216728226076002,0.40624441873784345,2.041913596164801,1.9131977587328428,0.5488202034133755,0.04020978828676435,0.20485630328995905,0.8218044897374936,0.40294117847309235
0.6206668662391508,0.19348542279838066,0.4148974031641202,0.052808755066165274,0.38871653845142556,1.7976851402427798,2.121291250698256,0.5182622568634332,0.27384865567339756,0.3925361290806063,2.8549557376209154,0.33723638824261715
0.6451077073373215,0.16002132823910065,0.4337936275153658,0.0466339958155438,0.42819833795161905,1.9883130180407558,1.9867410081184476,0.514057013746906,0.11542799414454381,0.23828885686608856,1.3834061357947334,0.3509549988435836
0.6396452366040499,0.1890106238439104,0.4263861585655855,0.046728069938195504,0.40985892019795694,1.6529033521602878,2.5391948112584997,0.4477869560415843,0.09417317856946018,0.5623551864974441,0.8491660080700477,0.5000424800540153
0.6504048705089662,0.1793614403227612,0.457477078892531,0.04710837604027376,0.4042913439507924,1.780930203146879,2.5442247621092804,0.45239387951880766,0.06611590511620578,0.48614635779315335,0.7981936563319888,0.4772008757350515
0.6599769386600742,0.17807988790847107,0.4338374021643889,0.046275593369530604,0.40853928170591214,1.7295669229896733,2.423901301549104,0.45436772988585084,0.054552048697620516,0.4886164987065705,0.8017139829659501,0.4706363548253279
0.6499711941458571,0.17311242729487292,0.4515746628755031,0.04907246894816912,0.39725212892198764,1.7677078082525302,2.280454707006063,0.4727090890933888,0.06069242727792081,0.9335527613758979,0.7675229086412462,0.5768062880808514
0.6444011861266252,0.16249466969458642,0.38932705763240544,0.047452539639177255,0.36204961290711357,1.8510968382196067,1.9981862019878216,0.5145435561545023,0.05592603808554999,0.5237589918510814,0.6017615346475024,0.5577496354196938
0.6460977276325005,0.15999666683781927,0.39057306112435985,0.04750396846274252,0.3601938422673736,1.8429885407427569,2.0152784874280596,0.5167654623686172,0.0562743358029579,0.5372256074313903,0.6386962301071875,0.5584023386880225
0.6416407406954547,0.17492512679575828,0.4197544339309409,0.045496409199078595,0.4233576568974981,1.8988816507652961,2.098261527280577,0.5103955873315077,0.0725579828077613,2.4307238079399145,0.7490951364412067,0.9505191624588195
0.6359175265890276,0.17443804386730952,0.4612045200439585,0.04782040338335469,0.3594164357280785,1.558521152489729,2.2457995328231926,0.4722974787004766,0.09233533496735888,1.2766937794486393,0.7270137208369633,0.6746687545406533
0.6654984083599017,0.1663386291735212,0.42042765487846745,0.045605106641340536,0.3690809152463673,1.6225765312067268,2.5268440365334306,0.42248225767399744,0.0625631373572696,0.8814931222725032,0.6806424244279404,0.6110771474417722
0.6655179237644111,0.1666814599809075,0.42254271998493503,0.04553719930009435,0.36851742719987485,1.6268339784618577,2.5495798837252592,0.42068696161907515,0.06122350601448229,0.8882082935552009,0.6763381419040866,0.6200921941924378
0.5724328565726232,0.16510515211728372,0.4056454325672846,0.046286542811787665,0.39325473615744444,2.0346518943995444,1.3712384046979613,0.6699135771900891,0.15558047333661862,0.7966989260143634,0.9138404727679326,0.5745301450181712
0.6197807851691625,0.19298500883718187,0.4180609728465583,0.045611968966452615,0.43607216914760555,2.13634674700487,1.9045834708758522,0.566269793707982,0.11689002020862385,0.7661311444255536,0.8780644837373455,0.579233454030148
0.5910756957755545,0.17404906066755635,0.4445560968673754,0.04796389715784551,0.4675851504652946,2.0644230407718775,1.7943056356458582,0.6033439523610686,0.2592822819433635,1.0555703012068318,1.3166515414406794,0.6275418028677974
0.5816443596192016,0.18148163386901595,0.4007244596631443,0.04514157099911801,0.4504612952648743,1.9760255576850068,1.813329909169766,0.5968976184167047,0.2136619348222604,0.8261396279288643,1.2590868406336337,0.5697085635101378
0.5870521801439952,0.18285825649385237,0.41609136669675506,0.04692383199827689,0.437890352240832,1.9266369411251523,1.7202099310085623,0.5983498734433145,0.21376241087017428,0.8400634722660445,1.360380509143279,0.5648419207463379
0.596880909645617,0.17371457782214222,0.3955517665321471,0.04804703838106927,0.41469506578929244,1.9758399281710877,1.674137067477132,0.6177575602867877,0.25489375922523366,1.0186094064561235,1.3422934112885117,0.6048179191468487
0.6088687161138719,0.18013636478787276,0.4732709763751545,0.046230977700511794,0.3472484454422262,1.8039125038548833,1.7376041378211826,0.5756743423456511,0.19208122682335382,1.4360535636163134,0.9498151940858595,0.7712534657246523
0.6065204754584216,0.17659148118515372,0.41760445603279067,0.04511357101989982,0.47107162787924045,2.1988899306391394,1.886021672695881,0.5928466267421292,0.04872103955068558,0.8646246555021878,0.6429537908244183,0.6236104383833669
0.5871123502724009,0.16732253684083534,0.4213432429190134,0.04606190323532546,0.33915404706343066,1.5872909765189984,1.4748894209102692,0.6021815129980833,0.2093586324974668,0.49677879743467535,1.8051455903781377,0.4016659738211681
0.5880070763356167,0.1733298284386174,0.476070909747586,0.04975311470445952,0.44344639984469214,1.7733796701732416,1.797883813920206,0.5581112057775158,0.09340275672701932,0.44636310362845055,0.9514852107292537,0.46888363039976183
0.6447583069014267,0.17459649847178754,0.41218304399480865,0.043498517786304286,0.36814121719938236,1.7027586216166397,2.034326102505063,0.49440167533375295,0.1254030703689369,0.5066761356775952,1.1842661859742338,0.44530648732889166
0.6162462431468202,0.19118534689908137,0.4547446352833498,0.05082668150676132,0.42453483624585797,2.131791012326972,1.8416479821850245,0.5974884570440508,0.26737053648457143,0.6320984766266543,1.5648850944282855,0.4548238119229786
0.6025483284583012,0.18147701054475332,0.4293229985848563,0.043805600872953855,0.3875472619055939,1.767353959824744,1.7662604242724618,0.5741919146532852,0.11050341855357737,1.0571467612840726,0.8565190018874378,0.6431858320342013
0.6462039427453067,0.17863027311351334,0.4295010738663159,0.04427497008226917,0.4141103876471244,1.9143100283933905,2.267775245384647,0.4879504364326191,0.2277248486425214,0.9867395741978413,1.236898780204529,0.5989834481528249
0.6241067295587662,0.18433960300133934,0.4220227646305425,0.05003589329378727,0.46943771962992986,2.0798716357104037,2.2385082043942583,0.5357250396652222,0.2528591077870518,1.0960511081764983,1.2600991728446482,0.6476385563181777
0.6075407270372133,0.1938723518892182,0.430372186962939,0.04976521042390811,0.469224293451842,2.158740632787923,1.8564858893514251,0.5605870870749513,0.20537728237456698,1.0432401529969144,1.205006416301447,0.6405213943333135
0.6001968457255171,0.17627233048365176,0.4464371729179565,0.044865031375113745,0.4028594458390038,2.0033943175696733,1.7546175350659743,0.6368377586850503,0.07828391535130258,0.7825733930622932,0.7742625854662155,0.5687502119870858
0.6005720949931793,0.17521238223299307,0.4819681270309033,0.04792953983822972,0.4058075020863375,1.971034537076428,1.6458802711306333,0.614793540618885,0.22682761975751756,1.1628234507302637,1.1850269737917234,0.6855836848508521
0.6103476134210826,0.18640890853629108,0.4693008795711542,0.05140734566584404,0.40638416167271946,1.9066712584573897,1.8235172998675118,0.5658209665030007,0.20167116713017688,1.094080988307815,1.084990252360507,0.6722538151085086
0.6108461930017017,0.18513989090155378,0.4698171403135105,0.04572400895828971,0.43458630461630937,2.0026010362527065,1.9361362685894918,0.551265936372704,0.14835823734058473,1.0565170694600723,0.9627176871798233,0.6457510875463861
0.6295874539733716,0.17352265115470092,0.40684227034654513,0.048367897752558224,0.3985239962710648,1.814046703679846,1.958846398371682,0.5302602258678829,0.15069364467561186,1.046486433843244,0.9246718386366651,0.6443767479982544
0.625861612172375,0.1782049566193538,0.46338700502197117,0.04578205208676724,0.41658818103327533,1.9705479330458038,2.010114153645383,0.5445144297654695,0.126375857660281,0.8680182129394046,0.9432216286896318,0.5903759253731057
0.6525993065880353,0.16153546088080223,0.4214644060943138,0.049454441542645285,0.41451154378582966,1.770528494071896,2.2368451803928338,0.4830636326796083,0.23988896740915916,0.8333668705815366,1.4469600470495603,0.5277766322051946
0.6504810535550757,0.15558617203391406,0.3940997021927797,0.048505274417824,0.4342147884694891,1.8665809388232442,2.313334544592397,0.48850196549963604,0.28864024047593556,0.7466282699091848,1.5765386907689252,0.5263336592583103
0.6566200820389729,0.1687678901791875,0.46597874158769126,0.04450860445195076,0.4103563665806513,1.8545581702601974,2.303168362636038,0.4620622617475403,0.2826172483383448,0.853155160392249,1.504690145984041,0.5085482123216492
0.6583233872214285,0.17394279384957242,0.4332510174600935,0.045572146570786794,0.40041022843316004,1.858500922691418,2.2788845027938853,0.4748171236515934,0.20092585155075196,0.7503137078846385,1.3881733880985223,0.5254933292962263
0.6234429282574664,0.18161443408749922,0.45277801861839995,0.04701634832389814,0.399919922861406,1.645729279796462,2.32520313839681,0.47236461163114646,0.17931332065128935,0.6237040772767832,1.1512773392624274,0.49057053784866106
0.6055766543800291,0.17384354177088793,0.3977415169252916,0.04597488702014072,0.3862810080137444,1.6851234201943452,1.8352998699186467,0.5540047463259369,0.18531977059985363,0.6251942456554304,1.1818372065300948,0.48462109706199846
0.6239011752360478,0.1724412221143898,0.47367039817194845,0.04688204379446135,0.39666978357695776,1.842974686087668,1.9675609507427552,0.5450630351685344,0.1483737553985207,0.2509576228092737,2.297707316363045,0.32755760143041085
0.6402395660878974,0.17445400986526793,0.4247376118482207,0.04786293678241157,0.39849382251514603,1.8098975519273752,2.0690072546232803,0.48719890729498366,0.15272877189808706,0.37616696407279165,1.301758396125167,0.4125464831043346
0.6305183683221756,0.16648006512028843,0.43055405295805493,0.04660888332635264,0.39277700031154167,1.7037980236366985,2.0813791679725924,0.5142034346813075,0.21194471011935914,0.5210695391242145,1.6484151382658234,0.41399023981849264
0.6516544027413841,0.17772934328143286,0.4326164699632469,0.04679668621509206,0.38259792059741377,1.9133769810712937,2.2217806688987762,0.5069827907333604,0.1693784562060628,0.783960569703155,1.1708482087284857,0.5493904055816048
0.6542462854841047,0.1791992396567735,0.4434240649459803,0.046213135235526774,0.40185924188444294,1.8880722827092995,2.256801110880173,0.47114653604712126,0.16772617264262432,0.8777565302848028,0.9846162943471859,0.5876355172994887
0.6187780727309806,0.16309597286636485,0.4599174603660737,0.047401436382746395,0.40941859905033257,1.7605369671488216,1.9703492629737644,0.5454186474970301,0.16930092097270658,0.6462719974885545,1.2488935201240665,0.49289946636008986
0.6186459039342016,0.18393059805118728,0.48892832682915977,0.0445750083984813,0.3912247293241212,1.8555301393631198,1.8487515246169604,0.5509110354504402,0.14269073721884917,0.7575143528704287,1.0728128617905628,0.547333533082106
0.6193213609700935,0.18399725029347025,0.49190263895934366,0.04547671234341491,0.3892840539003259,1.8557281004676167,1.876190035109276,0.560894095432514,0.1387521609777034,0.7275832647350967,1.0408868132642186,0.5469664765908586
0.5883591028054713,0.17605289473382463,0.43860016088951453,0.045743413886162744,0.396704921882602,1.612918337229564,1.803428085285174,0.5540369216828595,0.20178083738754507,0.9864035795296799,1.1194818840223333,0.6078923010987799
0.6382013532275435,0.17617663447227247,0.43983008106062593,0.044140360788669786,0.4284772070476332,2.060147353175248,2.04106753033719,0.538932159625959,0.18491930555594735,0.8360594968501281,1.2038242679413518,0.5692506771338397
0.599734351610368,0.19255878441162888,0.4346519506297772,0.04734153553598954,0.42773334381317907,1.9727522595901614,1.8627057915508063,0.5856957894248144,0.12584101098855083,0.6482055296257508,1.0083500241475543,0.516690694609874
0.5993154932848324,0.18666903503057983,0.44634268451030584,0.0431439357455584,0.4607770542605102,2.315928619590576,1.709655835864403,0.6327803568504866,0.21569297110021488,0.5654138489612679,1.5494554501220434,0.4461353409480332
0.5968995766682967,0.17610497158977104,0.4173858622687406,0.04974191794253243,0.43602387463628134,2.3609895590049454,1.562408074753275,0.6746829714629895,0.28831627277706545,0.6348552128178572,2.1451908633624663,0.4360490713873092
0.5859605575780842,0.1794002076411743,0.40009906191197153,0.04801638193920586,0.37884057019148537,1.5929686995311478,1.790520283673168,0.5644364310931801,0.11683356841836666,0.6420130481783387,1.045832809555058,0.5233149979430034
0.6004826543925359,0.17864079815192818,0.4385571640030505,0.049898667954928304,0.43501653980134936,2.74099419550535,1.3603797988239759,0.7487772470829536,0.2525637613037209,1.0450170544608228,1.4087659751687187,0.5865647251599911
0.5896756379036879,0.1765397492350799,0.4352213349339322,0.050593103246625526,0.4291762822775173,2.6587822448483274,1.3371407223552163,0.7420979712007042,0.20678547948286263,0.9769783319499192,1.3923231326346048,0.6103479796039156
0.5834479236514313,0.18018077711043534,0.3989702766689827,0.047392820278458696,0.41944196872303113,2.3028369507791746,1.4842645500742446,0.714270580744256,0.064180969934367,1.3217678999650473,0.6411243044198275,0.6560005663757483
0.6691080691022008,0.15936934366194228,0.4542542081009329,0.045348180663651164,0.41165826770640723,1.9138611431263164,2.3246582260960342,0.4748942302159041,0.13596817394443403,0.32937065553090034,1.2403802222634872,0.3769140061221799
0.644881205625732,0.20072162922872344,0.43540820894358573,0.05071051664834276,0.44330587677502614,1.8784525248424684,2.8612079031523927,0.424414995636549,0.12601773695852705,0.5420253268077293,1.0233574603695348,0.46956684331665305
0.6589982765011466,0.19449542982996956,0.43749745451679195,0.04661750454027942,0.4258620974626826,1.947506867173112,2.568045258215156,0.4648852926433565,0.11346374348961714,0.47603684045405775,1.0948151743456664,0.4463642311614232
0.6511131306622716,0.18741736798402384,0.43524045574388376,0.046226334397343444,0.42131630172914947,1.9109095688710083,2.58236833356316,0.47188866580634886,0.13256969833061016,0.505850311553558,1.1115984939485084,0.46246234782564716
0.6356643824560027,0.18127321842268404,0.4255059133407007,0.04710135615914754,0.44305676862320315,1.9000252817055536,2.388149177822952,0.4823505998967063,0.20397967171968343,0.5608930637780778,1.511082037575414,0.44500986267563203
0.6207431432862585,0.17609570272086306,0.416629187054317,0.04773528224948517,0.3789044662706796,1.989715226299269,1.6142454712949925,0.5889269051053112,0.27440365566427855,0.6227492990292077,1.8565529880625153,0.4573151052186424
0.6364280680588739,0.173535737271381,0.4996757215710281,0.04577191198418147,0.42410086106426853,1.7214118712260635,2.5175069276902398,0.47011143560556706,0.22524760124441323,0.45244576396612457,1.7332491021344676,0.38442971619227667
0.6256628629192819,0.17058628462748016,0.4166142752674161,0.042838886095548666,0.404747507541859,1.62934639419589,2.054459118957867,0.4912320325116551,0.08953004928302395,3.5737361934438843,0.6539815248201336,0.9966332890353848
0.626649307432844,0.1770376269928273,0.4429568884873427,0.04497014960421306,0.427218370203783,1.9306819435041906,1.9280408784612453,0.5193415246284795,0.20066253533842474,0.7412364839090029,1.1252220243789792,0.5293603494948684
0.6354684707836703,0.1854953712684475,0.4297145060380027,0.04992520609967101,0.39168913366224206,1.7915009598458396,2.194630866709762,0.5149027203885618,0.1785746194041555,0.8470535657093256,1.2020070647608665,0.5331726139212593
0.6213019181276874,0.1893352241059195,0.45259270365645243,0.0455803329913313,0.41615324401660786,2.0326107518837024,1.9259162939954306,0.568800372187018,0.18680937294487862,0.7951954087112904,1.2710503372092314,0.5441559542916768
0.5837966419964943,0.19145484868125393,0.4440319987980176,0.0468847288602663,0.4094497535936534,1.8634434153322645,1.6682776805634236,0.5891353665861501,0.22046433692374626,0.46643382716134935,1.5096869980401968,0.41733922080402475
0.592237776214477,0.1784456070754006,0.48167486046074803,0.0451784364015967,0.4174990179433279,1.8540428202869945,1.880387867988427,0.5860538459818171,0.18483752906095827,0.4912988744696284,1.7169755817529717,0.4117151490389807
0.658200027562272,0.16776982830269482,0.482118552227884,0.048409822207911846,0.4162694306729706,1.7326215905658602,2.424691633532487,0.4277330450613588,0.22687830452421848,0.5742271486217999,1.4412729654752254,0.45622724090003935
0.6256331981333401,0.1842086406597096,0.474625945778073,0.04518375776590041,0.3930045534092104,1.8039173257357313,1.9294080881113869,0.5379552076960461,0.24455435949007615,0.42033551591760404,2.784893526409073,0.3286539640407657
0.6411669017256479,0.18097687070279583,0.5002279370221939,0.04573329542497581,0.3833938914015546,1.7723208906211214,2.1843415690262256,0.4885739497400825,0.2634064767335763,0.41885612762681357,2.164012134155817,0.36696474172771554
0.581754440499835,0.15906338052019067,0.40646844330752047,0.04536067696651389,0.40604462584724205,1.9774622404132982,1.4574029413837832,0.6607249238284011,0.09147864964398494,1.0835924051408496,0.8145913922046688,0.6841802089323263
0.6408286473247944,0.17260176650533016,0.4119125573172456,0.0452987773622786,0.43504241376429964,1.837001352511982,2.3124108191614,0.4687144832037226,0.22195930458491542,0.5898569410003757,1.4249603012122585,0.4857006460400691
0.6557160927306418,0.17808137873566074,0.3952529937838135,0.04678349436012078,0.3874976040331266,1.8609732328609667,2.270229475012336,0.4931031179531396,0.1928942821012864,1.0649823107180394,1.0111167287711031,0.6073846823442384
0.6408828055484542,0.1567037364596272,0.48080236552020633,0.04560639471626049,0.4046006648199411,1.838367867460388,1.9334760577287236,0.534421318380185,0.2397809486691003,0.5257827305003313,1.873356347816073,0.3879813331607505
0.6342492180974391,0.16316733355238894,0.4957911641771591,0.04518808404888132,0.4028505246919614,1.8339172655345044,1.944961748600248,0.5238617730402527,0.243012657748799,0.4599350207417195,1.8919785726170533,0.3851411455135056
0.6222001970688585,0.17214974452437995,0.49496261833603733,0.047998769503400394,0.44415519615679566,1.9424578288108039,2.123396080990417,0.5130533230399686,0.22087767431549093,0.4579380695416163,1.7852772005717887,0.39752684959958434
0.6111785920566368,0.18555879991116236,0.4888766030646943,0.048262767726699525,0.38701305113371437,2.140678463220879,1.723153695811196,0.6176553804545137,0.07397440170644098,0.6540048126306427,0.7850922945890367,0.5476905778985045
0.5988423623383113,0.17803921531492858,0.5037823595597074,0.047264426709802965,0.4368165460425647,1.9622669659463188,1.8262852687529483,0.5654722670035753,0.06417110038083963,2.32171388855468,0.6343058243055621,0.8656627743761988
0.6156779562313317,0.18672626173894907,0.42900742039727974,0.048624437989129854,0.3880714587712549,1.7023062745271487,2.028265466743647,0.5188628572888647,0.11437770466440542,0.2369771494068746,1.5510929016891701,0.3506148566521779
0.6123917212095211,0.1827732962877202,0.4619662904272129,0.045354253415105295,0.422393531983341,2.1764927947817974,1.695266676815227,0.6228994250365408,0.1066430360241402,0.17808033555378236,2.121568622988727,0.31503780190466224
0.5864470769403842,0.18114025443163512,0.47147664445745635,0.04792547845632617,0.41197580172744097,1.73150586216533,1.8203670695528413,0.5648445630392059,0.16083464190419522,0.617568839241798,1.134370611512359,0.4712424155054952
0.6079437413817942,0.17273656534349638,0.4754626581949103,0.05044099554400809,0.4055621832641875,2.1682042863490665,1.5903636192376351,0.6273290254568263,0.25562346476868447,1.097435876721082,1.2479457029685745,0.6833615640799383
0.653590252597299,0.1588309307375333,0.4707503500640228,0.050236251377792376,0.38203289220000153,1.659002048176798,2.2400475214020794,0.457968687955802,0.20341745476659057,0.8317553168837707,1.250039615990991,0.5803939436891854
0.6273746376173157,0.17605822233782226,0.4011417548527298,0.04440409986210196,0.38340672332274267,1.7109184838412659,1.9766821419550027,0.5073644609110904,0.1650393370203396,0.6813108446483563,1.1625233661485102,0.5248650664633828
0.60591946248698,0.18821437989312778,0.4024755026416578,0.04515112827610948,0.420322217433332,2.1087543191064846,1.6794087419584172,0.6296803829678711,0.23143933695528077,0.6913063452366852,1.6324267169372522,0.4601450490315297
0.6547890595671672,0.17312844974828373,0.4652907349721005,0.04602231327607832,0.35638613671212344,1.7150294982712686,2.2789698728754155,0.4648905411827525,0.15844870947402467,0.5351085452157465,1.1773547889390008,0.47762023881044646
0.6000359974998647,0.17828690592831498,0.508259447265995,0.045783894586213604,0.43461039748483904,1.9545028044867772,1.7906265711342546,0.5810939126202933,0.20356061841795187,0.6004852599644646,1.5017125751502935,0.4426247258465053
0.6027750788875292,0.17659169811351788,0.4273114637707711,0.0420743564480055,0.42725233697236753,1.948819175545883,1.8221108624136644,0.59174229608189,0.21238277903602654,0.6293609620268898,1.6249872100442098,0.4285860543636897
0.6088682803295876,0.1917324480422587,0.43933176555300074,0.048126459289227014,0.41279813000906074,1.7914319921439477,1.979916772382263,0.5543233091620224,0.2134850505219012,0.7178933651124951,1.4816580470655014,0.480737839811829
0.619019438997233,0.18839140444366553,0.406495309127442,0.046848221189701784,0.4548903044447701,2.0393029313071507,1.9459657520242732,0.5425396332423031,0.17269383139248648,0.6316667079749654,1.4521442461150968,0.4683124710905751
0.6439208921376914,0.16249211690285387,0.42731247259788885,0.04911571136388051,0.37123623190299815,1.771483614066636,2.0591780236891073,0.5145700897555967,0.1810547738967494,0.6274035597491892,1.4123395422728562,0.4815377490142448
0.6194308174078105,0.1665120066874716,0.4357737309437363,0.04565810090912476,0.3567639068715845,1.8256210454133268,1.6163646374970244,0.5881235007966822,0.17659109330090075,0.6345741621329083,1.155837510667912,0.47620813062497075
0.5913085676414559,0.17268538173546932,0.433975101035176,0.045555015182418876,0.4060051440246209,1.981256281417246,1.6064227134866704,0.6320662882603572,0.19168510154397933,0.6601897885465651,1.1774258233321322,0.4771386014927703
0.6103843963581463,0.175405632584901,0.44922987034896195,0.04696450223710901,0.39908360871424303,1.9033729588333907,1.767830700369132,0.5736576800217419,0.1770902551678785,0.887596115486874,1.1868629875840908,0.5973648613352286
0.5716464512858548,0.15518073087684706,0.42502717738300066,0.04788508819769831,0.4061962675482001,1.9384206609479588,1.4635930052760944,0.655459837716538,0.1568507728344723,0.506075970650188,1.2181288194976518,0.4718719123651354
0.5678373978891657,0.19777855540075645,0.46002569662258785,0.049362601553704775,0.41263123355584497,1.749462990086288,1.7108626288823925,0.5975609391554998,0.20872053028882978,0.6277255096845945,1.3479633844955439,0.48568815339988297
0.5912053010808764,0.18472751924293973,0.4615645890600727,0.04617887589279172,0.38701386085157996,2.080601923001459,1.523063126796426,0.6599702722901775,0.17863185275398288,0.4833258427428655,1.3535563886199284,0.4387444106490962
0.5893560787186258,0.18706634690490423,0.3883384988362848,0.04921476365598403,0.4485727433745418,2.0749628640463333,1.7966043831002405,0.612689509400233,0.30537307782779377,0.9397920167832376,1.4678217187432707,0.5761040681238663
0.5818266920945027,0.1880529685718727,0.3928126660070836,0.04506688336588268,0.4631003184331548,2.217953345848811,1.655559739728043,0.6405236029928901,0.26295275368151283,1.1330210698266987,1.4520741343739167,0.6850486987049134
0.5531258852450592,0.16567103888853085,0.44207123473690535,0.04663937416690928,0.366714307181598,2.3212105374110585,1.101151723724412,0.8040294586476916,0.11760426801931738,0.7836663316896261,0.9269500528134607,0.5716313426690612
0.5266069946963258,0.1805073143741807,0.43925631285455713,0.047381590700348544,0.44911908264682326,2.250039358389325,1.33394394664953,0.7869591974112982,0.14625113984211216,0.642958355950283,1.061780267670034,0.5184600616308195
0.5406156669554372,0.17003875609024585,0.42878236597563246,0.0486798403281112,0.45432598801421076,2.092536917175061,1.3462009042474754,0.7126165373257747,0.13828908717614227,0.6103815388062418,1.0999512767437136,0.5137350523141426
0.530835448731334,0.17372730386999083,0.3600887558783818,0.047089144795502864,0.4612046031813034,2.0405143155584016,1.4481480237524453,0.7321377280633641,0.14448166318414055,0.6691025372966496,1.130458815350095,0.5239449091135793
0.6297113795508225,0.1472004489987654,0.3926145294797639,0.046556944970381084,0.4138228034098684,1.7494257849615862,1.9932537783412665,0.5189365312625349,0.13704188551112342,1.3174444523531916,0.8404384842551131,0.6975203616691282
0.625310528053672,0.20093128875137153,0.4776643652419159,0.04654089748623054,0.38458503913836956,2.0428504874628457,2.0488332019468465,0.5610062292584556,0.10756107642348389,0.799487805680235,0.7744446173411013,0.585267431717917
0.5950703219775808,0.1463533183488869,0.43841635165941956,0.04892512425169474,0.39523333581105613,1.4902861932296367,2.057575020667594,0.5266263340342188,0.17034607238926763,0.7333934224763886,1.0368234454748317,0.5562015756992046
0.5890110940447953,0.19789750613652823,0.47751810774079584,0.04842081051539293,0.39690466419712356,1.824567807889556,1.5835114672973587,0.5858426003378672,0.14805823775142055,0.6144566918237937,1.1120792744253765,0.49528579634682846
0.680581393595262,0.16129968236891812,0.4347340818461786,0.04776039871652405,0.36288379216173494,1.8770136901534717,2.5517263446751617,0.47422441737523663,0.17871671324106295,0.5523960830762945,1.3509315922217364,0.4299672214066791
0.6268391586880664,0.17265441041664248,0.3943195608001936,0.04866308392129423,0.4397182954762616,1.7644678970927474,2.2824545821715736,0.49162142054060637,0.17959118114142453,0.3790598700383308,1.6647368811281142,0.3925269507358193
0.6143223241902713,0.18991224719450284,0.48695058208687186,0.04572875636951524,0.39701736458362613,1.857912178343279,1.9455524136513602,0.5547547723696186,0.1657374336380285,0.5722864036720889,1.1307521590434224,0.47670623807313534
0.6206810862751319,0.18789120132156623,0.48144000261232855,0.04588705938270226,0.3702692876548174,1.8067712539871268,1.9294350226809238,0.5464251458487903,0.19303129838252756,0.7828141674539613,1.1209644275491892,0.5376270472035376
0.6064233114043015,0.16581176799062428,0.44273933903539126,0.04733961453412918,0.4097266425315659,1.5961117577937773,2.0041046379302245,0.5022651212900087,0.20951402334698915,0.8356194564001594,1.1404254386846675,0.5550966212617378
0.6091057998641317,0.17784661020482553,0.489638832278293,0.045666683519723805,0.38195263657748796,1.713741826195802,1.902956777999006,0.5602328110015495,0.22722938290064598,1.0995888534111182,1.3794543230973317,0.6326065086585992
0.6011928959097963,0.16397709058158813,0.41677895124523695,0.04745685281912544,0.3869165481372971,1.6171780739244368,1.7959361594849923,0.555993713402262,0.1585595305858795,0.9385427905581876,1.133076702172688,0.5988167770956347
0.6080238882109391,0.15966642471161252,0.40870825024831053,0.04929430152453007,0.3990191729217396,1.6682101140752108,1.7848481006235286,0.530549582243001,0.19725936424922463,1.0018060594748237,1.0655410708378148,0.6483992341797047
0.6091759327147528,0.19515020304932587,0.4709162758001515,0.04433720496367156,0.407898439718126,1.9877574622460854,1.826365719541988,0.58403904005066,0.23725483940185438,0.9363328242178107,1.3315810722698005,0.5798119296194802
0.5867446681259705,0.17800533694319753,0.3951627624345922,0.051531133859250323,0.4549201999943065,2.074306825846662,1.6595566580305705,0.6229101579566537,0.1795814012030449,1.009049157663185,1.0972856007664575,0.6256583717489568
0.6117837099238994,0.18437375811118234,0.4978151287024201,0.041996390613511334,0.386881881989374,1.6751681822490057,2.0283767895981697,0.5209088020705351,0.19982467726367378,1.3097590901425742,1.0536232586681569,0.7111217542172903
0.6426024487742552,0.15663134886160335,0.41095331536531543,0.052111672317601596,0.38665313417459973,1.824290464664584,1.9055239330231575,0.5231270427053251,0.12097732060731509,1.7971351071676098,0.8083329849537554,0.8025354076062261
0.5911396234826073,0.1793063651610518,0.47486252929086065,0.04369283423575827,0.4394744432491214,1.9429490410878432,1.8162265363373298,0.5842972459915449,0.2415005675274423,0.92891001503093,1.213735027217912,0.590393537703057
0.5664043542483543,0.17262998006405683,0.3954028687087629,0.04955257036101126,0.38391906512338675,1.7469572895608523,1.3397693586971542,0.6539331109539949,0.16987164409059025,0.7946878718458513,1.2688726090825446,0.557697595897072
0.5310059770008944,0.1844988646787724,0.39539876843902977,0.050502474214947524,0.43114067084415725,1.805123982811809,1.4028339057461032,0.6862100415419308,0.14021704690158862,1.1395771636451502,0.968306283386621,0.6737977383217554
0.5762338252964837,0.1681454446037505,0.4114934924360842,0.04782178972049316,0.39847351791526053,2.08196678770244,1.3554572766802218,0.6867888288490652,0.2541832337727222,0.6125064570416981,1.5868679545963762,0.45542717800962174
0.6445784866651197,0.17055532600824994,0.4453060935538514,0.051110595197439386,0.3745055333575164,1.7080405867591262,2.0072422773674385,0.4851839136476171,0.18601902657135216,1.5173659993936623,0.966728530465123,0.7608698012654569
0.6478177363717957,0.17240743214813573,0.4328831429317875,0.04288829913517592,0.4176693066387714,2.0657346887860326,1.8982312507407266,0.5427945987988155,0.10981234429598799,0.24824485792004475,1.6705102905275862,0.3439632048979038
0.62129295352059,0.18201333661686034,0.5032176776016869,0.05090877453978132,0.4039738957969766,1.9047040640308976,2.013938824824514,0.5538905372051532,0.06854691023348436,0.18281394277110924,1.2210014603415955,0.3672263786228042
0.6597384575402314,0.14892543660900961,0.3678085373147697,0.04358994781191248,0.3963796845445077,1.9045605746473167,2.061302523849621,0.5103945380489782,0.0776296263465176,0.19930698171115904,1.2634277825852116,0.3517113675262581
0.6030648502477498,0.15897753332396997,0.5437510226583981,0.05363226071795983,0.4242215539115167,1.8534351524413875,1.856382924330657,0.5690182771268945,0.2610389933338118,1.1454351123717874,1.454501253019604,0.6914649254493451
0.5982311410401266,0.1567527338206013,0.49813726131834724,0.054175591762007466,0.4127332204862429,1.779246781338063,1.8315620322521369,0.5745256585396054,0.24278361973163465,1.1612433888924112,1.2791215377764826,0.6625845918555651
0.6224757411458747,0.18645291033730696,0.4662390709768346,0.04615535560834854,0.3931466733439852,2.3775826116002765,1.4968655498922776,0.6473644599065094,0.15505985225998567,0.4451780319980948,1.552080590679353,0.41424547198065254
0.553982358112327,0.15115532206095808,0.4380805936735847,0.04747171850174152,0.38883021043683474,2.330775310120337,1.2101954411887137,0.8314758530783009,0.3121949973161014,0.6959112434175858,2.486529892921927,0.4396029381800449
0.547775157823649,0.19056718034814904,0.42388284510151614,0.04755591182260614,0.4366450736254065,2.2704936828358817,1.3039337232205166,0.734280052274495,0.1991456937387008,0.41722978786071463,1.8712594059885814,0.37492449104236725
0.5392110663634923,0.1693075433753528,0.398009202518596,0.04747916369646971,0.4251135299900071,2.1788674173607956,1.2732252670789261,0.7665736773337724,0.26805796705432716,0.5907067142418196,1.9254721564877872,0.4258249744961693
0.5445952192822102,0.15725023182185408,0.49899887209313637,0.044597579490338025,0.43772143502040384,2.3972232178892185,1.1944988052401302,0.7872035030565117,0.280828229101126,0.6379544993003754,1.8963146455405757,0.4542337399660715
0.5002972919186675,0.19138578828090422,0.36095595532912306,0.05059592431072881,0.40602316929648746,2.1439098818156705,1.1278904050663459,0.8257151656952202,0.27788741629022207,0.6588138238576621,1.9526320328126732,0.4508547926168518
0.4883556798888723,0.19004209289675728,0.4178461093776318,0.051795989734382875,0.45998687196697646,2.272202594465135,1.2094899327107624,0.8527049756138859,0.21361371336208876,0.45855444663808875,1.8975724454336094,0.39441456750095033
0.5157959059548304,0.20099694208572985,0.4676482851210752,0.04557097429629107,0.47062428391953515,2.131211683761591,1.3827210613634684,0.7455610238436098,0.12222739369064457,0.44717711410300015,1.169368942256492,0.4449923555254227
0.5489554917137581,0.1932037757976217,0.45292710772186034,0.051782443225303475,0.4541047989239317,2.348611766970824,1.4997922546943776,0.7299817858797446,0.13505652938658924,0.5160732936988907,1.000226253362215,0.48631870110729225
0.538435337637736,0.16006278673434143,0.46421617621687267,0.05095683608081311,0.3885653529176834,2.0164004558603126,1.2281200674015946,0.7724256186434781,0.26140294087551147,0.8785310809968305,1.7322068880084134,0.5460432012210288
0.5630017204900474,0.15803831661940618,0.45151195100597036,0.04420568743270585,0.39590734946156897,1.7781531092891774,1.4145669565213939,0.6723920850513706,0.12911821929867104,0.651878593438194,1.1588771302095031,0.49357650748451265
0.5581152356260701,0.15881306403094417,0.4305875092789399,0.046890830823690506,0.3900346726588497,1.6900469763181216,1.3828730567914718,0.6741633335159747,0.22176471509155704,1.0042381556312958,1.3232641292631777,0.5825581224007286
0.5945901639903706,0.19246984893107058,0.45088394242588836,0.05030362369027662,0.39248228540252833,1.7491261038490362,1.8433998937235008,0.5537197602760557,0.15981831025766322,1.4071409478916348,0.8283611299794075,0.7370735187875872
0.5802408580619662,0.19753432383106379,0.4329571926382918,0.04537203289497585,0.4015462553675343,1.758726474707265,1.6865105559644589,0.560384774941746,0.16292245996547577,1.2146258079313625,0.8889100401239035,0.7072680301960418
0.6233229343197102,0.14284348015647105,0.44619919704397265,0.049581330186171266,0.3496438753545599,1.450217453758246,1.9209211854288037,0.5232890918146826,0.27003039491622277,0.8763492070126406,1.5908608527753203,0.5233681369498697
0.6183650843010315,0.1582979686647006,0.42122679720192807,0.050235377115326475,0.3398623620285512,1.626364412036611,1.6875120440003217,0.5562826048985295,0.27380362072079556,0.8129376143491245,1.7079456099603998,0.5184866308358932
0.6068000713939798,0.155368535857916,0.46296918146475124,0.04601435991035027,0.38255214062688014,1.6933037384932037,1.7631959154695522,0.5628674271569202,0.26520985776961653,0.8236771682081002,1.5014244961175134,0.52636692581562
0.6168513885218048,0.1897762033623596,0.42285313525870705,0.04706786127974557,0.400259723012926,1.8840777436623346,1.9429409168600869,0.5484156245727504,0.19045520144402825,0.9226962029432988,1.1122477903358658,0.5985496567912924
0.6375118481560625,0.16481897408014098,0.4537280159112904,0.04639658127243471,0.4341044737572656,1.908231703541379,2.0479084364606988,0.5051624925196346,0.1992322913794667,0.9068653007702137,1.1958641000779122,0.5841447589206296
0.6299904109952092,0.17918609655551032,0.4370181012967975,0.046784966321073575,0.398535461679791,1.9254603848849805,2.0448419382550136,0.5421340701406393,0.1122227375084813,1.7915610204579815,0.7318438724798837,0.815285932330777
0.6399336361113298,0.17348619168674417,0.42978836855215957,0.04584131092567981,0.3900995856150955,1.8042997876759808,2.034515531994547,0.5135225556062449,0.13373964186104545,0.8687913278079686,0.9277880323737139,0.5740322306378466
0.6450423792996688,0.16564210166721066,0.42804266874952024,0.048441268091888375,0.3998602112380312,1.822911184884288,2.103798959552876,0.5035040592150578,0.12104317498535826,0.8101667071061759,0.9464248966391904,0.5893455685234169
0.6313319943076684,0.1939292889481475,0.4645226675507929,0.049666936748187965,0.42228399447166004,1.7743766072871248,2.4029827701791993,0.47091955461599244,0.3092617752084674,0.6387711745713892,2.109829264782921,0.4216686753897378
0.6457251608434655,0.18576798522604182,0.41971509326079676,0.04739231541541128,0.36785614643882053,1.6519186509319848,2.348255147352691,0.464994375744273,0.2678707251197773,0.6263966311769552,1.6694387580857335,0.4463436190113341
0.6278805299941812,0.17369156033464891,0.4455689408432229,0.044313136542792245,0.4130746176788697,1.7613207334260124,2.1203875777537293,0.5007584801101118,0.08535872125818644,0.5448887750424815,0.8244636722307718,0.49754341827013726
0.6326419954565639,0.1628368253489747,0.4403217443246362,0.043310430723385154,0.407477089468077,1.7101492767534439,2.1890820284227726,0.4928398380731298,0.09844601516373362,0.504486132934753,0.95791156369066,0.49028347721504345
0.6271779415365107,0.19898517874758442,0.4326655959440177,0.0463292475853805,0.4186599814096859,1.9247801985606474,2.235036391993314,0.5083266744582754,0.06740502815924669,0.34378032635608813,0.7804245232223614,0.4690246886994827
0.6295917753326528,0.1719004055764865,0.4870361826458828,0.04602820615888221,0.4355404137542503,1.8403373052662706,2.2946462060073824,0.5096425939310849,0.04192937577963628,0.29748857612715784,0.7522283860099607,0.4470021920584292
0.6388816360853958,0.17820022240442937,0.43624447152653467,0.04583577340604112,0.3724590683325928,1.888177358896526,1.9149087227509913,0.5077248783546917,0.17074514940292226,0.7644098139902228,1.0817587571857985,0.5442649595392339
0.5976918354980794,0.1837505756025859,0.44654259093928844,0.04840492517021405,0.3830288745625809,1.5374606177533177,1.9845777931250492,0.5356603164256306,0.10575130740595551,0.5101167703704195,0.97666870434954,0.47358531195555065
0.6237534769678429,0.18031075461683835,0.4799174646485973,0.047061043235411965,0.44181899853150297,2.0412396768220096,2.020955361792969,0.5380916481782968,0.0484413086562257,0.2931525020246375,0.8939476500715047,0.4158751312703831
0.5864370298134657,0.17617419036079235,0.42327852138809746,0.04681365683637996,0.4145707036851856,1.8689022375264228,1.5850944831106566,0.6237687326989798,0.1992920110818426,0.4332727108939403,1.73704961751463,0.3476906974287492
0.5851868642069304,0.17681932064906383,0.463959440382958,0.046643612690980926,0.4111631491458111,2.0179318848190784,1.5237759502645079,0.6409621750810085,0.20641768331442806,0.33309599398511064,2.2680205872360197,0.33405566609479176
0.5941843799554222,0.15813112051180117,0.4188279888021156,0.04715025612071391,0.4153697776447813,2.089603898727177,1.4825231037959432,0.6595900666399683,0.27583371784642796,0.42249462633351864,3.290633150106513,0.32041814674943264
0.597959632510346,0.18825922015872848,0.4167988418391456,0.04595450263159763,0.4042177898756352,1.7469481977081383,1.9458890256060553,0.5551120281994101,0.06969161474554604,2.0129328582127686,0.5935063527857278,0.8127816766171089
0.6171801481051638,0.16385701023924698,0.49442243664898744,0.04398901080745598,0.38507467460542766,1.8212552824279225,1.7967800623370276,0.5508477241834795,0.14662988917685496,1.401312083923592,0.8727186592841598,0.7354497765152728
0.594983424973879,0.1840359041495015,0.3944071653516453,0.047691858057481655,0.3924311542476494,1.9934717349621163,1.5511192069472601,0.614583885210491,0.15209128085829463,1.254275274791027,0.874668912907317,0.719713368643343
0.6271401995267194,0.16953674584405054,0.45389726960289434,0.04405860735326493,0.41620464898454895,1.7773167351214907,2.076742458471474,0.5168007203072709,0.12817369022604125,1.8695852461725453,0.8633887054384453,0.8546779813939767
0.5707074554376489,0.18436750420243692,0.40679517143010235,0.044693257805829646,0.4343627448028546,2.3651347455775236,1.3859988240973893,0.7244324191986176,0.1971299709836759,0.4376595933726482,1.8116620054321788,0.37645802757719066
0.5758348957361904,0.19964904996102523,0.40204490709905516,0.04493061984597291,0.42517598274031454,2.4462347015160852,1.4962851252512104,0.7389040046274917,0.18671744213322652,0.33265513232456295,1.9545939323236317,0.34845013924105567
0.5874625130431713,0.18693611478547156,0.4229223086170968,0.04971621985752905,0.3846581536202129,1.7668884665381641,1.7074859629053811,0.5935814897657217,0.12074427912895418,0.7588633385969314,0.8812854089426044,0.5322320430573925
0.5745516558659477,0.18463559001229995,0.4186093347976274,0.045145359872872055,0.4100174181148971,1.691072328323343,1.6463598923501,0.6030542764992041,0.07665700467956724,0.9814229195620041,0.8062318670973346,0.5857006111844009
0.578786863096569,0.18379533105871787,0.46343601626188374,0.05154977344411258,0.4041179571702129,1.9827445099787242,1.545515306674005,0.6487292277116635,0.20846630479055497,0.8699607360611018,1.0614483363689053,0.5707313411029796
0.5932246111253909,0.18774475726380122,0.4100480044858246,0.046764500076461844,0.3910600850299415,2.0229628640470185,1.476656365934272,0.6289124848882439,0.23167956725468383,0.6518363235241486,1.387167845772683,0.4764616221924335
0.5764244327455914,0.15786288815989474,0.43606473764959397,0.049744165828848524,0.44249416665397634,2.2979639947199986,1.5061052612823977,0.7292984770064811,0.1728514087780016,0.6379975440664332,1.2435692425366673,0.4891223045885864
0.5382173551028501,0.16524303613497998,0.41239605164084153,0.04805855103194052,0.4351383436734029,2.090495526469949,1.404559841009301,0.7632708577279432,0.16006967643097125,0.6872632686291582,1.1412214350862975,0.5349593628682918
0.5372192516354533,0.16327617400509442,0.47138265713655275,0.05223168701435687,0.41022857849136923,1.9333831038812286,1.1943920809068247,0.7562435474946099,0.1827654117147676,0.7396188056217698,1.251514935247683,0.52475411840866
0.5280323380528019,0.18362428658655516,0.42136079877641813,0.04572884107558454,0.3603183722950732,1.978649943334541,1.1124771027879952,0.7701211708859342,0.23594290952993047,0.752154698133002,1.6041023839762605,0.49820873787805436
0.5927176741652685,0.16413971717889406,0.41833082182745296,0.045910123934972145,0.448166598596526,2.5200276951836305,1.4356707309905814,0.7153575503590421,0.175587691215436,0.36998832971167434,1.631342658456082,0.3642980075070567
0.5866513038344706,0.19370206043736288,0.46028047884617096,0.04713468354262715,0.39924767711233433,1.9876977738446124,1.6279798494755338,0.6290753832205216,0.26291766370258574,0.7090593053294526,1.6369123686026272,0.47029442824383555
0.59722214122326,0.18517813101824704,0.450078898108703,0.04801183436424416,0.4026936646960074,2.0043769683050203,1.6259062743563848,0.6041924421121778,0.2755240346478518,0.7680723426782717,1.662833977706154,0.5040417592348719
0.5846124485062114,0.19036988273218833,0.5092905170647664,0.05031213704665111,0.3875261134330749,1.7191981293733636,1.8192330518924484,0.5815947987089659,0.265247096527076,0.7341915011412352,1.6317225630790464,0.500264360312663
0.5935734698173472,0.17280543990019603,0.4875571404589916,0.04582924120749347,0.39150291839690654,1.702294684388545,1.722968388774418,0.564778242265094,0.2891310498720005,0.7965062178025469,1.646769468458595,0.5093763261253855
0.6576729601074505,0.1807617188517308,0.5266079823482994,0.04348164758746998,0.4007048046297747,1.8620815922801648,2.29908884963965,0.479821150184741,0.06418768183925037,0.8159872429854772,0.6663475792496683,0.5997073887910483
0.6460112291222244,0.16084446730736907,0.409903362619118,0.04915941522321069,0.42434750031642887,1.8360549845978844,2.2205928097634327,0.4809016191879584,0.026354802788014105,0.9272531782915757,0.474821492425178,0.5986780959525659
0.6416842661434571,0.16722078996743794,0.4418003352535477,0.05178513980080001,0.4267044670319456,1.824414337258978,2.2412099084997408,0.46152894572188663,0.015624897052880202,0.9521989096231189,0.47171894002149267,0.6492644942049355
0.6371792754590273,0.1687848829435938,0.4646029341599688,0.043734897164469266,0.39811727763059757,1.7462996523657432,2.2594679107321047,0.489502997766179,0.02038292082419235,1.3243170114254361,0.4644323433676075,0.6974888947753912
0.6492634031563654,0.17329124889386202,0.48056623046536345,0.044489682653356816,0.36068081723494866,1.67542063562517,2.2778772680801347,0.47951463793929305,0.15152720562663488,0.523822478895645,1.0088943876078802,0.47564350228279895
0.6527667853784278,0.17967630238827736,0.4438655086659134,0.04179698179240559,0.3529865376613408,1.6539220038791846,2.090976095193432,0.4825226836623934,0.10726186838730697,0.5034864434278883,1.1119300610950111,0.44824163064552924
0.6244991040930903,0.1631705771026309,0.4313720350180903,0.05288345277777276,0.394000364225699,1.9901757726415188,1.6947702647721627,0.5849857921856083,0.0945860244913371,0.6154791117244056,1.058097248652282,0.5074465590905023
0.6145590844709645,0.17860077301324323,0.4448130371318883,0.05066250514727009,0.41193249961194867,2.051743344843766,1.840645109679057,0.5819466445504035,0.13834851952886737,0.5118939657292383,0.9007323839753782,0.49548918421101446
0.6291244467081102,0.19607214412434987,0.45350612635467646,0.043777137753843266,0.4379062243902405,2.3606576339425454,1.8931904896110656,0.582315195575572,0.11514530090335243,0.6566420402468914,0.8442826800311602,0.5416559393675395
0.5786349960426969,0.15806890724428946,0.4481656712717214,0.046152151079595936,0.4058534309882346,1.8784802210702154,1.4867102785619235,0.6388042581309592,0.28250315149325456,1.764806276257643,1.1694701477267777,0.8660984528561193
0.5680219729178236,0.1600068645776294,0.3917937894394534,0.05372575307858531,0.4151201605354031,1.8557376129155425,1.4149435927263923,0.6596283949955705,0.1905927177438341,1.6071318742743892,1.0015281266095175,0.8203547374301142
0.5732715693681816,0.17605833517639696,0.48526361469034823,0.04204726640965872,0.36945951122903925,1.7152792777969814,1.4681990979550468,0.6268202687831426,0.20859055498514212,2.053859819919141,0.9676951542028087,0.9136793487757253
0.588539677415152,0.18682894231129724,0.42340565803707764,0.04976599224211569,0.4469894273639446,2.052102871474812,1.695726248028219,0.5763015563139233,0.2032822946631426,1.5179313193297976,0.9766467850804421,0.7909588307665645
0.6285729191872683,0.14498656531817128,0.4111682482715516,0.046442026394432394,0.4354506368815579,2.23053088710415,1.5921592658687675,0.6080459839936101,0.18906887274051526,1.167272689396154,1.1063980930486375,0.6720178723569772
0.6003364796815283,0.18398840382974255,0.44231967459109367,0.04773208528903239,0.4056484829952819,1.7541937984771594,2.093838085091387,0.559371045274692,0.06271402062175176,0.7583282866368757,0.7531874662684173,0.5489870996992576
0.6685090670988187,0.17031545483295513,0.4266245483735764,0.051537210691241515,0.4080180874676266,1.978306617492267,2.514045703847941,0.4856087942204304,0.08139038365487743,1.7412970510098587,0.6926511284656675,0.7488328797308272
0.6829187892604325,0.16591322874612285,0.42844094998061005,0.04956646490402721,0.39257409692314466,2.016475123293284,2.272716276327498,0.48216574331125994,0.07298451167710171,1.6256266520558116,0.676292592288823,0.7732198460621607
0.6459696971326784,0.17387810721648028,0.4062446426295534,0.0465422554306954,0.3916299968166732,1.887230130058798,2.168191709894356,0.5007082263904974,0.06714990546159495,1.432981995471943,0.626219957810924,0.707722969345735
0.5969460699795524,0.1708383740910601,0.4690279355660106,0.04786062923585914,0.3989467859425388,1.8953568607078362,1.550260077560131,0.6177492302569092,0.24996814005341328,0.6946878174635682,1.6494826873886432,0.48771172059695456
0.6285999030511911,0.18881181141693937,0.4228458151847664,0.04419244097865398,0.386928205347041,1.8931271553253548,1.8184209715867912,0.551624613491697,0.20825210049218248,0.5567985096369684,1.592450403886821,0.44157422034182836
0.6028804913052169,0.16658624876624262,0.4515798246892766,0.052278778448897265,0.356030235622243,1.6837219622562563,1.512231094113685,0.5789870372650988,0.26420628715952627,0.43117057538826375,2.27101812656485,0.3561345839786802
0.5901063456453051,0.19103659957881344,0.4525704600081312,0.04424053582980302,0.41603991720820754,1.7491474784158365,1.9910501797025117,0.5494303329444479,0.2206746337800975,0.605798990687253,1.4666457318355,0.47618578450854065
0.583434129339364,0.16521632983084888,0.4219378224401981,0.04756685202965897,0.41292116559630787,1.8925992067694741,1.5456070696940396,0.6147352348382935,0.19322278239222648,0.577337216271474,1.2211199813839793,0.49639214867941667
0.5969772352490557,0.18236197321960831,0.4452361517079421,0.04570362396132912,0.3678082277047533,1.5790342634276588,1.7758482907230213,0.5359529201640625,0.2212746497376713,0.6519830461212379,1.2117785629490347,0.4810577804071865
0.581709260639077,0.1675597340819538,0.4686689259941818,0.049811799935134904,0.4326297209244239,1.7424621858596971,1.6677694491878505,0.5623147402292374,0.19737276962847086,0.5584640537690929,1.1543290807075217,0.5157619253490197
0.6327187980055776,0.18259445232569854,0.4609397560716337,0.049869027116150426,0.38430935483825124,1.920762016470321,1.8672734470315833,0.5349407204204304,0.16435589779763782,0.7596352672428152,1.2510530042733599,0.5558559046171965
0.6044350546012167,0.1695730437886537,0.4624303980429377,0.051215950096048936,0.37150800631219005,1.8280056348235298,1.7949766175590114,0.5898898520718596,0.18039129576995283,0.6426174229622084,1.2179546480322052,0.51529301113096
0.6542537664063411,0.1590713605134465,0.42701247723965396,0.047171814031137196,0.4133814774813002,1.8529642737812657,2.3918759553340103,0.48446777696433474,0.2246946147710137,0.7284229277912815,1.3389242335677582,0.5257511108738857
0.6492425070765473,0.1660018158404615,0.45075551040308365,0.04759796537167339,0.4164959441779921,1.8684475658851842,2.2185013876697903,0.48922195423095294,0.19701165792085337,0.6300614497732868,1.4333037616752524,0.44666212257675353
0.6683091092924774,0.16854128006883093,0.4360693998403284,0.048791454768924776,0.38574125828459466,1.8033898909075785,2.414503451448529,0.47744573605840734,0.2525681040220253,0.6579008812328673,1.6749948329552327,0.4777234547299649
0.6883797085552141,0.1547983752611713,0.505518765353455,0.04893490302563643,0.3996709697340668,1.890453760527088,2.6086591510665373,0.4276503600956153,0.2805032914767398,0.6093561367945493,1.6856658671114206,0.4441649454628097
0.66602240813593,0.17576155308464236,0.416207226486126,0.04612968973319755,0.4104581587396377,1.7246648044329165,2.935867972533738,0.4148850978347624,0.10761075998992897,0.47607151531278524,0.9840836108230004,0.4565067354530746
0.6459277357767871,0.17557087242163547,0.44274386374457914,0.047205344832534975,0.3918941016089344,1.7374754497636629,2.293098921241957,0.479254489800417,0.2929670630325269,0.50210810748557,2.402563020993206,0.3763424186588785
0.6494681732210767,0.17950991980296577,0.42909251110207397,0.04750026965586151,0.4128430502685843,1.7848157693960591,2.3593602811018406,0.455988118252755,0.09750148821951868,0.869150199330695,0.8356798499932417,0.6042798071058538
0.6422147324405262,0.1794962787700623,0.38598998552015806,0.045344652454091555,0.42924128318836696,1.9058867812829503,2.457361509969315,0.48605055241308315,0.145588079207459,0.8366182701361128,0.9672481661044524,0.5951692479010795
0.6288791511363534,0.2105219865138519,0.4032758169139111,0.053850173425811346,0.41264404058940996,1.9758358775428675,2.1423281363291244,0.49649315694897206,0.18087946520366793,0.7551484958968145,1.1786294583201726,0.5781065509523594
0.6346811488788506,0.21058734145712316,0.4539563056154914,0.046753679347721226,0.41123546913938813,2.025269277592985,2.4502677805356807,0.5102883829113861,0.22779936869291756,0.9106139461775669,1.3417041897280375,0.6095692111005807
0.6355091621117807,0.2111633618114874,0.4497432964321334,0.04660520976158963,0.41557810707298537,2.014182877707722,2.419852676118065,0.5061886871472192,0.22943921317775495,0.9463702160437498,1.3587463841522043,0.6000292972855696
0.6231818927357838,0.16716525673224863,0.419554252720546,0.0475527472778896,0.3876223967894345,1.6385614467745322,2.109250826279029,0.5085179289867342,0.15591623390980328,0.9193963134558386,1.0799039695713997,0.5808560699547255
0.6331031031271669,0.17337233261808838,0.4866006731730335,0.04772099018070911,0.37333029641430004,1.7535832929738697,2.006048212404558,0.5064566677677529,0.22313235119428837,0.9791763819532444,1.0984773697893253,0.6160593898453257
0.6423299800667852,0.17603898134993104,0.4030665538732687,0.046095134332432904,0.3931893839358235,1.9476197255952952,2.117064201317467,0.5284360580999078,0.17194284078506825,0.9644117641420178,0.9786822061473566,0.6071680515478197
0.6073929466207105,0.16746326292237576,0.44423101396514314,0.048369729910840285,0.4093601971632574,1.758198585580975,1.8809313890737056,0.5444697339475186,0.15781631923657985,0.846823815883,1.1235174014758695,0.5980175378845449
0.6012980893563734,0.18243343857724217,0.45840198717684516,0.04513872052814311,0.4005456875143087,1.9010595252446392,1.7793264579723465,0.5901268750651296,0.1883269406642214,1.179017173352945,1.1487566055700438,0.6915403123037206
0.6009888161353479,0.18036784667964345,0.45122459476965904,0.04930672295556019,0.4045930974396568,1.6589177229269927,2.1191017554804388,0.5053103530954052,0.22736088828265688,0.8391545961611884,1.1665023361195594,0.5735796361856048
0.6047513906575644,0.1831016315960793,0.4361685537735847,0.04552758805265944,0.3972928438319484,1.7533619252085648,1.9228427198616973,0.5512621632456658,0.1802344831334036,0.9250939702030193,0.94936539892398,0.6028265191937331
0.6106391932841764,0.16687400589779938,0.44301955308533814,0.046053481668071244,0.4222932728036397,1.7901246785325593,1.9790509729046137,0.5374328325841835,0.2588025997486532,1.2263641635585036,1.1199353663481215,0.6847570209075758
0.6414134160988235,0.19366669779712492,0.4385102461827906,0.05151937347970631,0.40862253136899324,1.987227716085624,2.106545407321816,0.5131961544743672,0.08717979485398274,0.9693062177596788,0.8943077927949247,0.6161516813806546
0.6184860268647332,0.1777793218398589,0.41862001370732105,0.04430520401145273,0.37113229046693624,1.873243434995786,1.7592223522897708,0.5857411852705846,0.2535653465388182,0.5621529038253122,2.1707566247758274,0.3907559095725721
0.5965575627842122,0.15937758592674878,0.48012551967515155,0.05231955260750389,0.41316417269169053,1.5839896917300578,1.8837036994244662,0.5433296718773716,0.32336678992958207,0.6410444937620267,2.3519956223000364,0.4054251827475407
0.5927845749210898,0.16973831608146797,0.493914162630864,0.051079889232577766,0.3938684401743129,1.5708491892002403,1.8564621073476564,0.5232660947585401,0.32073423574161875,0.5796925179210067,2.4137936091604946,0.3882199770625891
0.5912078218467419,0.18029324342261088,0.49314852065700004,0.04904779051412241,0.44439430670118374,2.3681739778948208,1.6138458042626203,0.6692139660367288,0.17736948524888888,0.43277108446405477,1.6309358925753046,0.40131255192009785
0.6096077787427812,0.1687343680493519,0.45080110325412726,0.04800486626593152,0.39572354391776815,1.7991410908321548,1.7349753977070148,0.5558932563433576,0.15410534491118405,1.2022417080158154,0.9099765966090546,0.6647397292561255
0.615518062459441,0.18567568216029515,0.4365077901029652,0.04517021419826622,0.39993292474593634,2.0332243316165264,1.7484270822100367,0.6065156982178643,0.21730373310180298,1.2784426838248162,1.3569666221746126,0.7060337791317055
0.6110528673651269,0.18416985291822732,0.44063438587039583,0.04897531526892627,0.375379406403218,1.8666976094791585,1.6791084575885822,0.5830007354123139,0.0907318279112798,0.350380017233545,0.8311059593327333,0.44439567272224
0.591693490146893,0.1754537519582595,0.42463944559460287,0.046713959713235054,0.46290284315073027,1.9208797114368028,1.8772045051015194,0.5617605064117036,0.10633628730542678,0.4857918812976461,0.9593473466382223,0.4830418953265977
0.5721679247392588,0.21536697834776572,0.45449258617092214,0.04881511433494453,0.4468475559755764,2.405447111789408,1.6436309693972753,0.6825811338904332,0.12006945139179455,0.4215444646898642,1.0694430876302017,0.43787449905903264
0.6555535458543947,0.18017476338428925,0.4482319140342264,0.04677848367291096,0.3512946941587289,1.6144576169952347,2.2498160947305617,0.4500034692441797,0.12270399412569827,0.3338081165795597,1.3309261492342819,0.38223287359538366
0.6544790556885127,0.17344718275195284,0.4303238319138758,0.04607295720877812,0.39200816074863176,1.7732224264065395,2.1009890434348746,0.48444299149042364,0.13914321949886171,0.42384115096789854,1.2976976018202606,0.3961709709675026
0.6448863259857291,0.163470621099026,0.3926863706732521,0.04984960344649913,0.37895156045494127,1.724462461567277,1.8649299486706665,0.5071113190828536,0.1207642425083976,0.47635487010082767,1.111511074013395,0.4332108294438646
0.6326310968134768,0.1951659098056079,0.482602608156175,0.04329067966102016,0.3984201838730976,1.6830569945161409,2.375085555647069,0.4567441586675743,0.10364163882705446,0.25401897220438296,1.2495263811703823,0.3856567478770747
0.6702966210072832,0.1619877629932674,0.3924241342377184,0.04824214173847222,0.4089968390183692,1.873296840134792,2.5242712500291544,0.4699261186774553,0.07243610172421211,0.5943455541200588,0.8213908414236009,0.5309801231109552
0.6192927665457035,0.18668164315986155,0.37334224430302626,0.04255489115756075,0.40856088478474656,1.7934320962506305,2.0685103439490455,0.5096235615963264,0.19893428439421548,0.46301006759342345,1.3220216895130457,0.4121769312064102
0.6352058848594642,0.17557003420566447,0.45280807358250663,0.0483165649205488,0.3826161979643881,1.6491365865008822,2.192094986791169,0.4603263635385559,0.26855078315139735,0.6878317165241825,1.3202830031499746,0.4725127164879428
0.6318470249940923,0.17361008815632048,0.4199891770495327,0.04510176658125844,0.37656641759334386,1.6562186849351006,2.1608104625990183,0.47621681255381076,0.16386272796179097,0.522142593078228,0.9951531753910606,0.48931710771891146
0.6617071071815593,0.1645633784152766,0.4653407839611388,0.04695507944889024,0.37824455312165955,1.71331971815587,2.124766204850582,0.46971341550804835,0.13410320319837335,0.6145308187956519,1.200193310640698,0.4789211255901384
0.6532302904794908,0.16691219892597722,0.4024580440156534,0.04635628595339205,0.40604467839191904,1.637256152904355,2.4724232536314776,0.43307735727427227,0.22851293467085534,0.879010205666198,1.4991164860279655,0.5628398451617522
0.644007695240877,0.1862698199913489,0.38557029026471273,0.04560728340725092,0.37748501778892,1.903764273021332,2.074095030426169,0.5113115818480595,0.15030205171420724,0.4145714150523186,1.2445212905623917,0.4250409622580852
0.6304482278713882,0.1695270858452578,0.4266245247937026,0.04354737639408759,0.3987094351735203,1.8296761911407242,1.8656477120518729,0.5423553491312524,0.1361483937519926,0.5089426854498934,1.363241379040782,0.44617616199492294
0.5859971178260456,0.1933739414013053,0.43799635461702263,0.05159564527255619,0.4066214748615215,1.9118086429273626,1.812599303935901,0.5853293802551742,0.30477037054392186,0.7971307045741904,1.4703996132651966,0.5474221011193651
0.6535385220450768,0.16610008138971788,0.44815493403186035,0.0504061612134401,0.3871335456795301,1.7738489088879736,2.2606586659342875,0.49286450473310417,0.18121312644628565,0.3030882487450677,1.9953490698580396,0.3327963367504989
0.6566596727183962,0.16671925537641863,0.4659126794467979,0.04102131456712922,0.3837027087424229,1.900435743997679,2.0217331424192935,0.5194367418538421,0.19249680426295623,0.30413413456898625,2.584042469427515,0.3299563198967396
0.6339712897448025,0.19712524074246446,0.4014713946927178,0.05360159980093236,0.4377892603847683,1.9129678237413297,2.195303120340681,0.49731711099840126,0.23231949928374612,0.5326840787934992,1.7435479982145345,0.4162763202096412
0.6536641036618714,0.1631696410145356,0.45759392990246406,0.04143419043875098,0.4127850267380864,1.8120235491496153,2.1365875817143793,0.4584706421003835,0.22606858796254412,0.5963633456146785,1.5024818451962991,0.44789135326741375
0.6461705660106237,0.18939872704239358,0.4486323320959559,0.04940733408169853,0.41520069332339304,1.82726681985177,2.2136178426974724,0.46730367979967735,0.1883829130965238,0.4624117267390999,1.4074866163292636,0.42248912792947935
0.6093039333273982,0.19061309202854515,0.43241333000226884,0.04372785022477992,0.4301034459595873,1.9307284931636781,2.0894279592589555,0.5502307086871425,0.23166829485159193,0.8063626042045912,1.3252633083307113,0.5289361519493269
0.6104531509248861,0.17910079420467662,0.4104799236862133,0.04913692972233108,0.4505101756580635,2.1093986546215193,1.9250280112354297,0.5959392238109208,0.16026631631907728,1.6478584167277277,0.9788653339883878,0.790907970881761
0.5976389896361337,0.1797924568071032,0.4362216657948444,0.04712637900307679,0.4403616130254818,1.9774669844718626,1.7138239942040248,0.5864361901275875,0.1621271018056839,1.6032976293387244,0.9415774785960893,0.7953001734208005
0.6105352067317621,0.16416630342737876,0.4260639903312312,0.04768803582329136,0.4091024731710666,2.561961793922955,1.3948897611607296,0.7052048641193088,0.1519830584090954,0.3783177184280942,1.2822655324309649,0.41162795786007766
0.5825624704771767,0.16499950072693947,0.4317195387968443,0.0499095628208816,0.39264435879505183,2.390806839936571,1.356680844215757,0.7779464598232544,0.12649738182101117,0.46994261235759954,1.304181636883754,0.4182277599674291
0.5903185959320424,0.16143743957646237,0.46870862116472206,0.048875275603298934,0.4195594074556017,2.7535382283521552,1.2077327622367784,0.7681196802817666,0.1588883233843692,0.3855190909170055,1.367570342911598,0.41658326261117323
0.5544800796477537,0.17896026474897103,0.4627225471580134,0.04561614438893803,0.43795417169052575,1.779602951963766,1.3983685402431265,0.6334965133640201,0.1349160801266371,0.9396079556768893,0.9206498081371524,0.5928389960402717
0.5851476097760216,0.18261052718846574,0.4555704670795352,0.044766934383750324,0.39790743647442234,2.2550843109299104,1.5346959300429495,0.7181377858449736,0.23589023655232455,0.8648552325972259,1.3622600353463492,0.5686246467690316
0.5914749715562581,0.17706188878748164,0.48532304586756636,0.04594089877072812,0.44313370567383387,2.2803409462508935,1.4961686674625112,0.6499183159230091,0.1622795398111983,0.35994799930623333,1.5842890143709272,0.39030636865302537
0.6150219432365511,0.17787053881942883,0.48354233756601306,0.04530788256700386,0.3844690863621956,1.7678885182561426,1.6692103077735456,0.5472701389752418,0.23289571199754452,0.43167738067770856,2.048687553096568,0.3548865107955026
0.6100336581497069,0.1776776967687642,0.4857899814223321,0.04425957605640587,0.38691044770620164,1.7650043683657846,1.7300956659904414,0.5594219804818585,0.2177801499615096,0.4148973897968715,2.0225909749222972,0.35339103573271796
0.6227054749984712,0.18175619031936943,0.42995152507709383,0.04819429764644065,0.4330583246975425,1.8364241935467973,2.2451852761929714,0.515205975569947,0.25427618411237185,0.6478602627126087,1.615400569384372,0.4441997185554949
0.6172194055600746,0.18479537799083218,0.4072378387253796,0.04793475119551917,0.43169593196451467,1.8352993356237888,2.315840514837967,0.5067126474503384,0.26549482867295215,0.5906002493830423,1.5801664424095534,0.4450673665893999
0.6336525480905795,0.19245135173776629,0.44685753161720915,0.04658197734807159,0.4306971391693411,1.996875436015421,2.0883836428268125,0.5335046812580362,0.20013283996450615,0.526435585792755,1.8704377086195223,0.4084292710515816
0.540176729336623,0.16865971724656126,0.41189351363394566,0.048248518214757445,0.3928109323029218,2.3255615611725413,1.1317756598775046,0.8311975337621216,0.12955930696866103,0.6263463305681103,1.0255526314683667,0.5035703353665595
0.6519893269243432,0.1889713997198564,0.4208024937988997,0.04388546076281913,0.409671229214222,1.7608231208382188,2.6694845313573223,0.44539985257519,0.30737177922975034,0.5237849629310334,2.123644605355434,0.3830348307127427
0.6628009192377606,0.17781341732248285,0.47217087270218544,0.04913914698535353,0.40816029475113264,1.8135554534623486,2.443237181717051,0.45566238729059416,0.2705672028337696,0.6050452189532756,1.878940460603184,0.41223931821784204
0.64536530361195,0.1769087472688873,0.41483334680321754,0.04969310129986637,0.4055415194435558,1.7465646105247377,2.453462323999281,0.44757599558143074,0.2695105408148154,0.5589451774797162,1.6546320166808504,0.45991063966609924
0.6544048886516127,0.17343580907383344,0.434767741074663,0.04466325134118354,0.36967138750841877,1.7778247013219992,2.159122170010129,0.47151063352377665,0.2527642256188843,0.6772862070743341,1.4778232959443516,0.4740534616953869
0.6351308974950715,0.1618057419105015,0.434562291949529,0.0486393020739817,0.43878335676385427,1.7072423103617969,2.330945375649724,0.44986136025790274,0.2373161697248448,0.7331515717974789,1.2702610491359625,0.5254622466241093
0.6670661965727344,0.18504782973612283,0.39413342321949285,0.04599460638592719,0.377415892231646,1.758195945833059,2.6578446742507276,0.43744893816775837,0.28335330924361996,0.9287083586883031,1.2971639615933421,0.5961352325806472
0.6310039970291674,0.17815199997898726,0.47129084292181456,0.048216059197970645,0.41461598943529304,1.6026876121294253,2.6020021998173406,0.4342944164586608,0.15843667426704972,0.9510594348261866,1.0997533156794803,0.6363586966178431
0.6003460641979372,0.1628118321298663,0.4088549390802013,0.04569810231328027,0.4187334916846992,2.2867884769613767,1.3707545508794308,0.6699440162531177,0.1353437514127786,0.4417163213446448,1.1811343423971994,0.4471394433896588
0.5943780209063345,0.1894266102101131,0.44892762587027774,0.05014844950840619,0.4167807889911576,2.316033672012166,1.4427466929031105,0.6519685081007208,0.07084042346342727,0.38301866712095656,0.8486214685187992,0.46090756886815454
0.5552689059228126,0.15962047052356224,0.5066617462630404,0.04635035732609566,0.38534506473593433,2.11208952010028,1.3774407670013356,0.7756618507100144,0.08779354459306658,0.46280622043327,0.885907120429309,0.476575172427902
0.5531058528857316,0.19030953041453738,0.35192192319672067,0.05152525679986286,0.401223848621894,1.9647055662067519,1.358706639483761,0.6757767260316672,0.13025681353883778,1.0373769469360943,0.971802063193955,0.6548323185446134
0.5581716090968146,0.18508830544285007,0.36080137807368223,0.05025371481598969,0.4054740987673176,1.954717355721517,1.3379485861675318,0.6821072136945903,0.13707845993600115,1.0923537505123377,0.9431262601948253,0.6408173919904966
0.5883162177315893,0.14622835250299296,0.49408122769541873,0.04562206126997718,0.35140732193793306,2.1898372097998102,1.246185616487142,0.7384278909942712,0.2688510770191208,0.7823020840703486,1.4131845286761597,0.5226570792923844
0.5416676584840546,0.19386707037580633,0.38149620335277645,0.048434596533737356,0.41714290155990275,2.40304271416508,1.3089205959682173,0.7903166648016929,0.13727310944147617,0.6455037790795938,1.0298929781244437,0.5117222347665185
0.623860657764549,0.16104316967936239,0.3989223966948131,0.04832789065933671,0.41446737594900424,2.2127344495737784,1.7116847381683944,0.6179001459173994,0.23995563967489253,0.8841470506294613,1.228688543797065,0.5983880650385424
0.633236428139453,0.19987157154359436,0.4837606930754019,0.04700511182284814,0.42962685311488985,1.8231806755767053,2.3974385333625916,0.4716506646123067,0.17057867832204396,0.9948550695964665,1.146403963180844,0.617088132072815
0.6086521454039087,0.18168421189413356,0.44448285133205684,0.04747112529564685,0.4416299263123334,1.666901373246759,2.258206577276416,0.4796274265194248,0.17968020747292626,1.1276502992959294,1.093829382002409,0.6716613624237002
0.6224583415106874,0.16783133876058706,0.4385199117978502,0.04748176828949786,0.39420231240919396,2.1423670063981843,1.5424408643626806,0.6102119704242996,0.15632767238342074,1.4236217761512902,0.9144086085227057,0.7598445397699686
0.6520600040609101,0.17040927103562606,0.40392781036243713,0.0447577521209596,0.394241702221218,1.965822261068251,2.0346706968613026,0.5228206457394684,0.17328648792789447,0.48498170027912796,1.2677430999709873,0.4387497290025339
0.654286742485847,0.17226678733719952,0.3841322755155465,0.04475269538912896,0.38239161143904515,1.9041650221816941,2.1029290774360154,0.5202369729607286,0.17084016809438027,0.5707075002511771,1.4906062347232987,0.4345419167224684
0.6650932194147315,0.16967216664534027,0.4327073894066338,0.05101994206945929,0.3983707079492354,1.5190294408416534,2.77107906397823,0.38318352864048383,0.28467755369358355,0.5812593963563824,2.230540924931404,0.39308797706463144
0.6799874665664938,0.16707033833040244,0.4547432683510629,0.045236881176038475,0.3972748344455247,1.8629775474809847,2.667628044436905,0.445095039516048,0.2123666258522968,0.5048505751977543,1.6748211252267526,0.40029379521794856
0.6315783536600195,0.19424804338135276,0.49763996398189275,0.05130239374362311,0.4046581466811634,1.8161523675376177,2.264908276073839,0.4855772033343768,0.2678974725225267,0.48934508537325655,2.228805900059422,0.37641630475843274
0.6168291570797076,0.181187619410059,0.36746200207199087,0.047404591077447926,0.41254229103239,1.8446088974195363,2.08076614049986,0.5302967542114307,0.29898030795469543,0.57051213253655,2.2907698683762785,0.38764517137488863
0.6190126298604479,0.1947165309272526,0.5018116962370909,0.04699007165217497,0.39418210342616683,1.8158268739587473,1.9551199937957489,0.5285177900051651,0.26586063799116344,0.410571176543936,2.819960902660618,0.33087751277185523
0.6210832228926105,0.1443826526406141,0.4266930134649641,0.049767913860131324,0.3927972577601442,1.8414655799658497,1.8487166998690883,0.5710351751214262,0.24547016498483418,0.7620581430975296,1.3213392505470178,0.5343969732915484
0.6372827527051363,0.16588405872604964,0.4379472961000874,0.04830944262086235,0.41785129776428337,1.8974839611420669,1.905362034998653,0.527306903480901,0.21061929907054117,0.8183692150719671,1.4369494631397823,0.5438753261332968
0.6369544322266838,0.16591012814478173,0.44511598063597124,0.0474325787163342,0.43712049748190274,1.9612362862123283,1.9871681073561305,0.5144595989939554,0.19327879038838836,0.8688926821696472,1.2951141717315,0.5528032733112638
0.6388911931119396,0.1735780223826529,0.4489091448292574,0.04592979018890787,0.4275242457548829,1.9639703581662664,1.980770598780274,0.5179833461637815,0.21371398401992067,0.7915383380765679,1.2902091898723846,0.5691596849077601
0.5598043207708204,0.18667409956190215,0.41913344240275924,0.050897258321972914,0.39413107903930855,1.7681460673989087,1.5166550845848445,0.6580348649338039,0.13288814538609653,1.1434324386594767,1.0300058625192166,0.6462776668143468
0.5705065846571036,0.1909042608489112,0.4584092590823747,0.044710041918907754,0.3804662552720617,1.6447600698108074,1.68148453806147,0.5915527745917293,0.15296999151071958,1.1685275484192426,0.9653768467218475,0.6837635166484871
0.6257929172727278,0.18040467831938903,0.42397877358539665,0.050860962577729686,0.38160340170900253,1.875854144363592,1.9838898614378733,0.555923553682109,0.14584257609232812,0.8991355248026675,0.9668785936149789,0.5849685762377492
0.6114935643193068,0.17159472125474615,0.4797361129524176,0.04988854610855374,0.43475056910151694,1.9383969888464558,1.848042141497873,0.5572124139559558,0.13395029163121988,0.9186757172256411,0.875957180586596,0.5773518249013434
0.6482521053139169,0.16670320225395718,0.4728094419666877,0.0467871339550187,0.3994321752792726,1.7089585829044034,2.3897582374219524,0.46041584533182783,0.18393359672312412,0.34076817502718804,1.9606539708746988,0.36406689107108026
0.6984241665604336,0.18000595808156641,0.32150058176651825,0.04876993998414459,0.3769908675378186,1.7723041586171464,3.0417121085886794,0.37804191640798795,0.13459756698454506,0.3804245993348089,1.3459556688433436,0.40939660437863185
0.678681745185229,0.17212463087651553,0.48214953243064057,0.04964955560342707,0.37840091031322926,1.7271328728362918,2.989792315477019,0.4111187590677887,0.16515536858530686,0.4314655684771295,1.3940920734488247,0.41513406534756486
0.6585299351274443,0.16968862168398452,0.39690925650724934,0.04447534179823625,0.36629323052367324,1.6032542765127251,2.6022147416629613,0.4401956785324845,0.08810374226271343,0.3759921491803988,0.8989798070763992,0.4318995476203195
0.6516078089182604,0.18090508688432752,0.5182715753674643,0.05242290629733084,0.3688141188061087,1.5601603784513274,2.4225080274763275,0.4163355419097925,0.1015152241842099,0.4323561728479229,0.9231250923949531,0.4650405388578918
0.6533193247462169,0.1794243074332204,0.518397294548512,0.05484037493315637,0.37294958898015407,1.5721555908083678,2.447647456667991,0.43717406550882404,0.08266816468196482,0.45192342680139874,0.9360790387817313,0.46698544541994497
0.6602262202701935,0.1744359199457179,0.38882124701581355,0.04534135888793111,0.3747895991404742,1.6847417464343926,2.290855641380813,0.4530109575523048,0.07418866913711722,0.5571268801482918,0.7483314568196683,0.5174381905779128
0.6450269770049799,0.18258497089494,0.4944377555196573,0.048177615373312666,0.45790647880649776,1.9655942504993003,2.501651172693495,0.46397561052836256,0.18594764675125608,0.9795992545809514,1.0556813801675535,0.6218696931645987
0.6840231941407838,0.15010462013275314,0.3842428017111695,0.0451323773887631,0.33109277187378594,1.5631455351513095,2.570968929229955,0.426527169439243,0.17994584589515192,0.6731298452679071,1.1846095665969643,0.4960321247194763
0.6809592086192341,0.14974052823096998,0.4310053523216762,0.049625508566949014,0.34659435611866,1.5705739711483828,2.4924769002214964,0.43756249490934007,0.12331295703009851,0.655087098376126,1.1138349510909953,0.49839909874777527
0.6406725171841189,0.18675649684968898,0.45623273406565396,0.044957392192471135,0.4006722273006834,1.6590216760764955,2.471962258701827,0.4498030045102209,0.10956300066639643,0.7810953292744738,0.8557697111020578,0.5751051975623968
0.6276913885795345,0.18508270099913962,0.42343668554073344,0.043804956222539194,0.42851340396523535,1.7934384722587715,2.316250651584109,0.4949559156326475,0.15883125450347363,0.653215815955444,1.1740122473690473,0.5056035462700551
0.5912817219565831,0.1772479221133015,0.4818610901782129,0.04447746577318821,0.40591241876593465,2.1353682435823518,1.5313432306237815,0.6644702854379864,0.1190411855923511,0.3670446639625881,1.166761556658974,0.4005948098368744
0.6083641306658494,0.1810340593261265,0.39108731856709195,0.046327630837158074,0.435198329927479,1.860625184068027,1.9728735113838345,0.5444269251593808,0.09008598085604562,0.3840384748348677,0.9577078624056709,0.43644648695533644
0.6108964788930701,0.19453662652825682,0.46202508962414424,0.04601307968938537,0.41403164556398886,1.8981760966031687,1.9349181192675489,0.5511010473376149,0.11200667946297346,0.5861943394987154,0.9545505096840261,0.4940720635153823
0.6073484649177806,0.1643038160847421,0.4178923952389809,0.04681756129787462,0.39777737608779057,1.84764653953957,1.6810822781936976,0.5839245830801636,0.07624899381904654,0.6594936247696334,0.8449878290950451,0.5413556087024173
0.6394293483606115,0.18294623911811292,0.45976104708084525,0.04759353352981197,0.37990552457833576,1.9131889881606134,2.0388406369114316,0.5201360700129798,0.23266879800943055,1.1366943110164605,1.1155887191514402,0.6630052255934513
0.6023145115404526,0.1618154618979074,0.3967330720371864,0.0486475936609958,0.42614824655658273,1.80370674608192,1.876496667010826,0.5508287204053914,0.21853809709838806,1.2381328480491307,1.0933849092163894,0.6696951945829485
0.6122644396120704,0.19063328759988232,0.4378739253611671,0.04736936695244551,0.3602014710892998,1.7554670517338442,1.7041376500364362,0.5716285879240829,0.19322933730242436,0.9072485895938196,1.2435328940990094,0.5946433034939522
0.5672782005326177,0.20299811652559407,0.43437955695734626,0.046949770967783966,0.42346302084404763,2.195076308318767,1.5403248094997029,0.7011451294698313,0.226754540931357,0.5861315235087184,1.396215212900474,0.45302743353822506
0.5660013118375823,0.16132719371821416,0.4433912454561832,0.046597203661312904,0.4176398365883858,1.7231415046817824,1.4509658428391408,0.6110813762159089,0.13416661868471363,0.8173708996275871,1.10286250790547,0.5818660663004641
0.5943364088678782,0.16912356634877682,0.45583036656613934,0.049719208563060065,0.43454776613101537,1.9421922137298704,1.6199140912402596,0.596268213303475,0.17076106776782252,0.9913150702270807,1.0603262656073382,0.6519079810944574
0.5719282678717096,0.20280034573875813,0.43033893132114703,0.04619756355169877,0.42254792811165964,2.0442661560146522,1.6232898789018533,0.6396907363865981,0.2554497847575365,0.8199396737047728,1.38429626814408,0.5611796372171687
0.6614870932526837,0.157532236038009,0.4403755462298949,0.04701817970846005,0.39578862425942857,1.9723807589856321,2.03180775114645,0.507055627618171,0.11771742109990145,1.7023936466242207,0.7564117463428889,0.8076760180779243
0.6380117780232504,0.17854073397444595,0.4442303475524442,0.04282334430496724,0.4024407084619255,1.5941288803878428,2.549672643493272,0.43700795401927056,0.20510407442115464,1.1301016629743967,1.1136099031801407,0.69723848341535
0.673896389276779,0.15900539643119752,0.4400019603866414,0.05183274384529386,0.4191351546873439,1.8986027746897967,2.267477924549492,0.4546141872719331,0.2325568635567854,1.0257189164932865,1.291373051714868,0.6131694946262272
0.5701711029639855,0.16934645565914616,0.3819743402485154,0.04581554451132694,0.39223399446883694,1.7604500647476073,1.4622010142120216,0.6366139954049608,0.04522266609462066,0.8681723068888885,0.6786872067121618,0.5849450601708851
0.5837102081755604,0.1742266249923911,0.4628206249725176,0.051035330288415344,0.3833484295987389,1.8710862144528027,1.370223892971489,0.6466955457813663,0.10386896067043608,0.7490783182212926,0.8988402643855276,0.5455332568233497
0.579261455843868,0.17210613651707476,0.4682313221849212,0.047051956231367924,0.41640625118979896,1.9701652420895912,1.7221312890821048,0.6228433568816313,0.13856276439469084,0.765624075114262,0.9204528360192871,0.5785653645576052
0.5620021217755359,0.1740282403221526,0.46223312008953876,0.04883296015120615,0.3989230428344953,1.9745343928218066,1.3796628846338916,0.7046372298171332,0.22556180022182098,0.4751629481246149,2.2252677188703935,0.3583449995450498
0.5673398360067293,0.17356040896481603,0.4711996946497473,0.04663408983584374,0.40610930146213914,1.9913664024559627,1.4888782805818297,0.6767552282369432,0.1896122926860663,0.47227509407402907,1.4290033578197308,0.41643090931942023
0.5719894390367761,0.18344356024462613,0.40454407972678585,0.04653315278127142,0.4099175577965917,1.980221025601033,1.5584367649973765,0.6462076150055998,0.16037089396415047,0.5056315067727235,1.1676766435079355,0.4540431567680736
0.6433065377589086,0.18656929025141264,0.4497742242687852,0.048351733897776236,0.37189584760765493,1.7946260631294748,2.0898037805188245,0.4820654475999388,0.2213814911740898,0.6175019308561072,1.4105595400401698,0.4726075230740389
0.6392450411445519,0.1782122838981484,0.4308921420259839,0.04725073370351973,0.39472572542176015,1.906517900556675,2.1413501507260038,0.5116498317848138,0.10745322636414145,1.3171461555288484,0.7329876693758212,0.7044375027238663
0.6078774266276227,0.1741158724833011,0.48521602832681493,0.04671426314845577,0.42209012933993073,1.8684660305097691,1.8227555469270798,0.5570348987823407,0.09572927935357949,1.068480087098361,0.828221483474109,0.6510711089595402
0.5897456617293206,0.17105161592199028,0.464164746080635,0.05082261614835133,0.40961730363726107,2.0298210431813732,1.5228848150995091,0.6381754217028136,0.10999721471567599,0.4810315390464732,1.0613596543387092,0.4527491720340752
0.6274781803010314,0.18620136004809673,0.5060940053921934,0.046924844381890804,0.4073197746195022,1.7183547092880112,2.2604698633120495,0.4912364759543654,0.18679856675089324,0.9588133590913718,1.1932011338832254,0.6143180807319438
0.6225830899334962,0.17564198462140335,0.35640981032628305,0.046706490984326894,0.38820929610711624,1.842828359920001,1.878014136974827,0.5329336470018728,0.23455493448176354,0.8705181938332583,1.3585443233299999,0.5633778445850031
0.6375536004564432,0.17710521590438125,0.46525613993617576,0.04729237314735835,0.35027810669172743,1.7858753833330234,2.0549562943788127,0.523730365754375,0.212997502370761,0.7363831544646839,1.3983940931333876,0.507109057771222
0.6353081463552367,0.17691254977983992,0.49696369629541176,0.04772122826218997,0.3774172895852061,1.7453365726172752,1.9913597244689316,0.4960534434706572,0.19710734211055664,0.6591111104734471,1.2108883050779635,0.4849808611242926
0.6102539798617994,0.16691746202307184,0.42561058079950503,0.0476243498991712,0.3799920361740469,1.7905958439313614,1.7170585212630307,0.5696108172521074,0.2045159279362969,0.6146713338213882,1.325563011561142,0.48597853125058893
0.6031803253278458,0.17710387387645068,0.451911339590534,0.04548916148494009,0.44221479053140716,1.9421215769971822,1.8166436023977273,0.5563650508289236,0.13604289947675446,1.3267717499531515,0.8382557319810484,0.7297931202924945
0.6012774007688888,0.17600028303318913,0.4473811083985706,0.04580028820573061,0.44625893960095164,1.9090480404967392,1.8184286404811238,0.5661705315534028,0.12385733537296705,1.4003576758107155,0.9169845310286693,0.7426839077701425
0.6334477902137015,0.16615398626949757,0.4427622441456527,0.045496615367894046,0.3738172418672079,1.7834975254269314,1.9995232035902468,0.5160287548043876,0.1967491921364489,0.5626082254041759,1.2529268915911775,0.47047206070995135
0.6700368885054523,0.17940867948403263,0.42944752145094245,0.050049307954704386,0.42684954754836035,1.793016723989006,2.9291073198580446,0.40428726980359375,0.23610811736651638,0.7840923880058553,1.3236676811512336,0.5246444136897764
0.5548743668198576,0.1796933469069608,0.4299339096778095,0.04141644304851744,0.4187522818737497,1.9854405881878854,1.4496812999544488,0.690045141784525,0.14035380810777853,1.5447656929247424,0.94013968570143,0.7744092514690988
0.5475397203102974,0.18281341019296904,0.41745651962750757,0.05005127586481285,0.42740043192926525,1.849470842527844,1.50296510366138,0.6572927575561179,0.14816564186068776,1.4367728277400182,0.8355195230218685,0.754865205898125
0.5608748374865807,0.1705876434868265,0.4544783076623379,0.045734089652337585,0.397508855690346,1.926320161866864,1.3200122314555838,0.6750298013482017,0.1764381899912242,1.448580697128633,1.0503173175756944,0.7982980464606143
0.6647681213899753,0.17115086473923344,0.4468581167009675,0.04504055817279688,0.4011951430929958,1.6767432707381014,2.6402138312319403,0.4127509254173941,0.15801628748845362,0.9249379355898176,0.9267324626018052,0.5875748152513032
0.6583053082807566,0.15807450456318778,0.42448166506453294,0.05029108404975746,0.3586606953000869,1.6800405005359336,2.1384000161413357,0.4507382648970533,0.17816240751666126,0.9151438691655273,1.017282136619817,0.6339704672937359
0.6353917497945246,0.19162007800547737,0.4568764426662923,0.044818604117935604,0.4513950310222113,1.9881831002266814,2.2034537890918813,0.5016259151035503,0.09284237104173493,0.9447164668494843,0.8855963733397758,0.600245980062197
0.5702108999114561,0.17531405871345004,0.37123676461134986,0.05160542585744457,0.391779511959361,1.9245631529993268,1.3104195397357563,0.6717165537562205,0.19334023938234454,0.44556763409559463,1.7569027926049525,0.3835316902029095
0.5627786609360409,0.179089414347679,0.5601619902659357,0.04617533829304469,0.41688999425048706,2.253857324693181,1.4241433733850724,0.7401967004677865,0.21211204533937694,0.34898543088329675,2.1790263466687527,0.3379336964854537
0.6917638554201361,0.15518737108491512,0.36096381355931856,0.050542810926935786,0.3744437716680241,1.7349070377957296,2.617378164676773,0.4257188783350988,0.1912630620543081,0.8659439445900785,1.0220210087145642,0.5545800720943893
0.5860782808924772,0.1652408123293661,0.48379436190315434,0.04511449494324066,0.4001251153454483,2.1466665176356963,1.510421516627523,0.6928010444284861,0.1746420459519666,0.4964407873438979,1.5465555830441322,0.4420405682489215
0.6281712498727485,0.18568231814008918,0.4051551123171063,0.0514615205888561,0.41207346545943574,1.866495711416668,1.9637880842793463,0.527114100373167,0.2522014211694932,0.5473397258275247,1.9875534347249955,0.40450353118877613
0.5879636741605765,0.19982796996327765,0.4449355393544523,0.043876142020846984,0.41367149754018134,1.7604497951657065,1.9182968261645796,0.5508850319377288,0.2415734340688366,0.5015517342304997,1.8535254701986899,0.40268545251373666
0.6669611507788021,0.14923377742147526,0.43112780037600945,0.04472916231775248,0.39569095949348726,1.7338512880908412,2.370339098911187,0.43952704708113743,0.13909282818889607,0.961998529983541,0.9282162341534126,0.615749920731293
0.655312111669889,0.16672044787120963,0.45955081354743665,0.04896691834378986,0.38116919810497896,1.6771704669462624,2.3848644302142783,0.46159127458116056,0.17642568109829726,1.0791098080625376,1.0139138377769303,0.6623575721343816
0.6566548369518026,0.17236769346936504,0.4490308756413777,0.04917082666579545,0.36049221014812693,1.6497280549311575,2.270435659145297,0.45318299594931016,0.13674460058849022,1.1350935162492437,0.8859551323286124,0.6166598906172451
0.6520027757461281,0.17875663738177705,0.46215761804089406,0.04609456896071741,0.3787445697109219,1.7770366792814734,2.2088313617976167,0.49078958313615195,0.18664902121470087,1.2082690949633925,1.072465573862114,0.6785318483839359
0.6439543622666078,0.1627254959726495,0.42238314030534563,0.04735991615191095,0.4319633259692403,1.849283165249175,2.2256763615373547,0.4828803985649872,0.1584037700035311,1.2112585305461436,0.9204371906807666,0.7021537171357002
0.5753414496328916,0.18080390741754818,0.41511062151945083,0.04588003993549052,0.4150549941188476,2.0241854740093945,1.4962756152081433,0.6372606807917882,0.20357022965182664,0.5636067626571528,1.4438447075791836,0.45528712956548584
0.5757468848886405,0.15251735382738613,0.471531570841924,0.04801559673698382,0.42809436689977737,1.8253206556380117,1.5749689389101966,0.6316222990961379,0.22756757044677464,0.6433473871043501,1.5722015350913383,0.4640483596772781
0.5966784552715572,0.17198028575866986,0.38801778965736,0.046883554099257416,0.41906850558095615,1.856270269820292,1.6841705450027094,0.5876401936040713,0.24108480056727524,0.7400123412880107,1.5078465660629554,0.5006114913329707
0.6451419293832249,0.17313644100357897,0.3967122640726696,0.04946185957878328,0.3943582775244202,1.7676444568089478,2.109007423708257,0.48389657237321004,0.2713984760655729,0.8878510288885151,1.6973846387594813,0.5438276619222621
0.6244776279526612,0.17169625664796673,0.38901708089933673,0.05087843527525951,0.3632587929547716,1.6556112051947458,1.9271671037377247,0.503366283583133,0.08467036041666354,0.2221028114684959,1.0876406465496713,0.3864221127913748
0.6321341278807526,0.18388068023025647,0.42586873080603677,0.04457248547496554,0.3842043864022164,1.7672136225352357,2.045588054558377,0.5120821015057351,0.12148586905962401,0.2828351900466738,1.4918484448480736,0.35885600143028634
0.6257779755928999,0.1604309168296886,0.43891757604077214,0.04655990590618542,0.39860116043253635,1.646536405778206,2.121975035233466,0.4834584885319418,0.2884823499815343,0.7749964562139404,1.5410966880057784,0.5264203846706723
0.6350385543704377,0.1969647593240965,0.39779325588698794,0.046816209513774396,0.4258839219149154,2.2283063475124214,1.9869512739495323,0.5730009352307833,0.07728660669109746,0.35674719236231117,0.9336143285397032,0.4240033443614593
0.5423803961871387,0.18328494923862426,0.4770106237620079,0.04787331681023003,0.4668340599543017,1.7376053958313662,1.6957285391360244,0.606655613028362,0.14064534607609064,0.6283297949278575,1.0839076335044306,0.5185503605326305
0.6194755754152417,0.17840959729012268,0.44907187487102646,0.0476588438088002,0.3714221485773798,2.2127315124387805,1.5451740034206778,0.6410834639613336,0.23373849354918996,1.1236116448929512,1.2347013385623042,0.6643093992474665
0.5999785140573737,0.16373680302177926,0.4438161629433283,0.044808511727818225,0.4216134867140538,1.8255960056374017,1.8131087774611152,0.5732652027170815,0.20860570463921524,0.7097349042762875,1.3756145815386973,0.5086037333552248
0.6067675900695018,0.18410920493741953,0.4688156667426607,0.0458481804520552,0.3874755907494805,1.747379218844688,1.9266725947847132,0.5381964564932248,0.17231653711219652,1.7425353843167044,0.88766012420444,0.8244997250271529
0.5993539754672916,0.17191767991689846,0.36099062485509403,0.049277345584210486,0.40992332723554675,1.7324191715460384,1.868572124637323,0.5305170203299827,0.11631787548818513,1.752875707292444,0.7470134435372697,0.8571382881824194
0.6156159325043327,0.1794904863687517,0.36971974073004454,0.04951974985041166,0.41449609887647576,2.326775070615201,1.5056080741774933,0.6541464680055289,0.1954309471913647,0.46051678572139326,1.7446898821209347,0.3801206819639878
0.565257497833925,0.16259295759750184,0.3648469113861331,0.05037573773558503,0.4098819872136209,1.477170697194226,1.7943963874848825,0.5741769712204549,0.2101543225105533,0.8186223016058768,1.3285280603507332,0.5217905224907071
0.5810879582118784,0.1441513457359757,0.46100608139968724,0.05317816479718952,0.4352104827280647,1.556997958179493,1.6550306409093072,0.5675272054642817,0.2510948433429615,0.8249328823895651,1.5927437275380198,0.5165993999560053
0.6006485813655863,0.18216797540521484,0.42065992030973726,0.04526045485086208,0.4200145297117857,1.8709896945809465,1.8704316518613657,0.5641527508634376,0.19933645177791282,0.8252028090805716,1.3456371898720678,0.5665524103727633
0.6546599036634246,0.16389783991255133,0.4272817925158553,0.044428327619801034,0.37878726221202363,1.7039573916194106,2.3219884465363174,0.457618756575996,0.17584460901662546,0.44487789022454327,1.4621782516753505,0.4210965976203044
0.6571811436424138,0.1631665593338945,0.4230372539200972,0.044023117436305784,0.37984916377631506,1.7026316905475583,2.30197807990159,0.4589353206777985,0.17403270692967968,0.438175971170031,1.4893015901222932,0.41862279812820585
0.6662071248501185,0.21372739948506653,0.4276961360486551,0.04876308723524329,0.433147563358912,1.9586852964743242,3.007910171977097,0.4147125119670669,0.19190088026533061,0.5219632365591825,1.506106302911054,0.43698108787663725
0.6407163173619481,0.18487192908054417,0.42132412601999336,0.048934349932287936,0.45670296382568815,1.920076610028164,2.4728480042595113,0.46297039759680203,0.1800587147537618,0.6784167351289861,1.1502140040721691,0.5014098037989788
0.615337306627289,0.1785465658498329,0.4474062748595666,0.0457475091750995,0.39201112098601465,1.9269513221482755,1.8095834505255732,0.572743743887828,0.25330768935387965,0.4805947598932627,1.9747440934178373,0.4013625074699368
0.6355295045690383,0.18414317025256322,0.4094352070028217,0.04932447663756413,0.3837955389279596,1.8586044987844996,2.04153818374019,0.5098507834682714,0.2215842054579375,0.5327676860227419,1.768826424932514,0.442601360831068
0.6369576967966127,0.16510752606106008,0.4816688954551026,0.047718209505988894,0.4157902488256392,1.8931935519723195,2.3066120421534633,0.49033622019915624,0.30613292887892657,0.6757684740606753,1.9117070752092955,0.4814265724539801
0.6310587006541483,0.16821343278122033,0.4952545408617292,0.04708066997364518,0.44218193795465166,1.818248341103519,2.0565527627453264,0.5021927081111333,0.28678845893045507,0.7515777736253282,1.8150740627457222,0.47787823226488046
0.5527439245998728,0.18603416884534252,0.4996684535193318,0.04686749587328536,0.39102440438232317,2.346607920021982,1.3335296432415187,0.7981454989541961,0.14091803313544107,0.4488314946927377,1.1548135272239295,0.42667716661469346
0.5738390170409334,0.17080800907163937,0.3635308794855089,0.04746482742049792,0.42538796547139524,2.2918950152084516,1.4804569049384855,0.7388066617276048,0.1284182693823802,0.29995074902717417,1.3800985450897307,0.3588795211086177
0.5949387742430641,0.1882208703714117,0.42451542179136387,0.050539779375481146,0.43100830299839415,2.3765822526258975,1.371379406335407,0.6682272033482836,0.10688878092426131,0.3566004748085994,1.1959696051920814,0.4175165586918524
0.6213983727509454,0.16216492214575626,0.4289223429189208,0.05465324021643779,0.36524461642500455,1.4925346090680747,2.471260007186247,0.46771813679390994,0.2674349496063746,1.6945212865731039,1.1254217679239944,0.8504337391866992
0.5522732403616705,0.19735513402819974,0.43110665122619435,0.05283782595627169,0.4186996577609049,2.405395007807526,1.210761359528824,0.7587549598918975,0.08854436309750369,0.9242165360600066,0.7925558605118789,0.6155447436419118
0.577691034988629,0.1583429424365241,0.4509901837369002,0.049952143679325385,0.42192251267224873,2.176797768910243,1.2972549770648405,0.6756483994948993,0.12448922900475706,1.0101730660307884,0.9052149348919835,0.6750908940094417
0.6139633686325252,0.17262157066775516,0.42574578063613755,0.047319442012869105,0.3949662267839063,1.9151522879713396,1.7190997522487372,0.5808047590337718,0.17806688371141494,1.1297322773255931,1.0017137122832858,0.6141461245330099
0.5829534982859564,0.17868139147593015,0.42886682879159654,0.047538322297525144,0.3991032058905744,2.2783463393393957,1.3280279221534514,0.7104581815301648,0.20308508120479438,0.40936714382181455,1.906880624914319,0.3707917588915545
0.5827303628738392,0.1834383356530584,0.4114093724209599,0.04739657643059154,0.4043784960699305,2.2881686880992382,1.4277768689275898,0.7087922486304539,0.20935054446585172,0.42163031709018883,1.7565756954616067,0.3899117441342962
0.580623013691627,0.17712736802514673,0.4524062835141498,0.05068695644023402,0.41894592224860844,2.1941601370108152,1.4024447854028577,0.6939403908262325,0.21670176904639546,0.44612154155900247,1.8942341417576622,0.3771464826006
0.5854439608765407,0.17975577918839566,0.4166577800312523,0.04170326352969124,0.39445723281007194,2.2670248159014,1.3829490886606952,0.7173316261320859,0.2128769649290742,0.5534508330506135,1.6430968647752737,0.4182781867207689
0.5867374519159578,0.1829723172631947,0.42230429358974975,0.04569029451945479,0.43638123255269334,2.4624719028488626,1.4403982107273339,0.7098845349791931,0.20083984110293437,0.5475747637411386,1.4418859935344759,0.41779044653198133
0.6540908220130579,0.17608627180465622,0.43246338510511617,0.049470901013663034,0.3740123437590814,1.599886961977106,2.6170575609110616,0.4122689422700691,0.21228700919023955,0.5762849820874049,1.422355414052754,0.46655688810167184
0.5924201455737085,0.18766769318564722,0.45454960731217237,0.0442201067912278,0.3770943655246209,1.925425693727972,1.6521694475623565,0.6190521255842935,0.14731197994455492,1.8636122195838476,0.8221165569596225,0.8426633059841934
0.555210532065525,0.1599714422369448,0.432466771404634,0.049369941627046894,0.40556288926422773,1.896379575174802,1.4438611192450979,0.6849821561113915,0.08281524574761467,2.228581999220203,0.6104180472311685,0.8474840142887023
0.5995769042848991,0.19333331972063303,0.4608320866371406,0.05118994231533998,0.41299391107908734,2.4477658103892623,1.469785088664527,0.7080152076424665,0.14764378299090034,1.3799021510214589,0.9616131843792024,0.7218130898729727
0.5643801016443537,0.19460065383759712,0.42892702956163853,0.04408086457801234,0.41569690537249926,1.7997612577282125,1.6028624108323923,0.6065900968202839,0.12200883585945217,1.6791938184592656,0.8369808519044706,0.7980385699693552
0.6268446939959723,0.16344947023608197,0.39726550027501956,0.04618975970694478,0.42059610787543256,2.3648771488646254,1.596823209491072,0.6266840198564543,0.23948944246998954,0.7292784121789311,1.511073068452273,0.4968642737328282
0.6089713607387076,0.1792525359424689,0.4818442517509676,0.04904229662277208,0.43058456230862424,2.3926002695609023,1.6217204523752675,0.6461785415727499,0.16067333922940577,0.5475893622833742,1.2467887979679042,0.46117163695264896
0.6052455579983635,0.17921396660303035,0.47816169773282674,0.048824793556302114,0.4159796394690566,2.236853449618697,1.5726281886891458,0.644772943602609,0.08162299536479414,1.942497186032826,0.7629576751450928,0.8414609423402833
0.6021021852909485,0.16735245923478448,0.4799561180524193,0.0483489545900515,0.4167266152600646,1.6788413438062355,1.8737452282017293,0.5451149075274264,0.1086688138504217,0.7503875019331399,0.9052445218700363,0.5526997752558025
0.6094619355677964,0.18381380397445438,0.4124276540845204,0.04584364710804526,0.3885941997381899,1.7871848581106344,1.7863323881175168,0.56579207397049,0.10327998961429959,0.957709501489554,0.8820137320306645,0.6187107095974338
0.6066743829241323,0.17424953755578235,0.43797524293383105,0.04817043481723311,0.4051572958619955,1.8330253388158841,1.830581034028081,0.5570758829629459,0.11814219221864566,0.9140469889482075,0.8007327137579542,0.5938347133409373
0.6503460297384819,0.18231814922098735,0.40219983927459374,0.0429411212599794,0.4109251756684261,1.7856806293980745,2.2623317040416575,0.46588178337089525,0.24919001637314872,0.7434257354490641,1.6312064374870725,0.48610496310133916
0.6523357434085034,0.16465172563869923,0.4056597108534348,0.04311477408883263,0.41421583955983077,1.781440008602426,2.39543350694977,0.4692995143378192,0.20510920654141862,0.34596475930799736,2.295421087134361,0.336737790266194
0.6847072655951044,0.17504146080766383,0.4710012055033299,0.05188720562895802,0.37620752605624336,1.649728272578222,2.9352888801559445,0.3801731070592786,0.33001339755103964,0.6031901976898125,2.4909750063392533,0.3860127487238772
0.6637696734772635,0.20877587836451353,0.3996236465607861,0.04571441836109801,0.3716977382988218,1.7058091662311643,2.7849392644442794,0.40805930997272877,0.29638464603078096,0.7261637498175565,1.983999696815033,0.4457438150419973
0.6543556048950329,0.2040675800192846,0.4152973173472654,0.049476505265683444,0.3787376451325059,1.6415986833561729,2.8085245542643267,0.4141814212104428,0.3223308952462307,0.6752911725566717,1.9081672078054002,0.44772529413989304
0.6659733481713338,0.15902905229070988,0.4278686976424453,0.04664509889302727,0.427349664932192,1.7777841151039961,2.5065749954814307,0.438943676817083,0.15524457103372247,0.3032252467260948,1.5181748199753045,0.35666701887986846
0.6907764606118642,0.16501271537886247,0.4381997291241572,0.04528769210505796,0.42231565573698915,1.9552049306523447,2.66035735320525,0.4308775217708613,0.13900918286012218,0.3313282035364758,1.2821166178211603,0.37254152267108537
0.6315873968281703,0.1912661670903108,0.43055575645178623,0.04984911894410464,0.44685811271188763,1.9687495215430733,2.168621202956507,0.5128825515578689,0.22247470885666878,0.9731507754255799,1.510627651154859,0.5904979666774035
0.6261663907539906,0.18712567442841596,0.4025013068280551,0.0464414267873655,0.4474286109982635,2.2104348410339334,1.8770249080244825,0.5602202745128743,0.14779741874343458,0.9779403202862734,1.1811427577308247,0.6109937395228362
0.6207300358281291,0.19043435599718292,0.41491266992645387,0.05074716562254559,0.4493284291176414,2.1627793772923365,1.9786973071804617,0.5783099066039558,0.18454154990581376,0.9779456120679316,1.0176346435461479,0.5989265068199253
0.5732765000787416,0.1759600777349222,0.46681517345657686,0.04523149390613122,0.41355333923969634,2.097394873513047,1.3691375277873765,0.696638818490079,0.1883455820172537,0.7178895197711536,1.3324480013668913,0.49575461754428984
0.5628756609922857,0.1682371868015992,0.39398555680939745,0.04366837517607646,0.4039035858108987,2.058951924213637,1.3728314712788605,0.721606539091121,0.27218866186351376,0.4912913030597003,2.5833850268785477,0.3693837602803793
0.6565869076381761,0.1678577341462168,0.47926160105687254,0.046517087312129356,0.37457512407657906,1.6218045529267777,2.5280732779696735,0.4207025189918177,0.12038863648922724,1.7388669824609675,0.6892510958097332,0.794449586417133
0.6263400054135793,0.1619220278422162,0.44519841271933447,0.048804472957842814,0.4196836470815845,1.6451801347099324,2.3422453253343307,0.4666789102205561,0.1006600430173542,1.4257883639965503,0.7978939981142482,0.7634530708492625
0.5865821365522124,0.18504671624529412,0.4070944188220115,0.05095319678675878,0.38247272815656286,2.2894813262883074,1.3723789091127954,0.7374172001453208,0.20258081730830943,1.5047725539108339,1.2213831414513734,0.7768651969762492
0.5831370743297469,0.17785805068692292,0.46174798411724705,0.0463914754317778,0.3707054349533059,2.0587916090090674,1.3118708307251867,0.67447738880635,0.15726026531555667,1.1593559645214615,0.8854071941312471,0.6421302832132351
0.6116391890231713,0.19834956441030852,0.40729797451891675,0.051510735783451285,0.34341066567883727,2.229398299096074,1.4679850763890356,0.6222093427634464,0.2396706742198849,1.138055462328109,1.1214405484134315,0.6911656576816182
0.6139699990666787,0.135065227342673,0.4105100499822237,0.045801677213914406,0.42234429470963764,1.605715324527087,2.0517315299676078,0.5308013318755549,0.11506690029532582,0.8942454339024033,0.9006435347516785,0.5725063191884896
0.6323475823476986,0.1663498431145008,0.45974354331469947,0.04936198644864932,0.3908739722426578,1.8098141456051062,1.9438275149795763,0.5485883980312125,0.13326384006725037,0.9303308007962428,1.093052929094451,0.581293198629347
0.6363635687915542,0.17312005797809818,0.47893006247406905,0.04920457905321435,0.38510384266221037,1.8162951477773432,2.2046630700790044,0.5436640039386329,0.11595345831603573,0.9161556505667555,0.9765607924015621,0.6004073964485417
0.6507312134008797,0.15680139381020672,0.40574170360826367,0.04635807127257238,0.406983680125385,1.8171035215147067,2.20153481360855,0.4976880976122398,0.1280525377150393,0.509011589248145,0.9649655496684897,0.48983519158052014
0.6393946702762251,0.18386434635120727,0.4162210282983695,0.04929959745156211,0.40933838850054194,1.738447178733789,2.240477731894964,0.4777971340124988,0.0934282893021218,0.4742164886080891,1.006012727051192,0.45102023738504765
0.6625217809059893,0.17783618679536942,0.4483453845576838,0.045646426216327286,0.4022186248770461,1.6654868003367407,2.763032236484974,0.4236563868543759,0.1099875857150694,0.46019518608214743,0.981852492875135,0.41742182285391166
0.6515113102542847,0.17112748217775334,0.4682041325440345,0.04699205746103637,0.4126197181496824,1.9668295338889037,2.1515384439627763,0.5107494964566676,0.14199563434071413,1.0199056193057756,0.815758262122632,0.5803097321420649
0.6470456100660263,0.14856815837882645,0.4013461772267267,0.04868293742943127,0.39968655382966833,2.0786116417859968,1.9175848065794727,0.5510147133263779,0.11220139524591206,1.040104301066164,0.7672795078954929,0.6697189012456415
0.6541128244612368,0.141894241755645,0.4105437190493463,0.048761756753750295,0.39995594465820794,2.049200154042525,1.9441141262198054,0.560441778077014,0.11316326406944822,1.0895196713542747,0.8075201551829507,0.6299356436560811
0.6550921156887142,0.18822175216120576,0.4490351919113699,0.045510526211735465,0.4153431025739199,1.8494286578606098,2.281983292498708,0.4493551645043367,0.07000158808151696,0.8212395444383905,0.6924468200712027,0.5788265947311861
0.6351272395354863,0.16369550731903074,0.3918192748966154,0.05007389423143897,0.43299074374997876,1.7964837745544273,2.377150030567943,0.49626956410606005,0.03970148654902101,0.32751719851219635,0.7379561830822818,0.43390158889916897
0.6502866396486975,0.21101375663329405,0.45705818219319955,0.04683760787120824,0.45279021400957875,2.2071185740014765,2.65601673288874,0.5000663356875682,0.039380808268306304,0.4234806534186327,0.7210651794157747,0.4657229317176683
0.6228053614121083,0.15042427176210488,0.3990789164982302,0.04842730577358046,0.3817902480052006,1.913880124958296,1.7671741066009472,0.6049660053002527,0.033697044338165776,0.31892682084089224,0.693897910349892,0.4558638941225079
0.637918575839411,0.17584435639988233,0.37250950989946097,0.04479591439046252,0.44160906329414823,1.856334501786988,2.220938999900706,0.4876208167215498,0.14035828239756326,0.3332706830963756,1.507436762154893,0.36962934470654524
0.6030470380486336,0.18017730594485737,0.38641381891337934,0.04512806369697136,0.3851354832525093,2.0223267793971806,1.5986762509346335,0.628513330315232,0.17849265236471776,0.5089500150114232,1.4188125888426093,0.4334040527778152
0.5943066886869894,0.17615332687309412,0.4483081777299923,0.04631488171213193,0.40138895029183946,1.947206156449249,1.6235391593859378,0.6155926839635916,0.16825467444344397,0.6169197119744406,1.205701847305144,0.49808392309346294
0.613971537043373,0.1610517568872818,0.4401675285875072,0.047993469733196834,0.3494989660327409,2.1049071536450406,1.4420945412638186,0.6696355081963643,0.07257264911410535,0.911469413567116,0.7076545437015149,0.6085451430473492
0.5976040452996739,0.17407322032686925,0.4411856722022001,0.04641548194319825,0.37294944770950195,2.2382434143542174,1.3968714682864547,0.7075837314813219,0.0724372837978677,1.1971420508099908,0.6723179862980725,0.6519990952898634
0.573939042979855,0.1807400629461469,0.4349039430022257,0.0462318101696393,0.458598581700684,2.166448585260578,1.4909923329583215,0.6676450325342481,0.25659200195686893,1.0756580976502679,1.4368554369739146,0.6433660100332274
0.5804431795694046,0.17672220790916116,0.4483569395113228,0.04904866817803562,0.363997599610718,2.234012465602689,1.3967101761613185,0.7373412636798982,0.15892978072674832,1.2386302637595972,0.896263404540975,0.7061831038056261
0.6429038042127276,0.14141852682499573,0.42713201616745555,0.04505016444464386,0.3896917101309667,2.2202582005016467,1.72669330825261,0.6337646095232357,0.17079112158749138,0.46633837565755754,1.511867907149573,0.39420401174860575
0.5888275529619463,0.2003920959114728,0.4578977956916033,0.04933329362928525,0.4323899215407885,2.2793852603420746,1.5813739873777903,0.6511758715092948,0.18101484463689754,0.6968717497689766,1.2187188838545004,0.5035501529563008
0.6182249223026187,0.17719448657963277,0.45000195738514626,0.04828627164545575,0.37476445647304385,1.7607619444254228,1.779847238467587,0.5548212218674944,0.1705108504869544,0.9522399112026952,1.1542141707923377,0.6035421876096799
0.5741411503802782,0.17733465895353945,0.41701600809094885,0.05186665911525184,0.4450254357307818,2.3060884277797853,1.3881556033843507,0.7130397073322559,0.2072392455898349,0.979732191415899,1.3753354232469683,0.5910961727582513
0.5867772995675062,0.18314106042902994,0.4227233914923875,0.04529147599881566,0.433676931975249,2.559307142984921,1.4188525353464347,0.7261586167163684,0.25122038279636044,0.938117359642854,1.5607746829818614,0.6296103414868128
0.5878872555094147,0.18270187868837606,0.42015025574825554,0.04568785302021115,0.43081717951826565,2.5517898753146717,1.4275317395985483,0.7300882721750304,0.25576960356238526,0.942777477639595,1.554529551300521,0.6209687600625231
0.5741000733904452,0.1738216556695714,0.47484476461110764,0.04602673583932874,0.4265271280299099,2.482460382626589,1.3526579119619926,0.7616648275411783,0.15135138543641913,0.3792513948282181,1.6214040605757538,0.40018602093836353
0.5821653969603957,0.18886165247365252,0.4829668431083876,0.04557306672375672,0.41093247861631915,2.0477653278740875,1.488875694628072,0.6629247271881691,0.23964554836491866,0.9464877303171659,1.3188602463029926,0.5758879553045939
0.6049728443940577,0.17359296486051728,0.3981597533921493,0.049466696647726516,0.4258365381100288,1.88704947003171,1.9738205785937084,0.5548111427424685,0.16926625131818793,1.179319865267427,0.9659930552954089,0.7186753360004758
0.6041131385432108,0.1678019194187555,0.4128783051648105,0.04887051798189858,0.40110369477880065,1.918937774175197,1.651640830711039,0.6223066377942755,0.1420841684523632,0.44730094116265634,1.3422086037683636,0.4025703792288711
0.6466508770621177,0.19875149979656925,0.4043490225776518,0.050091452330924005,0.416429321641841,1.7025324493632084,2.5285706383971633,0.4382299030790907,0.22129992933671297,0.9306538292076234,1.4046236348672323,0.5865979372003969
0.6684180550109265,0.18144988924898448,0.4514289831820395,0.049240071387079386,0.389177129220827,1.8067502447815662,2.6677256974959964,0.4511092766696069,0.16592489432990332,0.7951712862439261,1.0472197593963504,0.5384478426276984
0.5822963924186781,0.18867256660772613,0.41878617986160716,0.04437578495594887,0.4210937020680285,2.3275513084707007,1.4271660369742964,0.6978975528408243,0.23250188058524018,0.5137461744081209,1.8179733155240756,0.3935106965979788
0.5731472296197203,0.1793529964173079,0.4619922056500508,0.05009922549616262,0.4318751101703959,2.241097443958368,1.414508619483327,0.6793168523692888,0.15136633331016974,0.2794944763393642,1.8831289243517688,0.3504499650496255
0.5746062777065905,0.1745765600850814,0.4428514681562894,0.046229806792097726,0.43707668665307403,2.3098478756124528,1.425209124870102,0.7127372181414289,0.14477913084785768,0.2840426021615102,2.082214884077286,0.3278446788218301
0.6839793049598557,0.155574797626157,0.44442834889569416,0.04893795005132385,0.3525345093414637,1.5869078167248323,3.0998525280848863,0.38910517903294783,0.1440688948752644,1.1842215258107875,0.7862520353077431,0.678324245194128
0.6357040759538827,0.19238837579613793,0.4549925723562068,0.04563545373060774,0.45899736497097776,1.977316581295082,2.285089310421833,0.4773366516515705,0.0853559431035654,2.57501916649454,0.7184671078049039,0.9615748220717941
0.6575640019185146,0.16805735956440204,0.4215191525049588,0.04842670738850297,0.38839600011103925,1.6591016860263652,2.2959409386752667,0.43560876429348544,0.1404702103936035,1.705677486572294,0.9601043949877365,0.8109118836586309
0.6500770197607414,0.1662490719838606,0.4315782808246846,0.04705212030791238,0.423810977797702,1.723541575354971,2.2843807923201207,0.448586161737568,0.11811977494889196,0.23783629118283053,1.369759881719387,0.3734025294932909
0.6535549350721244,0.18695742060163045,0.45341896191563685,0.048522176878919035,0.42780696900405724,1.916434317588153,2.1549520048152213,0.4820319448965272,0.30564980035360956,0.6987524106301778,1.941888167539851,0.44054678969120603
0.6253603536070397,0.1788157099418938,0.44571689166473716,0.045358832776640504,0.4213763363414382,1.7326935711787645,2.0981749275989756,0.4734163926710095,0.22670609765623684,0.6282971693590822,1.4639847657807867,0.460092471969383
0.6394411638273796,0.1676324610674083,0.44405823243000697,0.047347467421019,0.38810930506450925,1.6977952466092334,2.1667293986926977,0.5024560153906015,0.201122293205513,0.516940973885144,1.4529845975455167,0.42048087824648583
0.6212352680299384,0.1539791562922711,0.414896807613858,0.048008051207312434,0.3638196950839295,1.8416609565556314,1.756053524985944,0.5927959030151896,0.30282892747706114,0.4789845581500701,2.7176341992250004,0.3522036803742776
0.6147977957925771,0.18811839387811347,0.4404849854075463,0.04723686185371962,0.3674535838504622,1.7467916128205614,1.9190247223167727,0.5503966184121787,0.22468246782839985,0.43380896428637156,2.028728846237008,0.3684827003837503
0.6224258521337226,0.17381339464288267,0.40448077105502495,0.05058307623460285,0.39885196119190003,1.689940841680137,1.8963114981293345,0.5104558519151725,0.23893259617162438,0.3865285782052795,2.400835898540742,0.34110163770792357
0.6248463396484697,0.16175424278904277,0.45678371227126136,0.04713567160464353,0.3774672986459591,1.7582549294717404,1.847072443717851,0.5577472788165923,0.20611825892896724,0.4151543336596646,2.0135506899285938,0.35692174608461336
0.6200259941409079,0.1709123595946427,0.4077254895873087,0.04704925590393201,0.3919500833390145,1.74444089549278,1.8754149066122336,0.5539472716493312,0.2470611081959824,0.4593838741483922,2.3286594407695684,0.3423285435907655
0.6243697475579301,0.1823673835695658,0.4399910535816668,0.04757048458730328,0.38781446549836734,1.9329495770659952,1.8307871654780918,0.5592548622821949,0.24079527664512754,0.6531976504835852,1.5875777911306395,0.47601184798223434
0.6297355886934858,0.1796600301878723,0.4579545633056901,0.047861132254331855,0.38138533794633783,1.9324576405515768,1.8519769156906518,0.569998118933665,0.23871732713851154,0.6921275887303072,1.4582199172514734,0.4635497630934525
0.6195707594352428,0.18060933429914322,0.43313101802387305,0.045834255051737924,0.3965427919202722,1.950864088885039,1.8758137921162004,0.5452292231016225,0.31864106439088274,0.6506956233559826,2.226907602026699,0.4334356728401987
0.6450431452916312,0.1537074259954084,0.4301839136673626,0.04951248657993789,0.4033736999644017,1.879643946114468,2.1981333836421744,0.495908240405822,0.2584451832349206,0.54386379062442,1.788802157899447,0.43061541943514536
0.6212027324585165,0.17991276616669002,0.39203182543927934,0.045242719789461996,0.37554188500740493,1.7658248617539252,1.8664595330195901,0.5445314979930076,0.23895408835554457,0.4616642045211066,1.7737638108064249,0.3931374623112146
0.5736529243532176,0.16650978990127724,0.4949013860591096,0.04953051788664405,0.4223862783740462,1.7553278924379523,1.5831084858711477,0.6320726284962167,0.30338204076916114,0.6471237989439046,2.1197310766602966,0.4200293040876879
0.5945024165370876,0.17495890575939893,0.3887536918489703,0.04516075210162597,0.3836142125959435,1.7011141564241703,1.668200011542325,0.5712418385338347,0.24814275198839797,0.7842131078383228,1.6160825223231565,0.5298204379190335
0.6119663314863981,0.18454116509275242,0.44329134664180486,0.05061044643750293,0.37539686154458995,1.7976388651874955,1.8862287605078178,0.5422267847512332,0.2695769662242668,0.6831549086135491,1.5555093430220106,0.5093022524314168
0.6213719800352999,0.16362807846932736,0.4617245143891393,0.04921793169362171,0.43180267822970725,1.9120499322869755,2.0629634389171128,0.5337514287581732,0.30282910564571347,0.7573355779759655,1.6545274097536566,0.5206749040872908
0.6283396749550714,0.17007462003488838,0.4304276402679034,0.05116991087098151,0.4371390852732571,1.8688407547410537,2.043912114359826,0.5100559940573666,0.30475132177402375,0.7848447788194648,1.7241714558330647,0.48279187247882505
0.6355934631281458,0.1948747777341137,0.4404095171545079,0.04346575528969749,0.43543130217573217,2.0384734008318888,2.1760653117478514,0.510692472392897,0.233036664411829,0.9132472488139419,1.3322333192272298,0.5705711086603262
0.6384220449159467,0.19714710615321665,0.4521995095223048,0.044237134207968064,0.4326106501743497,1.9993339498596412,2.241585877078492,0.5009515918933597,0.22602869299868222,0.8291876922282531,1.3142593723164104,0.5585759150414917
0.6223487192337828,0.17671523632853162,0.4225800446062466,0.04566652859581558,0.4499190489317368,1.9276941025109844,2.1494245540494274,0.5109419953674166,0.2043308560732845,0.9810095456002366,1.1876465426102145,0.6181516698601168
0.6157889345452237,0.17408980540966257,0.4870540326951498,0.047492854128146585,0.4336946763959429,1.9702561314002887,1.9189969617593443,0.5621614272744023,0.1714226871324877,0.960570189353016,1.0346452134127793,0.6258632939440959
0.5967032865390486,0.1625454752130102,0.4067749000723604,0.044037135622183796,0.40440273206201105,1.8595059561593077,1.746702332125626,0.6018914040403384,0.14393374353495622,1.2030805936221471,0.9508741917709637,0.6801457161588401
0.6250286718541422,0.18383631084172966,0.47527127825091126,0.04899558688642512,0.4052050523689995,1.847250198612496,2.0703295845965637,0.5247716346943615,0.18015289911681545,0.8459975779281935,1.1673060904180426,0.5607249392664931
0.6344962457745267,0.17186649464538875,0.38288411072826883,0.046089610502742795,0.4032546876677067,1.707399674428278,2.0950188007265083,0.48073627313270684,0.20933482481535975,1.180474564158325,1.1109886413817545,0.6829330224867007
0.6407490463975676,0.16304479054398255,0.5031289501297624,0.04920517392068107,0.3579857989659391,1.7386377724156519,1.9866006973395527,0.5206546563779485,0.133039534738158,0.8542355433588059,0.9125636713366995,0.5860862078704648
0.6402859163926896,0.16233766407592412,0.4609407535619722,0.0414521158995319,0.38815804217239175,1.7301206939565248,2.0854126788700915,0.4801356308017325,0.12184063210193895,1.0413016800710835,0.8086960728383951,0.6606305026477485
0.6566001890206247,0.18511754745435155,0.36178269903180776,0.05133175017043246,0.39225135139116474,1.662377240190459,2.9064192257622263,0.42059409276958065,0.18413946973508177,1.0274383666152864,1.1051631703078695,0.6477449414444787
0.6541373429968451,0.18770272235937444,0.3806077152114994,0.05355363945032363,0.40729083023886953,1.6431003750289033,2.8772344963874628,0.40727479494665497,0.21854326648639702,1.0854172438364,1.0990681716404145,0.6228053502492215
0.6533171061102053,0.19392096280562607,0.40830425795888764,0.04881482463777477,0.39105471432397104,1.6716737647423987,2.7631856635622625,0.41896030754601227,0.22305873204397897,1.092766709430493,1.2745430818751065,0.653710587287428
0.6661396092708126,0.16788089487342092,0.4407371149306417,0.046741272601644505,0.4403426734079286,1.8785660632628305,2.4077122701382496,0.4548166128365004,0.17208922248706557,1.285339387824882,1.123722353070894,0.6752206202277001
0.581380206032068,0.19518635958490516,0.4587802088600059,0.04627690851436646,0.38767911712231157,1.7075084310169018,1.874656950550371,0.5564775628684305,0.08915939494899905,0.7757127432144918,0.7184322093779926,0.6237837354166278
0.6070558142059856,0.17331720380550972,0.42560359842251344,0.04903521721101956,0.42516226961103204,1.6657104624773804,2.0225393451061833,0.5102899343321894,0.19907323085586587,0.8066885542983244,1.147790980306797,0.5353872562995862
0.6364033387588605,0.1812833885856029,0.4619548134858391,0.04803068096838693,0.39224635349338516,1.9120204065873825,2.026362498242111,0.50923376008323,0.18618921170145916,0.5335769757167685,1.2268309152051238,0.4737793664276801
0.6492438132001975,0.1592942179911876,0.40727170477959646,0.04553578571201339,0.40966775706388553,1.767271339753313,2.358825435075999,0.4724064624945663,0.1507162684827989,0.81130221025516,0.9132123607415459,0.5697026481398184
0.6820303422404962,0.17022755343710133,0.46175122580059164,0.048908800892816316,0.40281479932871905,1.8638939562782393,2.620801637620089,0.4335376373429754,0.2040689338777298,1.4641144055190103,1.0624793860351245,0.7425628387997592
0.6512576823802008,0.17226676079282693,0.4382079990489962,0.04855953978764983,0.40199937511984124,1.6837165296704384,2.4704833020562402,0.4313803772713293,0.2062495992307224,1.8880742858094504,0.9102696463930754,0.8769435020116256
0.6604986732408272,0.17092702815061686,0.43538710887603344,0.04484304677361157,0.3986717293289774,1.7951733467779083,2.3250929970822307,0.43568410294770643,0.18195678466904558,2.2805806146623446,0.8281879653164929,0.9679519362619164
0.6086557381543899,0.1838147666702336,0.4199959298682194,0.04747492297659955,0.4325213754731772,1.8857602066402903,1.860072060723783,0.5274919776838196,0.048070804590293885,0.8887507445950711,0.5870011368236723,0.6206832474480757
0.6440964498587649,0.14886770823443116,0.43547850107760117,0.04786187835023654,0.40648819974482664,1.9045818512153438,1.9068787999967538,0.5146270292909322,0.06839773853445981,1.1228788948827917,0.6302760617893279,0.6486683857167311
0.644781983838249,0.1763231821042322,0.45720732605683473,0.048445549191969896,0.4367857650322733,1.8343594934977239,2.4072347498452396,0.476665939231105,0.08466419248463658,0.8776509440992993,0.8427542444134285,0.5981982169362989
0.677768437424419,0.15526141844877947,0.42470408471690996,0.04551030392576415,0.4068434164336438,1.8424092423247738,2.5421253516561735,0.4497487429434572,0.07338956009515718,0.92067646452616,0.8062048887773461,0.6002120535295378
0.6197132676846729,0.19107586991526587,0.446231819360703,0.05058822751613942,0.4043304523571207,1.7505318316010605,2.0540575152205034,0.49220038286121776,0.21131677659093354,0.7246325325828028,1.2885141704468837,0.5221567725396303
0.6175231849264582,0.17321577274430316,0.4067379918376656,0.04257087106390749,0.4192879983855558,1.9121534424901965,2.057306295098034,0.5392317490953362,0.13156786786302976,1.7631005846735714,0.7950964119138201,0.8366413899081498
0.6604854903704286,0.18765833787455952,0.4396507844885004,0.050838989752280093,0.37462924412272863,1.774089098079115,2.6243970272792256,0.48329022819202844,0.17822363788287365,1.5818173208292012,1.0700747514042193,0.7207933041215224
0.6482178027842601,0.16443261077969978,0.44104033463944414,0.045600157597824494,0.4255107710553205,2.073762129565621,2.3408916895752605,0.5350018922505625,0.06348920635288823,0.9529893044455632,0.7467821900314794,0.6384418471358577
0.6332000087989474,0.16769630034172897,0.446905155551154,0.05318123358503889,0.37214115264547676,1.7342179633548278,2.1633141909244467,0.5441112862111105,0.17120001427823806,0.9360990627869203,1.123425212596906,0.5251329225094435
0.6214804903134474,0.18722849819171783,0.44592794066965447,0.04727245533698885,0.3980451570749229,1.6775804992899808,1.8300965641371696,0.47849914631177576,0.18559581562051755,0.8146014553412931,0.9736046907706821,0.5740261294172376
0.6248443119766617,0.17942428332730828,0.46703525571641885,0.04686940325213804,0.3940924276310684,1.7769699896333053,2.4032578128207964,0.5163426441256767,0.1957346065937067,0.9617785699272764,1.2590511115302525,0.6144084788983095
0.6160932256883116,0.17708405266517926,0.4007152612483399,0.04695682949280994,0.40666821146598486,1.7590524959224243,1.7861114687430764,0.512035026150378,0.15349149832919737,0.4719456885638202,1.1116075911478271,0.4718134642892477
0.6081261481163516,0.17438441810501182,0.436423224900798,0.04767618798322704,0.40349757365503663,1.9721611005577644,1.68750589051128,0.6014870445043357,0.2673763653724944,1.2368370937224697,1.3136858557831974,0.6963768681073176
0.6215720185159993,0.19057426517782086,0.46200693463672693,0.04495962734261877,0.4607511610931541,2.1309310791464027,2.1210098765861627,0.544891362741872,0.14832739551141713,0.43707938302651606,1.2736793976810652,0.41871845131558216
0.5771863920157742,0.16389719656649823,0.47479725945434115,0.04606050140385241,0.37920676704076994,1.9199287414803015,1.4214868291546339,0.6595808368644821,0.2534322548268967,1.0316550981578922,1.1944896139264318,0.6205728464512987
0.5595394161480132,0.1790442757799079,0.37393895007260936,0.04703464921259009,0.4265842777034142,2.2241279433193477,1.343606052793515,0.7326408763649599,0.24387378017462372,0.7246686132508643,1.7023758922535783,0.490654758913689
0.5787437813530946,0.1836511791544807,0.4875525842925412,0.04791833445938632,0.4394128420617972,2.3204060403566515,1.5006151407490522,0.6968719471882259,0.1942496904572066,0.807317790241743,1.3266300663778323,0.5676558707914449
0.597075463427553,0.1645540299118619,0.3877346442045263,0.04654887198959699,0.3745251658150946,2.298887403069824,1.329790529891987,0.6998122462647365,0.2529517201952412,0.8950345610912299,1.3576228957143501,0.5823068559976436
0.5820232266703371,0.17370845856141667,0.48127485698995487,0.04851716213608327,0.3623890677091817,2.152806993965728,1.3399273549716975,0.718412218276256,0.1900206119477412,0.8817728106400394,1.370714195417622,0.5852066659461386
0.5634240378602845,0.18152140194699184,0.39746240376363257,0.04612655228884472,0.41972268539568175,1.715509466647736,1.63505294498851,0.5981481034014428,0.26003647346025643,0.7842485603822376,1.3319365277193878,0.5353723216826636
0.5633698267187986,0.1844382142655663,0.40208977800741347,0.04773653828513401,0.42535833384333166,1.693017526984012,1.6570851649496887,0.5835843353197573,0.2510040405337971,0.8331692497161074,1.3130413042082951,0.538285797390991
0.5621200747130775,0.19042692458729496,0.4773613699399966,0.04952772092673088,0.4102189332898515,1.6144220107154388,1.7136311830819713,0.584382152898842,0.17468867731445928,0.7494092435945484,1.178606955897855,0.5375892279339766
0.5742485152066018,0.18724873750614887,0.3701433978096292,0.04594400177380636,0.3786814207760038,1.7900687895709702,1.5451341295447847,0.6445081303075286,0.18313416473364252,0.8944241390783564,1.1892916428356612,0.5554405875997857
0.665154180333879,0.17612355729439597,0.35916065286316046,0.04536411817886592,0.4096284860739214,1.8868486002696974,2.5491874198888356,0.46310942172307284,0.18027239990150754,0.8825730056067658,1.0611997340012351,0.5766028265993672
0.6484296142547088,0.17590137182228735,0.3393007346012874,0.05161722800945378,0.44655939922374105,1.8360861653861231,2.4614492232932608,0.45086250391652904,0.12765049866238912,0.9040863555581231,0.9634745159993324,0.5892460120487029
0.6661742811414791,0.16614346582958098,0.34371871204794807,0.052527844838435915,0.43813356318717805,1.9364607563588,2.537105331842345,0.44796994846290855,0.14297992947395902,0.9226823190465111,0.8986941834539994,0.6172940322106378
0.6628454782565032,0.16749654211583903,0.370661774439766,0.053704657670813,0.4255213159867794,1.9129551837787075,2.441449999645591,0.46249691123846015,0.149394952920903,0.9132542929691966,0.888868610002742,0.5914036101248862
0.6091311042544278,0.17094830527281268,0.47708030226678283,0.04314977019196638,0.36544299835838645,1.5318242461915614,1.8281311548418813,0.5142105839750193,0.20146816730974101,0.7437545294713983,1.1585932415485165,0.5359998796939635
0.6300178713197738,0.17346784618648833,0.3915837593227528,0.05152363901652821,0.3700368740014145,1.728784297301888,1.9012097031322495,0.5198227488216463,0.2030327935514445,0.6720281541624602,1.3700034137199615,0.48972443267566246
0.6138879955081591,0.14843535793803536,0.4444999794432917,0.044045216034335206,0.39198135129073286,1.6895511035607325,1.7820410025693403,0.563788559260659,0.2515746290333057,0.5765771653141223,1.8140112484533721,0.4158743077267903
0.6106043420547774,0.17669483194858196,0.41944898678425585,0.049412196143435644,0.3816514902603812,1.8126479282956587,1.7719893609214716,0.5853411558605882,0.2541750035115812,0.657391332905189,1.7162753090356808,0.44856620231387634
0.5902883405933147,0.1720988342082796,0.4140265940670634,0.05055102211095024,0.4327705835389487,1.7183925736847305,1.7746757942484126,0.5417198630012947,0.2767171196995863,0.4995429026405085,2.2118123512880863,0.37897518586084883
0.6267857289060429,0.17936542270381856,0.45835371804705666,0.04563333167755263,0.3703100392240394,1.8409977226731555,1.8578589166649078,0.5405660392696144,0.15896349387858175,0.809812480489119,1.046074520008857,0.5548091838055303
0.6346508652784073,0.15731744053849211,0.44507759749964926,0.049415567224601616,0.3920565187746448,1.858252369688768,1.8912179709240124,0.5393181079610421,0.1541787918009176,0.6375236411420202,1.124670791430661,0.5288478386613872
0.6299884581102001,0.18753927454551772,0.42748527714210965,0.04433632221560456,0.4039662797694049,1.9378635714915535,2.035144458915309,0.5315001545849342,0.18685963236468225,0.9983066409199944,1.1027342390318615,0.6015988905160053
0.6252416282284421,0.16382710920343457,0.45171360314818193,0.05163682167176028,0.436079674696095,2.0020743185268106,2.0188576122839783,0.5589799835717586,0.1870131467010948,0.7692356502686324,1.2523076698969624,0.5231929669181128
0.6232662274770137,0.19620276650301702,0.443601561982076,0.04448714207646115,0.4282305501542296,1.9021472273436038,2.0861504241184465,0.5077262078383215,0.2764400850969865,0.829515191005779,1.5206383986784038,0.5223483108277475
0.6232451313117254,0.19332670571105245,0.4504788285495545,0.043864014763931584,0.42887661893627904,1.9168399834907492,2.2225485637614253,0.523747880981139,0.26005072481075603,0.8354668764865146,1.4917466836822089,0.5394743020313467
0.6156636402762767,0.1945376040254354,0.4479849829464781,0.043115266812208244,0.4344449876317912,1.8929998508234887,2.122008887663232,0.5222832133254155,0.2542836720162672,0.8171034059175005,1.4894800219670632,0.5203894206786399
0.6500917741993495,0.18390732800405882,0.420836636455664,0.05125798552852339,0.40962615485383747,1.7987846771847413,2.4922455414472364,0.4726684198176172,0.20486793918992494,0.9382572706092477,1.3303436175224508,0.5946844774845411
0.5982306907754144,0.1775779584128272,0.45359989162704195,0.04384413243013676,0.3952142245977635,1.573528356663717,1.924467290098961,0.5168427821467425,0.2742123098111196,0.676476646769148,1.4313086479055854,0.4873360080789953
0.6077918510306809,0.18190525504593583,0.45635370604937114,0.04149224469580238,0.39922995157684,1.581698789910083,2.002905230211109,0.5002592976812502,0.2721610232997021,0.7816548082278565,1.723165064131784,0.5123007941124141
0.6079407087850507,0.18162958449709565,0.41492843817511005,0.05155009041239204,0.38879169962258453,1.8140454029767674,1.7958398049169684,0.5707639609876789,0.21866295096114316,0.7362269706797449,1.505878027147645,0.48453723483098676
0.6365139885340687,0.18821931065526606,0.4335034172420446,0.043893038402149635,0.40935015362807375,1.7240128059623288,2.4212594978455964,0.45447555719284427,0.2569526487705674,0.7108036714225889,1.5872516712888345,0.49010710077357555
0.6334519906973388,0.17863596415198044,0.4219452148203204,0.04738092931941664,0.39508142857002376,1.6985346699473591,2.2205842033217147,0.4728173920775054,0.23660337607614443,0.590780295245761,1.5676853486797202,0.46640456417132925
0.6363996052724268,0.16872369590811662,0.44130744411317974,0.04648016439084225,0.3949822810801461,1.710158838984613,2.2392691792418336,0.4699601182682431,0.32711862262317054,0.6725300644827077,1.9819660908332382,0.44586813613519843
0.613723724614357,0.16375358523877875,0.46039560999323387,0.04604243942760534,0.3557965545335479,1.4940865387226172,2.003575095025657,0.49912238359858396,0.2166705146094552,0.6119273504586641,1.232097704005137,0.46700299739508816
0.6262948542284528,0.17292950921884623,0.41707730813898175,0.04832337934893162,0.3426519517382061,1.7258785056494026,1.8152536392867136,0.5425221102196921,0.19082439477984117,0.5222139168928671,1.512787982553239,0.43680280550107187
0.5779467276956035,0.170723447188861,0.46300361693573394,0.04339840944308406,0.415380538061854,1.8675252362074364,1.5696100560954853,0.621926498252344,0.1645911569168099,0.659951853400566,1.1584389243521114,0.5262802621363188
0.6343522429187511,0.1886877199755993,0.4828319225973004,0.046588094668428684,0.43046681599165865,2.276375882557564,1.8682655561720065,0.5879022836218593,0.1410935786418552,0.5318412306657798,1.1623659033695384,0.4437500324049283
0.638561174652894,0.17116217136866688,0.3746619215440511,0.04942553978053557,0.4328232908408806,1.9307301749738464,2.114325336744611,0.5038456603389427,0.1957103705747194,0.5807823875906784,1.421249635226874,0.4683569200532721
0.6511092683305496,0.1836972975743671,0.48686651471072434,0.04450749968178624,0.3513581277023147,1.6783006521798847,2.2438922194819453,0.468474595499133,0.1824949478026491,0.6195246662921688,1.1476231589727186,0.469741117693165
0.6309667274815118,0.16907975546998277,0.36634523868952357,0.045686686858993825,0.4368169972184792,1.756264443674716,2.315651894242876,0.49609775188023175,0.2204387132037938,0.6540948528664502,1.3532667799035614,0.4702426443550494
0.645154925050581,0.189257051208884,0.5121890662497962,0.049336015428658356,0.36541649662514286,1.9300513910139379,2.1555929952103905,0.4961426103112949,0.19827711047151567,0.8004091459741763,1.0368672534332621,0.5377458110822774
0.6751357609417388,0.18552269302813798,0.509889467172057,0.057310980140016766,0.3970230126065536,1.8854555633539698,2.382866348909091,0.4717159890103132,0.16176974170453248,0.818743270351406,1.2599073158182057,0.5374976923583407
0.6646496982104915,0.17600108345309964,0.4703429004440844,0.05546322300109049,0.3828848661662701,1.778189389566391,2.4831309519690277,0.4389025424774657,0.1552686639379952,0.6332243927686724,1.0996531685704896,0.5063012962976143
0.6709308385857391,0.1735214429545298,0.3695953982136826,0.04060419814406637,0.3830772990263072,1.6714629371549607,2.79267532585044,0.41477924803222077,0.10680337922543279,0.6698967342565706,0.8956539104468098,0.5205711801848241
0.6718579991490912,0.1743931522862988,0.3699042754417034,0.040647054275191934,0.3839658017745117,1.711523084599798,2.752791480417625,0.4183445719325594,0.10790005038343953,0.6589104572346594,0.9050505032790522,0.5291829355344269
0.6393333881422484,0.17668991671591172,0.40482971992700517,0.039398208604883606,0.41303448171166673,1.88399217516798,2.192833643386452,0.4995051009934863,0.10887550214931041,0.34551190403138654,1.1723929824097963,0.3979981431591278
0.6194653834376203,0.17395369906219138,0.47725235734232635,0.0485457672060317,0.4276905543118122,1.780860143765215,2.0334657142126042,0.512108268621176,0.0947351906869275,0.28667711869461593,1.137576307045056,0.4038626184620154
0.6220938869321857,0.18137589404191645,0.3793449730904585,0.04491042634815582,0.3898935960894997,1.9788036987284074,1.8138408643256472,0.5836695128771424,0.13257178999507357,0.2682137274527358,1.619914979208189,0.3531131564816282
0.6497722227766075,0.17700024092024874,0.4476223145837159,0.04595372790470846,0.4300047238334771,1.909241477327584,2.3367408848249815,0.4885480704023029,0.03507326366049252,0.20263815003802252,0.702071266771623,0.42298403504813287
0.652641682001264,0.18409454615213885,0.41782006243620734,0.04679631566229869,0.4217949607121057,1.9636537625991324,2.401166420967562,0.47624172972594175,0.028223061354421906,0.19931772663369202,0.7010490328444454,0.4243086748777427
0.6677045613792357,0.1633371678905837,0.4487775859710227,0.04771197696478058,0.4261210409812351,2.0757759591061156,2.2779026718492856,0.4992601491193002,0.025822154577465405,0.7612873698066878,0.5100808210655393,0.5914794422518639
0.6152219051724555,0.18970199024487938,0.42905040566720026,0.04433952527416268,0.3945761134294344,1.6712784969899832,2.03005793608675,0.4940586381896799,0.12087860685300228,0.8737819730007237,0.9336232813852853,0.5940429343473203
0.6399120782669135,0.15557946055550018,0.4572568091438647,0.04670587678410163,0.41297035104823027,1.7993744161098597,2.095462504659679,0.5007434984063214,0.11543071172422006,0.983155895253659,0.85887107698722,0.6224195019060388
0.6511939698289879,0.1832753545459942,0.4247265667053358,0.046922990942713315,0.4037630628888662,1.849974365516202,2.435287853532448,0.4594269614425956,0.19606021099119988,1.8796607733916741,0.985496153554533,0.863079992659816
0.6602006555795822,0.14424300198015733,0.4081436956395614,0.04722442456615342,0.42737577150568745,1.9512607525915053,2.193376850366156,0.5040711040533051,0.16881537723079576,1.282531082943236,0.9499520253535176,0.7052661074602427
0.6429198483793513,0.14893176328712052,0.4545815526498294,0.04739967094084446,0.4347579995003135,1.8841961525645674,2.106273784123259,0.5103788939927008,0.1562066104987582,1.3242719996743273,0.9972088354235908,0.6986791540572637
0.6169838568474785,0.2185190594269776,0.433426253280291,0.04781931788682575,0.38435010878324705,1.8033509491689763,1.9262357649103403,0.5025635970598668,0.19305233974004277,0.9867906488993324,1.1215336220984204,0.6064651547508814
0.6195364389616808,0.17786595917485265,0.4856624105290679,0.04615951514694798,0.3964007387035728,1.7342468196490397,2.217161645625637,0.514672762793598,0.240814936227345,0.7713366326847036,1.3553354930751693,0.5406111521593597
0.6235760529083615,0.15015524667729394,0.3844198722523642,0.05062731120141579,0.35009465857650146,1.8016409766673809,1.6840106449230854,0.5970015650737723,0.12746160097761033,0.7334331848158117,0.9280854783185609,0.52790171465433
0.6159784650899285,0.14084275169036978,0.479331991605921,0.04762416497660582,0.3963535099844893,1.756124102592222,1.922653267089586,0.5580817588694504,0.11191225287958732,0.9193385089283519,0.823052394858896,0.6238089893103254
0.6310722569211143,0.1633044808917349,0.4279955635998087,0.04853560926995741,0.36148847153452374,1.8152269280217346,1.6882638309303057,0.5249562344576744,0.19361605893835,0.6628139910299399,1.2871435206242117,0.5411815295932356
0.6244905839607827,0.16276763064604852,0.4322444348776616,0.04728057611390628,0.35505090204468054,1.6963758202801147,2.0808134460749086,0.5290078613071139,0.16789800692431503,0.6331173277815899,1.0980423527649037,0.535797222228639
0.6243975555317087,0.16937257317360083,0.4341593656105182,0.04444834553229354,0.3707653644450485,1.6292962964975146,1.713169367207336,0.5159870489823705,0.16991170826771756,0.7658316569257745,1.120226547448955,0.5142443956262541
0.6439695065155757,0.1415147833372508,0.4917332276550706,0.05066148815058261,0.40483124492611455,1.7896835404171596,1.8797860573959175,0.5079281137174789,0.1413560073700005,0.784961954551093,1.0232040597082324,0.5730698741284819
0.664403627583223,0.16813159058257138,0.4042004611741135,0.049603767055004425,0.34304576839631756,1.6085259382372004,2.530328435753124,0.44274645329404766,0.21774165145386876,1.1817029292133432,1.1975219234817633,0.6813618886323889
0.6641274159693467,0.16327106202755517,0.4577975272850531,0.048901969671060815,0.38021940153160355,1.7155563142639507,2.1799865988579548,0.4424505419900819,0.2643622131275692,0.8298558220069556,1.2862657416622836,0.5643065516792611
0.6490296179839734,0.18574429396489206,0.4215515532124319,0.04545186471336254,0.39708533607529317,1.638669391394975,2.4296447191849064,0.4348282746458493,0.1962865084181976,0.8003793925094874,1.29787652714724,0.5527682673609993
0.6431479599759258,0.17100564927945772,0.4135174391198255,0.04562829528994763,0.4039198121074882,2.0260028972363675,2.0193275527216965,0.5350392022363853,0.1903251960113259,0.27845106377340045,2.1501239167864563,0.33989335856624114
0.6409964375194187,0.18917509190859974,0.4128321179406441,0.049968613188496575,0.40251452863887904,1.7793488572261005,2.4847559808996054,0.48848696409007597,0.12243636747332629,0.3938008102065968,1.280917309039092,0.37338338456036096
0.6344976069773847,0.1805210056349875,0.3818372118219266,0.046101296307400695,0.39597460610416657,1.7674593799861213,2.0787811377442345,0.48098570642463434,0.1578283524969259,0.33293592670983846,1.5262917448768238,0.3924096272484918
0.6139592135461767,0.17588830558362392,0.4388508638965882,0.0479825000168778,0.3633659198579766,1.6680106451431091,1.9737976135404751,0.5203329666376105,0.16939137271651292,0.3538120413791543,1.4620117197890703,0.4069200494114549
0.6129826799528835,0.1631341267862472,0.43542639089915947,0.04602991624468249,0.3768919984205317,1.4977150244896746,1.9410261963214588,0.493957482513735,0.2360189185084402,0.492486430696684,1.6605219627083123,0.4296367191623737
0.5539829818862185,0.1634581110661501,0.43701881906393775,0.04746392870086175,0.4158505722828285,2.2044143539088776,1.297665755449228,0.7704560582790981,0.12102693401980652,0.6148752404299128,1.0358090742862145,0.5072581886384514
0.656281180995216,0.168226927219663,0.4567106744592124,0.0477523640908221,0.4160798698337927,1.7671181240471945,2.542304415246422,0.4516305949300265,0.1330125011817629,0.35390467841988055,1.2641336066111148,0.3858110883168175
0.615892089280069,0.16956227217310352,0.44614387106944026,0.04900981724999347,0.36988968258510896,1.7175531992209443,1.7987199356838535,0.5358718532555007,0.14338898557765556,0.7346751420421359,0.9084476305145813,0.5564007012026096
0.6261652555019107,0.1933152950168972,0.39406055834267695,0.04806310170676859,0.3708293648798481,1.6947285252337707,2.133023406474948,0.5094901534873778,0.1334338109119015,0.664377991741934,1.0792926306135004,0.5009463307040299
0.6364975380522202,0.15242603749110964,0.42881170264364404,0.042395997853787316,0.41195492987701327,1.7790893667415992,2.012449847185691,0.5160256006628414,0.2903535316076529,0.6315084967674122,2.305269978873212,0.4135069777006742
0.6335606360352635,0.18482446001246564,0.43934005225036304,0.0459958807197783,0.3986568337035163,1.8600852676749484,1.9897233988067426,0.5197502268159737,0.22012118342212852,0.5758081136133183,1.8528671678464952,0.42375102413629845
0.6026432656001637,0.16824100797203012,0.42994274838967056,0.04792174366996487,0.39538169662113615,1.7253520831464355,1.716846556971344,0.5604177357461809,0.15400875147885468,1.6160657433107237,0.8518378147261619,0.7928446663761997
0.6552086410609539,0.15475764274606887,0.4443707978401454,0.04663095852167642,0.42838544784817545,1.7477890581492717,2.5306021856746126,0.4524605989857014,0.18977401908983543,0.4304011253958102,1.627526503618346,0.3979699400621466
0.6624806324145873,0.1642730704200414,0.37914880485634117,0.045819874720727745,0.43029518690820423,1.807670127001356,2.3491919539625212,0.4482451367762259,0.18951533488803193,0.40604338819639696,1.5304789736541076,0.39043472004058555
0.6556434802905106,0.18161427136065364,0.5012733463935662,0.04719788216367151,0.40127855086748315,1.7924837536733325,2.485063304698951,0.45679989592882564,0.1308776146382735,0.37571899773555717,1.3532802194134708,0.405054902926076
0.6530879560705564,0.1727126819962143,0.42935029225409954,0.04651337502190439,0.4793272985309834,1.8737767163135468,2.951359302032339,0.4293946853547144,0.1319260251284846,0.4191442595497418,1.2026904405324863,0.4322337175281442
0.6604259771602888,0.16251341420475016,0.43743300810143393,0.04588584552291264,0.4499562729064998,1.7509753918491218,2.7772920747763687,0.4052805456189262,0.14003426979987274,0.47848276263313594,1.0798213158468895,0.44462999013517
0.6476610281375514,0.1776391954628144,0.4289717233875327,0.04616041485944389,0.43994596860516555,1.7287457939714328,2.9127973798409905,0.4240948049684015,0.12157296049274004,0.4088438256471421,1.172428829933108,0.4483004523605205
0.6114097741053021,0.17123980010727685,0.4314627487636773,0.04555171193412895,0.40417048615807255,1.8053343191732558,1.886585260412711,0.5344563657614108,0.0904246953714436,0.622531181266942,0.8685432751601935,0.5534165705221288
0.592850507135177,0.1702317663167625,0.4547364616715925,0.049284805643856275,0.3398777251988851,1.554741703047018,1.702679653374659,0.552457743083374,0.1628267037051248,1.0394868974050906,0.9340481082786922,0.6584641599078774
0.6038563462794408,0.17477108121164628,0.4086631440117063,0.04276176669689903,0.3602110582683916,1.6118431720103854,1.706927581008416,0.5285099951674038,0.2008997437027212,1.427198480696313,1.0299531956966976,0.7701963774202696
0.6097320985439612,0.1673134719376827,0.4712590915074121,0.05294218188941998,0.3620309391109492,1.673594072349538,1.8498988631919753,0.5479715456083952,0.19832876310103548,0.6137101684401385,1.441553589051223,0.47551265525690184
0.6180920890828555,0.18259537658484523,0.40967286601859304,0.04156367410159739,0.3930150105799436,1.7136341015100558,2.0941418081975867,0.5002605001274731,0.23252313438513,0.5435498005426306,1.6052064379587798,0.418121445725655
0.629969487046475,0.18435800990207857,0.46897665950101974,0.052371841977887044,0.41954189075569726,1.7904996231921217,2.3639988256754823,0.4717032776812105,0.13294069680900336,0.4573681673058296,1.1109491311997308,0.43825379312366985
0.6718220398292175,0.16068374262267537,0.45380231898130097,0.04982867970727676,0.3760644271226096,1.7551569240536051,2.333515387737691,0.4584782645000057,0.2728427039233947,0.5087765502573547,2.403796370760919,0.3697687478745331
0.6192733885240661,0.1747862371530049,0.44105664900878233,0.04595395780210048,0.3806949305305305,1.6418761659638055,1.9308952384916724,0.516722333877899,0.2885386076958326,0.5471247237505628,2.260211445804434,0.38370238816140856
0.6130075681914717,0.1744450492107395,0.44436632647006635,0.04849093587710101,0.45035475162171174,2.1603124731388847,2.0046979715147515,0.5931641626044922,0.2530976981851933,0.45424120123785083,2.0622037864915956,0.37796633560975135
0.6379575204258648,0.1930163437755266,0.42418196162663646,0.04964193577896345,0.4302362418665032,2.1988357498536226,2.239263888953192,0.5485712834551252,0.12911295225036193,0.2770378784181952,1.312098341569055,0.3973670373467841
0.6281857418325211,0.2113400622426153,0.4327219901320806,0.04503075314860364,0.4599766497920529,2.1061781622784386,2.1628743003249724,0.5240797810043245,0.08966119247007527,0.2475922796624047,1.4488061244598909,0.37003344931034515
0.616373715719115,0.1931339120038356,0.4105829837695549,0.04587299182452379,0.42199162572756777,1.814676164844945,2.24395366464363,0.5055226356914049,0.10869271566118005,0.3158602744011907,1.368257143013757,0.38469762498994614
0.6152773280727887,0.190953701918549,0.43383126829808943,0.04795843196146061,0.4230711408415377,1.7831954831552606,2.2725109547360858,0.49747249322347536,0.11753720970989819,0.2630066559592107,1.341449239372929,0.3961404797117536
0.6336531831686636,0.16897357424071657,0.4399895941033687,0.041922972676706347,0.38930308043185147,1.902266783789457,1.9340353761600544,0.5365711139345739,0.06733745033202618,0.6897271135484727,0.7750970922202042,0.5736240146011746
0.6238306215077444,0.1774288909982184,0.41710991568398326,0.052661530446134745,0.4181558891450622,1.7525301336337238,2.274483052460629,0.4975657638834059,0.15858430844483626,0.29873949586744164,1.7674819708322485,0.3581930559260964
0.6311856646872548,0.18177926822473336,0.4402583543873695,0.04886462501584116,0.38984869425504853,2.1106792077117302,1.7734997407766164,0.5751834701342774,0.05335866003849932,0.4212675189063925,0.7039355181182181,0.4794071936499718
0.6172505674576492,0.18092224398936654,0.4818435574386656,0.04970820572664055,0.3968488658288244,1.911418807195575,1.8903342167956874,0.5580972272992213,0.08675388326078248,0.4407561185236009,0.9046930955760237,0.47074430380882737
0.6461289071210035,0.1645066968255473,0.44476420710927106,0.04764527625011883,0.38446968209759874,1.767762792144593,2.0229771533748866,0.4836156330602516,0.11553167337727421,0.5316831312911872,0.9402032424644048,0.4884048143777022
0.6551095099471527,0.1676268336746909,0.48765686585535784,0.04657217692094171,0.37280525717204993,1.8083760964593254,2.1182413795397492,0.5077571566922353,0.10086738085240554,0.6089570005425167,1.0098768370672517,0.47944955908704795
0.6206315975431357,0.17991468573311667,0.42016385701479253,0.050178106263071,0.4118187573492834,1.745711766145974,1.9685053846678977,0.5063330899701242,0.1080158990704104,0.5951650261715901,1.0132699506886178,0.5071275120500471
0.6450793306446833,0.17427503584419307,0.44128597365791106,0.04524078116886823,0.4188893289952753,2.203509874853375,1.7918782018110389,0.5641464123503351,0.23209660949980437,0.871122529816918,1.552857050636847,0.55082173868623
0.6209840890967042,0.1729736130443792,0.417143882641719,0.0492109269643458,0.4220343267940857,2.1304343908978427,1.7068699631613855,0.585584693986474,0.12020996058930244,1.1789202873854772,0.881481502548508,0.6928567836907263
0.6153815139840713,0.1527247142117673,0.4313792172829169,0.0443370054719679,0.43331721360738207,1.8693155192229929,1.7468474657534245,0.5601565982971931,0.14136922846682476,1.1016977392001834,0.957484401972545,0.6625533064222889
0.6105946132534795,0.16850404886184756,0.43857955029106016,0.05095774069983433,0.4393207374291767,1.8463515438384972,2.0422196425591905,0.5281516828892789,0.09661974053951404,1.1516889191154722,0.6983747170909285,0.658946288439099
0.619050641149581,0.18089397071097443,0.44427529681097905,0.043736966221581824,0.40820894368242266,1.8453230999392478,1.9745365863651667,0.5410825767144777,0.10399904345601269,1.2680051269592527,0.8926148020826459,0.6975765451001402
0.6357394218880684,0.1759542576231285,0.42935191321619265,0.05036846176235843,0.3867759498500494,1.7530934413799704,2.1342318977062966,0.49507804991879695,0.16934245575988247,1.1030328196892776,1.1109917175390855,0.6725903945751163
0.647558795777431,0.18413988473244575,0.4150594380758207,0.045745268328968546,0.4326830224519363,1.8008919998837871,2.531793173933345,0.45475666960585076,0.19185197425987202,0.6422391619655687,1.4548677821135036,0.4532772631423196
0.6596660381412238,0.1698129506194842,0.45539816083002976,0.0497687823177712,0.42739959213084544,2.066646347390906,2.0725270204738773,0.4764756315421818,0.36231475261212015,0.578968377691415,3.02846105116832,0.3613580443734207
0.6116977276955952,0.18276628796775474,0.42988988760291685,0.04647110811580395,0.4029407202207675,1.8328018166584878,1.9253130454953098,0.5447466040554384,0.20991557839592534,0.40509688155151313,1.5619874685244632,0.37877471485740166
0.5902018075167789,0.18357447307052135,0.4383054622674012,0.05046786876098652,0.4016716142189204,1.9561605859725075,1.640481525533563,0.6138799222907428,0.22712961477188537,0.5471639364996598,1.4900566347800017,0.4114302530182937
0.6109106199587463,0.17592728796086393,0.4082288062782076,0.0490352196585993,0.4103952462586117,2.032430398552569,1.655773758524192,0.606528676985728,0.16429589915507117,0.5670311194371046,1.3041953949820557,0.4739978679361907
0.6123583496293514,0.17120819084614936,0.39942431239992826,0.048541616018787016,0.40826825122442817,2.0378887605809313,1.7049451243028095,0.6072731546596768,0.16341068942322545,0.5901328114882318,1.2686167543790732,0.4830180943239091
0.6381010021221911,0.18434175119858,0.45150109955411627,0.04840035399332231,0.39561794385910326,1.750867568326837,2.326856610588015,0.4759843402180995,0.19474620204316334,0.8859032901505605,1.2027192355335772,0.5851005128982619
0.6038116788337806,0.17728544823007852,0.4337548849884661,0.04523780615545833,0.39612745412119627,1.7647971863641698,1.8292051100798488,0.5610344976110699,0.1751135961432572,0.693964964561179,1.121287917965634,0.5118258955079221
0.6031904368734865,0.1669693684554758,0.42261465250193986,0.04626772641309004,0.42886416446786524,1.7701212725018425,1.9646891735805088,0.5371623948559157,0.22212837901948615,0.6105253661051633,1.4013579072123639,0.4770679393338905
0.5720645616870814,0.16730319379486167,0.41348279786777625,0.04728667181136824,0.4267063447106339,2.1921318355264803,1.4006372107854306,0.7024673905965714,0.16062868784565307,1.6078730416769191,0.9603194060865852,0.8186665174372594
0.5960163652093603,0.18361280906617045,0.5212099164220327,0.04927722922969508,0.4165485995846223,2.5015355534161046,1.377984794051836,0.6908054432283998,0.15647352146001697,1.4986083627747522,0.9330938961866858,0.8283964456955014
0.6257534321434507,0.18067914715671,0.34015387193758234,0.04815389931042444,0.38415974639064504,2.6397069477215256,1.3570217425763187,0.699712568126495,0.18830690596458816,1.3600271762991227,1.110878577416629,0.7264738258823356
0.5817495347747395,0.16846760702368557,0.5238142062131993,0.04522441785016569,0.4310346686633192,2.0477418000426812,1.6377367017164592,0.6631640441656608,0.07928130867100977,1.4111913022118587,0.7692680977989941,0.713996832995844
0.5785080337935662,0.1765039519021904,0.3973559431353066,0.04944567810546864,0.42241278267511295,1.9171772996219956,1.6899785715154132,0.6224283111793214,0.17302840492199187,2.006872832212102,1.0184954568644835,0.9908978831241236
0.5772674791629777,0.1882516928158576,0.34842137371624227,0.04693060701706866,0.4239798369718432,1.914030350124178,1.5170174643282779,0.6150144070507478,0.1987531272313987,2.3788906277275745,0.9216560374482318,0.941803456926259
0.5399420705761658,0.15830838222046062,0.4256637905795365,0.04934250189332807,0.36222077652289936,1.7439089503202263,1.159364756595943,0.7055006922384828,0.06383032088115485,0.5174016469833809,0.6780325976520721,0.4986748835512064
0.5561726460500381,0.2000751598830859,0.4160773167461126,0.04855842545421191,0.4602257433232907,2.2851193388022,1.4783636980652817,0.7092608757488523,0.10398947811784821,1.827307316763984,0.7706485658429628,0.7779171869236007
0.6146497036872162,0.15555385197255542,0.4632811668815317,0.049683471676332386,0.3905160974501644,1.8785769368364167,1.616954813366433,0.594222713116924,0.22905418704976685,0.8883634953816477,1.1894741841393657,0.5620148447044163
0.6229746036709691,0.18146196908128992,0.4168013628198574,0.043275136013417814,0.3855345309277084,1.832742259525726,1.8796446698432365,0.5224470930731643,0.1360962980212694,1.163340067282408,0.8027658686619887,0.7036375564923079
0.5890701336480811,0.157935821691101,0.46136388116278054,0.05365800822780456,0.4370835286640392,1.7581486072545407,1.7076658786805434,0.5811161138333906,0.11399037127916854,0.7649672468693615,0.7990134205928733,0.5753941766464703
0.5443361359101021,0.19991606212720897,0.42611987010301927,0.04362116057115683,0.4084181938880883,1.8824876206243921,1.5406903544506863,0.686003960576541,0.15942050640850078,1.3406661326492886,0.9575982231315366,0.7510512842454088
0.5577423177817276,0.1677861691085531,0.4416940472620386,0.04564004079855845,0.40770268117101116,2.5370146789748227,1.194486245650377,0.8151661222996002,0.16491846377206354,0.5344466873065099,1.3071537690499175,0.4828877841058826
0.6471952881391343,0.19187741869474578,0.43626843404810506,0.044156811010001365,0.38680971177513906,1.8714098363595586,2.1733807891051096,0.48700215322812274,0.25393705672961636,0.5330015680233011,1.769348993504111,0.38518750257759926
0.6342257688508972,0.15382858256019832,0.42879939548663504,0.049455948347595764,0.4260682634160109,1.725602864177255,2.1452764626550325,0.49601901789690495,0.25416602475339023,0.5060774148421762,2.024294601670067,0.37016116036108243
0.6530650570683026,0.1685292322391645,0.42184748309021086,0.044804503742235414,0.41201144072295504,1.8651042244677452,2.3540468887904002,0.4821573282815386,0.3275826523932685,0.6656332778626749,2.156816379950278,0.43448764892796315
0.6511550680514417,0.1765339913196918,0.43547582152939784,0.05009551406216858,0.39124633680959897,1.7561477083010804,2.380464263459781,0.47505309238279625,0.2056697989382309,0.5183974702775567,1.4953948921539992,0.4336002328767801
0.6320854676368642,0.1730284723341227,0.4527040351475373,0.04670818892719917,0.4092018223431373,1.7458924275841585,2.0719451138589604,0.4948105311389532,0.215095407817599,1.658473491296775,0.9601289051291626,0.8081920091807985
0.630089939582453,0.17529815382950734,0.4491049660365031,0.043523992319737505,0.4193355983312187,1.8413642713660898,1.9999935050976558,0.5032938017630418,0.2295246658331275,1.5386219791034954,1.1561783396625875,0.8686878609620527
0.6356081978323841,0.1588966775190487,0.4288258443411773,0.0518463314326979,0.39307267388870953,1.72220877859175,1.922700286621286,0.5135877923917798,0.15128333465148655,1.6015566124022502,0.8849626326595201,0.8085142051224332
0.6153895572523139,0.1994383197027758,0.4407876050788209,0.04224829170637644,0.4537267642845765,2.061734707203292,2.0195980347011684,0.549865629082129,0.0987485900298162,2.3474688376446626,0.7294521679358594,0.9388168930304914
0.6428916862714958,0.19395732007960212,0.44873297816285357,0.05297543208516121,0.43535213923916627,2.085583049378377,2.088267372151254,0.5082399553896524,0.09534253899196662,1.9355651701163419,0.748486222761882,0.8243328501551659
0.5878743044513467,0.17227141501192544,0.4614161266167655,0.04300333020160121,0.40781879674316485,1.771496347817377,1.7901109308334116,0.5922549774189386,0.1633023969205311,0.7856791803328426,1.0151966578785347,0.5525878275771472
0.5590135379151576,0.2103565389408596,0.4103191613730031,0.052738380282579614,0.39208586873794554,1.6949774930389285,1.7362498616401112,0.5983535029195184,0.1917835112571564,0.686221578498716,1.1913579239754377,0.518314413972095
0.5505952260842994,0.1782972546409309,0.44499751608179056,0.04477376371957193,0.42831027043997144,1.9040342151947112,1.5784736993357105,0.6592778669438195,0.23717286300819962,0.7982088252279512,1.250380117031413,0.5355922911767813
0.5314212853473624,0.1989144107087374,0.4875681870483838,0.04826799893712682,0.38219117284482274,1.7994798274547446,1.43404185238167,0.7040936872415215,0.19580959403505865,0.6451584867040312,1.1435552942140559,0.5012567612783718
0.5265976390175603,0.16740166455800407,0.42069555325732444,0.04686731604743056,0.42449606225073433,1.8751154085959763,1.3197893543347254,0.7138961103965628,0.15129957776043956,0.7998401219004971,1.0147668502609108,0.5939878986857231
0.6243515140703375,0.17499495229217504,0.4240488347666187,0.045128226014656284,0.445310411608903,2.281612279766188,1.836214267567813,0.5920115380910442,0.19345725423992505,0.8779299578737051,1.164870537689407,0.5930144908538757
0.6230934747337171,0.18069552870303107,0.45819910917983125,0.047407145515430474,0.3753529812892104,1.5173475560047318,2.211474246062181,0.47514643701195075,0.18203838132980102,0.9463335138485658,1.0461534559337995,0.5834285246367938
0.654988417604452,0.18122177822542065,0.41633454246748025,0.04668015806851476,0.37454171601130154,1.8089125282860161,2.3195281242623595,0.49262163554276095,0.19945112036110496,1.11770301701925,1.0108839488786743,0.6295164972532578
0.6267878174310857,0.1648114352533135,0.4521963868443823,0.04687964400900473,0.3846083914728274,1.5766841191401164,1.8426932501734739,0.4980892847294272,0.1297083937370962,0.8261689931177594,0.9383085427668647,0.5484848517003538
0.6029676041415082,0.1745537113413641,0.438299834039856,0.04692220708591509,0.412223813154023,2.096021146738087,1.6828778775219377,0.6154199663764651,0.22473689567988833,1.1990320795162281,1.154060623296822,0.7246892951381358
0.5470996988601129,0.19145870130755605,0.4784926689179592,0.05068336151637449,0.42761528543321586,1.827627066637951,1.5407865135192227,0.636514759765757,0.19501961905823292,1.1313363452677139,1.0530509080938373,0.6624368006765927
0.5835538012466771,0.16284316649038855,0.4592997578395958,0.04332710798963348,0.41036813996495414,1.9773493594743665,1.4985679253760897,0.6421692337263878,0.21656958675091662,1.1274445363879297,1.0841622427464974,0.6910774595256092
0.5778428626006902,0.1971801270622123,0.4218120394382501,0.05127965611118891,0.39773420019957206,1.868566935069666,1.6643307278933364,0.6140832354190976,0.1750817313874036,0.8824373965928013,0.9894319128053689,0.5677122326459708
0.586808581384574,0.18497706772794734,0.427731184966992,0.04583039850544638,0.44256961102121367,1.709703388080794,1.9014030508676754,0.5403207378896915,0.1820752549804131,0.661732096647312,1.2174761579370845,0.48855855756424876
0.6098286247604447,0.1838492790448834,0.43976001233146067,0.04804689813511069,0.41799713356096824,1.700758931228966,1.9434404979961784,0.5180494361532527,0.17567107125097028,0.5986634796869792,1.1818874965621053,0.4567726364186871
0.6272340821047185,0.1907271368884961,0.4352873078244442,0.04799304527912595,0.43213859302170354,1.7904084086494496,2.4495589164888694,0.49662912811676285,0.159862631002545,0.6538234324195343,1.1865875464195732,0.46784136592666037
0.6596135022406768,0.19267555687497628,0.4365099795851295,0.04731367934243592,0.43494040438938486,2.0424098365293015,2.5704701949916604,0.49281295322044005,0.10925441123835003,0.42191652952843417,1.3721144532177,0.41669875038557225
0.6588385032883595,0.18409828445314352,0.42207310592971786,0.04847763078683342,0.41889596163572224,1.9786132436347288,2.5378944966556984,0.5065889460268204,0.13053580768761983,0.4394881474992945,1.2670320709732568,0.4046668871606232
0.5872297641923758,0.16303696008703136,0.44206529509006676,0.04945398834631403,0.40400221621753746,1.670553216124797,1.6081029712194155,0.5814142071617943,0.16956952219432866,0.35443718128175467,1.3398561881307163,0.3805882024806399
0.5785995226958532,0.17417449171708954,0.43728241489694825,0.049751195986177554,0.40687655625953634,1.7022055246983563,1.6182839806828355,0.596878933661677,0.11876700976020112,0.3351291545517876,1.4287702395833997,0.39239507718754096
0.5922122295920044,0.17670682013283243,0.4872561307389999,0.05000069733739705,0.4071495834391151,1.84988664580461,1.7589754176854757,0.6039819642731634,0.04099719529933665,1.1230054378160037,0.6060438744145975,0.6481448400908678
0.645692854239684,0.1741220098041949,0.4253086815969927,0.04563457632667579,0.40910956667227316,1.6303398464454246,2.524542746147349,0.441845227027913,0.32147651837628943,0.6871719138698419,2.072277567348028,0.42232119772203774
0.6633003795602255,0.16823034938645076,0.44839597574318957,0.0478128569617779,0.37320416123833217,1.7581371580642722,2.1379114048794197,0.4699737166548459,0.18338859074813763,0.706131181927977,1.2084602195112337,0.4824685053418943
0.6638120228087802,0.15744886023227211,0.44438510742020065,0.048180644666704776,0.35795201656684894,1.7449489084898977,2.176936287546211,0.48930302006190174,0.1675185311201626,0.7562747314210947,1.1703443284717403,0.4952081611308623
0.6324959302020889,0.17602384917242608,0.426982699566606,0.04732307484023337,0.3975073935855849,1.6600649904634726,2.2745805668174164,0.4697844495953289,0.24095386041453776,0.53140138506585,1.622961531597514,0.4121898363564225
0.662852144684774,0.15053115839174447,0.458452909735069,0.04510535213768193,0.4048890623767848,1.912464741487718,2.2116618512729693,0.48481593346478224,0.20033797086887564,0.6417507267146509,1.2737725156894566,0.48941173591214276
0.6021458394406558,0.19069919818418324,0.4156084198323276,0.04779370896020192,0.3884912519068717,1.8100918057733735,1.7916210555394216,0.5685163883022105,0.1393201813673145,0.5692849187050354,1.1863792388892151,0.47037359722788924
0.594097532998264,0.16647273879925098,0.44105827759157795,0.04890769038242122,0.4301753457942368,2.006189065419666,1.6854023983040967,0.5945274320601179,0.2035308021512402,1.2095949418148575,1.0358644777040797,0.7102367144124643
0.597764948844635,0.17797531258613908,0.4338806594957395,0.04406595872754533,0.3566371047716159,1.6838260160716523,1.6388076982843118,0.5827031768235263,0.19545474649249625,1.0811526137312302,1.1388285771619155,0.662186952591504
0.5910395339255554,0.1627426748145584,0.4846316318024886,0.053617010255362266,0.3819530661945122,1.7319531204579637,1.6156288954885343,0.5942113511607561,0.19154940644984814,1.031905386276824,1.04440108251788,0.6653771713595573
0.6155500995228622,0.18564585539447268,0.40095782682223224,0.04190636694463574,0.41908650532619984,1.9098942330350366,1.914746678842309,0.5275179578379119,0.20966346216708545,0.781290962883465,1.2390435448697337,0.5326653801753158
0.6538370161420237,0.16131463684344005,0.4736211182357109,0.051002592760981534,0.37627995073626525,1.718868416502186,2.397753543881191,0.4728613553842674,0.13881376745170426,0.27610989789481866,1.4592943936527523,0.3711479854721175
0.6392436910661112,0.17290782656043693,0.49541483538051556,0.0510028969629773,0.4161192511188211,1.589120551105524,2.5708512309976785,0.4236545172448831,0.15355776924437686,0.29320610320825163,1.5485659441861772,0.3660176285070094
0.6615949994172404,0.17941053521651573,0.4521762061723958,0.04617760320752903,0.4008279784674371,1.7578555167810805,2.371635730814303,0.4202681198200652,0.2039024423120395,0.5869120853534358,1.2033882153951445,0.48333148939212517
0.6336364318661615,0.1812909400380674,0.45283436917215364,0.05091847393328473,0.3831121211215073,1.666218557828217,2.3228110504779007,0.4998289835114909,0.07589269201955089,0.8685654852343114,0.8178933638772284,0.5810457855287441
0.637712175352957,0.16563802661880245,0.4632612447989785,0.04548699431155154,0.36630743761700146,1.7565636880151931,1.89168537238124,0.5030862865563109,0.11312444770859069,0.696143941428151,0.7883758156932456,0.5472202897274426
0.577973881772983,0.18350215675771184,0.4545647460046993,0.04557484682723588,0.4241876299619347,1.994045681278442,1.665384609527411,0.6431699208123018,0.1934128139775959,1.5652874701255608,1.169634494578109,0.8195331524652295
0.5753395819812108,0.1868467235000177,0.42207256372922713,0.04907731969947603,0.43946924241682406,2.3207988875718915,1.472381955476574,0.7052287648249915,0.11334598542615089,1.841976948151545,0.802718925589831,0.837561886882794
0.5745517528104718,0.1809885828897059,0.45662418179215947,0.045412723206914876,0.4366610199661058,2.3140819326629067,1.4711059762165268,0.6977913489412254,0.07506451339410097,2.610013750959875,0.6681445363939345,0.9379392863891185
0.5993944972342339,0.18152656943499976,0.46531991608719553,0.04781596655044577,0.41776739721230366,1.5664484210242589,2.0412933161279647,0.491755688363488,0.18688313186417185,0.7882631740022702,1.2491825247195425,0.5648812691703419
0.6188549292533844,0.17613780763330547,0.41980118444073966,0.047103387980432884,0.3730783587839002,1.7015732605996485,1.766540154629567,0.5264212523161513,0.1351304795366022,0.9080529548689323,0.9612434358684613,0.6033957850679436
0.6154168182565303,0.1663767475325536,0.4534127180264458,0.04360729278195927,0.3948670450726193,1.7983632751424687,1.9413393031126274,0.5442012386425391,0.20390367500537157,0.7732841214368263,1.065330153829481,0.5544536375068905
0.614932740980214,0.18799146515086101,0.4006235256856763,0.051392971153694206,0.41566342915820204,2.112890707162806,1.8352591554745372,0.5851272968857238,0.14074838538468487,0.42203953333934724,1.182159873941169,0.40994532331827965
0.5964371634297151,0.16880312147108079,0.3844794228083996,0.04727487250778676,0.44862119469678613,2.0176969792122863,1.625736102130872,0.6104987343892588,0.12583340139462373,0.4731312245220997,1.1264290553447698,0.4333984394219142
0.606005496805742,0.19014120469777138,0.5038064881429231,0.047573538408235125,0.37035067816812195,1.7547188450487663,1.8749831528540426,0.5754198396598574,0.2187706838063292,0.41743836912567095,1.73820488589131,0.3653361723607175
0.602282766542607,0.1817932282598024,0.5021407218667802,0.04835601538232177,0.36870236632433157,1.7120284864160318,1.8059725659499652,0.5549081324045525,0.23121840095573776,0.41906884226314106,1.8187141135384883,0.36775264389114687
0.661294141710142,0.17775537434853522,0.466535419898997,0.04777103957330745,0.3887408239448639,2.3139175519460307,1.9072504118680917,0.5728808517762134,0.10354349422536448,0.9154810697936324,0.8701671615885113,0.6189492860088971
0.6352439473480623,0.1578335104149519,0.37665670017830866,0.054087624626002404,0.4154997275843295,2.210192942317005,1.7374307236931812,0.5885143028270685,0.154034224663476,0.8691042299139902,0.9942391401689252,0.6194977022568974
0.6345315150568581,0.16723372229583033,0.43007824218596913,0.053207161446588686,0.3904755629069839,2.1601954699771455,1.703470101163974,0.6061229389653032,0.17177616288223732,0.9149081378575937,0.9692633844559387,0.5744630792330292
0.6006192600671612,0.17569391353504316,0.4391745421231566,0.042212681633109976,0.42649921074319974,2.193864469247593,1.5306348446649565,0.6356378349867525,0.06317473437450107,1.1202154917701481,0.7137137929039545,0.6713281139397265
0.5552033881051391,0.18170083758452474,0.36460041755006617,0.05033283829035726,0.4055775707114476,2.4618943252849435,1.2627840392325789,0.7877464709907223,0.054721518593690864,1.8681969190157246,0.5404169517233721,0.7505533838913621
0.6180789073891403,0.1798886773819111,0.35180962586940645,0.051794895004118664,0.4269908673267151,2.130412449000284,1.7665510782362894,0.5985413791739543,0.2874615805640353,0.848724129868385,1.790842488809509,0.533906942512508
0.5688077812888278,0.18015897676312517,0.478141782192394,0.04062112727842117,0.40385735587567495,1.7555179507370644,1.7119902308620667,0.6200412749479037,0.1239716115688788,1.1295553260674132,0.8837834808228353,0.668568013810131
0.5946042374242092,0.182213562926975,0.44261651825145326,0.050068740565142156,0.3892804650695944,1.790026234546718,1.7528472130684751,0.5941726485317916,0.11073732320399172,1.274961668245866,0.8078967049247449,0.6939091846976818
0.5904898493395178,0.17784926372033819,0.427274840565524,0.04921989078053198,0.3826746109625218,1.7823924223885574,1.6072775445582679,0.5965404935419191,0.15298445742997135,1.236119742682518,0.8825132550837085,0.6860565396936729
0.6094183404554631,0.17409549340379513,0.4282511055475403,0.04349735023072446,0.4197211053469919,1.771653873673922,1.8578246094104995,0.5259635884036781,0.16286403332649038,1.0313819271336766,0.9813051325654889,0.6437899410618355
0.6010510825198127,0.18543797836806486,0.43693982927529884,0.04895011337513917,0.38264508696838156,1.4926292439600861,2.0508966621972173,0.4918188971115632,0.17544635323606692,1.025038286711177,0.9236856627925044,0.6051532436515124
0.64349809530138,0.18407385238474866,0.44936471249420074,0.046970292343579356,0.4512196026779231,2.0811174227046294,2.20493703546847,0.49780513130415205,0.12790919858550964,0.6317836971052354,1.1906454037570084,0.5238665625968684
0.6677721841058086,0.18208693306204243,0.4623080056167389,0.050682090098118665,0.4376058007804793,2.206738008394987,2.501169752242698,0.4950881419239087,0.18218230426825616,0.8366562062784739,1.1067168641371725,0.598277582075831
0.656128334725398,0.16555236816046615,0.4119217086333541,0.048643048552669384,0.45881706063400596,2.225022619264782,2.124967344681686,0.5165403561496738,0.1937883682414509,0.8450377630917212,1.2532386024962194,0.5924208867528014
0.6001131408238474,0.19175128414875425,0.43091234135079426,0.049184289201660895,0.3900675540954392,1.5542570956151902,1.884980211437961,0.5039730119046558,0.10637548171139886,1.0419901630632609,0.8103260888985293,0.6192351980956059
0.6550994090276293,0.18379061149522383,0.42381096382505007,0.04563071686221956,0.41066584471221895,2.166164833600205,2.0395595318766797,0.5334860285605316,0.178103486958921,1.6137278945982312,0.9674031733757787,0.808711242357525
0.6398966401288018,0.17508728761292047,0.3846069153545435,0.04570023919933011,0.41602800377489846,2.1182342195859745,1.9685656338650173,0.5578487005967304,0.2060000367236243,1.6107487549597936,0.9509261261733353,0.7701880292929371
0.6421316995577071,0.1738371873858189,0.4054312499431757,0.04600868163192501,0.4114144614681631,2.061555357749575,1.9519104546364605,0.541333322918889,0.16018520307521716,1.5041074125001856,0.9586836455276443,0.770485529397253
0.6203891206468886,0.1925721407257505,0.47952763495711764,0.04821599301091252,0.4320388074621035,2.0201647248370875,2.06688287498514,0.5588867673539635,0.14545715194231876,1.712517167624297,0.8759648813605088,0.7903100888453106
0.6289152066968774,0.14668145509758546,0.4101460141799343,0.04545227539628632,0.45437066130952186,2.1918938644051456,1.8809873952365666,0.5907485012264212,0.18790853638626168,1.3026886956974872,1.0689370822231754,0.7238186078712832
0.6297984609890502,0.1836197420226313,0.4195526398796787,0.0498818751735381,0.43527875081103834,2.006332988848601,1.9649228715917397,0.5282779932727257,0.1606519974030898,0.7388896803155378,1.1212825385598655,0.5548312867253395
0.6313454366699955,0.18268779022857173,0.42300230183837034,0.04388122948015802,0.4337941379553514,2.0958581972901347,2.131052801218553,0.5445194449357591,0.16354747402085576,0.8226125539036037,1.0790508085021941,0.560651610966061
0.610969427931567,0.1673365821915236,0.43964764646122984,0.049137873465807426,0.3872429803664283,2.092886108273523,1.6517471537377546,0.6628183967311437,0.21663141074616768,0.9328474131723612,1.3100710230574,0.5742712096299118
0.6049769522973296,0.19276277895149022,0.42611028969460246,0.046234234391365564,0.3809957573458823,1.9902242151309038,1.7670394371924625,0.6087456033935698,0.21184581273812675,0.6308376063700736,1.4633379386244043,0.47947988484789716
0.5966401132459908,0.18391601090338547,0.4478857962402091,0.045408556890471685,0.4421832086140918,2.08229120494223,1.8304720228385498,0.612281804984624,0.15957972285340444,0.5319433750485058,1.3263400071733515,0.44797085195213104
0.5707579342215076,0.17290753884538074,0.4487901088886285,0.05069544293133081,0.3943719280647431,2.273856098395016,1.2937115268765211,0.7326294877129439,0.16767391015044802,0.7625376219019295,1.2161407295322766,0.5503217331012511
0.5847198045615243,0.16229113318706825,0.44007700069164374,0.04469473487887925,0.3334149959185234,2.0502327801718128,1.2056948674739778,0.7003299602219,0.12489887648255774,0.745317698330049,0.9137676809893721,0.5566121761346169
0.5752925536220462,0.1716490955859815,0.42109147177760103,0.050325831428138894,0.39992059802513946,1.6388199482451695,1.8336762814163816,0.581617581914586,0.10279755816240595,1.782052240867126,0.7537863656319287,0.8176242397523258
0.5791241944128769,0.1809686208354432,0.39883240883967197,0.04374166171382177,0.4016201654804044,2.0493511662259802,1.476266300461678,0.671037890906004,0.2177836169026834,1.268468660187857,1.1322412747742672,0.7099726812723193
0.588273465643968,0.1850377988869422,0.48516092730631,0.053854601355325576,0.4426022325078336,2.2785645501959206,1.6266540403879723,0.6791671272338874,0.29893340644964445,1.099397938929436,1.6046349131274913,0.6568821190021373
0.6056638477398762,0.1926745836737017,0.41252948080931967,0.047984803817174786,0.4767103231376456,2.422789699148594,1.7956510756012711,0.6207632661715816,0.2713631712651206,0.9826186741125051,1.3423649096557269,0.6103946438483839
0.6369346908691678,0.16461347989852157,0.44264114047948555,0.04923345883047783,0.45570924423604914,2.496109248036131,1.796298157401871,0.6264241345331499,0.21877495712350728,1.0141884795351268,1.1977585326412046,0.600185452439052
0.6232344305173425,0.1754438276715774,0.43498233943052506,0.04627562587546103,0.41177667953828045,2.235500506699903,1.5432551155099592,0.6231154749870975,0.18499546575068304,1.033030383934491,1.2361151177240608,0.6152561014306502
0.5490001639348396,0.17801639248311735,0.4621407211835386,0.04636344843725853,0.41427362885698843,2.1834943221151635,1.2468374812517136,0.716600317265862,0.1423469867263721,1.003631249025986,0.87127591687059,0.6594748882583475
0.6241738697175616,0.18447877510418687,0.44950400396340845,0.04820708992153199,0.44587362223947125,1.9717640978788458,2.0229641323686733,0.5253792171306374,0.152420302692853,0.3676250766109732,1.66902886022155,0.38772229549561527
0.6101782588505347,0.20067935593511896,0.4424722333756673,0.046722561258852276,0.47667273556546785,2.2541536666227153,1.8081867744025515,0.5703028341283366,0.10274329172959047,0.3371178425064813,1.1729621735948543,0.38846908446060513
0.6553304085856645,0.16493609922652958,0.4109999409284082,0.0459103169877229,0.3695845403788765,1.6670356193772078,1.9823871940136062,0.46843646080601853,0.0921463161625992,0.3271843918507573,1.0581289306723978,0.422887437132699
0.6600983866685826,0.19221082215878624,0.41473533849431876,0.04706738306598291,0.4152672480985199,1.894166025405341,2.3771455794462937,0.44336811696363704,0.1366992308856007,0.7716628867152108,1.015614872014693,0.552400116921585
0.6577379327571201,0.1716826876962158,0.403633953874911,0.04461656893656043,0.3983729319040928,1.8648947705466798,2.4224045326731356,0.483218304311948,0.10046316021707509,0.7709102421147951,0.8153731989897534,0.550849426251976
0.6473438115306135,0.16366109757916938,0.4717463508312164,0.048191298000824945,0.3808599643520821,1.6681562288156198,2.4563464125235464,0.4692342890585028,0.10484877806308592,0.7741924615076328,0.7668276068673876,0.5661317788468353
0.6189946629974833,0.1809890021852801,0.47652883683156294,0.04913225922300696,0.42942824678549224,1.8237424174304533,2.1696225847413935,0.5098228286665732,0.1893810448857163,1.2399966303202878,1.0643147072870593,0.7146542852564236
0.6460414288665876,0.16850712011962568,0.4444379525907764,0.04675648720270366,0.3529207312948491,1.662976405029557,2.1022229319324524,0.48726254671349034,0.14896089087204128,0.8471046249792178,0.9878440797560621,0.5952052865915736
0.6462001566686176,0.1667548467151289,0.4268347484201367,0.0471406579603735,0.36340252768875103,1.6984535146423165,2.1369006118198417,0.48540801707342474,0.14252679424469653,0.8750267326451648,0.9525085989540166,0.5903092435312702
0.6405119008041389,0.1750433425907197,0.441905666749093,0.048595769140168596,0.3831243752693736,1.6670233235401921,2.3031849087509246,0.46521948520972656,0.1578300278482987,0.7422434618627876,1.102625387181734,0.536806919150324
0.6441514184365268,0.17729754400196396,0.42665683355615713,0.04486046291251215,0.3893388585024624,1.6470992593439675,2.308295415456855,0.468399353651112,0.28748899918010745,1.0121997365300404,1.5364445256570618,0.5981556560264173
0.6587852639811758,0.16064767844784777,0.47219541033412343,0.04713877690799623,0.3832256887245757,1.6848391464394084,2.335018446319458,0.4491548801678266,0.31082102271538165,0.8059398341674244,1.7425940468306196,0.5162061434531684
0.6105899870983963,0.18553312092990407,0.4321599433225121,0.045401188489578075,0.4112294403512582,1.894121569394102,1.8969756447656785,0.5577403868334063,0.14007436248538568,0.5660182027305096,1.1305317607464276,0.4794882476086836
0.5887983474545191,0.15260500175914335,0.4475353071209802,0.04943704100744639,0.4677966205589204,2.0210700970504623,1.6565217491207347,0.5959482498292975,0.13334261659669444,0.7541902637012569,0.8995720058071265,0.59097158311813
0.6009185326303592,0.19332769791761856,0.5115526900136348,0.04436254974447678,0.43112650274206515,2.0881538630201106,1.9219784011706318,0.595600832561356,0.1306573876188405,0.855741371532528,0.9810095682633383,0.602291377500964
0.6147720184058236,0.17676631612904517,0.45041899395954155,0.04410650550874109,0.432816500565824,2.128178794870742,1.7023539043956946,0.578725755204212,0.11390978168042838,0.8034162648165927,0.8958823333392327,0.6062498699910283
0.6528910078229764,0.18034002913265343,0.45530430250373993,0.04483335383453604,0.3844060135354119,1.6149565947510365,2.5310318916825594,0.42033399071739613,0.11467816321266087,2.1192175734885885,0.6993212960551127,0.8718565157301662
0.6369991710512265,0.1803531651623688,0.43107160414696477,0.04856185295263455,0.4079766571695061,2.066087679437294,1.8268440547500373,0.563492293320226,0.14737781281174292,2.5689702063283595,0.8408293386403003,0.9842035599819512
0.6318662767028589,0.18560364594467357,0.3826305728185582,0.049040044875803615,0.40264869276697907,2.030864150550346,1.982877135490258,0.5616069048625955,0.1518316097291128,2.8319085390577934,0.8015578374855636,0.9781048352032505
0.6146051016758238,0.19654218378795404,0.4642123823525435,0.0473904574820286,0.4192553964783263,2.0360800777898747,1.8095431514349876,0.5680178088009891,0.14351692645310113,2.945646357202529,0.8956485991146711,1.1315701586343407
0.5983847911608912,0.172992093699927,0.39112882542456123,0.049016932908754564,0.3817078178869842,2.043575593876517,1.4210200176628864,0.6571460595679175,0.2119998266046361,1.577040844027161,1.1438853205062687,0.7902832333472034
0.5790770651030642,0.17538512192567304,0.4575020474574958,0.045966555323769365,0.434434723393161,1.9714523650991267,1.678162277735892,0.6170546384868508,0.17317832209704753,1.1339487295478523,0.9756755629043324,0.7007953940952515
0.578604096208663,0.18642477104139513,0.419075534439994,0.05085777774665348,0.46599155416702825,2.0590034585157024,1.736773147152959,0.6284742034673546,0.17854799634225213,1.0180149883509317,1.11497406630444,0.623727634198263
0.5691484294531219,0.17943035969723403,0.43789645078645145,0.051083933472391464,0.4591475600397414,2.0068248679335845,1.6779944047631736,0.6591180842320518,0.19381097813005158,1.0168796654909946,1.2631141510344428,0.5988460053262197
0.562486316714788,0.1827116769071451,0.4728696815146478,0.050594881815942114,0.45039330423393686,1.9172016183336937,1.5670656016395055,0.6341163269566332,0.22177568185890326,0.845713299000001,1.3202108359793132,0.5617370196564565
0.6446103072506425,0.16759533275750713,0.4455976885660338,0.04746880313932416,0.37616204401092085,1.9158675057071672,1.9019273834622166,0.5379439107328371,0.1600580519456173,0.978932152868442,1.043237331476459,0.6143180052906989
0.6227241215605993,0.18098013679352454,0.42603468978964504,0.04526114888502996,0.4024669840310027,1.6639764329824223,2.244116444484675,0.47333189188140645,0.16953203643113113,1.066470659650257,1.028825737698345,0.6408325749207577
0.6551806599800841,0.16074295618111528,0.4206492034962766,0.04541784304109542,0.41059072697011884,1.8811599760302606,2.3107911667572596,0.4772549298317628,0.08222408260109088,0.6725107300751901,0.783537628039665,0.531610231203791
0.6001412059509674,0.19614270472763756,0.44474249190344645,0.049926270019236045,0.37777589218343216,1.604815523983424,2.0120700650214105,0.509661857723806,0.10400232115906945,1.0597883356650561,0.7991025746323382,0.6307276214190892
0.6154669665472347,0.18372613946026112,0.42598036664066713,0.04355826621546542,0.4180517988759353,2.148792442377777,1.7595395690836952,0.6174958850515745,0.16031413021164564,0.33518573562837306,1.769335432699688,0.3628785054327194
0.5681262475405866,0.18156235319713956,0.4673558504327836,0.05010443444288785,0.4326890728311776,1.6901584626792772,1.8514843737067352,0.5918683226380962,0.2845704491427885,0.6360117997625011,2.0808429573503293,0.42824811008114594
0.5786312416842895,0.1737839830533291,0.4664666940469526,0.052899481310724805,0.44198491827517566,1.7889238387958113,1.6952767961125554,0.5756161542405113,0.2938047493745488,0.5812009210351283,1.8991165107823615,0.42517921174912254
0.5427853671744701,0.20130092326493454,0.42627145704946007,0.042783976016232864,0.43545890523233427,1.8024823727029675,1.559529922372974,0.635205785810366,0.20995200147426848,0.6240331460099827,1.326295048302477,0.4616212912054592
0.6232634676053963,0.16635389646038198,0.45969791093637835,0.05390321191444819,0.40874800420689106,2.099789923251847,1.7273815016825143,0.6244806900726793,0.31534097315246623,0.7006835536318643,2.151244373951909,0.438057689586497
0.6276232744532827,0.17203896262179405,0.4195096341981221,0.0493041402325832,0.4138915574743534,2.2769878799544543,1.6340970707952234,0.6150531730435311,0.2912879732677267,0.5537371794032199,1.9544570623631032,0.4126445225134602
0.6159377365519182,0.14281442335946773,0.41303818423783517,0.04905572275273597,0.47218327543053157,2.1953118729923053,1.7229057608174254,0.6227623802880916,0.2673957005623229,0.5748666550257824,1.897063624570666,0.44384159736547274
0.5589957924266612,0.20839122137623428,0.45947962214810656,0.04603690375894754,0.3697860832212323,1.951849783259281,1.3713423800943116,0.6975058739483517,0.2697299538684758,0.39556857109660026,2.560018065022957,0.3362256202902387
0.5514655678094159,0.16346950746984742,0.43258690804901473,0.049362619752702966,0.4186478885633314,1.9811235638957911,1.3492920302962155,0.7075019329439993,0.2096206649849274,0.5289059415364614,1.7152374895171463,0.42548621783736723
0.5504993155053435,0.16639160119409852,0.439502712461267,0.0460841313952548,0.3925211804743947,2.1242702165988647,1.2045408401379283,0.7559746243161072,0.2761561437695306,0.45657218047990805,2.740310430923741,0.3546560556324719
0.6252682039084323,0.1917915473737993,0.42263496859646216,0.04597124150092098,0.44831405522376877,2.413217982057292,1.911572364395139,0.6200112306252938,0.05101880960329207,0.7686072832802258,0.6233558305065204,0.5927253617767729
0.5379253623660775,0.17092064459941383,0.4597408076151459,0.05340155408645716,0.4126378502479807,2.134707750835629,1.2914617695209636,0.775555341656723,0.19991458165453538,1.2727561251337516,1.1205677776041465,0.7127582949175848
0.6046618156032276,0.19301916809679937,0.402357063900739,0.043609868226839446,0.45374082533470794,2.1982909610637207,1.7753460423347538,0.5970714951969727,0.2310806019066218,0.7622271369962873,1.4559522187418599,0.5035737578338059
0.5924741612574916,0.19535888595585724,0.3880834993751108,0.04968883768315434,0.43647287715081795,2.035497194694725,1.7913380200974167,0.5837509427438328,0.2077433116643286,0.6509129729613563,1.3756888112884975,0.517287020384922
0.6135198494812502,0.19150372676292896,0.4259727784120879,0.048672521810100046,0.4081032182770562,2.0840132223295416,1.729463635037109,0.6059072194383558,0.19821029233667165,0.7941219283500757,1.3908192706747933,0.5121959899712083
0.6115287940312799,0.18336323618968173,0.4276179793309432,0.04345516159911014,0.4229384391734139,1.853828557493973,1.949317468623169,0.5463790028268292,0.1668455027608122,0.9530096769568603,1.0461041618668134,0.6092605669570968
0.6172327610462858,0.17599754364541,0.43705778855155697,0.046108556125870295,0.41069450682799524,1.8786883650909194,1.9238759783019752,0.5379971370987083,0.14911482486754207,0.9201686252069194,0.9244198067023193,0.6031090717179416
0.6190428536371847,0.18797652173109614,0.4186664884777646,0.04652390554201711,0.40444994286908253,1.7296331164326781,2.088803666256196,0.5064033558603193,0.13483608050284163,0.4026873541041834,1.1682992202024716,0.41066074314340595
0.6089809424365268,0.170278077540481,0.4716952206716746,0.046466162274560435,0.4139554467462997,1.9295086598609468,1.8411108682835076,0.5718272895316621,0.10070820333155281,0.49902506779013633,0.9630918944483675,0.489577778033703
0.6544809513559133,0.1557767043084023,0.36864610326189357,0.0463574964530469,0.3618338621595846,1.7640392557613807,2.123725027380587,0.49812980198766293,0.10602311091477946,0.563148769965053,0.9224212005608908,0.5237359150092146
0.6557135222647508,0.15156577903830934,0.49727335553041496,0.04566653438698419,0.3949668933875392,1.6395200900200488,2.4394214310838116,0.4418984118277927,0.17311339836333875,0.552497798621672,1.2535926552503185,0.46313080149083213
0.636089890905256,0.16416639863571006,0.3791116504380091,0.045935232407104364,0.3940231569178467,1.7617062896358595,2.1204814296896743,0.509707912975024,0.13198996758240056,0.38980981316625973,1.1857942799767318,0.42283283156917434
0.5955222034334249,0.1813185629106908,0.38935659808911044,0.04747311876163918,0.4084480445607856,2.179400233353177,1.5019777174976965,0.6519158832124019,0.22634704283154103,1.279748738961444,1.2679571182387632,0.7303360141487075
0.6335510976999702,0.1806372899676422,0.4936481814028027,0.04881147796727109,0.37710080690016423,1.740057650499086,2.1497448671766595,0.5089151238451306,0.09535214112279722,0.30091029841469047,1.0382529114037353,0.40543445581336623
0.6202285338537314,0.16093779753873452,0.39066993231090175,0.04516517151106713,0.41453069599014836,1.696928373508784,2.0755074001846694,0.5158220440489794,0.20141041115907712,0.5196976111473598,1.4718012312561992,0.4245534454126965
0.6286037696644221,0.18017815292016062,0.4948648147867731,0.04869866989087898,0.38888427696309963,1.6475298637327365,2.3330866014623854,0.4783015678757778,0.19475853273559343,0.6337814088326931,1.3590658997842047,0.4880820123325081
0.6513250157190942,0.16648995753095908,0.40612416223833836,0.04353815586166244,0.39622313844988477,1.870957641660198,2.1023384492579194,0.49055292232234937,0.1459877194506289,0.3278788320386153,1.3672001349928733,0.3872958051341874
0.633141627734152,0.17368082843345944,0.4610787276372717,0.05049946105701572,0.38708328563404787,1.8520998631711514,1.9238681236043151,0.5426533559749193,0.1867219390258948,0.48256810170803455,1.4231016935230463,0.4135740599035412
0.5982449918025758,0.17188455611877343,0.4216361321131245,0.04606969225124061,0.4628458388965384,1.778694151310909,2.0228583297970957,0.5208005128300631,0.18309387350933523,0.5765302344917617,1.316451595276325,0.4651816002241395
0.6059122567718513,0.18996304776965797,0.4516034599173409,0.04564712435025446,0.4063659194736478,1.9977389151612688,1.6753943152247455,0.5899140451442291,0.2794339196696593,0.5818086181304422,1.9904199721495617,0.4136942981631265
0.6079902426498193,0.1677557367481733,0.44214682351401446,0.04706373586273684,0.4270521438017504,1.9275578668217568,1.7790418044672502,0.5756425675435144,0.20357001474308475,0.4994218649818338,1.6121152035632897,0.4050229820091254
0.622942529577107,0.1735153095873008,0.4278781138379037,0.0479236965510279,0.4072690118669441,2.0863444120329317,1.7200003273401272,0.587715783707759,0.18571974557957444,0.5146571319249869,1.4128092749077057,0.4416515809495897
0.5919381106872014,0.19176864919555403,0.3917518850482051,0.048714305268746455,0.43292103374868757,1.8857802988273875,1.8724416586022328,0.5725645965325162,0.21602810481938134,0.6892797578714518,1.2679363890183453,0.48870515828797495
0.6226620440433721,0.15463087128785707,0.4105486422011951,0.04833495256959467,0.35572742592568046,1.7391623129310732,1.6316854414480193,0.5544055314613338,0.2706592146709854,0.4765428592574733,2.2429449959678474,0.3788807610155313
0.6765545519030716,0.17403985414775872,0.4133301882377678,0.04827025690790123,0.44437369843567737,1.885708858060499,2.692357594316691,0.41062479899870785,0.12361440044614061,0.6925228123527187,0.964228945837071,0.5257755107732764
0.5917955778652076,0.16348216307912988,0.4666032981281318,0.04595821059204382,0.3976561505429972,1.8288788853027083,1.5478382551063479,0.5994854443469168,0.2315379428870355,1.0100391445113601,1.2759201663445832,0.6319999200493357
0.5768693113519351,0.18830575784770595,0.41420459713309243,0.04605289200653873,0.4274172101003665,2.353503181060328,1.4410317765578013,0.710640944560282,0.19669056540489485,0.379094450966208,1.7398728528935417,0.3706073022629303
0.6130126484912801,0.16489284046875563,0.44730071523332815,0.04765946161892908,0.4018010069436099,1.7273044946477354,1.8134636310410686,0.541085691480379,0.1638513953508908,0.6815960284240192,1.2169443554716102,0.5142988165376576
0.6232896826784625,0.1892677824533395,0.39011136622899845,0.05166664488288695,0.37752557605724235,1.755708784235676,1.8915681232863792,0.5240813544489402,0.25913648573932346,0.6922401333428986,1.6199278386166431,0.4800013014582772
0.625451523873252,0.18932276403519718,0.3826287501483988,0.050644186123249106,0.39633172176469794,1.8269359346970444,2.0101690856961616,0.5195927128322074,0.29591686571949366,0.6494646618626656,1.9342146476235842,0.42780005993466236
0.6571783057480068,0.16848544093615617,0.4542954318438118,0.04794990427009898,0.3911723307226309,1.8688701226864446,2.266421719476572,0.48065588065695475,0.1910613686569061,0.7226473603277505,1.1086039370139,0.5497108494113516
0.6491865420331049,0.16780868868754323,0.4427135402622627,0.04479342162373091,0.3735815818466002,1.7210047125906232,2.140535480252539,0.4920724679328327,0.19033162657860098,0.685352916116904,1.183896374596218,0.49784585466444586
0.6704964518979009,0.1669527328395538,0.4246038002829308,0.0489164271020175,0.3760509035331563,1.7677103815202813,2.4554907783905713,0.43215152791327643,0.12307846152476812,0.7715810983469449,0.8933104377371934,0.5728452480647
0.606343980339282,0.1931971422847416,0.410625933282737,0.04705384707965981,0.41670729747873386,1.7393576228166259,2.2014645594497244,0.5086320690082559,0.04706596520420584,0.5337454226807271,0.6865150436350217,0.5378033035952291
0.5931159817024642,0.1874167955014241,0.4984621496448847,0.04888708407529956,0.4452960487448619,1.875207758951372,1.952631747251226,0.5502194232193947,0.04744060039728624,0.5996932282204251,0.6149965669469396,0.568038946044904
0.6449568311698888,0.1588251224678383,0.47745909336386966,0.0495370025235747,0.3699609075993072,1.9946927307810836,1.7914556602972542,0.5407459890583519,0.11526944343842753,0.28826415213377365,1.2000621595755385,0.38650469148843036
0.6297790595890895,0.18406606960050187,0.39184945412634775,0.04493901620250639,0.40494161637608483,2.127032475588398,1.8381343540605497,0.5608328335331436,0.17925811876297323,0.3143293353216304,2.229761431116561,0.3454208636405694
0.6294830835894338,0.1630602190475587,0.4945488049176494,0.049377810479828116,0.39941015001384567,1.9483944534701974,1.8922855803200471,0.564797847712762,0.26025814605829767,0.42821037877973045,2.1729312007831005,0.3746676363314417
0.5961981865748118,0.16569149110136389,0.43362526857007133,0.04496494509975406,0.4093445252825824,1.783812553265702,1.668272279254629,0.5901488555180525,0.20759003830886844,0.4692383494522229,1.7790384959020276,0.3950172788987638
0.5947688797078816,0.1906536992773565,0.40925156121217715,0.0501276736572927,0.40130166511412896,2.040079214513617,1.717138977292102,0.6060208456740374,0.21863301766230886,0.3893802567919681,1.7331700719390333,0.3778993314848427
0.5952715006418048,0.18569165690402023,0.4013832474290637,0.04563110372278366,0.41911878650281126,1.7794416507963486,1.9330373754300985,0.5496342150100257,0.19885273078978422,0.35699278462841644,2.0320466127305945,0.377087794011076
0.6217063028260353,0.21372659656500456,0.4774100015319934,0.0502522063102384,0.41907109633080303,2.1051669765188685,1.986051154847877,0.5707068806291737,0.11427842964022182,0.3037805890185436,1.2669072533201626,0.3749542946058508
0.6524324240230227,0.1466986333988393,0.41636971602247075,0.04811421873449073,0.44951658511512194,1.9369293580348652,2.077258190747549,0.49044378393154686,0.19999022307941916,0.29592627439773,2.350868328216991,0.32886439305145393
0.6328720017327872,0.18955743180753074,0.45745579778372736,0.0471195892641709,0.41561998223490626,1.7490749239447945,2.1600931301849804,0.47547022081658336,0.1950655881384811,0.3607901373639152,2.1158983419094284,0.3568213915238703
0.5794499546022445,0.17466490074149774,0.4245477787994252,0.04398410812337645,0.4004450290591355,2.19263514669692,1.3351827768225162,0.6912606691255464,0.14611548294113058,1.308479297847083,0.9458592046495775,0.7747388127435358
0.5625638111824212,0.174283221863415,0.44260045575613316,0.05168814242907442,0.4258890023698705,1.9281606045940123,1.6451811075444376,0.6593310514858558,0.20913401617841387,1.5441141902878546,0.9975138467703042,0.7700655697868517
0.5555624775872959,0.20229135403861062,0.4583736716877545,0.05056960275456281,0.43595998146914766,1.882923117928441,1.6079277872834195,0.6291584518797857,0.14250704478829626,1.0605609986936584,1.036012682387356,0.6632563354365395
0.6062092692991083,0.17764797962506174,0.456891716319145,0.049081856350824286,0.3845223736745096,1.9959220121828574,1.6074131579782158,0.6206784019690927,0.07199033730198416,0.9222676997647383,0.7201366056320708,0.6297529349734641
0.5917502787284417,0.18975928709815454,0.3880935420409647,0.048173107434624315,0.42707663213702507,2.121093098760549,1.6223510736057163,0.6258393627348539,0.20434184042497516,0.473705066184422,1.729325107189952,0.4016154071101318
0.5926624014846981,0.18845191912193193,0.40831967580224604,0.04598143394509626,0.43041058001922783,2.100700008083796,1.668441450368231,0.6397655613958803,0.1914430994820412,0.4939235340841108,1.4908246328612964,0.41053674895207254
0.6461615063803506,0.1700083816032536,0.42818387517896067,0.04665726715674291,0.3939861225714085,1.7212814060575419,2.2179944030276437,0.46290015533668766,0.14870801836920838,0.5140337124899185,1.248392328947104,0.4567750048496989
0.6378463271973273,0.17130898620809673,0.3843127753346749,0.05033998518799865,0.39090816642553766,1.7624227286363743,2.101819017618592,0.49525687490065107,0.1690579467531861,0.46382398265069513,1.2344839950579194,0.4320695581789182
0.6603959592217009,0.16132762728260416,0.3647714036192103,0.046420956722134345,0.3799843630527315,1.8071964840961683,2.2349067030660565,0.48940123417040027,0.14666154365931086,0.4833179440720453,1.3864725469447767,0.4211790564294708
0.5981353999896348,0.18821475417885555,0.4726706782330704,0.04966784570401013,0.4214262756837259,1.7862005412432687,1.8894225257561472,0.5434096764264366,0.16544560023309737,0.5614034416931188,1.3632482582795964,0.446204469056391
0.6568769886605189,0.16807474277147924,0.45318749211058434,0.05124008927331239,0.39301847295802317,1.8860086321771379,2.099932007127047,0.4833523724075224,0.17729443507723183,0.7829030425983047,1.1678747697559295,0.5434175278353947
0.6568267259343261,0.17165536446763952,0.37380058523652765,0.04222503027624899,0.36980454428184084,1.9161954022166132,1.9438751953099835,0.5046487353158875,0.12086214883368417,0.7592941145665406,0.9000131125472752,0.5501918108085815
0.5248139400335546,0.2021126507995811,0.45697693877505036,0.05282727152635834,0.45826444980740494,2.0875917937940955,1.4465232647324966,0.7161612322695251,0.14924782967751526,0.4779211259542577,1.232164802632708,0.44631854634988877
0.6134183563435927,0.15981320285412115,0.40847279573697914,0.049804546062885806,0.3837285837402515,2.9497198352172744,1.2496549681175348,0.8013616680796273,0.12231741718591586,0.6629614547901357,0.9880765816319443,0.5213934978752023
0.5518734120457709,0.2018171310262527,0.4001227272019388,0.04811366138002164,0.4439465386646727,2.046111572826484,1.5646468414866888,0.679966156708158,0.2559378746329662,0.5874857048172106,1.9988959649246858,0.4134550337104537
0.5624914399514106,0.19800400479774272,0.42990964122903735,0.04702336413282994,0.4276974454145085,1.9823786193015664,1.598347065395018,0.6658773815366005,0.2601595315083242,0.6305375713378657,2.041063134175165,0.41710980785865154
0.5641128029619964,0.17194222983899152,0.42723676782400793,0.05202649677595758,0.4365001636167772,1.8276477057944072,1.5439758911989079,0.6226424931951711,0.2901361463469936,0.4985062443132977,2.178547521538897,0.36990450617025084
0.6062993758034005,0.1893699035120137,0.46541522874176416,0.04520368117057436,0.4116222925481269,2.2003976907450373,1.6918963049752227,0.6462205334671342,0.1543810638955768,0.4584404585937025,1.2524892088085495,0.4148268627893631
0.5645245538683366,0.17280805989972575,0.41109063850198624,0.04779021445162068,0.42430628529866293,1.684465883176466,1.5820571023635195,0.5947658691566853,0.21885891654141068,0.6349213295166809,1.4146143822783344,0.4769255562135719
0.6194368582597092,0.16386359063726208,0.46569732038269235,0.04719199767976925,0.34602394043350465,1.9201949158404887,1.5154526133702593,0.6210308565555809,0.18500010968701402,0.46701085193929,1.6428149581473384,0.39547424062289216
0.6053500379437355,0.17612971248068118,0.41245133914568266,0.04751415708716608,0.36195355687615505,1.7938934740840282,1.735612056139494,0.5629427124186618,0.23930679676441918,0.720808509237822,1.2059936089422216,0.5308617661410749
0.5996023297068073,0.18535576714721252,0.46385196912868293,0.04625000376000737,0.384233353359345,1.6119261281216066,2.0605287777564105,0.5381540934100999,0.26932618024655264,0.7423722761944841,1.46015836130398,0.49493861494937985
0.5937387742629968,0.1877931178003591,0.45416194266530174,0.04606799580397814,0.38220264589113334,1.6224906602864257,1.9591824578810317,0.5341435849564741,0.24225178809987347,0.7245872512771607,1.37805089131919,0.485915860218372
0.6029672204436602,0.1849373503139284,0.46498227378819107,0.047211603654386654,0.3797669938579392,1.666955581699397,1.8641787359140682,0.5383962557562004,0.2244850441422846,0.7295620885080636,1.5114215636333632,0.49239993123127634
0.6323025035899336,0.1762959969225101,0.410486075264534,0.04589048592437034,0.44547905626507883,1.9539674934787161,2.213188532667792,0.5153598204561717,0.23870525133482345,0.6945744118603551,1.64294082206026,0.5050558235695244
0.6176038615249587,0.18811863941483714,0.46621119325377375,0.04842942302119956,0.4149017088055675,2.104609390892555,1.9215865127797886,0.5838298441512686,0.1316580368092568,0.6530710164993544,0.9664243575236876,0.5224333689172844
0.6046669777947449,0.16382417804529772,0.39742445497591555,0.04555160465410212,0.3857376849815389,2.017943524907614,1.5903441973378125,0.63803625148325,0.04797247656799427,0.3663017938691091,0.6814992485244951,0.4851165041872435
0.6050980489289395,0.18611183912307122,0.4435132882496253,0.049435281240819196,0.4459394173895856,1.9612415530351823,2.05591792690566,0.5597910538380722,0.3022549661229429,0.49591801154324994,2.5370821848533494,0.3441474056133377
0.6471296156568401,0.17247144503712494,0.4358292683616633,0.049377593288714605,0.3691989759305434,1.5707522924403834,2.6358872294982088,0.4494574504239494,0.0514579686488216,1.4163918291871607,0.5770962253255417,0.7309832002667649
0.6481219745097719,0.16417179642202698,0.44039675283947327,0.04633188519364803,0.41459785650125514,1.816905852778314,2.2297442300925043,0.48337038522890236,0.23603064220678466,1.3677165123428563,1.2399842507893581,0.727219988468724
0.6207858148843562,0.17798583417748515,0.42625892947310684,0.04933966694127951,0.4403046170048303,1.8233261398538878,2.4208482520728785,0.49926010342813637,0.1837294641361919,1.1475055874919118,1.1185255340384683,0.6491304024231596
0.6220841709207637,0.20175186351125984,0.4602281751438871,0.04484141022409433,0.440716203776829,1.8580123256065864,2.3150024218717435,0.4863858550100177,0.16623455850568047,0.9128739443632473,1.0571743501773858,0.5861405139981702
0.6133472755540595,0.19647484371262872,0.4590031038968247,0.048010788747920384,0.44706913008645394,1.9506934237000928,2.2669908830009042,0.5264864405560167,0.1495683921171199,0.7858986397065985,0.9947345042597423,0.5590438234206939
0.6429800435689537,0.21458236264966773,0.3944287407488257,0.04871604338530604,0.38295219653084556,1.7474578731104935,2.6418881765363733,0.45042072451979154,0.19271415561444957,0.8678162734057854,1.1346405696344868,0.5669442387867413
0.5514251530601587,0.18167317605738773,0.3570889595841269,0.05237189140644736,0.3805764111768644,2.450913184296829,1.1722511835193967,0.8266189987036535,0.21610432198961746,0.4934477796903674,1.754253218379779,0.38686018244985726
0.571907395677289,0.1991588482287772,0.43393517665179865,0.047852857381921646,0.41475352565305723,2.37717622438434,1.483996242077979,0.7477997570969086,0.26705109075523265,0.5081380120017398,2.1511298169078756,0.36569910964938457
0.5310049449547802,0.19905965028294637,0.4504856477375691,0.04584679153117126,0.39130748759136397,2.8032662212536685,1.0893383933017282,0.8823091094459042,0.12376732781221947,0.9373973249788947,0.963754195081516,0.615699131665441
0.6129217555428413,0.13924384358331193,0.42443212696804145,0.050440249993104654,0.39532211084220525,3.021861914577041,1.2995641570772154,0.8273470234277379,0.28280520673436627,0.9481577319397024,1.4625583863232068,0.5752704014284635
0.5659726931723501,0.20154497325936244,0.41030328305359787,0.04348162097863156,0.4259486676243007,1.9911931584201559,1.5652030206800196,0.6485663261448047,0.21218884468893398,0.38699872194531043,1.8175026931759046,0.3627433422104736
0.5611034732228105,0.17462688101824766,0.47056013800772273,0.05013463239625211,0.4271532422933158,1.785582022854792,1.5371869049405573,0.6235097113414968,0.2138984641122322,0.39652442063851245,1.80420456499428,0.360452039445465
0.5774266385383174,0.1839307330744952,0.4808894925116313,0.04483994056236736,0.40987716145999925,1.6214836116483122,1.9505379409022086,0.5599423822990491,0.23786878845776144,0.44575734622318103,1.7838858210431747,0.3659947907291681
0.59340539164086,0.17584273358470556,0.4498873923907317,0.05152503132050115,0.3973255624759139,2.427608396553407,1.4627487845056764,0.7178032986002383,0.15956688014472956,1.1462962744209062,1.0359685813996442,0.6899551624278453
0.5804959610432978,0.18485310566086552,0.4107570752567066,0.04390591706362016,0.42794414803462205,2.7010402951902717,1.4062486716237057,0.8114628315942779,0.1640932004546806,1.227480947933902,1.079403327551031,0.6676640184851451
0.5569338507083861,0.1613448527628365,0.47083000195695757,0.04907130832456702,0.3641333100490851,2.0703916591531777,1.2732811149385153,0.7618148895640549,0.1238695766753885,0.24163527720726416,1.7318984108267068,0.33850895267479997
0.6115591973166413,0.2008093233601022,0.4125040989046063,0.046209503451360934,0.41797343869376036,2.167579514173433,1.7815234232746262,0.6123177294470565,0.16969836078015021,0.3139269884633575,1.8690625958786191,0.34738341157942765
0.5651213492820201,0.1776403264701096,0.4480405098951787,0.047962043798138086,0.4660518041807477,1.862259924369659,1.741289370145439,0.6062943167361452,0.10314550635980332,0.24108130549013065,1.3090420227129567,0.3747301640823117
0.60865109533215,0.17950418861104572,0.42127395688989805,0.046506101352881274,0.407828912108682,1.994339968770924,1.7688453603160847,0.6003292755753122,0.13048074431476842,0.47102240549664964,1.2205440653899733,0.42612152297930245
0.6077127971624936,0.19001046564317028,0.5007501246708128,0.048237017622875494,0.40530071498813647,1.7718268771177934,1.9332340332735587,0.5502420510057879,0.2184937214894052,0.6361249620585776,1.4328332632468406,0.44968160442264843
0.6333336221820086,0.15875186599379212,0.41373755106532434,0.045428554027166224,0.35511046213863134,1.6651784649553656,1.8882423349089907,0.508267907435846,0.34529964176578776,0.6082524795721815,2.401110279734265,0.4053403501388192
0.6590675603009778,0.19042943085912048,0.4709715010814477,0.042986096012111924,0.44716824055359666,1.9236908681333913,2.8870575401421803,0.42964748565841177,0.16733795296887424,0.35430667028192125,1.4429501159361817,0.3744029916605205
0.6626623124712879,0.17671819696925184,0.3836399136776367,0.05214167079810005,0.43588259181770916,2.0828847516152424,2.416614670690633,0.4826771817084602,0.18057320830398627,0.35895818125900786,1.7041284746979515,0.3739258509706286
0.5994598647623404,0.18881156066204666,0.46358004385283785,0.04260293621848016,0.42193341516880856,1.7341755037873572,1.9936361447231639,0.5275853176575735,0.13405335805774485,0.5605819103467982,1.1272332084339198,0.4874165244974306
0.5858397975941836,0.1608074832607655,0.47412956327414296,0.04115336399615552,0.42339115308044073,1.5699518712083618,1.8515363048404483,0.5409157470274709,0.14040406651508106,0.49187785209303475,1.2060877927171936,0.4656487978002009
0.597674427410913,0.17838340336429268,0.4289182807264579,0.05770496749331223,0.28720759744323177,1.5747342691929922,1.5680124883327207,0.5807625925147719,0.031964116502178314,0.45622441894613247,0.5545718741259307,0.5343507277066166
0.5883023666472468,0.16885149827798326,0.4247302963317435,0.044854489477912464,0.41442749118421607,1.7418178223404734,1.7814141128222507,0.5799794703146813,0.06817369697162896,0.4059322019742773,0.8893625482696346,0.48077937217223465
0.5938471697209678,0.1807201198908784,0.45146207033787233,0.053953483561832875,0.360409670082217,1.642973819249098,1.6576435326450496,0.5773938051729937,0.21630252997370997,0.6221237331820821,1.4262033229484254,0.4708947679400047
0.5916575523237212,0.1810542999833041,0.4415627636004775,0.04895060613009016,0.39828509148042185,1.6779975033826813,1.807946121968615,0.566197950545316,0.1922073824234985,0.5297736146659503,1.3030612664385988,0.4437880095456132
0.5845095699489602,0.1924794203750208,0.4959205765678543,0.044766786771716076,0.3990998556788261,1.7916788846249152,1.7270736693076385,0.614565981317457,0.20920850887556003,0.7838817762005637,1.4251322092948973,0.5070342614410225
0.5911711029972525,0.19159063890964728,0.47780278630316925,0.04592169067739879,0.4011117841105628,1.8125988078748316,1.7451685635511383,0.5648794513502358,0.22358621521363867,0.6470879823237613,1.2504086846909765,0.4854036216243123
0.6644616062401284,0.17547591682763666,0.3915449977856713,0.04715850281526893,0.39844824779236615,1.7301476089259262,2.440000939709726,0.43722801909214454,0.15967468387766312,0.750859714938543,1.259396112369986,0.5235852920787248
0.6701254819160999,0.16908670552393465,0.4707364179172372,0.04645930907818667,0.43938890702589095,1.9597452137773883,2.453837252986055,0.4424849376988556,0.27048695985899657,0.6380081667495835,1.7072392121051148,0.4558294908329264
0.570704115242407,0.1646944710130289,0.41961183209358865,0.04456072855264279,0.4049266441774944,1.7401735890527348,1.4641515302432084,0.6279313550616837,0.11450066082704294,0.4107708048513484,1.1960524576497775,0.445748619711133
0.6140132181428949,0.19689655693251598,0.4292825272572601,0.047641144813477816,0.41490504893560465,1.9626600026744956,1.9227199290244121,0.5473680347738242,0.14517363086507365,0.956365694899844,0.889676502841186,0.5811209176188038
0.5888306772650734,0.15218854414368838,0.43863993808138435,0.04850125621297213,0.41270475687783453,1.703998962815929,1.7162818774800286,0.5770474549343713,0.06432400512099895,0.9858146011230653,0.5664861956362085,0.6250761639735011
0.5878133382202919,0.1540005980937039,0.46281324178289657,0.04904425057760466,0.3773152661573257,1.5390536172537659,1.7257996398895366,0.5723808573978054,0.05185509092713886,1.2968383658087563,0.7052847930925477,0.6961913998888533
0.6335692061534923,0.1903717907449037,0.4000024095987268,0.05004674994220093,0.35366596399927036,1.8296506514488282,1.8345372957819897,0.5299944346814677,0.17703770585403944,0.9313040855295869,1.1986486841454693,0.5895943549615063
0.6240152018747357,0.19673146747331416,0.44473847804135186,0.05222799839312293,0.38486731141563385,1.8286618846802942,2.033197016878511,0.5172054970621113,0.18464141443524232,0.829149791332602,1.0275549493868552,0.5696748504147506
0.6024617587984372,0.16036190610260156,0.4429976562852105,0.041198352701679,0.4197122784970611,1.7710916126855933,1.8387393408375476,0.5609487957553756,0.14651648075454896,1.7393334867876915,0.9107768012600995,0.8423723021201013
0.6361083787498596,0.18583002226877327,0.4557144535403868,0.05317115224617466,0.3877260997074738,1.9565333561675275,1.938922816481472,0.540870905769493,0.16624535777294897,2.329763566997276,0.8422837805371074,0.9314103948618082
0.6431493834961891,0.1660145110761998,0.4491254734057975,0.04595571975231912,0.37297415007041146,1.5777653923897035,2.4084356806537275,0.47158197528080376,0.172400283013768,1.7571719891674464,1.006059289372546,0.8435024886809666
0.6575025499398323,0.18004520756532333,0.40826903904266554,0.04979650108299953,0.3887587265596363,1.728977915746301,2.6037785125787583,0.43307736783735473,0.1631867523062013,1.161358171269758,0.8446073065683081,0.6689737235569496
0.6043275855082142,0.16291877059770088,0.5015992259472248,0.047811773986020045,0.3849539949905783,1.7201914619389438,1.7836676119914414,0.5620816895834881,0.13451460005787397,2.197016452394158,0.7816704927425165,0.9062510428229963
0.6151844971069382,0.16759088173076642,0.38185986924101156,0.049851158950185985,0.3755124022932293,1.7023906031179474,1.8227449820774724,0.5386526934769829,0.20235864699079484,1.8214268670239713,0.9908376366137697,0.8691851779680198
0.6098111968278531,0.1448016159195487,0.47583211056980046,0.042807377082293485,0.40114591850210257,1.6594989969664768,1.8592540080529345,0.5290970859974738,0.20322019562652047,1.6960860179420694,0.9106786429366848,0.8274537751283145
0.5758698541637227,0.16259824251633279,0.46229545932420973,0.042817915347291714,0.4428729803276743,2.367050350786015,1.4170401893660676,0.7263646148428285,0.14752559179655583,0.6263522277836177,1.1125567599112693,0.49899210870725097
0.5870151832860075,0.17836127125438483,0.4459756697432538,0.044668062174237994,0.41587476866672174,2.2525259659050487,1.4652373864516155,0.6870426077956849,0.20044284605499968,0.7423979942708504,1.3029293961502468,0.52197817412646
0.5779173796521814,0.1748521548047295,0.40858498177086916,0.04840311751851653,0.40472384996688027,2.3348078152681118,1.3688969057257223,0.7417461200639921,0.09505484155953099,0.4301842811533024,0.9362000154709078,0.4439415596823199
0.658280175293719,0.15928071340060015,0.45045476593927525,0.04546470207532741,0.3515460598332419,1.7892539611878446,2.058473626253116,0.5004900299546376,0.34277314664230096,0.6700283822447061,2.0982103832394414,0.43110464250148955
0.602130535107444,0.1872592214331554,0.4675201078778146,0.04544954495469447,0.4040418391861105,1.631222481900887,2.054011663402228,0.5021317453841373,0.11022776851130961,0.5957387240001175,0.9014748427463485,0.523376020611211
0.6457725792263049,0.1567112402244381,0.42236671084727667,0.04757985607413775,0.39557307188536955,1.8836551073341112,1.8916407430424464,0.5264735851387539,0.2417289605674667,0.7545158031834669,1.3458933297787778,0.5025296031202613
0.5892084234921227,0.17288187315293385,0.4482249383778913,0.04777112826814087,0.4084985213302292,1.698952825638583,1.8259569286505037,0.5507234193457359,0.26563717345408133,0.8530112544639057,1.3748394157748267,0.5856965496527489
0.6177261643321886,0.19474608988225808,0.4327612163913002,0.04631381919282771,0.3805744681845892,1.9220325701246068,1.7714595819449397,0.5701550614178676,0.2090607398237448,0.7684651262396299,1.2454677220040569,0.486510678052967
0.5967041441429557,0.19445417080227714,0.44067609765466914,0.04985358740532047,0.3707975636690157,1.7841598767483207,1.749622306001106,0.5953963850821082,0.15300503088767098,0.5232229525966247,1.2438714640593787,0.4563561558593168
0.5971126015979928,0.19084292226229574,0.4310434755851177,0.049274424936632824,0.38156955201612935,1.8384567001950827,1.6640731782614444,0.5848434800948152,0.1237286044719976,0.3818875319021236,1.1160979445448886,0.41923004732966096
0.6391053060644041,0.17469871258641373,0.4446848419364455,0.045016477054251235,0.40697664275699946,1.8875515488024717,2.1079788388618526,0.5181065888250677,0.30547518747358354,0.9864529953160097,1.556215992439933,0.588139251193087
0.5887890820642137,0.17525895508127956,0.4589669045703748,0.05016198660686863,0.39886029909125037,2.0996006148436033,1.4497264439114352,0.6502302535388055,0.09190025733660691,0.40050890549493756,1.0038408172697593,0.4531397107449949
0.6016496591936871,0.1732217535871497,0.4675389522648855,0.047842550830376196,0.4093420439789611,1.9770140564802232,1.7635742851586045,0.6171910219172836,0.13317559565897424,0.5126918628927818,1.1357798321667862,0.4644263652848399
0.662728576934076,0.1797583839010887,0.40215815718700926,0.04457784813172049,0.40870911853162095,1.714615290426606,2.9297660759333697,0.41392578366476235,0.2368624543284679,0.47070243436181247,1.900506313751478,0.3885163463763254
0.6552918134442569,0.1676455287346095,0.424705632665407,0.044610817981853915,0.4145098778519254,1.715060965829253,2.644208208705138,0.43563127648017447,0.22040589114044734,0.4555294318368646,1.7555492753320059,0.3829829903078989
0.5739347033236899,0.17580791338588617,0.41555717665127734,0.04488206093336689,0.4160034276066921,1.9682450581041582,1.578488528910138,0.651975632785303,0.17457176528241222,1.0097824113883365,1.0677309068822887,0.6126385355017984
0.6141951465406755,0.16075364329549172,0.40973864421411293,0.04479852472677583,0.42580637782436875,2.2923121581285004,1.6121985449805853,0.6452184416157236,0.18622862352049155,0.5257050303745388,1.3670697080142875,0.4393396770435712
0.6141108279133249,0.19511076171269903,0.4261710891044525,0.04992862065256311,0.41528466729820596,2.2157955555006654,1.6964149324731967,0.6120393758531042,0.1875575835125866,0.4513637003122427,1.584328711541929,0.394061344572764
0.6015383766666209,0.16270699277948317,0.4325978687080102,0.04688194132372762,0.40032150530512106,1.9490481674799953,1.5607539542425517,0.6268800876349816,0.17110287213087041,0.35777074142596665,1.6472370381690842,0.3642326325492924
0.6047266435339331,0.18645355571438615,0.43982083059146,0.04523779892817837,0.4326198026691233,2.0889170701913105,1.7162308161450182,0.6050432405524666,0.28559600170794924,0.840483545039957,1.6241573462654315,0.5153501274067278
0.6049883313175641,0.1793831468151109,0.43705380957680445,0.04641886421037095,0.39091975594939793,1.9185779031025236,1.660515443720999,0.6017026021361043,0.08142300830045539,0.35863814868366295,0.9670152722083801,0.4183947818910275
0.5776741660010906,0.1785899332206632,0.4399694926506424,0.04833287552863631,0.3972924203886394,1.76525076833862,1.72541181600595,0.6068229471542947,0.0759546728599531,0.38310909092736434,0.8400834557802941,0.45830639318159955
0.5896548028129566,0.19191614180411445,0.42098933138211536,0.047534174716399966,0.37620839127834416,1.8575689965937168,1.7087485539320098,0.605995330072077,0.06473283022003133,0.48268138962017026,0.8391473531816709,0.493889202686344
0.6015569905471113,0.16782008791503375,0.4560997269602392,0.04637088376176613,0.4214900752382289,1.8808081060191177,1.70060405447906,0.6044376358219326,0.1567436347501463,1.0227315010849574,1.003745632510364,0.6014155146656706
0.6111685141686303,0.17898316063497427,0.3940222305939332,0.04906012464587122,0.4113269708388766,2.0562741475428172,1.647683623435658,0.6184759850246576,0.14650467971640665,1.0752630919814505,0.9645317759347025,0.6207552519218872
0.5830188933477841,0.15235619729255687,0.4562625309391931,0.04915253387555458,0.32812578289102984,2.0498080818839086,1.2039759705321211,0.7238835854172646,0.12881874938501423,0.99709635311916,0.8804334576904084,0.590910429840331
0.5878783335138573,0.1492243047973302,0.4467608901863516,0.05002267198250311,0.32503216945285535,2.0143202061435503,1.2272258167173191,0.7312935579812853,0.1268964370439131,0.9484965841602033,0.933109176601101,0.5933599803368628
0.6119992320340945,0.15871801958712065,0.4600150465077874,0.048349655331219606,0.3345514494820019,1.7423966481529838,1.473115433360437,0.5927641128808397,0.13903644416304045,0.8908661162547504,0.8372378096184561,0.5864248194797572
0.5749766991678397,0.19566161220458678,0.4550305044374585,0.04730868754074911,0.46596221153473755,2.1335349327872004,1.8247457990684446,0.6510715091664655,0.2156369000953049,0.5795552169100773,1.6745460089071187,0.399798888976238
0.5545254901126799,0.1954283876509719,0.4205470163891627,0.04911896532986958,0.47897990925888706,2.429247766342735,1.518870698214579,0.7228816239587033,0.10096201436061962,0.322441039909785,1.3203706668791944,0.4076520460714445
0.5867444115136038,0.2115007266849327,0.40937268569592306,0.04522702584513467,0.4429902064275361,2.3334486140873465,1.7147756103416683,0.6458315533117873,0.16678486562832248,0.5790349511072319,1.2548248254102905,0.48474879773789653
0.5849492364016624,0.19387243289057832,0.4308826021027585,0.048536703331743376,0.4498718393512446,2.251154163370235,1.7393896996348601,0.6336161204949042,0.1788790113342739,0.5314478949767483,1.278377143225763,0.4654041157446482
0.5607201761527744,0.18630949858059076,0.43142405075356943,0.044256608455832985,0.4558961567170553,2.0346240619942315,1.5032310998269705,0.6783263166227462,0.1872108920707527,0.6533663885383345,1.4163620352268333,0.4797045192405306
0.6046395665201103,0.16828796071028185,0.43211858841481754,0.04929129927785861,0.40438465301411813,2.303137331255666,1.5052761662925038,0.6639619086164507,0.3178893471481887,0.6522921160557703,2.201330123903645,0.4162958938794702
0.5956031879658159,0.17251210963789843,0.4000849788657335,0.044830097844103425,0.38650303251248425,2.1800650279540386,1.430104267434034,0.6678232320702866,0.26579938246459434,0.5827439215225707,1.93661311125788,0.4257753281979371
0.6141139141043275,0.1794510977808538,0.4161314336572121,0.0454196533821467,0.44720895084311374,2.0476506922044484,2.068960477211933,0.5700664641716726,0.09676467905538325,1.5629482246999133,0.7451557131494314,0.7375505719399998
0.6128261936018061,0.18395680478856535,0.46548528858564014,0.04852284496775863,0.44055884046519816,1.9284292286403037,2.028897211901614,0.5363905427793509,0.0998426581100515,1.4608506869653421,0.7682392776469906,0.7264399039192803
0.5856959633191493,0.1885919351544096,0.38153884000666366,0.04638855989948803,0.43271165285148877,2.0962286610611844,1.6658207781497416,0.6323444989169609,0.05632716231804443,1.4524978378242628,0.5924071697457324,0.7012325638333925
0.63802938673885,0.17545028492024786,0.4531450686369646,0.047226494459974386,0.4446619442120588,1.885116995047519,2.316040172660741,0.4851565459392726,0.16432586363481116,0.4032630417696943,1.5030942207383389,0.3926027946890551
0.6446396572096579,0.17296865235680992,0.3696348500772974,0.048416303804785614,0.4293456451709814,1.9368431520051994,2.2232163295089697,0.5035653428366456,0.18097392766752368,0.3894614984938195,1.5616069955346723,0.3833512024553409
0.614236849926293,0.1807216273482382,0.4687996849876807,0.04326356740357217,0.3884141687027624,1.788195803128119,1.9002820208987576,0.5440381125339291,0.24520011465134728,0.6509647597658008,1.445541308815514,0.47252796912118683
0.6202373335609738,0.19079939920517697,0.4289291397321485,0.048380090867549894,0.3659377360870894,1.703633999697841,2.0754463752835526,0.5093487984316342,0.23611391427033335,0.8079973834432242,1.2331611230158632,0.5492622401171435
0.617202138184121,0.18579054317522226,0.4154593515013979,0.048865397346662634,0.3778703660185026,1.6734759956040715,2.2143972492823085,0.5120502168656502,0.23372392044838572,0.7694951519466317,1.2709272313643032,0.5231827445277341
0.6168287581016756,0.18149844314004548,0.4677258553988491,0.04468172997259068,0.38080308670217433,1.6918725355732493,2.1254172195879093,0.5197889783465653,0.19455110521030775,0.5603897338936051,1.3183866098966552,0.4513306949986564
0.6318015728427517,0.1719309778695553,0.459594934025728,0.0490423548918481,0.3802535699531501,1.7433099317888412,2.1137884546194368,0.5253839572043776,0.20756073811055972,0.7499124128636271,1.3447131316863261,0.5090718575835507
0.6209031159211492,0.17709231201953746,0.44326204038207445,0.044073266725326556,0.3956071108541708,1.6572674989079843,2.1188610284954876,0.4908728577063601,0.21110116552292746,0.5368768732044966,1.4905836998729738,0.4382362776372247
0.6063846571586798,0.15711736176129248,0.4506939534352939,0.05034918213305781,0.35367572092037397,1.84281399305368,1.5486728270477277,0.6190032127237348,0.23193182293986367,0.5564615747177046,1.6853131404470614,0.4310936361561981
0.6050337945806407,0.16498123690875285,0.46565895847164757,0.044682576947613635,0.38076584278636194,1.7480878746421775,1.702870564528082,0.5622424629173155,0.2610704705039653,0.4644264400004048,2.038756443277775,0.37906099602325544
0.6175151081868623,0.17672614723895486,0.39367943294792723,0.047781528789162975,0.4122909353993133,1.9437659522573623,1.8124875138611756,0.56922250168869,0.28765372065526473,0.7278825767523605,1.8054414245855863,0.47231729611517725
0.6273859864301045,0.17998866994751897,0.481322453628021,0.045805745820673885,0.3990304442889311,2.008396454673085,1.8757772526531424,0.5576609877629044,0.1025006444508064,0.5567169588861413,0.845998236639671,0.5019804766549022
0.5781372655422244,0.16985033097409025,0.4213594077445495,0.042028192962272885,0.4137449892053499,2.001119794276762,1.4648560981897174,0.6671131619539511,0.1159893450099306,0.6351760469446854,1.070705246731221,0.5212026635987004
0.615968108182127,0.1865141023565229,0.4465530476417772,0.05358517169439318,0.4046124414782367,2.354123280496447,1.6205706464843652,0.633060817118178,0.11693514059302099,0.6328126980627304,0.8922557390744407,0.5329590091235875
0.6159236043841319,0.1576617413911436,0.42058466597337124,0.04177847456928114,0.3970653750444052,1.9097523489519945,1.6783526556387198,0.5718695949915583,0.12236929833346531,0.6647806298969742,0.8793828730738169,0.5254956973322555
0.6175059244679473,0.18427466787567656,0.46335344785230925,0.051199687262426956,0.3604139237197852,1.5385418610760802,2.1641340759481404,0.4934984528546585,0.17795379621520316,2.063949604823933,0.8921242549812989,0.9285869254406504
0.606700817795746,0.15607876572340126,0.4278677238579564,0.045439808676990164,0.38436017029652636,1.6914542469576965,1.7671786078538718,0.5561472548653438,0.15918996659721107,1.7590043535347446,0.9132183416472492,0.8085498792362197
0.6000392836681329,0.1634571776359788,0.4544535580720737,0.05075423847865416,0.3995099530679455,1.726779589796146,1.959138736466922,0.5572954599406117,0.11921038312139873,0.9659003321397336,0.8890285206984908,0.626375274559528
0.6324807926718023,0.18438655559802958,0.41916758508974333,0.0450832150366317,0.3978831396500325,1.9314514661446711,1.8583875322352974,0.5285921580785258,0.11534619255977299,0.5160698121843013,1.080126534145115,0.4988274521406499
0.615622262899874,0.1737591938610369,0.3992379393928677,0.045165643344118635,0.37991455591957707,1.7748423409699592,1.7838416514253221,0.5493343345708097,0.12877545383095032,0.8145871292567018,1.1185840239069995,0.5640299102272548
0.6073068467381659,0.16476133894006706,0.48413118769876534,0.04526495285262128,0.3984233057723157,1.9080099302925049,1.73425988232778,0.5859454167931248,0.17766619201781747,1.0020885577491936,1.075686524057516,0.6344246090776855
0.6259003035574918,0.1587855990149283,0.4468666391722918,0.04357438462009954,0.3941488537810723,2.002712511128454,1.6189580289135763,0.5883311005804878,0.16356015840988977,1.2348392435530637,0.9513960409307565,0.6760434171278693
0.6174803121531397,0.16291033902690455,0.43311847060586206,0.05173194106920295,0.3604793923113308,1.620330617104701,1.8382072081268697,0.5517734586676846,0.13284077917321505,1.7846981727814657,0.8196217162094859,0.7432134745555965
0.6070756607955693,0.19636871870395187,0.4263349774191775,0.051025959238365684,0.4311948986282957,2.171809941932439,1.8566099469848045,0.6228692132381359,0.10055375874724592,2.1441497213117158,0.7037291656621681,0.7811574815984774
0.599894119978553,0.1945249587045346,0.41474818383353634,0.048880134091228426,0.43998532530164947,2.2085978462962044,1.712526926263429,0.6096593969096998,0.08264783590490617,1.9068114872223842,0.7216076558905659,0.8659540803904422
0.6048842539145837,0.18759100270502227,0.4266546573428543,0.05011101757692484,0.43781424138840663,2.1141793388846604,1.6752632619060859,0.6240021888253594,0.07376894807744849,2.040770873166098,0.7804547027574381,0.8015697691247108
0.6361041053441004,0.1793023058901868,0.4208248341717691,0.045116061569456106,0.3785471340106238,1.4992608689428146,2.6465924408190045,0.41836253651539057,0.0576770189800934,0.5996726088831803,0.6592228134868477,0.5739887986736987
0.5302060582990217,0.19355682018562964,0.4059425325170469,0.04830488561617702,0.4113623951245987,2.2864338045836554,1.2642844695952595,0.7926227571721698,0.16573838554299808,0.6393311459289993,1.057652682781567,0.5220963416508516
0.5126958636103927,0.18140193621764564,0.4258452691695624,0.045608717738045125,0.46346717569291923,2.4863749180180172,1.289252561305776,0.8487346849604804,0.27774293874236516,0.8549500545386697,1.5373260960438468,0.543495849438833
0.5190587270765659,0.19335147980649936,0.42376400956139415,0.05005884848855722,0.4133543057655064,2.543784391113427,1.2301525429273195,0.8901719160253024,0.17590767836515556,0.8384387837200195,1.1637160024536055,0.5633167269160344
0.5885194943894791,0.19016940973040475,0.4038279209836403,0.050495695768315044,0.38881407658146033,2.525497329482555,1.3618206394498615,0.7245952703659392,0.20786582659201375,0.5548132133494981,1.5288236796594694,0.42796038836556655
0.5898674404319627,0.19090069985445796,0.42987999738846894,0.04664984928785396,0.39114836193043157,2.6168716645221477,1.3378907978193528,0.7425821278967254,0.21513760020780254,0.5665277276371351,1.5520667561527774,0.44621973968056083
0.6083010273144133,0.16700794983868725,0.459882304929663,0.04330283969388798,0.4460098245338041,1.791499976243974,2.028844534925263,0.5248062122958043,0.17136961014493335,0.48136064480248303,1.4169715921977135,0.4181177764786776
0.6376459921970514,0.164385618922049,0.4419951563282126,0.04903743466528557,0.40936608903825195,1.90201321972364,1.9441283594355048,0.5339359394663478,0.1566753098279801,0.5430826660038716,1.0572167937051615,0.46061336402531955
0.6064525508322531,0.15984819046297816,0.44715568236279174,0.045163954427671266,0.380220624978765,1.792003621344889,1.7828478244605526,0.5817300813745208,0.15726471325899752,0.8058078976670997,1.0091649714189823,0.59066112552526
0.5959150629294178,0.17667108222093802,0.45098657952676824,0.047582606984877776,0.4032448081958532,1.9357250308487977,1.779812539589568,0.6128269188127267,0.08865286096108814,0.9732176952594433,0.709952423895907,0.6483621664246465
0.5961568784082892,0.18906496515499027,0.4233395137613356,0.048216430683144545,0.4081985542450963,1.9391934708277423,1.5644321378743296,0.5930431800778703,0.09622981272984141,1.0658774118926222,0.7155216891347912,0.6078870134550437
0.5911928630202676,0.16661768151835302,0.4503537335025533,0.045816441497560804,0.4145594643513433,1.8238697594357565,1.5586603970477129,0.560920891761767,0.16043208962165562,0.8858518055633068,0.9351204613154692,0.6380718238991888
0.6612553747978394,0.17562941338806465,0.44046988359805084,0.04576300233874894,0.43876916225927404,1.6997678250408315,2.5644888458954123,0.4063085740605659,0.2000791581063039,0.5519695741556369,1.4520005469762203,0.4221262371321569
0.6642637874612939,0.18353623865023852,0.45022400375014365,0.050145590565556765,0.4011135674843912,1.8638018316036487,2.760692125882264,0.45863428918914534,0.26926598896209825,0.6792153049489049,1.7503809165817525,0.4595423468860082
0.6106841704226705,0.16922308815729606,0.461367018108911,0.05252090127607965,0.38324814860452294,1.7062539551101104,2.0407252695608906,0.5426737614349326,0.147699384437013,0.28015264036661397,1.7039459119801017,0.356316246898545
0.5889592488246095,0.19009650841149964,0.4062154897128409,0.04643782581906133,0.4366054859836839,1.7977358035345363,2.0854765302082527,0.5584725688916994,0.20935211492919187,1.139900364205206,1.2419549985185996,0.6577588572467192
0.6221944177929201,0.17380708763178035,0.4768872392199641,0.04618812712131859,0.4127341076955951,1.9837513269217417,1.9263273792324527,0.5771436742457194,0.07119995964020914,0.8168418116783729,0.7653894513957797,0.5900009998692942
0.6359163559147603,0.18103530650279984,0.4339358498052695,0.04704104010463514,0.4320916067450695,2.149984427742534,1.96496008825263,0.5437566704248675,0.04424822396417939,0.761235338776533,0.6116100463036263,0.5884147794218331
0.6142293623797704,0.16263652241876173,0.46812729820976035,0.0477491151765372,0.3761901662072288,1.6927142434364197,1.8530428001761154,0.5581111812913953,0.16286811464685674,0.38716174279282173,1.5993493744498795,0.3737576027615254
0.6089220122922285,0.17381910547660856,0.45256303222200117,0.04938815457921063,0.4124269870553901,2.330740863732939,1.6365157462362325,0.6839259641439158,0.20650936766339145,1.1181899020011332,1.1906346608781397,0.6748079509710202
0.5790984905784557,0.1648837099067122,0.4223239576847498,0.045415454698140754,0.433734508691006,2.0902194538957373,1.5691606713646233,0.6665652360037874,0.23370314551100502,1.4739477340899643,1.0989523601451865,0.8041485552553416
0.5644371542495689,0.1919979950551432,0.4521808149905496,0.04648033771831099,0.39615635550726125,2.1482804654485848,1.4583016926590426,0.7255421105333608,0.14286225167717367,0.412835098483338,1.1925772365450777,0.4255712976341183
0.6156410055233114,0.19066929531108512,0.4295667133912443,0.04760960391749436,0.40830098562021655,2.003615687688477,1.7676615852066966,0.5747287197727774,0.22881390825279632,0.717237889230432,1.5433665203934601,0.47431234406400813
0.6127937722541115,0.16992682881627985,0.43138860212684066,0.043578792099756916,0.41244486571331584,1.7874593467979054,1.941021501020009,0.541448703712801,0.22908642261686524,0.6726813664690846,1.4245383650022392,0.4796669550801925
0.6535492324570775,0.16723614743793472,0.4637754926611723,0.05052095014123863,0.36829265917086684,1.9906727800897932,1.8323562203274153,0.5322940736147929,0.250660796835202,0.5682447571579876,1.9188271690466314,0.4000695931334416
0.583679392959939,0.1894964688182144,0.46796719295099665,0.04844770871724667,0.44143177835757696,1.719151022793409,2.1100910459906013,0.5331702825764744,0.12897041703580484,0.42325287847949805,0.9588859037166364,0.48066090098717973
0.6151346518324561,0.18008076484791855,0.40684025024583875,0.04553093091061857,0.42694210221918233,1.8291266438743132,1.8867529821180415,0.549976974773177,0.1885977895214694,0.6215721577226953,1.4679888781463608,0.47716585657009547
0.6484653409475556,0.16291421583589824,0.46348473706788845,0.046101805093476986,0.41906196976281546,1.8492611924507616,2.256552603738631,0.48912888622137546,0.1653221161829548,0.478587275587256,1.6620538018624105,0.4019889413384629
0.6017691290369438,0.17367045220193963,0.4934495096129332,0.047137747401247015,0.4331103724918387,1.8745052748356372,1.9200510280582181,0.5649278349711395,0.21900035950466054,0.9699296588902112,1.040367619161994,0.5934180470838442
0.6011152676153309,0.20341292897698823,0.4478309479730116,0.05387040829321313,0.42555841130801164,1.708084958863048,2.1846514788898594,0.5115547916923325,0.18516197452961103,0.8471114088206145,1.317254143888484,0.5538879217880283
0.5906540387781561,0.21785560073011703,0.4827227159399732,0.04838690467929647,0.41010256887982566,1.739070285391618,2.1655518221197636,0.5187649576198561,0.2604466532007274,0.8825019658737113,1.271698931760516,0.5737505766259783
0.6206712689031275,0.13429858730111527,0.404849560557204,0.0419887976888872,0.37567506739387757,1.735969289352155,1.5861628640292318,0.5731671548831302,0.17957181327283442,0.4824578478318319,1.5955001759607057,0.420642070498494
0.6165298496090836,0.15575061101378518,0.43056313841850535,0.04965985788611954,0.40023514715180264,1.8546864872578754,1.8006646952288874,0.5731378920440185,0.2015994179473997,0.49762099034166274,1.482993345357158,0.42594198952959905
0.5764224405223144,0.20686660292968181,0.44723658647432546,0.04364468291792409,0.4049657078577339,1.7983189089119074,1.747367553089182,0.5881254571295579,0.1772949283488615,0.3867377716896871,1.7262888794628537,0.3790238685964761
0.6084016496834973,0.1377452031616686,0.4252696057730811,0.05079224868977989,0.3755838848843637,1.5995633936391542,1.7614047465165972,0.5628668335003277,0.132482456852892,0.41310838589009286,1.1325474055155087,0.427481253507539
0.6187658562642154,0.18926644999736808,0.43934080744813925,0.04455352511301553,0.35540122641339894,1.6784417001547527,1.86077145565808,0.5328192299526173,0.16130832002099577,0.4191731145141254,1.5221388747011442,0.38751407720988756
0.6530769615563179,0.1554123983769983,0.4499391452071699,0.050416522603647464,0.39975501530236424,1.632089752360019,2.399631718992706,0.4499878995053506,0.1597578769206315,0.40728753939230977,1.4523421341062392,0.391583989879382
0.6512946468408113,0.21266865838333449,0.40804150368175857,0.04405171454428401,0.39452780914723157,1.796992590029639,2.6617830456902967,0.4386335370134774,0.143223823201986,0.4686946544161611,1.3378235444871023,0.42410622480148596
0.6520384811017341,0.1427174311128164,0.43586899010491,0.045072995001289855,0.41503042401468243,1.7834105464656436,2.269504235804935,0.4833155532887782,0.1861391633223678,0.7742797562672405,1.0918147126065219,0.5339249020936983
0.6712321145799897,0.16188444228018964,0.4802598531799748,0.04785023275400878,0.37849155418088853,1.808212477783594,2.274086140061787,0.464290370934705,0.146254722194811,0.9527500141602624,0.9730767778400184,0.6083593967803145
0.5859553156622871,0.1750345834505322,0.4745039863171037,0.047201460929811964,0.4347664117152185,1.688158501374585,1.9003052932899456,0.5496559433120576,0.07814259704073093,0.7665479215625571,0.802436974661234,0.5691757959470367
0.5941637285912336,0.17597489552771922,0.4718645728755753,0.04730387078503751,0.4216290331664412,1.741694904424241,1.904923172793546,0.5674277920750656,0.07275716382206025,0.7991628717172317,0.8550352248763257,0.5700192361656792
0.6209642128207278,0.20107187267928062,0.40069861746579594,0.0472336099385176,0.44033407184149753,2.224415015640392,1.9190353424282367,0.584664490399341,0.1462764914884019,0.45507618140057,1.306422591881448,0.4097066084594972
0.6424015865306983,0.14782531595781853,0.4684556279417358,0.04737530670993472,0.40280104955573276,1.9462188820443147,1.8409175456440574,0.5513258484643405,0.04118390492428122,0.2508246737362035,0.7572897170338715,0.42343471015389117
0.628000732883317,0.1902603054240136,0.4109963355180315,0.046130238867588005,0.39787122025261845,2.000350422665621,1.8756981777091415,0.5479234080446747,0.034464617790398167,0.37315011553680005,0.6713615404895433,0.47998856608138557
0.5764136981748759,0.17303155158797412,0.45496916126069703,0.04727208664121377,0.452911858119224,1.8907301372845946,1.7639249505473371,0.5985075932440389,0.016411987138970862,0.525356711370872,0.514069559206914,0.5628772718575442
0.5491692692084177,0.1846092649078831,0.4384659583308823,0.04741144473775522,0.44152062695159716,2.0050747811151304,1.470824869147865,0.6881636548744179,0.030051130242398624,0.8916866678849472,0.5821361476593984,0.6354764628694557
0.5289715586680216,0.21520786839453857,0.44674818519236137,0.050219380515086266,0.4301129273631599,1.7106325811973713,1.6356772292143908,0.6363015035708411,0.02976885579419313,1.1522556499560317,0.5949094484426907,0.6701683458923635
0.646237079492867,0.1799071890956134,0.372889468788688,0.046372946644365566,0.40410968828259963,2.097181768971816,2.031028877784966,0.5322133683295479,0.34743684150454246,0.5135892455442583,2.941671356029166,0.3357279601325672
0.6369694185461723,0.20324026477319748,0.4667342778440926,0.043778792108799106,0.41757120932479586,2.041123408410097,2.2157158818954854,0.502634308843567,0.3426139353574614,0.5396824325821273,2.6161239415190836,0.3605582416002576
0.6285704199087601,0.1960358146805309,0.40550398768430906,0.04941446528105724,0.4214960127980373,2.039470225342141,2.1622300399916643,0.5396772214260392,0.22750628170686704,0.3407120574831597,2.5123122042772947,0.33754053748173996
0.6089973680901886,0.17687514958229353,0.47441078693981137,0.046271342014596935,0.41406044612562887,1.8540047291624,1.9233535438373028,0.551015067431611,0.13597671920004034,0.35150250706495456,1.2312899520263165,0.4178144686334465
0.6504195454494796,0.16536582660534072,0.39278439901767953,0.046927218972276016,0.3936192127496802,1.7771695487202304,2.159263572564925,0.4921935699206127,0.17865937034249166,0.6501432242651264,1.3720658770357905,0.4754365786429706
0.6481708079195284,0.16701124685703517,0.4394857424795093,0.05133810220926633,0.42858285459914,1.9119360370686402,2.219277061545808,0.48018859401084224,0.16818414774879342,0.604042101045778,1.1618110924888034,0.4924760188710857
0.6224217804714496,0.17009985940552907,0.41082531912069153,0.0455668475515535,0.42028474317788134,1.7893545048041208,1.9656503929919906,0.5080838086117105,0.19954422773096145,0.5577374584279328,1.1778317417151072,0.4546654285135832
0.6598229475868178,0.18097518128630685,0.47419068816909205,0.04904675209722274,0.41617812541705423,1.9800518598661998,2.3931873413993157,0.44551619989921903,0.19804818171550095,0.46001692132180894,1.329730568950662,0.4441096375829641
0.6563588239058686,0.18185007906100328,0.45602768214558487,0.04724797650259887,0.4171423162088372,1.9335320593397924,2.4493756592158484,0.46310126406629504,0.12489330015080641,0.422740554721047,1.1988271972546927,0.4403710798026701
0.6423759710105535,0.16751042934657143,0.40125221948444734,0.04517678977757746,0.35976308178947275,1.6901196997145698,1.9563511489254766,0.49707384411742045,0.313829999941249,0.6023944183595105,2.2968189615848664,0.4113508305794151
0.6712690433692804,0.17033521405252341,0.41186248095920086,0.0445135013849217,0.4305089631930741,1.9546417913897756,2.547757614146171,0.45472544923204267,0.06003074600795727,0.7378268652370458,0.7464134741060389,0.5396269895037297
0.6343319455844006,0.18401304971274265,0.435347736100911,0.042241259915454965,0.37400480071403236,1.6336136765659162,2.248245783549303,0.4656686172407693,0.03589318827185727,0.2857205702733607,0.6925104189837544,0.4811985003159477
0.6441985252551441,0.17856640764690596,0.4648929899954875,0.046350782901847756,0.39415129513501107,1.645014642652159,2.5053030588398357,0.47847897703513315,0.03243821017291642,0.22724551180591968,0.6411982672320732,0.40864001705852493
0.6408517619200793,0.18742978568764923,0.4721620294230744,0.0469694643146803,0.42088642601956144,1.869925718569115,2.3810481714310767,0.46417142520457505,0.07005453089113457,0.2589019705522632,0.8953048296186198,0.39277457569104607
0.6329077477375414,0.16863964076980614,0.41620625285132806,0.04747539421923936,0.3959750929359768,1.7193777563593682,2.2443084026028264,0.4788706473702931,0.04872722141177448,0.3108668060679188,0.7799544698188424,0.4570561961901208
0.6717276439410029,0.15497871549468237,0.43535721402197136,0.04894930570710041,0.35458340436464997,1.7444305641732099,2.136345196794328,0.4571169416226233,0.11329660565899648,0.5341907527259806,0.8956712337567043,0.4625651219863083
0.6212582983263969,0.1765868091749645,0.45373895505255546,0.04849723780778658,0.44548968864347205,1.7340214465907486,2.1969691626445162,0.4901122551771029,0.17192672552111654,1.3865056740697277,0.9267851590770715,0.731785660199813
0.6258309294370313,0.18793354736374876,0.39335142922476196,0.04754594697493803,0.42325967325711145,1.6830928272980377,2.4054589358186855,0.4690475536303728,0.3179090779559606,1.4025731638623224,1.474641896584669,0.7389516743822334
0.6538040100463661,0.15340137924973288,0.4108537053762015,0.045419821002690625,0.3833337086511834,1.5724406216314868,2.380336927049289,0.42570885410009074,0.0704079958825777,0.2395651800249733,0.8834548324390727,0.40844276224765563
0.6556309555560217,0.1801548894191138,0.4084930903276048,0.04480092755627315,0.4031109834705717,1.6381364432484111,2.8176988339536124,0.39611620837952655,0.1315872077889868,0.5756623375186951,0.9632264387028251,0.513312349938117
0.5430088324501617,0.17949760755200503,0.4739160584217941,0.0505307997079429,0.4113503696581231,1.8716697292679485,1.4588858677837715,0.7104178874816732,0.18798341979487282,0.445700472945352,1.6598929237270992,0.388851199094881
0.5899645005546288,0.18212583407835023,0.44732383250512114,0.052602292522322375,0.41399354524633664,2.916300618074377,1.3986620824031175,0.8374012962398425,0.16104783915865523,1.1522789441234544,1.0663865348118724,0.6465263324543515
0.588249993293138,0.1676376064787751,0.4248946511888698,0.04473660714659396,0.40351353735992357,3.2687492195707253,1.1832725834038544,0.8868419616686025,0.13702756900779786,1.053922490528513,0.8807335313860741,0.6297531909369991
0.6311795416774112,0.17132852943256852,0.5013160431425026,0.043599239878887176,0.39537948909213533,1.8603153629329536,1.9480436619607098,0.5131405877339681,0.19237240658904767,1.0012900788137042,0.993632396671913,0.6379482605893836
0.6125862501609248,0.17617348138436695,0.40028097777781846,0.048405695962904706,0.36551634683588613,1.6666111600231566,1.9386833112279467,0.5488995121908511,0.18118860238853182,1.6941741308725957,1.0654244733162446,0.8395459945506585
0.6289117837195327,0.16725924054510816,0.5010400955760502,0.04504168601488213,0.40010749977805343,1.7500798243039588,2.079085398256705,0.501198969667657,0.13670784350898227,0.7959852597650927,1.030897746012409,0.5686404928946435
0.6367503326895048,0.17400138208670868,0.46180069764250425,0.04494095508946425,0.38466588403418517,1.8308004285247481,1.9554385835734422,0.515931779862567,0.1341931838864983,0.8292793345264599,1.0437546987427238,0.5688867203934156
0.609847259014281,0.1748455205492562,0.3634632165804805,0.05354849441624373,0.3789017916153055,1.7455417512950944,1.8017304787116248,0.5657077052485265,0.19524866659712292,0.8740262909954489,1.2913937164721674,0.5693823747626077
0.6248657169947468,0.18144542800375107,0.3490950056642912,0.05161382620532273,0.3745428062959583,1.8476974592824307,1.7860276386348415,0.5597723449102056,0.20885018960355767,0.8246744319234247,1.1604120486739067,0.5555655921896522
0.5857950144341557,0.15172100595577356,0.5088487599965342,0.043955300922676285,0.41668462323623195,1.8571696163763691,1.502677076913899,0.6121129650917431,0.20588235701896895,0.9899972058360935,1.1485586698220414,0.5986598794189919
0.581278039967979,0.15481576923098248,0.5452787107353864,0.04498819952712416,0.41024564077010445,1.8859366626571965,1.6041051890206364,0.6292287864612779,0.19226311590423942,1.0903696978430517,1.081779857269404,0.6468982383344222
0.662643334618974,0.1734685963540934,0.5424359697196625,0.04543391485064401,0.402187193970661,1.7450339503942127,2.4891987273878597,0.4384032899461612,0.18835195775377309,0.42360784588078965,1.6455961934540024,0.40116755841139196
0.6555266818777123,0.1634920628843567,0.4128701106241482,0.04479670557537912,0.4072243724883259,1.7184417567578445,2.293307299484932,0.46418748235285134,0.17431636568889056,0.38939002329045924,1.6993062727070616,0.3802427692028849
0.6428258149123387,0.1694800170366852,0.43592568096698103,0.04808149560574858,0.40402768865877414,1.803586496326452,2.0505200824945016,0.4943044253168177,0.18240781643041767,0.43589833424385843,1.5703873530867238,0.4101798262294817
0.6520943533927418,0.16851370354912792,0.4616635963750921,0.04641835279765127,0.4174560517953046,1.980837550712021,2.255787542414155,0.5027514177333696,0.19427830724934295,0.6171533092271644,1.2635230349949542,0.48876872302121255
0.6252072290089458,0.19041725987677038,0.41200719348287534,0.047015918401607175,0.42839654987710685,1.8377849384269767,2.122826526131508,0.5171839869516379,0.1765920930450975,0.5807164714002071,1.3161558954229176,0.43837565122945094
0.6224421267387712,0.17101998004312935,0.5225216386442424,0.0441433889879391,0.4583120415318727,1.8544250033786902,2.2273654766904016,0.4878793487390118,0.18804909376382234,0.5228560658537418,1.228045587643882,0.45683035075783046
0.6285362546302828,0.16788530556591502,0.5063505051263097,0.04609186267753681,0.4778190549363915,1.887609709236391,2.3728507056492374,0.4857944499920705,0.1830998176445893,0.5918264002964695,1.3509699201890422,0.4599165518883968
0.6580664094212132,0.1810745078030521,0.3765189565317335,0.046251476995905164,0.3573237692333193,1.7742197240110094,2.348066620399642,0.485336793423821,0.22952806431681766,0.670616174488298,1.5828121728680193,0.48367966655395733
0.6548929342593443,0.17567554986393172,0.38115120741255704,0.0445803742353566,0.3650964907726155,1.766451292823112,2.41701774072011,0.4830211658639909,0.24879314239337905,0.7570630473765065,1.5289455160067131,0.4843736050213493
0.6334674705063766,0.1690008855021314,0.49540987994187413,0.052409249845510215,0.4151346580686261,1.6539720965563869,2.5737125707405393,0.4485995252506924,0.31060447681984527,0.8727317340264666,1.4754749183278706,0.5578288231354597
0.6463902577920997,0.16792951332600067,0.514576687519254,0.05276176597750668,0.38726019630418435,1.612230588561186,2.2823368170312825,0.4510994144147936,0.2448546798788113,0.8781052376619836,1.5127820566029775,0.5618743373915844
0.6003266474651339,0.1869452894860487,0.4293821754517637,0.048371292348776664,0.42630076218519286,2.0804584828567854,1.8274424280346573,0.6141256074466539,0.18347952982699706,0.8790715009489168,1.0813818634991592,0.5697702079088022
0.6600919556978503,0.1438731471379038,0.40699038335841464,0.04756280467992015,0.3287283174322323,1.4511175947530708,2.2522668389398963,0.44462258196568527,0.15228363585587434,0.7225747050121749,1.0359203008529307,0.5375344831483945
0.6276119188219272,0.18315178188075928,0.41265849720669256,0.04785819986428333,0.4766765351689756,2.0966261042153334,2.1754049482698066,0.5214939337682256,0.1106338009911154,0.8422678414418836,0.9384196261172764,0.5818169182664362
0.6219925001815304,0.1722986752801191,0.46218899095600974,0.04633844384714045,0.4118003485908794,1.9008061855487777,1.9745898014425898,0.5571077028663343,0.10336559619634142,0.31280722373699,1.2945330149382444,0.3936219823526502
0.5740652035930257,0.19353546401637578,0.46745883003851435,0.04591456279760795,0.40141307614859795,2.002320251231652,1.487092070181442,0.6537789647296209,0.3016585936181889,0.6866452197691508,2.1242073190000132,0.4616975471100126
0.5634591089454837,0.17751583132056523,0.39416068538703053,0.046622037481773605,0.4080908671939058,1.9509635660438298,1.4398761426126983,0.6733598933746588,0.25918903098280877,0.6208835185909382,2.0088886885377706,0.4362703115252484
0.6079721570757817,0.19044627204747316,0.46135838625036485,0.04764689646631047,0.3904857503648126,2.0264685413945376,1.6289203898506694,0.6180862700140194,0.21535418314366758,0.643666963991,1.4239432871583595,0.47471555798478693
0.5947235582282029,0.16454931984933163,0.43248674012029714,0.04501630604124563,0.4271122006166713,1.9704816017843336,1.680827717931685,0.6173959701639425,0.23425254496897413,0.556398209804638,1.6575107364883532,0.43888923536929764
0.6045703458478748,0.18510649510653024,0.421116910669436,0.04623645926676969,0.3925490809678444,1.7140811881151157,2.007228441773434,0.5336760033440201,0.15734954112959282,0.5508452362542903,1.1912382838895816,0.4685368647400856
0.6019830379889036,0.20556786292573337,0.40392100886497345,0.04449855165765168,0.3939380954450213,1.7328159904808074,1.9815946464386642,0.5190930664229606,0.16589512861319491,0.5569894724201354,1.2342489332682007,0.45387749547389655
0.627105792412912,0.14316910081122045,0.467886114547507,0.0457444312900943,0.41407524424762593,1.9040922204259123,1.9266258747384992,0.5579870605910315,0.11873522676557982,0.5639336404064554,0.9859605187470509,0.4848313689673438
0.6249667966871747,0.21053665900401802,0.41235910928515634,0.04633899865258328,0.3947658427442617,1.835337005155106,2.019856791716684,0.5075686262581778,0.1716821204786644,0.6239355491061329,1.2050338779439782,0.48382985127206074
0.6347914381906059,0.14523154835845567,0.48152863395811873,0.04792117550031793,0.4394024674661895,2.0480936213439014,1.8239299001110447,0.5628221381465454,0.17888539732325356,0.7701323481286083,1.2595169744490804,0.5524361674486493
0.602999224120193,0.2034952422231601,0.3815007446503926,0.04712621465977073,0.4385666536278308,2.122229575889408,1.9208480165528143,0.5799269277922317,0.2205853058260261,0.7718236606063935,1.3167995878663843,0.5455850529110979
0.6113399770728628,0.21019106331388643,0.4180448391876703,0.04621797167388585,0.4321943117704379,2.0646861018024714,1.8992772996252016,0.5764872094182394,0.18479583454187565,0.7850765574410957,1.3276297485553745,0.5170364997942579
0.613968116225093,0.20579303578544633,0.40829025477848657,0.04563350712471435,0.4283214973050536,2.0824066230300535,1.9616221695194358,0.5716328177862073,0.19569457639610685,0.7216444098359099,1.3289679439063014,0.5080729853716816
0.6215007586651828,0.15551508623140803,0.48858879448929343,0.0455384686302477,0.38616878924300563,1.7882518769906186,1.716616876914646,0.5659264362012304,0.2639270918567659,0.49893976224863007,2.0879640847200163,0.3749445126141928
0.6151579609438923,0.15012946494498436,0.4547982199235297,0.04253682681088872,0.39280382024970495,1.7381004643965872,1.7061357917805313,0.561087207586089,0.3207576001730658,0.6309159505975059,2.2685570603547744,0.40694294534232217
0.6345300270805782,0.17602800958600962,0.4201727548954312,0.05101828150357899,0.3866751862386307,1.7824783058525493,2.0276876040535594,0.5230528096771421,0.24979771647502308,0.4078800239564245,2.789989903592659,0.3363157765003352
0.6428152004863511,0.17250436406731506,0.3927170892861705,0.04891501872282658,0.39980685601236304,1.892490608143433,2.0501115807327968,0.5243877357138484,0.24358843011232967,0.41784346525895527,2.960762355910967,0.3268424724668892
0.6092742994224781,0.18646481481425917,0.4350995361930991,0.044410434833160047,0.450474784348551,2.142095055840837,1.8255667586781876,0.5961166850801763,0.0867829006255263,1.052539270752213,0.8548543117251862,0.6414287460110992
0.6147265699064421,0.17216892884728593,0.42517632713873954,0.04681948587020396,0.38979888213569386,1.865791486085765,1.849718993328231,0.5663235821650572,0.22893147702195707,1.2206080608380008,1.3093024288730652,0.7053345756253708
0.614445872777103,0.16565885407729794,0.43775235295137477,0.04719196176403938,0.44531512408796026,1.9438315656866567,1.881420323387043,0.5517644127679404,0.14893426777825533,1.0423559474991704,0.9391382584021987,0.6489937302610689
0.6312965449067457,0.18908095522636512,0.4389300649294858,0.04647723076016003,0.37993115415344375,1.8893570562427398,1.9942608062428449,0.5441682857936663,0.1870847867455845,0.6548843400470962,1.2618050837026893,0.49517887223609547
0.6048193434280956,0.17662433748656295,0.45003226853136824,0.04500331645323343,0.4038685124962429,1.7644835404415022,1.9121213875327328,0.5426037111994267,0.1759838840051264,0.6689338316143987,1.260328531017581,0.514571795796446
0.6177109068455835,0.1786730556778588,0.42891443735463974,0.04594395664101723,0.3934885817196764,1.7262249256531603,1.9439055260659963,0.5281838571552634,0.15585415765829122,0.5058946038382148,1.1306332955475655,0.4441367727933243
0.6172933195215624,0.17518247075195828,0.460927328240934,0.04868520951653737,0.3973007472150735,1.9890131682199899,1.7797829201611306,0.5659526280711038,0.2274855533339947,0.6793971864333948,1.480889183648754,0.4841895603107204
0.6256649351188971,0.20563931662406587,0.39684860309693143,0.04744926126347925,0.41899874507285667,2.205914898257585,1.9124181789573604,0.589342297540076,0.1719531892645609,0.697287929625636,1.3329589571700802,0.47114281988896517
0.611145491634551,0.18506459408140022,0.460140412013225,0.04891952387883811,0.4843287700058771,2.33269679816071,1.8114355311693429,0.6028418878274521,0.11143699089908611,0.5619027294925666,1.117101653455009,0.5135119886792804
0.6423262020985266,0.17349162274857244,0.44408640395579285,0.04551280887405135,0.3488943403906877,1.526688903606502,2.1303876756733247,0.45752747268154353,0.28293575386782005,0.46750268364926806,1.9155140817742733,0.39322131644304315
0.6398591309550905,0.15483176337876356,0.4435124298786204,0.04598176307710485,0.398851152375328,1.8768425338483525,1.916259116326592,0.517550242772902,0.2849424376088934,0.57448184740987,1.6831103204866331,0.42128273900845903
0.5597882076106185,0.19369971365131244,0.4438275319454094,0.04501097498367456,0.42537436699348946,2.095488751164521,1.5773884409292187,0.6936543717392736,0.18943651767914102,0.5456300934021946,1.1775088264481528,0.46860267955386253
0.5888041276739302,0.16499907420470056,0.435761330457344,0.04950404814745108,0.4503343917561111,2.142797897333463,1.5626207397886744,0.6391421384423519,0.16840949700315302,0.5884331152749022,1.3140073555459606,0.4767586808164088
0.6074920803940254,0.18080832917141998,0.3723215520976151,0.051160108777918226,0.44457869211750783,2.3734746026677676,1.6652778638079464,0.656344845916916,0.21120477387100317,0.6605437602134133,1.4061949933399833,0.4924356679724552
0.6062007437793073,0.17123544825398107,0.450592055194952,0.044035152581724295,0.4470627899925569,2.317179428911023,1.704055070366994,0.6410865098229906,0.16134352589320478,0.40517192304377636,1.57247826680897,0.4044211534563989
0.6126636419133898,0.19049809125880574,0.40763182922955427,0.05045917623582952,0.43295975303274387,2.554551244112358,1.5659279869802474,0.6717500331747936,0.19352532029496686,0.5048660028894044,1.4130421470235337,0.4223391669774451
0.612707917360378,0.16163015083522722,0.4464743767968268,0.045637537067152165,0.38857720965345544,2.490944258999149,1.4151811828258434,0.7001663679860413,0.2059154154883133,0.6642093663662512,1.2017124559062102,0.5073127248741525
0.6191961566695925,0.1606992477985944,0.46497715416462165,0.04337632887875246,0.39662698604157137,2.430719973392937,1.5163668902581076,0.7039949852050033,0.195338443787435,0.760751041455212,1.3977491763465422,0.5213572781169601
0.6195641751689693,0.15781623497658642,0.4463716512508554,0.04354641967843108,0.3957338932121406,2.291116346250974,1.521600883254479,0.6685204106402141,0.22298038691463942,0.7601509605726939,1.4273119982903797,0.5186327616962668
0.5600137887886966,0.18339006035216215,0.4256565215651997,0.04734340840744594,0.42329357055108535,1.7963614164646529,1.5551326214235557,0.6286895686304145,0.21590669222679892,1.0232255566644328,1.2621615846916707,0.6443730292754268
0.5519132259668356,0.17154344903808852,0.4721714029232978,0.04693653981614255,0.40594432878022096,1.7788253576062438,1.4463106215581742,0.6620542707785935,0.14322037463789475,1.1132233604686452,0.9601112867330919,0.661473979088118
0.5822363493462323,0.18071921530968443,0.4161207011533745,0.04558241393963399,0.4072921710420114,1.8885815026014567,1.548009717796444,0.6055199669755639,0.19891983438340882,1.2144083036842064,1.0643769936194432,0.7152471269073563
0.5886128823029648,0.1748625072436458,0.438702093387064,0.04615203677076797,0.410894114954959,1.903220859304007,1.7044673835457982,0.6173648908454843,0.17906214062784134,1.167758764758288,1.0441366958561706,0.6841937662432765
0.6172457309697976,0.1664458892309137,0.4595350660441859,0.04760893144565997,0.40399377711561113,1.6241305710054283,2.1622701761375094,0.5030287332743272,0.13091175778493813,0.6432413437465899,0.9729405413151672,0.5222431569081691
0.6660698364596583,0.16680308295609111,0.40740924981254506,0.04863381765226537,0.36395680892333093,1.8460038067337952,2.4163242516541312,0.4877306362289802,0.15472646591536393,1.487729154958845,0.9238998617389094,0.7825251684753639
0.6436295120448181,0.1567566888817531,0.466046185762852,0.04568049873905338,0.3807933037956971,1.5198874590556457,2.70991265626885,0.44940478868919326,0.14374070360550156,1.1539047432318084,0.9121351184473775,0.6473213958642008
0.6625411869604426,0.20219833269139226,0.41699447122009975,0.05182290257409151,0.3446536798315308,1.6727913087676547,3.010997039431279,0.4193967104352339,0.12775305573446896,1.0920039237830192,0.8749133335682044,0.6320614757095552
0.6427015671441467,0.1305695626953577,0.43988131931969726,0.048570734112705426,0.36150617914486055,1.5093406522118145,2.051381467523405,0.4638998768139782,0.16185619159590645,0.9200392792973892,0.9716357436905919,0.5943258901321542
0.6148449216893257,0.19101689478676787,0.4265208218301646,0.04811903411628231,0.4507137669690955,1.9864039354644918,2.1410081337447577,0.508215429177052,0.1750350817259236,1.4638818399522397,0.8947847874467784,0.7147099965390603
0.6232075184631554,0.1695338832618396,0.4662615345868865,0.049019214484707946,0.3983022374077008,1.8391412532172684,1.9722203691143103,0.5100936053659608,0.13920047963895923,0.7328634456673245,0.8900154379622337,0.5494835295681663
0.6327832080580387,0.14783384229065424,0.4130644571624673,0.04626718772301316,0.37873304538408326,1.6506535721392683,1.9371549312391314,0.4935298154435974,0.1197346019568562,1.41427354213998,0.7279005656869292,0.687890348492662
0.652265106783319,0.1522872961265282,0.4121717394554048,0.045182473022240134,0.380484479228942,1.6909916311782702,2.1215147421355685,0.47868449548049175,0.12874337519587398,1.5993101065973039,0.869126882545826,0.7644519500704272
0.6544667024851921,0.16842618162185755,0.37693361864408903,0.050063053791276235,0.40738187715703783,1.7703363973122443,2.4145836689147937,0.45990945333006433,0.14862847380431984,1.4854488057485948,0.8822769262917152,0.7280372818484239
0.6632226334578749,0.15474706990670337,0.4207330050250521,0.04638913325641069,0.37701622763292497,1.8297864070965428,2.0009408301963845,0.49477046225194793,0.1787743110298912,1.432670300312319,0.9721537000158299,0.7362834407928253
0.6328100956640835,0.17809972847704916,0.434794565613049,0.04809656643958162,0.4158780322151331,1.7862084630904846,2.1784704548249283,0.4934390000091707,0.10284408239008978,1.1587252708229776,0.752235671549046,0.652764732400947
0.6429353176241037,0.18211022621615047,0.43695204827716505,0.04871853005786654,0.40997505395964257,1.8640862895471513,2.1303453716775955,0.5197269230786913,0.11627921436153167,0.9581133287538901,0.8310370505895642,0.6021626724002709
0.6319194221106391,0.1745420160284096,0.4838530182118618,0.046985528104839726,0.4051139297290983,1.7692661793707471,2.084600764231084,0.4816465747052769,0.18268900794969584,0.7316822098512534,1.148782674409858,0.5355502238977325
0.6252202833022722,0.1657318785738335,0.46649673586147855,0.04806280003874022,0.39939460658963677,1.7941116972927003,2.0834004917674713,0.5359652794827267,0.25441670530066346,0.8866537832515838,1.3293590130604795,0.5791754371282135
0.616570721690087,0.18652242511625505,0.45495103530163866,0.04797824933244426,0.3988956583941108,1.850215945078476,1.904486299435567,0.5348968848139032,0.10143527433124362,2.0454942687467943,0.6952003857103463,0.8326827262469895
0.6175274190462879,0.15695833273660723,0.4004220254111266,0.04636935486185446,0.3930342834713009,1.7615611490426015,1.764822894194255,0.5363324145766724,0.1474479555774769,2.1250250792385526,0.8331375143232215,0.8648200108687601
0.6307219580121527,0.1469017008524714,0.46699360329732803,0.049459376324571445,0.36904447419369246,1.7653822283367593,1.791985613244209,0.5417733595824626,0.10306449195346087,2.256956268618585,0.7332123867207077,0.878612668669243
0.6136914487261819,0.18155162361288418,0.4233011086503281,0.04529380476991498,0.4016957913351079,1.910412057816346,1.8050127853261246,0.5689575471883724,0.14005746000030447,1.5847226545550703,0.8508740284945483,0.7962403320902911
0.5951695974656774,0.1565336862603728,0.45608538946628413,0.0477401882662373,0.43280915771558476,2.0225140355746736,1.6332243345187636,0.6269505591408263,0.22369201016429036,1.5920120589361546,1.0759146566442874,0.812843192059056
0.6106795717912787,0.1942947628836728,0.46431963254254177,0.04690087373886976,0.37381331533416856,1.7244392302828004,1.8793286352035243,0.5245709335164582,0.1855969967472068,0.7103652099437991,1.1235992973403206,0.52967369655126
0.6050823616997153,0.19305208760355674,0.45622200775854066,0.04723997539210998,0.3934782795334215,1.769800315559286,1.819878396570085,0.54623953598709,0.2149246960467988,0.7498235325815775,1.3879408087426777,0.5139444129377343
0.5741086006835708,0.160268708748795,0.43095738436691694,0.045646668334225295,0.426643564357426,1.9788116297629015,1.5552558609610105,0.6671457775734094,0.18600139051815687,0.6178055899208892,1.219796551283237,0.49826772032338024
0.6361180669149179,0.1916813087684173,0.3896843306950946,0.047755743456363964,0.38428022860385036,1.9065942128439752,2.000820619613134,0.5403136577402868,0.25810171366760115,0.5076670734301866,2.2672333121508363,0.3799848783084328
0.6254100021781043,0.16836103672950103,0.4636370545804734,0.05180591774809128,0.43442727077537,1.7165227260901557,2.300982476677609,0.4630683810258031,0.1566953413067293,0.520349728241291,1.2187935750230243,0.4979689201858876
0.6721539867576916,0.16239025242804211,0.4329393868397283,0.042844371805042664,0.3908445008687363,1.9298199629652935,2.1975285160617264,0.49992891502750914,0.16553811798308082,0.7332980925686173,1.1302729120688557,0.48852360886815044
0.5552738933150434,0.18129594948434435,0.4316382542165023,0.044077570909840554,0.4287298763939973,1.8508591143421893,1.53175508237762,0.6500352838818786,0.0671318122211714,0.17340548592813834,1.0987484577665958,0.36577685687562184
0.6003914765231367,0.160827585642629,0.36862018041863215,0.04696592305349971,0.35664193147272716,1.8156760320328802,1.4896519024909196,0.6156793275614396,0.22676696366734866,0.7426713027974916,1.211783854834727,0.5311989302721128
0.5895175063075602,0.17242547904954678,0.42986487743876656,0.05202450706203113,0.3967251034908725,1.7580015968209257,1.690517601117066,0.6117139590896314,0.18373474661380318,0.5624543388451306,1.4985833806390128,0.43745119437801705
0.6008028613376147,0.18466256334177808,0.4812082929917782,0.04760975239411784,0.4241395454014373,2.039903464131237,1.6943501916085244,0.5791124800953981,0.14123236643744852,0.4428061744435839,1.2549677901149343,0.4628158446393716
0.5951153726992745,0.17879665067076259,0.3629668803390304,0.04889203655199426,0.4333755365259541,1.9371108271296307,1.8511655394218491,0.6067004864963285,0.25178660348438403,0.761870166820699,1.6993161724392039,0.48981505191715485
0.6273533369828992,0.17699036763031534,0.4928776930242226,0.045591034141856945,0.4005555783068142,1.90200322566107,1.800845916749721,0.5260219436376942,0.20400063423935835,0.6280774565301207,1.3828383434839533,0.4719327893606314
0.6429290933089029,0.16683333031495629,0.37968172130677963,0.043134590622647996,0.38348823201551624,1.8056050480653945,1.9096003997971027,0.5238365071439804,0.15998470831770828,0.42307700516208846,1.405766281155325,0.40377992647598737
0.6331229052535763,0.17691047812172342,0.44001967943744574,0.04922284782749028,0.3274370314595066,1.6451512851619294,1.8243566676890304,0.5051969249687166,0.19165755827074557,0.4770570580094999,1.2375438769399927,0.4420320985766031
0.6618205235208345,0.1744086798471269,0.4632154756081374,0.046415172833433445,0.4183343506740858,1.6942281061206959,3.1113997191072347,0.41350532635645826,0.15017583147737823,0.3399069886015825,1.6254000428402544,0.36957257425006745
0.6517805332718674,0.18426248126101555,0.40640889858818835,0.046685486396898485,0.40401512258784184,1.9229459503854964,2.4304781403677738,0.48942554781779296,0.17381185872073482,0.3240485708388141,1.7616568656138185,0.3560258978691388
0.561023492563834,0.18605605023071925,0.4673457047134407,0.051466485064785086,0.38076971912634755,1.886148676908348,1.5187666182790216,0.6724373547498876,0.15268641928000512,1.5351984571966746,0.832010206588291,0.7592271831016747
0.586051898043215,0.16537392014379426,0.48117739571785706,0.05018241071286705,0.42880454966927933,1.8723384262132166,1.762198414602254,0.6026313570678997,0.20263100787864421,0.3722372908055892,1.8351017149367954,0.375392563572935
0.6487286223955706,0.17396515709833438,0.3750257762232702,0.04422453410192767,0.4140817774888737,2.06777329311245,1.9741756434200333,0.5208164023787499,0.26538953810047133,0.6875355517451855,1.8114968346618996,0.4562138093513146
0.5965427872697551,0.18296323969208955,0.49951368132638174,0.056422485410479076,0.394796753351429,1.7645575268045426,1.841530046870057,0.5845082493158055,0.15184882372964487,0.8262847204408116,1.0280996755022178,0.5536977924251595
0.6175626692011041,0.1819365679278642,0.38712511168009234,0.039411234340608704,0.459434002869633,2.128530338787892,1.9328226960343673,0.5669003801820902,0.3003450762936421,0.9436770763866679,1.5659400062820417,0.5634491951126058
0.6381753738562692,0.1825965103380458,0.4551382680310197,0.04944523575171094,0.4112163891695181,2.03508048274604,1.896453252118307,0.551777567852184,0.2618314742315281,1.0094526296972541,1.4808843713981514,0.5882595414932688
0.6093520986019204,0.18182511890290431,0.4236397913656987,0.047643016064726915,0.39076529295811896,1.8338242481340372,1.8291381215854985,0.5800837213007327,0.18698038176310547,1.0542597854750015,1.0125925714236432,0.6238531533236397
0.5965305512540774,0.17839548330223112,0.41340491791536665,0.047375570904703346,0.42434814948814537,1.8714224204888275,1.747023940485015,0.5682731142734734,0.20462319580388366,1.1268031486610246,1.102402186237249,0.6755659323648026
0.6419714807986888,0.1585971236098509,0.3591775428598805,0.04680952069716387,0.41542744514983443,1.7846672846355356,2.271899786916734,0.49224111249003016,0.18316806397011165,0.30990228416436666,2.3234190301183437,0.33566824510015014
0.6599581814531957,0.1609675115184465,0.42024278084312916,0.045516979392061896,0.39571937823293574,1.7115002542722164,2.1394255769013455,0.4627298477194057,0.2006898234329547,0.3588798898146375,2.2973233869047203,0.33528705414414856
0.6563388989473218,0.1986819151236232,0.42633415667764335,0.05290501372103222,0.3804220721695944,1.667769840267701,2.8948133181779503,0.40726782169997433,0.2244547751285648,0.3963781009612454,1.9354918789066333,0.3697340355405779
0.597236214116038,0.20460251143526603,0.42040154635617605,0.04745622132163558,0.39854701289969274,1.968206099869896,1.7979392502198692,0.5994421893557006,0.05909600159688285,0.54449382943234,0.7144043809641372,0.5211108148425732
0.6284294346420859,0.17155963365643562,0.45158127768787104,0.04642769313580867,0.4162772943704624,1.995824904389513,1.9977992672619327,0.5461406110863075,0.07040591166214022,3.944990447249016,0.5671520126039354,1.0069256878506625
0.6253348023788299,0.17974730844659442,0.4392641103444019,0.048000391040815105,0.39994678912454495,1.9301418907345278,1.9726944856343296,0.5563063567547909,0.036800769147073524,4.24904144845471,0.5003290432000002,0.9609891642304594
0.616169573851652,0.1620098635517629,0.44613398599513976,0.05259744508733651,0.3987672597539444,1.763179532614995,1.7716650252970518,0.5495501455978373,0.04164475022525169,2.2391580371866864,0.5362639678048455,0.8331536205259871
0.6281717512284796,0.1710630918816391,0.4486419468469569,0.04406957178648001,0.4281760063496519,1.8190635900562588,2.056732635259575,0.4969500194679832,0.25105801369101455,0.4637128221401325,1.9115071375619914,0.3860175522895152
0.6372933998319583,0.18490546479069697,0.37072322134722124,0.049651687321219364,0.4186511088430718,1.984823555574503,2.0202964873966387,0.5203689414928163,0.20159865256059487,0.4494966081085738,1.5680490649136218,0.39774009088347706
0.6393444170360584,0.17883721974439032,0.3761743885869866,0.04960190669523704,0.41801727334192956,1.9527816368586237,2.1072635320332447,0.5290895808786731,0.16751427648301026,0.46235954487723946,1.5768329457012453,0.399592950532087
0.6082301060423932,0.17353694501845898,0.5093500423776517,0.04515728474947671,0.4242604668403416,1.995030359262426,1.744639099876031,0.5872052910455976,0.08475987178272539,0.29980089767725515,1.0092657683202308,0.4064302254399979
0.6004999691598057,0.1721932753649612,0.39962094016832483,0.048877726800564326,0.42066335741734534,1.8131688287987726,1.793953162199233,0.5793432580336159,0.06172439221586183,0.30102521076009875,0.8930567306597986,0.4172283581117687
0.591145757758773,0.19367044686793347,0.48987799773246293,0.04815688411868448,0.4125550523141013,1.5619259750478045,2.1798755722634593,0.5023693878758496,0.10447173632355077,0.3040089478965448,1.28509210587343,0.4051001392417479
0.631801066468169,0.17954425496455909,0.3982274681193882,0.048025282202621526,0.3861005257188035,1.7077349797634156,1.9858336582850744,0.5028413465557501,0.07739046809961829,0.25245458406819576,1.1459599623283623,0.39722273367751293
0.654331132286528,0.16595660963874267,0.4761570525202803,0.04594960568280745,0.40425215784233504,1.82828846942643,2.280394196218077,0.4790739469695609,0.16349339176162417,0.4004569278852156,1.4637837800974904,0.38073795996346355
0.6292980388813755,0.200275410078045,0.4128455602818953,0.04189201398532652,0.4041851950202845,1.8223977554719288,2.0905215955975653,0.4935814812179573,0.14750011691295728,0.327700372863624,1.522213856539539,0.3590937311908615
0.6242893125328393,0.18217717237302763,0.43654566888541935,0.04794511849026082,0.3732522585107993,1.7055179478767912,1.9933471235051405,0.5117414726101338,0.19270265920772384,0.35549680612512685,1.64076511172378,0.36844226561847393
0.6294179287280189,0.15481925941088498,0.4570147347349575,0.04542043575250845,0.38290068608556943,1.653949612064735,1.8950622366992091,0.5300572888211443,0.1608907659048596,0.3298663491952138,1.7383464063276992,0.36011882302966697
0.6152608369266781,0.16369320604288762,0.4199003065175571,0.0523564143054734,0.3765272578488692,1.4546394630925514,2.0101727718832048,0.4824583578662549,0.09904041507758754,0.2011861069086088,1.2842627615639954,0.37210323696627945
0.615635908824771,0.16055746773233526,0.4481328024750303,0.05004813397911154,0.36604059753563056,1.4484547891931345,2.0115421896691426,0.5017243242399,0.09636838782732893,0.22654158350985132,1.1337650558380026,0.37261024554642486
0.6523575554506308,0.1606650369531089,0.4477297201292008,0.048264571410258514,0.37917431089347775,1.6651837246945436,2.234195738143188,0.4572486183972269,0.17643701900356354,0.35179293587699617,1.670219705438192,0.3519129525802632
0.601926993424412,0.19680962302753383,0.4669294528930047,0.04709576822252409,0.4406259835789101,2.1165651774903282,1.8086289824281123,0.5974005282908629,0.15146829569374734,0.6717619390664756,1.181785589608985,0.543076142049283
0.5983679500599524,0.18339007321946274,0.45933325937111086,0.04480420381604558,0.4437000720854284,2.109688924923615,1.8837269961276288,0.5926997502541751,0.1321751501046665,0.6658175204755241,0.9512448576387675,0.5361703541377265
0.6190845269159428,0.1681863872477928,0.41562826397817004,0.04841777879184091,0.38350034890404666,1.9876267105582925,1.6305578734331136,0.5907296040040154,0.21675347106756923,1.157325652016417,1.136050807485115,0.6470566828652098
0.5908213061956967,0.16755945485228135,0.41717769144689604,0.04594800977205338,0.414838516459288,1.6613231253934853,1.7138771322412716,0.5399431087809213,0.16055290111887194,0.9194133351157535,0.9829813670177664,0.614063224580667
0.6258114210509632,0.19029694783169226,0.4372953461315011,0.04927209688524831,0.38431464675175053,1.9121718892931534,1.900995230145702,0.5425146916899827,0.22347188512706795,0.5813261978337017,1.3998037871356315,0.45932941578382286
0.6003716704376465,0.18907725066181738,0.48393132172767994,0.0467620473881762,0.39371045019777917,1.9247115137939563,1.7683964880344523,0.5840587142440691,0.2644244530369712,0.5354256381240287,1.8387065720975992,0.4049365721948243
0.6123295358831864,0.1782126132675152,0.4808465073455831,0.047246238991041974,0.39689519039012333,1.8968966540014527,1.7917420541759081,0.5714521156032847,0.24596099062808927,0.6365223050600186,1.7386511507630809,0.4544836174889613
0.604874944008809,0.17155288689029038,0.40902147060469946,0.04404464214724659,0.4410851033507364,1.8478859990674834,1.9316330362759726,0.5466200694255293,0.2630055237294452,0.6496839732358418,1.6945049397314482,0.4671755662592313
0.6113402578001752,0.18157201410174167,0.48132008840732693,0.049422008144323425,0.3873059675512165,1.8432694343385891,1.7662492032603159,0.5671457211353992,0.1943618987108562,0.6755184106454701,1.2891328168288,0.5027586494303288
0.6070863648402038,0.17934267861436934,0.4527173838838038,0.05053445011155932,0.3931152057900183,1.844284435717298,1.9369620178810787,0.5694530806865475,0.2040467445972382,0.6576774727388867,1.3480061235743723,0.4688865523478404
0.6019552867623166,0.1816841968250006,0.41192334303359834,0.044265308027687494,0.37694398267863005,1.7045874725828745,1.7581459437281028,0.528487903579566,0.3013407699946688,0.732533112461511,1.5620558452948348,0.4875029067034939
0.6035535951405191,0.18310418083554247,0.42275101273706933,0.04399382238292445,0.3751710225703113,1.6955474051267159,1.9471957443872272,0.5420277292047406,0.29376606519698334,0.7484069667440981,1.6035594385391823,0.5142596422796192
0.607904629833783,0.16971395204594422,0.41452900409008475,0.04565473314101187,0.43162226603569237,2.016645130651319,1.831634340496406,0.608276696317354,0.16773854889157877,0.3854637447956278,1.7284111754219238,0.3546637915537289
0.6204241105847017,0.18187529483329123,0.4340708210249535,0.05009563967426476,0.4153505811713008,1.9809392267564605,1.7629205475907537,0.5493946888213054,0.1800803488419596,0.39071803797544213,1.6527587719819448,0.3865993021203325
0.6294670411968912,0.16693072743820378,0.4326963961514067,0.04384972624928801,0.43476882679055245,1.99384822117976,2.0160597276761862,0.5533711661669576,0.1527090666659743,0.4787121267277081,1.1914605141149295,0.4467448147041532
0.646106284910504,0.16786156675378888,0.4370528043266079,0.048222727897880825,0.45698748709032894,2.122426572193602,2.0764796628101387,0.526192455467149,0.12707214952858356,0.42149610075966754,1.265240305386478,0.41576415148764223
0.652838977248855,0.18369059089023326,0.4318305577954498,0.04705552634091445,0.4231592778103785,2.1461712896471368,2.1718567027063638,0.5271294769921603,0.15842522142633578,0.4694336494077133,1.245220462387998,0.43222756694597936
0.5681353456480378,0.18666459742206185,0.47332005689775963,0.04485855565453487,0.3881627243090373,1.976407318638684,1.4519944650841996,0.6739471443139874,0.22307445449850719,0.41482647127032063,2.2380477845802336,0.3686338031478215
0.5796518938105183,0.18152948280992037,0.489820657188853,0.05025797647898875,0.3881267589678566,2.0468788931124435,1.4368641173753298,0.6771231523198309,0.2304065896981538,0.45937230542143187,1.754736015823742,0.3849762337044676
0.6106806322407693,0.1773755046434658,0.40681380325867267,0.04577385289814359,0.3976352152050723,1.7872289683765572,1.7536828881892788,0.5410830425910367,0.15404339945672102,0.3704572183291841,1.5355032425525947,0.38101278904886277
0.621903225999978,0.16785217390822096,0.4340199161996771,0.05032734853065776,0.3879673639014907,1.6780125312394458,1.988357974978142,0.5360882754092146,0.15439746589605413,0.35407204480584564,1.6829128852990873,0.35746094267462397
0.6424910971635126,0.18020903056416504,0.43121129626313665,0.04468243495527652,0.38656906466189234,1.9156508195527497,1.9350485836020077,0.5121290382649766,0.18402973364593575,0.3634468906566623,1.513480891234469,0.388613611191824
0.6543922916889175,0.17962168441418594,0.36865591517406304,0.04878623032156297,0.3659805843911966,1.7645121539623232,2.0153157784638345,0.4851084482570821,0.16986554889464228,1.309912823171711,1.0466245556276217,0.7011613990381669
0.6352166065938566,0.17456886097787802,0.48310946561201024,0.04581737708014598,0.3612453451637073,1.6336721055930192,2.0741137547275703,0.4874294110800027,0.1762112351794346,1.364052743111784,0.8854827559686317,0.7002281185935738
0.6381576416061712,0.1651791610279828,0.3923174416772638,0.04982864180677251,0.4080763932811365,1.8968432777423079,1.808703543542248,0.5302073955908526,0.22415853267249142,1.0576367571132808,1.2815459545584957,0.6203501209850586
0.648634375604427,0.17618851269054336,0.42849780727328,0.044093421556698514,0.3959108475068145,1.6839018180385705,2.694921934733046,0.4524492332012785,0.1929752566957365,0.7617123541151418,1.2928818049327406,0.5319056652915335
0.6448212225774249,0.17073349683776798,0.4028207361068256,0.0507191666990602,0.42361475761791434,1.7782601145668844,2.3807182778641782,0.4791771371688875,0.20709963414066165,1.1198314518152186,1.2093099582059554,0.64489518437793
0.5900763560044437,0.17453316206007297,0.39102648380733657,0.05016083488593801,0.40986805116764524,1.8970906694013945,1.5321658054328866,0.6099470853018238,0.1224998354775095,0.639570558763684,0.8746556877448199,0.5252243426015739
0.5818054935411291,0.1819023604642261,0.4764157233387231,0.044928627522108196,0.4166029755281155,2.0451270544941136,1.5809950629815366,0.6307439295329769,0.1737788183202797,0.972104443938663,1.0223617328919998,0.5938569725353396
0.5770034828674223,0.19813615987572794,0.4393860903924943,0.04701327707386502,0.3929946692476408,1.816850813250876,1.6439847605849662,0.6103273784172701,0.17556859132575073,0.703051357330536,1.1073072456170097,0.5361556723120281
0.6082507516759661,0.15392159148107165,0.4287392505464265,0.05084636847854752,0.42411665717071767,1.9071423471038549,1.6972282944385233,0.6033175757637118,0.20661730172405807,1.5971252998697185,1.109225678186111,0.8103067950961483
0.58936275629037,0.210303721415705,0.4492551728666233,0.043849341490414834,0.45074826019272984,2.082103727717991,1.897030292072429,0.6043001164082217,0.16451743061347696,1.7163187651344203,0.9817120358462865,0.809785337415223
0.655914794390556,0.16355363147180746,0.45461929138268165,0.043888035711525976,0.35108550555001533,1.7354814916231411,2.02276850669426,0.49788523169228155,0.13377730657938056,1.6556918723180305,0.891170993360701,0.8070967623594001
0.667636110497369,0.17484874333344408,0.41113775686492743,0.04980769144762127,0.41252539782085773,1.6615710056654807,3.073289222472381,0.39466163674647725,0.06784503237908934,1.1061476773692618,0.7089079122297732,0.6637681619302351
0.5730074839351345,0.16940079959360985,0.44745689049943344,0.04490494223538642,0.3920127814451984,2.8132078419688833,1.1593736770022929,0.8527159983801156,0.11798519557868976,0.34672465825384297,1.3559624383547766,0.3768795459946385
0.5897668082362325,0.1821229041692801,0.45732118386873305,0.04876596234917877,0.4213540410471343,1.8913651791976185,1.7887130470804298,0.6023579975325275,0.1330853830726901,0.672498566300718,1.082041775140623,0.5182907184747577
0.587804996854449,0.14690980570020667,0.4526263775231719,0.04690815720260353,0.42338846072224523,1.7620538186792138,1.7294923929447492,0.6061240201143185,0.21782933883407463,1.0164453637429214,1.2682775343905268,0.6249864177971586
0.6072027829447805,0.1842852809503161,0.4127393960942282,0.05070293780399825,0.3909210078463892,1.973574410038965,1.6523625649585538,0.5938850264747785,0.2592248889937682,1.1451163458179687,1.4065155119276334,0.6544919766678579
0.5855824825543252,0.15883778164867,0.48400650313378696,0.04312188290697935,0.42535751649745596,2.1353156957555046,1.499248048449772,0.6854989879243637,0.22390157792624182,0.603193174350758,1.4161693555022066,0.4535936695732826
0.5701245328922558,0.18278161222159536,0.38434732871271016,0.051725991594758346,0.37034663689762976,1.7855983300147873,1.3880881346619474,0.6529368435438031,0.3142617437402282,0.7615853149121926,2.035072342046786,0.46378823468229796
0.6213775819877249,0.1617399966805571,0.48397982221678215,0.04593597933137164,0.40549972286882013,1.779775469367267,1.898595849613737,0.5508133792757653,0.13252415911125268,0.7992170692791496,0.9703900047275072,0.5305646833049537
0.641729985701156,0.1886697701091941,0.3939609588642582,0.04793684352375924,0.40271575479193233,1.8660324536110564,2.227759351921543,0.4943384632367793,0.30773251006455243,0.9883839476606509,1.594558332168711,0.5829340984986624
0.6482242383794389,0.14777450842451342,0.47377012912651245,0.0451360279548683,0.37969936525398457,1.7593582735465858,1.898473953657937,0.5004467399524074,0.18732375663475834,0.4016949086777386,1.386637775670403,0.3939550847916018
0.6565656397748149,0.146138827151881,0.4103278258522933,0.05152708408276114,0.3718058680154761,1.7022055647808911,2.0632485415909656,0.49765408492804175,0.17614667452617916,0.45398080047428635,1.3663514836353152,0.37428935679400577
0.6381672131579396,0.17120649775823374,0.48049671460143734,0.05132351247650413,0.37872550280856115,1.7573702091565762,2.1343196620506286,0.482185674663995,0.12076929655943794,0.40810554871110294,1.1623629534297306,0.455403078585216
0.6416941315708959,0.17864233087840775,0.4744001795865387,0.053536834793941966,0.392331004815939,1.7220843989027221,2.217400773048548,0.4822341581201037,0.12384865928856412,0.4431510632585056,1.2286815004871714,0.44405589429350817
0.650455043574908,0.1834708317628024,0.45867907056627094,0.04898057063448151,0.3851235730836546,1.8267328068304518,2.285843786100704,0.4996246369720253,0.11964944672783283,0.4595726351661211,1.1673323190813598,0.413987845247574
0.6350246393347598,0.18001513006352887,0.42994822807924193,0.04595629402550083,0.4118434088049605,1.6665807991609687,2.287779867242085,0.4583601638664734,0.19353167292756496,0.6988978555880463,1.2197425413942022,0.48591135121095097
0.6653691027788783,0.18407894711104988,0.4381698466987886,0.04780948734271604,0.4154743144679449,1.8865657622505891,2.4567568605391834,0.44454794115711743,0.19374334993592887,0.7153149934105768,1.249470533186282,0.5232839293550201
0.648818728074931,0.17355572440873948,0.45026643504009206,0.04661541826626654,0.3978968606714512,1.7754266479556127,2.321776923890691,0.46255706428879223,0.21210459254333108,0.9288678745197737,1.2245217033577596,0.5741211061456245
0.6383576321820104,0.18095386110435294,0.45776001491314045,0.046408945969494846,0.395987998518929,1.7243283195424532,2.192681933631919,0.4820282111848793,0.11999436959742989,0.4433052007202943,1.0459812663645398,0.4391639292825155
0.640943900065545,0.17754375871725453,0.462849543839531,0.043139232032398195,0.39425201364352674,1.7423149001528917,2.2838994598479343,0.4696513729125217,0.12998260433647701,0.4256993884126514,1.0030944175967296,0.44508259698686264
0.6694186095828923,0.16276623330467094,0.4109474923105809,0.05036041141777855,0.3641493500881467,1.6436125365018537,2.3821899912701436,0.44186881587742627,0.08849668043331584,0.3406836493967039,1.0743169080317336,0.3941648352535358
0.6642490960469369,0.16437682348409996,0.4126469897835797,0.04926524446223967,0.3650583833981623,1.648775145014281,2.4918945050217447,0.4397931007507791,0.09299541397723694,0.32453523145275065,1.0227262240162438,0.40932902003346955
0.6388128943720401,0.16814506497652587,0.46392875536741807,0.044426802959534585,0.4116101308346786,1.7706586780111038,2.2894860996003747,0.4922600222329263,0.05565335869679831,0.22231343557826233,0.833834282499363,0.3964392392076227
0.6348598569157211,0.15696953593316665,0.4546971970789342,0.04574909834604556,0.3968613209937329,1.8091184247994148,1.900801571297806,0.5210588116544909,0.05845896603275001,0.2949464184323948,0.8444073839685506,0.441413163256655
0.648391615986745,0.19717244558185792,0.4682122214265101,0.048017636230684564,0.4231077346188814,1.8710573885301396,2.4874345284362254,0.4645716031702935,0.06523353188322882,0.3928477949632534,0.8173654931479073,0.4673856891512065
0.6202693664299506,0.16582879978521745,0.40349847172431413,0.04607172669428538,0.44331458518360684,1.9897492123215321,1.8026493315312455,0.5550199337959776,0.059403332600136194,0.738065696129914,0.7230081875002887,0.5762802234161035
0.61334268845711,0.1872289004098481,0.4779917548356818,0.045297427534863786,0.42074366619505577,1.7395142204501692,2.094340800827629,0.5142962519720274,0.10964270764523502,0.8991845286043348,0.8993067203939037,0.5905394682248776
0.650811233935072,0.17770832006622841,0.40371873197597546,0.04860367211363985,0.4256841657713574,2.010192537286117,2.2014827082946966,0.495263259945591,0.2735546053921758,1.5538872312912828,1.190020002710447,0.7881708765165267
0.6328284903292611,0.16698053019403683,0.436672439364964,0.045929543659717145,0.43107298176634684,2.004776543985898,1.8926329249184781,0.5416229247105115,0.09140007360181732,0.6378499195748016,0.8997453495681239,0.5227126181866544
0.6347214699964795,0.18127323402511233,0.41913882203371877,0.0473129416026399,0.3994905933705065,1.8632049591373594,2.1454932895500596,0.5183373651905884,0.11985711300435205,0.4521214794116294,1.0464386130798458,0.44939854564076015
0.6250323894278764,0.17643374681139157,0.46404723755239413,0.04609446661127948,0.42110340741050917,1.8854110642903787,2.1226391046112263,0.5386629387937868,0.14746650004292713,0.5054160545339301,1.201689704864678,0.43498348888887256
0.6401106313026341,0.18765613241744106,0.3908391249452421,0.04551060054746201,0.3972392972514572,1.6951523536799809,2.2760377286195945,0.4618615670089704,0.160407024322532,0.3912678673321253,1.3426424291207029,0.38598095830100665
0.6323273915729746,0.16676160273235854,0.4467160274262518,0.05127121795886168,0.4095993131898772,1.6122539799058209,2.2705782500648755,0.46623361069895736,0.21518629676795475,0.601185268699212,1.3456722599765691,0.4545097131388212
0.6501146519362484,0.17503019047033147,0.46421432503127796,0.05118032640471694,0.3818698825195303,1.5995280680030675,2.232820544505482,0.4542833874653557,0.2503059451675745,0.6597751781854765,1.7033740055992306,0.43837494012859407
0.6229424605491954,0.17951460408583092,0.4195704569417362,0.04390988848136849,0.3774682611212584,1.655347442251357,1.9709058223097562,0.4971652212350079,0.24077998602142378,0.7809615890585202,1.2766521319868258,0.510714679568786
0.6671547932653313,0.16918726323040187,0.43139464478105277,0.045300607243351144,0.3999284704134338,1.7719907209826722,2.7030667041058463,0.4286031442655356,0.030802641078256077,1.753024934170675,0.5081359655682213,0.7113398461796344
0.6759245685015032,0.18234699799020185,0.46644770262461854,0.049648154390656604,0.3832075167048984,1.75072922126268,2.6546239618848237,0.4108741264796493,0.0356851454481461,1.543938962784065,0.4877862757986844,0.6950533767911454
0.6780043324452202,0.18391569030753108,0.4672586610185804,0.049730235751175564,0.3817323339015722,1.7656089062283724,2.6634762412494264,0.4117924145093579,0.03589622278025813,1.5263530796264444,0.4880898957237568,0.6845631816070251
0.6056093457252033,0.15998724145470833,0.3447080961328415,0.047362281473709016,0.41839441565399255,1.6315010698371666,2.018787452349633,0.5181010369660451,0.09459885038551683,0.5151610091669959,0.8880975012444151,0.4775924128025771
0.6207427126850402,0.18403586080855994,0.5013887163768207,0.05181742154926828,0.43641607521755627,1.9987536377854316,2.143545175801197,0.5549412403698009,0.08095365126545478,0.7439417102395189,0.7750859736252919,0.5723432669030496
0.6263583780553053,0.17399508830333213,0.478670814338122,0.04912879940125942,0.4355630733911083,2.093600733431795,2.1589227789612426,0.5568798322256704,0.0892755586459607,0.6444779898913524,0.7694362842907777,0.5472610442143383
0.6401491047540981,0.17506071065443632,0.3931066031052329,0.04699080283381462,0.389735672188507,1.855584031366811,1.907815083501474,0.5091278199439127,0.07032822088324502,1.1923408400218805,0.6477654842912851,0.6438495655595375
0.6464841110293507,0.17320764727426902,0.478457070607915,0.04638218213202428,0.4356641117374818,1.942449218317227,2.377419385203542,0.5132050736068949,0.05611943304115944,2.433311744244978,0.6381087597401549,0.8334527924861718
0.6304919239841775,0.18657450016692467,0.44088776020541803,0.04923204805304886,0.4394006240156379,1.9967540310406906,2.0446022183033308,0.5180174895885654,0.079278277887881,2.2059289184543474,0.5793799505603032,0.7886989749575608
0.6230747885215052,0.19533763373050758,0.4079081240173307,0.048525384883351036,0.4237374760674991,1.8445097049061654,2.1857081019542535,0.49902919219119035,0.13080709990859454,0.30185341749027816,1.4019768539055242,0.3923902155401273
0.6400679365030398,0.17654644527614294,0.43831746496795737,0.04616629748753789,0.38950044139483203,1.818792802698559,2.0770437074195067,0.4866318147202341,0.12361530648683937,0.5234874628163446,1.0912116647138306,0.4810080687081254
0.6581130183390732,0.1671106576060971,0.4682402465239829,0.04610466494310405,0.3897973993746464,1.8718123699950049,2.3368434299544387,0.4738280527131158,0.14394143385121602,0.5954381632985216,1.0967705196701207,0.5082919147272951
0.6537019261198175,0.15546350906144812,0.44533928600153594,0.044314745538710024,0.40646729737133386,1.7398219773409616,2.1735213713406756,0.4688102408720991,0.16869599166519347,0.6861246906213495,1.1272202142196384,0.5005058835362125
0.6638625128598559,0.16124558948255757,0.41369124385372885,0.04656716742363273,0.36979343268790016,1.7407037047659628,2.2970994989758613,0.4649685212325413,0.13731628211135077,0.5354011347785563,1.108375078297007,0.4909258062707039
0.6073547495803199,0.1874707340280543,0.45977544076682336,0.04589268811874856,0.42260035750426433,1.7278895768256757,2.1176096081332476,0.5127768848974197,0.24185702141249193,0.6636964136283796,1.5333748695612823,0.47448297750839485
0.5744669505658812,0.17016758750993366,0.3816162180539097,0.046090267271425844,0.39658028081590835,2.0170668986118576,1.3767384053207423,0.683318521782566,0.2499520927295143,0.6471338534940425,1.6688514597820396,0.4554377334209276
0.6030051791774371,0.1830224517920925,0.3883084157854607,0.049521244856726675,0.39920753546800214,1.6391867628430656,1.999125577811067,0.5160505498583963,0.07636071265681689,0.4655615875542143,0.8652468948938055,0.48853766847011176
0.6505588006234616,0.16267844187896577,0.45952359738351234,0.04989074483512725,0.36518560674683326,1.6493698424665262,2.2690569624538153,0.48642707948345204,0.04250552372706034,0.6422204804902447,0.6824924828409413,0.53936374667425
0.6371714163394775,0.17832718283773427,0.4652587655332694,0.04580137972577531,0.3557085101485505,1.5571429066473848,2.0258556249795703,0.4493098188307564,0.12571812092203158,1.308013135987635,0.7936561511660715,0.7107465418531799
0.6351748304101407,0.1740945652055614,0.4671638991220977,0.0453865299168623,0.4143656998077259,1.9412073602486308,1.9487162815200358,0.508066895828552,0.14376764855883062,2.3039109739201624,0.7318796573932138,0.9094288594133212
0.6058184566673482,0.18662217004479076,0.41271747788816976,0.04229691632917255,0.4207267459121378,1.7571820634843092,2.1123610465995464,0.5026526013303226,0.15164860892083123,2.1876779002421807,0.7896924378487143,0.9444665552887165
0.6091278348072074,0.17038830383495127,0.41996610065339435,0.0420316612525596,0.41842768370816963,1.7413470856003084,2.044336411180032,0.5222432648695429,0.17801340778573896,2.109594379903076,0.912978690138161,0.9892065935911417
0.656847175338851,0.18163130628933752,0.4372889368087242,0.04115483433209502,0.3712361280247501,1.8370907105184866,2.1530660500434884,0.4762375113623069,0.11043021850753204,0.8117593070035591,0.9260234631532263,0.5577887270248898
0.6511594051939057,0.18745939474238213,0.4050918210573026,0.042655048803016606,0.3645242924477436,1.8460693883432187,2.1436517491765854,0.4751740553724794,0.11772850066412414,0.740227207787851,0.8753103765832767,0.5492122529673719
0.5944952119351824,0.18651576739235812,0.41914173614754796,0.04243759032199422,0.404553127828273,1.8459074072898878,1.8003516666047197,0.5745709686146384,0.29875046910320524,0.6030550974695426,2.0018647375305085,0.4128007548521315
0.6169170338168893,0.16529038838444862,0.39266964298416435,0.04331594318425609,0.4160736204674846,2.3257062747619783,1.5997001893182605,0.6552348614100911,0.09763314859127922,1.1962974209208055,0.8415131434439262,0.6822856631685711
0.5462552953882447,0.17574696339703907,0.49057920743564465,0.050104948454760774,0.3836510501296286,2.0488316755724485,1.2606887966648783,0.7366753346218808,0.16207649400075827,0.8830779088993953,0.925828885484067,0.6162363967448915
0.620285430645281,0.18721537220131748,0.48049255378384964,0.05182557753249529,0.43216448167032684,1.9130226845332736,2.0001131177317073,0.5111703937899186,0.10577763863222493,2.145657152090377,0.6564552245718055,0.866246226082934
0.6058980271344734,0.1776964890010615,0.5031549023919045,0.04474118408096672,0.4295257979586899,1.6927363471027523,2.161504394055196,0.5017477951718242,0.09604972225146895,1.6097959444262635,0.7602679946243787,0.8009716071001209
0.6278537501262565,0.14935530117668022,0.48904148502459527,0.04544891402356835,0.43129584623401834,2.1962751759730272,1.6360815155359878,0.6045621748202625,0.04621901984012187,1.3123232062764276,0.6496481858447853,0.7207375020079994
0.6205431283780694,0.1670071387876421,0.5043719681439519,0.04528046013232951,0.442715742588821,2.1903383421662594,1.763088659976018,0.6011123272694564,0.05854032903631004,1.434711611775806,0.6099450906601896,0.7009124513778682
0.626174138096684,0.17318725724421688,0.35423241446534076,0.04959992882677765,0.3918493413342087,2.0032178445159845,1.9767345956104632,0.5849915493611503,0.0341529076013573,1.327751886342391,0.5163786265969365,0.6749866843849134
0.6025113056435563,0.18010482018624743,0.5166890297287333,0.04503449459804609,0.441443912358513,1.9415521587330375,2.078224329503873,0.5591119956290239,0.03230851702299428,1.5146825174722662,0.47376577954939775,0.7069605955478652
0.6275308808791049,0.17719299834559446,0.38264225379334316,0.048640905009851104,0.38758160858621665,1.8481486575931574,1.788193599796394,0.533647893817436,0.06192195896350481,2.5367422325840026,0.5705083142684729,0.8296996091552872
0.615186653527222,0.17315292424559073,0.3983558999672963,0.0477315362716238,0.3859678001732222,1.7193711222653827,1.934841593528619,0.5318136740709977,0.05871883322682472,2.4384931989156806,0.5955208405497509,0.8665941576899329
0.585569915036163,0.16824008737550283,0.48135238484009996,0.04997417305157503,0.3083195704282119,1.8161679590937323,1.3497005129297746,0.6671561563798457,0.1589342812456129,1.509771727911983,0.8364482879707356,0.7307004906025986
0.6390585040480629,0.1939033872960578,0.501994552110389,0.04879766053008633,0.4667070125142533,2.006732115365122,2.4537022392001697,0.4824568545684455,0.20662605947116475,0.8779987439097892,1.3524439749873562,0.5414695642179882
0.62954247493869,0.16910103425401396,0.48105400361842765,0.04688139134116504,0.46180232878056254,2.0693790984751788,2.1967898209962553,0.531167084020507,0.21833756839520743,0.8929785938282229,1.141243661450899,0.5621360848644517
0.6529937990149063,0.1836439553329908,0.39290821464868225,0.047791652952840366,0.3934305900161696,1.8818670846804852,2.363305152009205,0.49219103644728096,0.13716095751520782,0.5887056385444026,0.9531817726491643,0.5208807303772011
0.5801509782455895,0.18792786091139774,0.42079666395414606,0.047852216725331374,0.3871115001505972,1.713653339558688,1.736886479926186,0.5980077019321131,0.21555027488441633,0.720089820247554,1.5667854050088756,0.4788103377040899
0.636941885874049,0.1708872439268547,0.4562531961705317,0.045935764720914006,0.4086653811365419,1.852565226041409,2.2809269517331905,0.511433621701894,0.15320008315742994,1.2018721462367896,0.9382774994026017,0.6855580372735889
0.6520277868691321,0.1735821297469997,0.4566038908979874,0.04567112621435503,0.403104075096394,1.7275239348241007,2.2620072794886688,0.4584951909180063,0.17749772780556047,0.4993687953467781,1.269569168123552,0.44123569403833857
0.6574476524526637,0.17440475783990278,0.4162011901509778,0.04911312010060269,0.3942123245003128,1.626081668210744,2.3937402452326775,0.42488657244511613,0.27720020587779054,0.9372777764176922,1.5197555374634417,0.5546238215941955
0.6838286249140902,0.16232906862894628,0.42245019769196274,0.04659938011268309,0.39695359868319857,1.74905013060432,2.9582556501025037,0.41386042929267064,0.20596720975457464,0.827428930111695,1.22053522668868,0.5393188511064706
0.608511007179687,0.17582491905544662,0.41245174647031113,0.04643592383873601,0.3841691221661351,1.5549377313029191,1.8930771898725511,0.5205653385722258,0.1571553588816479,1.9493945399891552,0.8833636595964159,0.8557200799507335
0.6630644391299698,0.15733230734346929,0.4014653234531883,0.045912077830071035,0.41200691204014983,1.8447869246568573,2.340372567726898,0.46576765408745996,0.14930327237662247,0.8992284926356898,1.0931179650955947,0.5905440622767052
0.6658618952599589,0.17331652420268712,0.4515611435116032,0.04828641140165198,0.37288640931377814,1.735228858377965,2.5654984896101367,0.4390801598139236,0.12484719804265079,0.9408912166451303,0.9188142369611203,0.5938360992528987
0.6179687376956378,0.1782524147348768,0.4094162343401127,0.04655385409552368,0.38903873743259987,1.6159999587067184,1.943702136732335,0.4879160855483358,0.29311579058119525,0.8724821571815758,1.5558234274133915,0.5218161842259124
0.6355962666189318,0.17588233598676534,0.449056819548929,0.042014009483175845,0.4272310138341317,2.016639042232173,1.9751737988196973,0.5369123802097164,0.032474633360970624,1.6057070123180228,0.5213435947535415,0.6875645279144982
0.6471759539935092,0.1766559153973808,0.41206211930345765,0.052121553503968236,0.4297484509075373,1.9961458991345,2.3531140464839098,0.4970074655435114,0.041469984683803744,2.2397338663979145,0.5134628533034493,0.8231477903302405
0.6583374770249508,0.1731667558905557,0.40463024925270313,0.04478704807590481,0.4327567031159555,2.036532382682983,2.524632496326068,0.48819242621788855,0.04500138741540327,3.174067970720848,0.5466233210394773,0.9269590877372891
0.6400814360053945,0.1703772434051521,0.47331224204968675,0.050101979098638554,0.37423667008672523,1.6199226295500213,2.0721674215146586,0.4591212476970918,0.02171554491718671,2.064372887230192,0.3983129876031936,0.7557080025391492
0.6381081094891282,0.17156574695059265,0.4233205945811236,0.04118341111474423,0.34416498377360066,1.6839052041644693,1.9994381044106246,0.49777647541941555,0.021618038902688944,2.6379037917982107,0.4355573236268782,0.8478547548713923
0.6355808708782535,0.1628641719439165,0.44509087340048586,0.04511001193964783,0.3577276638794498,1.6047457394284348,1.9833080125398297,0.4934754168324137,0.01705581781074858,2.694439193973963,0.3732549886122943,0.7385808161681288
0.6476427928121135,0.15661508758038728,0.46311339963062226,0.048779843582010554,0.35543664802765335,1.723058194503389,1.9413741764791024,0.5039771297448827,0.010982372613521571,2.6920031700701488,0.40681239102979805,0.7822615633538315
0.5767325066589115,0.210100792913963,0.42034339264365156,0.05425206927855083,0.45595684171585327,2.091545301187872,1.8169235164436806,0.6197438131744589,0.07598650441369383,1.4453735432975918,0.6801784059322722,0.7244258144383302
0.5957938393401976,0.1984568397118402,0.4219562398764107,0.05489471444688428,0.44083152601942704,2.1915712031069035,1.6378133680701037,0.6195499833408693,0.07868835083187466,1.5969695680392155,0.6951755330051692,0.7380765897762553
0.6111575695274222,0.18008938930032797,0.47741315030034176,0.03889939793747244,0.42611881309982647,1.9081542182603788,1.9354865479009353,0.5472749970580566,0.08443744215917458,0.9679393548415908,0.7443999496941676,0.6346462111716583
0.615663913555486,0.14535457594454426,0.4270038995004903,0.06216383668967015,0.3424922397353266,1.7127791662193599,1.4857007488085345,0.5749077532630955,0.17167639315352615,0.9007465830637701,1.1135921231683807,0.6095679045174428
0.6283778729493193,0.15747342139476653,0.43900111887160376,0.04446649053637553,0.4064995221659428,1.8761173936815045,1.8486358477636957,0.531440609564095,0.2595151630681144,0.8747676233361317,1.3462095046772586,0.5798780671675945
0.6262059906354964,0.14626310861174757,0.47279640983989557,0.04599298727548452,0.3738622315126244,1.626943560749053,1.938838590914674,0.5184491629119854,0.18038269127665826,0.6131541053528806,1.1486459563167029,0.48053820983958245
0.6457066233230294,0.15361313998983273,0.5064618093506827,0.04315709197515323,0.37233731533430164,1.7491690126249475,1.9026219991727422,0.5148293040438625,0.14686149115194289,0.5786395787286128,1.131861938560419,0.46885572254166347
0.5948975099479419,0.19393309876329723,0.4669028579386045,0.045357456857843745,0.4314725937133143,1.8359576898759318,1.8611558844279934,0.5665090942015566,0.07163183761114687,0.7192537524724956,0.7537680834234605,0.5629782193780035
0.6554948232274426,0.17419651996497207,0.423914914751778,0.04624445296299063,0.41556798673682493,2.2463994521312003,2.022093453327359,0.5639244811862908,0.09382059391155884,0.3675972409837471,0.8828002195539495,0.44352437349707446
0.6225951530991097,0.17394835890712057,0.4469405672403121,0.04681635663511433,0.4235599455006602,1.834554013538457,2.09114145698181,0.5161043506370872,0.12298916227478683,0.5945407861129601,0.8924099831059362,0.5338669102082301
0.6070818795701852,0.18612604146582196,0.4604169726277674,0.04744627209024644,0.44336983348485287,1.9477468018880533,1.9330876543272495,0.5384210040907218,0.2553908402230551,0.7731278316950385,1.3181463050607554,0.5251195255820388
0.6131333330236954,0.1911835276833111,0.4885027533753642,0.05112696387005901,0.4154481847978228,1.9718147048492038,1.9443295982866637,0.5691701296062996,0.21167796848992826,0.9827988227935888,1.3833731818929016,0.6098915889335194
0.5911145930783183,0.1986641373031107,0.4797608024695382,0.04399992918953853,0.42157576482754167,1.856694797242961,1.8638586740321716,0.554481268109303,0.2649112311955549,0.9155343402125187,1.3061261019464994,0.5740992469248454
0.6023243357799826,0.17560275697938466,0.38910119735367504,0.050190455418194106,0.3954267768330989,1.902667193793947,1.6826941258802204,0.6010121946471968,0.17719901579041802,0.9277037277035616,1.0079192216727006,0.6166377869006133
0.5965602692787055,0.16914306110887378,0.3951274099248531,0.04871676095362891,0.4142257294045596,1.8622450348297879,1.6222330329469925,0.6001660238760953,0.13813582413903583,0.8996314766805648,1.0380415416633546,0.5950147863318783
0.6015854787619556,0.17154934253089463,0.4920670462423593,0.04876297465717351,0.41155455724555706,1.9338667916797845,1.6340931281223787,0.5950080213634191,0.11909662742771564,0.5899014551425765,1.105594586319082,0.49350510693784455
0.6152077960726715,0.18379733625779163,0.405441580137971,0.04375933147192742,0.3980953697950264,1.7909214486364389,2.0723281698805636,0.5374084810062179,0.3075227917073383,0.8396314196717046,1.5911296505129,0.5399514580060724
0.6227435241451301,0.17407904893308662,0.44625201760935096,0.04313643296725107,0.40237318900901553,1.8247882491901328,2.114908028638002,0.5375581612277557,0.27655508514435884,0.9266976202575024,1.5695542610257789,0.5688877224600646
0.6210521730487247,0.17748265482070905,0.41046697267200716,0.050683282595657485,0.3918406267384307,1.8277060590671477,2.0519819709180624,0.5447861555886495,0.1401442847113922,0.8412933014280054,0.9789916861603426,0.5758558116992958
0.5791594324369419,0.17094715979215624,0.4465439087588147,0.044293546551091655,0.43804595729748297,2.118314036817335,1.5791415347926692,0.6669080617908598,0.10718432744460663,0.9235745255260681,0.8210231730348214,0.6144822279822163
0.6151921646703535,0.164963235785553,0.4179129815002755,0.04650595593832904,0.41050541637848487,1.7070987965833118,2.0180294509338688,0.519219985164345,0.13783328527810892,0.7452463315230351,1.0116432019541708,0.5453152700209244
0.661497212159432,0.15860654669316546,0.42183154025635283,0.04607016809291807,0.4163601061805031,1.775695594628241,2.4500669818018426,0.43773048399431613,0.21940456870009248,0.9472904239078996,1.0846119477195306,0.6072406563019066
0.6605398461833151,0.18200098010977614,0.48635048524571006,0.046793837007386624,0.4095643963392389,1.7141440694276622,2.6780099604573326,0.4276366375020894,0.19682450809307395,1.0788102713456447,1.2710802489265554,0.6633778778532083
0.6542438972120715,0.19009391400310854,0.4421029140695256,0.0456840689226829,0.4242581200389295,1.791988233091285,2.7678720476048726,0.41433933087295094,0.3000748959403747,1.0229588754238381,1.268246859145968,0.6306295644147578
0.6689385721368176,0.18626906428287668,0.46151381594506463,0.04831756883422416,0.40222077655128174,1.7138797419503733,2.8983196329596588,0.42166434862395247,0.2279361094856902,0.9832140869696693,1.4023713976712702,0.600455141794423
0.6511016913555476,0.18322476596008086,0.4325584126687954,0.04872489722473049,0.40387369448582816,1.6820369398714647,2.4101728726181504,0.42794853547018796,0.20221202671556618,0.8778680440202046,1.1217628572319538,0.5790125398521856
0.6496926500506015,0.18544442553127052,0.4234184899306847,0.0507725841734493,0.3918660517435174,1.7664046620145846,2.3836229183577977,0.4390102762346556,0.21786126727764887,0.8650846269132132,1.185833981611545,0.5829147691133474
0.6611943411422685,0.1591872699516235,0.4347106762850448,0.0424851187203974,0.40051690245765503,1.698468456675145,2.51402199687252,0.4535152545150508,0.25123252062858026,0.6002672550401539,1.6213945145976614,0.43622579177461474
0.6829981659305067,0.17578420379802523,0.43114787337333,0.052282680735377056,0.398386635858978,1.7501651013071446,2.8614701214385136,0.3914292650839045,0.28118693513713755,0.49294616349743103,2.417899114618908,0.36722330723669666
0.6677905389681894,0.16755534994754961,0.49174355951935483,0.04509683977943522,0.3737706426327737,1.6987935334334199,2.575596105185845,0.43632798723776633,0.257926837184491,0.5244742589350371,1.8383113864269203,0.4144052955680626
0.617082567601202,0.18094384261417729,0.4520993112215068,0.0469163073384629,0.4101540699509788,1.62362561039683,2.558054694160005,0.46372062390015273,0.19675925866917546,0.5214431041578208,1.309375887483249,0.4569825906721666
0.641988487156253,0.16828875911323501,0.4336143594986427,0.045712178476091006,0.4013232821041713,1.6085658351637278,2.202482910620221,0.45233143343908455,0.138443642071744,0.33108488651110746,1.6468320290675027,0.35909206788448955
0.6760218852651207,0.16965111375717964,0.4449316832968784,0.055653782853002966,0.41987733275215017,1.777308124463544,2.8957766669487803,0.4264788147056112,0.21290399139966493,0.5582301411004936,1.5874615148236293,0.4201251091823028
0.6727269999151613,0.18605360143325655,0.3733367034789556,0.040591028513967474,0.4297793034309036,1.9444698943727012,2.4812143965264353,0.45789439274525184,0.21019882350299937,0.4290595634162229,1.772055054752236,0.36179573017364564
0.6278820411455468,0.17702847772590585,0.47855125610440563,0.05315361565582733,0.418407567756367,1.8198985617295176,2.1961707045847425,0.5048681903009025,0.11133246360344316,0.2756413534800915,1.3285579777778205,0.35695702783488337
0.6329017335270202,0.16011978766649912,0.40567021985140717,0.0461107260248081,0.40951113115619503,1.8646264339566379,2.1445374557361006,0.5220246830759921,0.0955631032590163,0.15223415446109495,1.6192544497118775,0.3313731516397601
0.6477273306616744,0.1882384504609462,0.404637534423445,0.04608853398171662,0.3953758463748318,1.6948756452715013,2.7221954524041805,0.4411944514580835,0.2856460217315659,0.8506524665686634,1.556911968914509,0.5609109499505077
0.6471069270846262,0.17770307157140722,0.4265010385692697,0.050162035631684594,0.4219687389305177,1.7917965668865843,2.35497727473858,0.46324285045067815,0.24089587085057013,0.9793223647587899,1.3915474266685295,0.5713740338951182
0.6175914480131279,0.17894684592575927,0.4305424057184922,0.043635290374027906,0.38561756977992473,1.6962792365210202,1.9578323662583375,0.5124512319432101,0.15166073680168493,0.8405154818227668,0.9627437785766271,0.5887498370044024
0.6361190043995159,0.18021873721968681,0.4215622298429528,0.05201051059099724,0.43276495938017034,1.8333694189801049,2.341291730610846,0.48611016586173905,0.1722380823123675,1.2123141543387772,1.063274553758282,0.6823830421583432
0.6278148047716786,0.1741952742496005,0.47918496768572716,0.044260981437323474,0.4166198680429627,2.0580971762392846,1.9101002417896749,0.5699915448267313,0.1493801159475231,1.0647572103347898,1.01364809606101,0.6457613355079962
0.6185236051188352,0.1894172728669797,0.4028874660498252,0.05049787943711035,0.45077934592328944,2.0754428476881475,2.055405492411013,0.5347963174021308,0.12015631097102646,1.019163708892937,0.817737735580663,0.6405488903786565
0.6420806188835367,0.1692339940399331,0.4430407945576321,0.043368993082470934,0.41294893783867226,1.9345176581856343,2.054425425617146,0.5125772412416013,0.1591738212760903,1.5020493419978584,0.938455103145673,0.7746370952201718
0.6323626387242341,0.17891927044586411,0.4745760630866777,0.043778827847129935,0.3843957912272464,1.6277163054369765,2.391576727354036,0.47361293275972277,0.21191714179912777,0.6553467042449009,1.3986318985303887,0.48961147221971424
0.5917247455816995,0.17895101581799627,0.42554742001400925,0.05126631166388498,0.40483882653157577,1.7773072533801564,1.7788135247142698,0.5778674282080573,0.15035881049123337,0.49950650481079817,1.1466657170183978,0.4628675615505577
0.59001616465993,0.18655921656339178,0.4517605689174273,0.044344793828564724,0.383382108032653,1.8263905210062314,1.7055603738530547,0.5962423706782333,0.16891825976114727,0.5588755699242116,1.0807044374651624,0.49220957435463064
0.6471932152508669,0.16085183594835387,0.4411160347613823,0.049023591226928356,0.40107037240236154,1.6727467479673976,2.37902022160135,0.4621678591237689,0.17859369646747916,0.6838954238500052,1.2541505150076915,0.5088724320576864
0.6437295859962024,0.15280879520155946,0.47172340850435546,0.0462521549757561,0.39052488549354536,1.6664116358665282,2.202966872027891,0.4869242660589471,0.19348596697676598,0.7436308901096688,1.26801895831521,0.5114223806305258
0.6425890029758475,0.19095046360610352,0.4084651618799268,0.048175024412478375,0.38461522007738447,1.7125507908163853,2.3974427257820583,0.4632032020881054,0.21249701191336537,0.9631701153419813,1.099645907888419,0.5953893408259083
0.6038663285081142,0.16879080085519543,0.44536574018234365,0.042988169485790095,0.4282318565044011,1.9525814701668422,1.698752651175618,0.5921563387855988,0.10192849668992371,0.29866578319526954,1.1836693507786011,0.40612859254528605
0.6034053171522465,0.17691372837542804,0.4983554788269444,0.045784922233931394,0.34452415567425576,1.5228191497888777,1.7617739170804745,0.5214357800655496,0.16335268752862941,0.8859578785265784,0.9979281935941982,0.6233963310900318
0.5346156341527101,0.1665543448593396,0.4738146350476937,0.0463812059900269,0.4421173340882336,1.8987785244907698,1.3371225494889847,0.7007433951598788,0.2595795987841863,0.8502944169667934,1.4264715382514463,0.5659029344458713
0.659419833017608,0.16576151793606847,0.4099827884862708,0.047367668239755086,0.42419264653677746,2.033872760299122,2.165945322431989,0.4974729902790048,0.1192393545551923,0.657702138382085,0.9302053273560666,0.5365332311623489
0.630374078584889,0.18661302592578902,0.44224631283614324,0.048336540103140896,0.3819308138321463,1.5755073028256597,2.367973459839256,0.4593575160664748,0.11112193897031734,1.7170697101437817,0.8315576348240882,0.8035655344861948
0.6350378286724712,0.19185429736254164,0.44770163105262684,0.049602370417117125,0.38415437113139633,1.6552334929622818,2.4484627996897768,0.44843250946120267,0.09995244400306591,1.8859723411783857,0.6477608701524745,0.7914779620999663
0.6114321093698291,0.189317146075678,0.4731448042080116,0.04641016737401089,0.43282852992074305,1.6667446114478675,2.3338639395773337,0.4800513879568505,0.1316616172230943,1.6198945386744392,0.8552217375230697,0.7960053753901271
0.6657218924735334,0.16204795662017316,0.40193883863567176,0.04600231672751976,0.3776652152813083,1.8768932462540344,2.173692079482899,0.49844121676676933,0.16213451930174655,1.5078794638862547,1.0166459793559757,0.7534788866926466
0.6204286915740461,0.1741927454991336,0.47360877288372905,0.04827421606433355,0.4456754004831013,1.9210233581859675,2.1210179383987136,0.5299037989675638,0.19976338163284257,1.527445467315778,1.1301200979982349,0.8226996903485074
0.6246941989782744,0.1474860927588163,0.4618601889080851,0.046767531049762646,0.3777625722217542,1.6707208552400346,1.7968604966372308,0.5332181427814534,0.12310506596960244,1.107383711743989,0.7566180582900048,0.6349101381687767
0.5861621523046304,0.17042784782476383,0.43086606934762006,0.048894031624498624,0.468835407068507,2.300376389109101,1.5654897277988846,0.67883442551812,0.1462134803202243,0.8258247186609372,1.1189235348470852,0.5490749332907241
0.6068641167062008,0.18731725677063243,0.4328345443954117,0.04820976848113764,0.4443317143714489,2.24325218081698,1.7198970928756707,0.6028068458815778,0.1714635578157232,0.8283278211161331,1.221707337906478,0.5890302346195367
0.6168730112358768,0.20025866734084868,0.424251222579962,0.046924112881101154,0.4728909258314049,2.127142744424709,2.1067192179157606,0.5513260098680571,0.13174658380407459,0.6873526888158544,1.0451873136086238,0.4980852044724085
0.602722742815347,0.1823344143173445,0.4485518454966292,0.04702089861805912,0.39882702682034316,2.0671140042691754,1.6047373358767298,0.5996973833435253,0.19618375462473653,0.6377762196914232,1.350100350477163,0.510336621593245
0.6085522510769912,0.19251255855286342,0.4264445300618422,0.043686679315191664,0.39212348515958584,1.9883105932490652,1.7462190693113797,0.610588246980176,0.1919461866972314,0.666787274215925,1.3012995728043255,0.4801635223953567
0.6232849997941874,0.1680212688667051,0.45474230307570135,0.050959156554510124,0.4037827247823717,1.9831056016800317,1.866552622306006,0.5858007356372575,0.24240013348640835,0.9153516403616575,1.4374750640045661,0.6005504719367315
0.6027444713761358,0.16740460626591255,0.4564033894707199,0.04664037604209474,0.4310186879715797,1.9667960173138161,1.7887170623995636,0.6050298437719861,0.20500434419770872,1.0937121640070877,1.2048437606782187,0.6226450523922922
0.5924075208617101,0.18385370448757093,0.481327757746969,0.04602192892481916,0.43770220643229774,2.076641652759714,1.7736976571645917,0.6088914060356759,0.24424846320131735,1.0175297603494962,1.3993480160873326,0.6390352037054114
0.6183325426831024,0.14725550102849613,0.43726298209705056,0.045897481271847375,0.42843861434124453,1.9809667570804115,1.749093356944251,0.5861714638396113,0.21741128832549528,1.137933606780593,1.1853834764052122,0.6622883668668736
0.6198596418731928,0.17821744468990083,0.4396779540400852,0.04840711184443095,0.4350456964817658,2.0785923835287488,1.8404412403247883,0.5815095608593102,0.1751885969750774,1.1296379726344046,1.0424799539855065,0.646070849933411
0.6089289456852308,0.1808186007496236,0.416662028893961,0.05191405050743663,0.41988102427415863,1.899346031307774,1.8744931773541933,0.5790038761205486,0.20825724599289225,0.8889819278300929,1.33012925664888,0.5569660455699621
0.5891166673134941,0.193194063661912,0.42154692788235565,0.049094361869887804,0.4195476265766436,1.8991620627011068,1.6361814475544043,0.5790696088572528,0.2184755912231536,0.9047270929040767,1.2847169086908417,0.6080606735252917
0.6167947581647122,0.1910827986604729,0.4936812573086693,0.046291297363437185,0.4577639246992534,2.0153595448581263,1.9680375480647412,0.5345367875289345,0.14214164129824788,0.9983764334822409,0.9799621060484507,0.6162597428616946
0.650170292670356,0.16732256533542217,0.42909365987441944,0.04700698690797623,0.3776393793891589,1.8007631191857958,2.2893649094403097,0.5004944306220389,0.11640858066546068,0.6259974109766612,0.9260868885613788,0.5280143386693492
0.5517631256013381,0.18361240057688447,0.4003243135721496,0.048990722346957505,0.42339473446415926,1.849867084319054,1.637713073103737,0.6607531206882166,0.2329734204101019,0.7891970937349242,1.3573536311104586,0.5402221455449442
0.646374603311769,0.18867212182826806,0.48937808720123543,0.047593275750069164,0.3775824650144547,1.6721511902503383,2.2867685236406197,0.449081700458446,0.16485207484795317,1.060964910162358,1.017447737355838,0.6375210115037611
0.6465604842831383,0.17194281542410922,0.46194959162296406,0.0470678841493252,0.3471539872724512,1.5493026636077765,2.5546281575816154,0.45623911660115163,0.1782068525322237,0.9251626075157243,1.0243504870427935,0.5663109983043907
0.6599366260746053,0.16444955273965228,0.4229545162476889,0.044795568193422154,0.33421675476690343,1.5481804560368033,2.050347426892318,0.4583887210889491,0.20034712321034098,0.801366163920164,1.24254267047979,0.5388534875082703
0.632192789899673,0.18480042312016756,0.4567467646017157,0.05022111646930637,0.42595769247932347,1.7518399173680717,2.334169811518964,0.4660457242628041,0.2229082887659471,0.7271701567458583,1.2404862820427338,0.5170161848951462
0.6311705961016317,0.18888216895591584,0.44150175798884034,0.04598845785642379,0.424276994546124,1.7890853861595524,2.448560618592888,0.49681287696645066,0.2193737903274475,0.8236802305690452,1.3146665034329086,0.5339958889487859
0.638261811927722,0.18371377049977827,0.49073728426107327,0.05052673323479563,0.4291406152208802,1.868322689403423,2.268390112036057,0.4841967363960421,0.18257791728383604,0.9272820380604305,1.1038662633473766,0.588715695557565
0.6464738784733566,0.15839531254937755,0.40627701521070736,0.04589837329382243,0.39233378626077836,1.8250768330841058,1.8014472368471615,0.5203231862856238,0.20743342656436592,1.4866773507399154,1.2626728237344924,0.8220680401672326
0.6378265677427357,0.18706144348835782,0.44531816608209046,0.05167691591006324,0.38490235876393153,1.8078328159216706,1.9806898361163465,0.5034766449969786,0.22844242610920448,2.0323897250003506,0.9976707665265475,0.9237113759588172
0.6205174997326147,0.19588685469446973,0.4484585883585189,0.04636039727926615,0.3955800054852915,1.7546446966517597,2.2120914100983207,0.5005805312477515,0.19318457309347303,2.080176061347079,0.9147865628928746,0.950182052103181
0.6242106721325457,0.16127089737999353,0.41451854227812396,0.04570736203855244,0.4100980039371604,1.694330387058456,2.099803315861666,0.49654627252831146,0.1784167506863591,0.6493268792074395,1.1950815526203966,0.5084171358030053
0.6402990540473869,0.16644456057938364,0.43390522070251125,0.04672116967136982,0.41252705572633236,1.816342480451157,2.0351453345021806,0.5193876663415821,0.10071656952933677,0.5287625700614937,1.0038477001015993,0.47011691357176133
0.6774326026729747,0.18022720352729074,0.44165430178949827,0.04556437173946347,0.3869246502120166,1.697964846927101,3.194976581517361,0.39497529401121606,0.20614253248453002,0.46551987142891443,1.375727903900831,0.39048480173821626
0.6746239011359411,0.18352475512359476,0.44988569056652106,0.04465331770718703,0.38949553408501186,1.6233005946647352,3.03189775496268,0.3838202227541942,0.19751247300374744,0.46519325128487404,1.6664030663043963,0.3931974629311642
0.6532584685975386,0.17610475614672855,0.43416971023606094,0.05060216712433652,0.37915184040636957,1.690876015330808,2.3034582083589,0.4423488012352771,0.3114204261654524,0.6258642372840073,2.0638634033182965,0.4200193929588222
0.6655572577809503,0.16572478468899776,0.4360508145167147,0.04505388974666368,0.4177480097752094,1.8932422394840813,2.389519097747371,0.4683849019457969,0.20568850791479532,0.4744943163702667,1.9365312387857974,0.3742786480953907
0.6610307954178837,0.1645660175563638,0.38253824083763344,0.045645889247776024,0.4296103676661951,2.0212359709195113,2.2288426310686353,0.4861294169405687,0.349764433583071,0.6890280682978294,2.0905684212280886,0.43479061545730063
0.6586959517421566,0.16370061631739072,0.43007324890195625,0.048810900679077555,0.3982966016070637,1.7832889808149042,2.2874526291025212,0.4784340181852786,0.21525736216761343,0.634166104293306,1.8119333933196393,0.45290286185683704
0.6264130487646361,0.190275737002263,0.44403780319792635,0.04777955985543126,0.39830761986917984,1.8931782754911928,2.062220154163901,0.5220434239324603,0.22622493579544523,0.507814523073664,1.3612181389911464,0.42265040754110395
0.6504364734081668,0.18195056092776307,0.3807268085763194,0.04737382769877076,0.4176829747982716,2.0586681635275075,2.1547558828783533,0.5262255357059437,0.1196515822655278,0.5668389694243291,1.0777877237312146,0.4657769450562468
0.6192999912551732,0.18471070613053464,0.4685840074288377,0.04685347482256263,0.41759122478685473,1.8217398983870465,2.1630477191616517,0.5208322557090446,0.13250172168463717,0.5621047287030776,1.1422871612701984,0.4844817532298918
0.6174011910991107,0.18379078164318502,0.4090971138626538,0.0478152050212815,0.39742929663641763,1.9296984098692633,1.8446018511477682,0.5735145128549342,0.2020390935484945,1.0415007678203634,1.2422004934194366,0.6195776893581372
0.6111904807372683,0.17842152860499888,0.4295356295243953,0.04808957866922188,0.3985938972014376,1.9586656849355673,1.6722969936917196,0.5719066122989881,0.2099091450601131,1.0129219355839962,1.1276659214976934,0.652800352549337
0.6137708317467984,0.19340439615210103,0.3947133849485098,0.04642329794534017,0.41111159267852615,1.7006664576019803,2.1251323001491813,0.49436895029347083,0.1037917571480123,0.40095605534770085,1.0439659547367186,0.4412706852573504
0.62138921183185,0.1795918551382125,0.5004106082965837,0.05040278032387751,0.370567907003264,1.715510316176828,2.083551658568231,0.5221826373738631,0.11130853687716745,0.36822285234493635,1.1194168441457004,0.42509230693093036
0.6582074777102628,0.167790434680547,0.37012952304727115,0.04691586755611882,0.4434283671392682,2.047706819974528,2.160715193444469,0.4750417271384756,0.2066922925183424,0.5392732007794612,1.629766486385755,0.43365356734641425
0.6525510728517588,0.16901684468408765,0.36838559802807225,0.04672133138908339,0.3662717489975834,1.596005839806047,2.271245369469706,0.44503877083188614,0.24198668943942223,0.49854180813481214,1.8783449460063628,0.3812193458228916
0.6553554925692148,0.15771938612631786,0.4025907250253775,0.05239302040658141,0.3591961658680235,1.7020034346329422,2.0619618647351854,0.48643404319004935,0.20317575025338516,0.4275381355407362,1.7063466564541685,0.3966891851649432
0.6691760211589342,0.16407032158788765,0.4048121570840894,0.0512945068014978,0.38002415767509956,1.8795635632404029,2.189587337907076,0.4666413749377637,0.1759179332936564,0.4317365651995838,1.4105741520192816,0.40782350620328006
0.6780040486816546,0.14433971490454658,0.46761508859635004,0.04333692335751101,0.38926750605081395,1.8116834926121903,2.419356164682133,0.45560915332211827,0.22106301368607395,0.6053929191353035,1.502355080270922,0.44795164956511546
0.6041873217857076,0.21364997504092684,0.47116068144588935,0.04910513758493651,0.42331761200034246,1.7887441573972511,2.166243461790904,0.5127123563607686,0.21420800401455495,0.7072733486316445,1.342174740341205,0.5140585136043118
0.6236559726074584,0.1453276952169388,0.39206553210981476,0.043185115587750365,0.3846850383809601,1.7331476376346104,1.818124244258117,0.5411559011154715,0.1870781041731231,0.4508523282283261,1.4940895451808724,0.4101954679217266
0.6096874519574972,0.18422335329172482,0.47802888114967185,0.05000213709366723,0.37599911805470976,1.7077189472105037,1.853619695299308,0.5391239378190956,0.14905085499201975,0.38822493035080036,1.1824880482445923,0.40158624086568717
0.5729464224426214,0.16315140665443717,0.402928708362512,0.045478848368689824,0.37734506388065453,1.7137221433581318,1.5256386962382147,0.6360440228015604,0.08064535095902962,0.2221614559753391,1.2973680427953242,0.3633382146520686
0.5771114447069579,0.1870910090627218,0.4221770283290341,0.047189946064057596,0.4237160868858426,1.8377012702184685,1.744891397155378,0.5889446842165103,0.04318738525241481,0.32613729851676687,0.6396315935235856,0.49903890941299484
0.6230104066835269,0.17181457189815863,0.44012787503231876,0.04808996112534123,0.39791225546325604,2.170799592788489,1.6288172931666502,0.636715181500703,0.2145165266112741,0.524138061381693,1.9725771785873645,0.3787529408859522
0.6263378210698001,0.1612930911299387,0.4359400786832746,0.04786257398833909,0.3567973547404274,2.1131035237213696,1.5924800700965138,0.627582074179046,0.28278366208830563,0.622220031557274,1.7294849025144237,0.4746249809904567
0.6369201033523769,0.16098667242913164,0.4421029103222346,0.04864534779168208,0.35981858269432065,2.1900078189198657,1.5408810481618511,0.6225172929674114,0.28024567773342723,0.6946430541335866,1.6861189088637794,0.4618192317748257
0.6215099475026122,0.1765133749883236,0.4338644443343519,0.045464370074481,0.45418638683232787,1.8207566293087762,2.1946560203359744,0.5054822248343145,0.19909482426677355,0.44691123842453473,1.854743430234163,0.37707475457962114
0.6219088198350661,0.18782685715603067,0.4367619915514873,0.046593232742661,0.42736584034996467,1.8796796090124364,2.1185876607879113,0.5083806473872973,0.18006295474190914,0.3966745211775377,1.5132803043369238,0.39068971980607015
0.6538422433368392,0.17342776063003176,0.40733560900976296,0.04768796678688181,0.40512646348942655,1.7569268607197428,2.4102640437445593,0.453803234065991,0.17126156052475155,1.2870424177132755,1.0151672487359298,0.7231166983315311
0.6430369820848703,0.15997599768646314,0.45487539784244596,0.04712532469765755,0.3951797244376978,1.9474494613676803,1.9853171387160444,0.5400110628519728,0.18899476975100088,1.1945709382070309,1.1384765055497912,0.6855412712999451
0.599824822813398,0.18726728772297024,0.44525476562633143,0.0483079383195925,0.3870214839771698,1.6839630295976857,1.814104474300736,0.5296026480387466,0.16393510668116149,0.7050852598136774,1.0338755644544002,0.5373177471285935
0.6036138923916593,0.18229540577313935,0.42254233236620026,0.047145268212226844,0.3909105428287782,1.6592396504955538,1.8409856711340047,0.532662090130864,0.1434280345769792,0.6096553018889056,1.0061418893902492,0.5200535357395778
0.6643450712911256,0.17571935603477878,0.4432120217603851,0.04816354591972726,0.43808144275821354,1.9351151634063397,2.663798281774307,0.44489668468401183,0.23242441889135648,0.5281568819858024,1.8181833648598535,0.382165668586641
0.6466649744901489,0.17292191662634243,0.41209391859838584,0.04613305664578586,0.3764406202425603,1.5247606692111033,2.533498526694149,0.42611762895329586,0.35644471376641595,0.6294471971415049,2.5753025291832183,0.39425335376315307
0.6476476386805873,0.17696152493931822,0.4181959148042449,0.04571190664299989,0.4180726936963781,1.8543862203824348,2.3128913409797143,0.4822553268492108,0.0595796069488723,0.3915460741708385,0.7717280716682389,0.4675925931274394
0.62982208419404,0.1905722197591822,0.48716027761148084,0.0486574455171336,0.41790326085100166,1.7650262464312436,2.279584839472668,0.4754822639970367,0.06393547651276904,0.6491559439251628,0.7115946197956654,0.5337869711914159
0.6322830135433088,0.16959694755424595,0.40455842266261915,0.04469061019261212,0.37528294669927875,1.6885109217208751,1.9759390848554055,0.4904664867152313,0.10022928175804718,1.2370615254465873,0.7481811565869236,0.6959236760766606
0.636475575776612,0.17993667671214184,0.3937907243677185,0.04371842008091817,0.36884967399813745,1.8328584025032526,2.0135359626914227,0.5264979872150363,0.12612643957794498,1.0630792889046852,0.8466119734826749,0.63895118136542
0.6060376635295371,0.16741120166424753,0.4603634987804235,0.044613569839817895,0.40876597519464763,1.6886815185147088,2.0055303926174703,0.5259974841108168,0.161736290801374,0.7604547210314967,0.9879391151077805,0.5579867890747557
0.6439288273345869,0.17398336580146848,0.448951565626898,0.04823404270572915,0.4037023172353122,1.9809350774233312,2.096424276523862,0.53383129567312,0.23362647271415848,1.4009316286034084,1.0706787130275435,0.7034439993829223
0.620869299595425,0.1708873798830838,0.355851863698051,0.04815752685612315,0.409355387051964,1.963570551716208,2.018035939896547,0.5659550310327095,0.19571389265432848,1.64657655986174,0.963326609946202,0.8239776957346704
0.6451391024575625,0.1767133467262551,0.5010968468825104,0.051135171815174525,0.39726824306659786,1.7121968122380442,2.168104444418731,0.4579149947393863,0.1790639273096365,0.6204019162972411,1.170073331850149,0.4899341088311332
0.6379484183204497,0.1712793456847476,0.41901855466594035,0.04626976259560808,0.3760292177260742,1.7874142323295548,2.1874922831120607,0.5088736685731841,0.3288386156221861,0.5744348541146417,2.366680602072587,0.3802606004247706
0.6221057890509895,0.17867909917458835,0.4654878671731733,0.04906517751936951,0.3991839584596253,1.5928364771810761,2.2655037429134377,0.47092788162757687,0.2118552798171989,0.48501708453781184,1.3915011731088092,0.4333880975938184
0.6474698458627258,0.19220384012878589,0.40990511799724505,0.04589624549676081,0.38402467413607994,1.8122077602064732,2.308942658645459,0.4677588905942542,0.25933924966358596,0.7304636910954807,1.5548673692344495,0.4930362784682491
0.6391382529492379,0.16650013186552,0.46399121877355237,0.04818807605328915,0.4613155000002102,1.965455629325514,2.3740303677733174,0.4954319542921153,0.1864079113035161,0.3544626434299293,1.9398769972013779,0.35523161311559615
0.6370707216858902,0.1946647858284928,0.40086614335836845,0.05005229487036575,0.34574045530433384,1.7772389869006977,1.9696596342437067,0.532852533156558,0.18529734778180929,0.37256869609870397,1.784314374366308,0.3475160392367813
0.6058053675467748,0.18200725183136635,0.45047546579327047,0.04993213807097222,0.38267835140921136,1.9354765068321818,1.6424962820176208,0.5980250740693502,0.09178440364445428,0.22096423299655232,1.248590761724191,0.3695587983989444
0.6073841029859322,0.17408829046744967,0.45252002714225453,0.04664725108024364,0.39058721657045303,1.897526260673963,1.5782940067182478,0.5983183766675242,0.07612748973425018,0.20998011243344097,1.224198441866218,0.3600541942927498
0.6005784924767611,0.1491075497981593,0.4165959145084118,0.045472529324337777,0.3999345010610484,1.749766495312706,1.6627798095812267,0.5865846731024404,0.08509985337249353,0.23430456234673797,1.1605471061343082,0.38715733429414984
0.6007062328338969,0.16276707183771624,0.43508892706737995,0.04829959653289663,0.4146984050194554,1.9313364846025043,1.562128660297555,0.6051604714039144,0.0894891773139299,0.19197351786039235,1.410954864811515,0.3346290782190877
0.5978556727389648,0.1831703953952994,0.4496082512907078,0.04753724679676464,0.3686584079097388,2.1492499965565304,1.4671308442322628,0.653399877535018,0.09506191880260796,0.4420904314303671,0.8624904586845757,0.46461991987822926
0.5600910237701611,0.17549767511416334,0.40863770239149094,0.04270588845919095,0.4174862962774177,2.0598241290413797,1.494138932772203,0.7034168557024477,0.1667697534266709,0.5806163931970447,1.2064494479082983,0.47197398020968157
0.5601292695794526,0.181355647301249,0.4556282897323532,0.052866138890790004,0.4318091654216189,1.8662018766741613,1.6675229559523441,0.6391473700463366,0.23595466548632443,0.7735689042415022,1.389698900285855,0.5192020970815665
0.5129972250127429,0.16225157638446358,0.4321165671735976,0.04916750433996912,0.36172091231583736,1.4091976499993546,1.2546336488537406,0.697973647081937,0.19577730012406694,0.33067446641229564,2.211192718424058,0.3395242388564483
0.5322346287551926,0.18594410225463492,0.43180918979778116,0.046330895759294694,0.4527772411201756,2.7226441151227028,1.3217957688543853,0.8603050118253567,0.20600128278379387,0.5464685370022087,1.4250324823279428,0.4726629764135785
